{"type":"FeatureCollection","features":[{"type":"Feature","properties":{"location_id":"03924f74-6d20-44a7-b823-1145d9478052","review_status":"ambiguous","footprint_distance_m":4.514435266479524,"footprint_source":"openstreetmap","candidates":[{"footprint_id":"a2585800096","structure_id":"structure_97c3ae8d6aa7131fde30","source":"openstreetmap","distance_m":4.514435266479524,"centroid_distance_m":17.01384931053692},{"footprint_id":"a2585800094","structure_id":"structure_c4c5b40ade7c6a32333b","source":"openstreetmap","distance_m":4.678529905119691,"centroid_distance_m":13.595414892603172},{"footprint_id":"a2585800092","structure_id":"structure_d96c190eddcba5e271bb","source":"openstreetmap","distance_m":6.8296438920496385,"centroid_distance_m":16.935376352868595},{"footprint_id":"a2585800090","structure_id":"structure_3f0eca2fe1e927810cb4","source":"openstreetmap","distance_m":9.49949690414812,"centroid_distance_m":29.879469195593458},{"footprint_id":"a1595411330","structure_id":"structure_a93741c24111de0f8d66","source":"openstreetmap","distance_m":21.98958230834251,"centroid_distance_m":29.38792485945323},{"footprint_id":"a2585800088","structure_id":"structure_e217012291e54d7fbd07","source":"openstreetmap","distance_m":28.438791616310723,"centroid_distance_m":33.12287885505003},{"footprint_id":"a2412618408","structure_id":"structure_823d70d2293e3721868f","source":"openstreetmap","distance_m":28.75096179423566,"centroid_distance_m":40.69598747047067},{"footprint_id":"a1595411332","structure_id":"structure_964938f0c4aa426cec76","source":"openstreetmap","distance_m":28.793436327654952,"centroid_distance_m":46.11095688346034}]},"geometry":{"type":"Point","coordinates":[-80.943521,44.565794]}},{"type":"Feature","properties":{"location_id":"047daf52-a565-4257-ac42-aca3ad3c9700","review_status":"unmatched","footprint_distance_m":126.51416079971895,"footprint_source":null,"candidates":[{"footprint_id":"0224c57ebd3e:b3a539163f2a72989a1b","structure_id":"structure_3a27fd5f13eba8654965","source":"owen_sound_city_map_pdf","distance_m":126.51416079971895,"centroid_distance_m":138.8561480721327},{"footprint_id":"0224c57ebd3e:b4487ec353a90ce85605","structure_id":"structure_777038514b4180afa6a1","source":"owen_sound_city_map_pdf","distance_m":127.6160214505348,"centroid_distance_m":138.18193797276072},{"footprint_id":"0224c57ebd3e:14da70f01197558592b0","structure_id":"structure_caf158891331f40ff394","source":"owen_sound_city_map_pdf","distance_m":148.16461944284586,"centroid_distance_m":155.2581154885257},{"footprint_id":"0224c57ebd3e:79db23a2697a9587a484","structure_id":"structure_5b24c051aabd13afb651","source":"owen_sound_city_map_pdf","distance_m":153.30613113266483,"centroid_distance_m":183.09517913624074},{"footprint_id":"0224c57ebd3e:7a4593e922088991ac58","structure_id":"structure_c680e99e740833ed3e6e","source":"owen_sound_city_map_pdf","distance_m":156.4742231445402,"centroid_distance_m":168.5253420402606},{"footprint_id":"0224c57ebd3e:2b9fa10ef64a04945297","structure_id":"structure_22aa5a8460a82b12042e","source":"owen_sound_city_map_pdf","distance_m":214.97721371293764,"centroid_distance_m":223.65319922466793},{"footprint_id":"0224c57ebd3e:236f10345f4caa7349bd","structure_id":"structure_4006271cc87e0dea59cc","source":"owen_sound_city_map_pdf","distance_m":223.65453291681624,"centroid_distance_m":225.67044224172724},{"footprint_id":"0224c57ebd3e:853ca346fcc6dba40fde","structure_id":"structure_9aac49b1470537d409d7","source":"owen_sound_city_map_pdf","distance_m":249.07763620034962,"centroid_distance_m":254.30622577877674}]},"geometry":{"type":"Point","coordinates":[-80.940795,44.546884]}},{"type":"Feature","properties":{"location_id":"05b5a289-6192-40a9-af38-092876f0c4b2","review_status":"ambiguous","footprint_distance_m":14.498107616803331,"footprint_source":"owen_sound_city_map_pdf","candidates":[{"footprint_id":"0224c57ebd3e:ef065be3d80bebb21a41","structure_id":"structure_31b92d27e599a2ae595d","source":"owen_sound_city_map_pdf","distance_m":14.498107616803331,"centroid_distance_m":21.12485080519275},{"footprint_id":"11871","structure_id":"structure_0d3da271c62fa1289858","source":"grey_county_building_footprints","distance_m":15.499558914041057,"centroid_distance_m":19.896432987746046},{"footprint_id":"0224c57ebd3e:1b451e8567fab8f89547","structure_id":"structure_485b04022cf293df34e3","source":"owen_sound_city_map_pdf","distance_m":16.223824310058163,"centroid_distance_m":20.019339448281194},{"footprint_id":"0224c57ebd3e:b718b9fc776eca1984be","structure_id":"structure_43ca98fb3393904b4ac9","source":"owen_sound_city_map_pdf","distance_m":26.501149493083208,"centroid_distance_m":32.471287484392626},{"footprint_id":"11877","structure_id":"structure_e902b9bfa0c52948927f","source":"grey_county_building_footprints","distance_m":27.88330105715178,"centroid_distance_m":33.42929699074619},{"footprint_id":"0224c57ebd3e:d64c395405ee68f51b01","structure_id":"structure_6c0c87786cc20fb05397","source":"owen_sound_city_map_pdf","distance_m":30.521233453303086,"centroid_distance_m":35.37231606596139},{"footprint_id":"0224c57ebd3e:0b26e969b2e0a5457d44","structure_id":"structure_ef24d6cd3031d7e64e4e","source":"owen_sound_city_map_pdf","distance_m":36.786663964062726,"centroid_distance_m":46.21615034703212},{"footprint_id":"11767","structure_id":"structure_3fd540ae2269bc7c40bf","source":"grey_county_building_footprints","distance_m":37.82980277335683,"centroid_distance_m":46.6951155833455}]},"geometry":{"type":"Point","coordinates":[-80.947369,44.593379]}},{"type":"Feature","properties":{"location_id":"099eadf8-a987-4afd-b89d-232a62e7bdf6","review_status":"ambiguous","footprint_distance_m":8.819113357268854,"footprint_source":"owen_sound_city_map_pdf","candidates":[{"footprint_id":"0224c57ebd3e:18f62f4e1a6fba4a9302","structure_id":"structure_74c60a3d3e8c9e589181","source":"owen_sound_city_map_pdf","distance_m":8.819113357268854,"centroid_distance_m":14.958863507477568},{"footprint_id":"0224c57ebd3e:70937bcea39ebd374562","structure_id":"structure_eb1241caf5315b43c7c2","source":"owen_sound_city_map_pdf","distance_m":9.429230693068835,"centroid_distance_m":31.323874696680132},{"footprint_id":"0224c57ebd3e:7eb32cdb607a8fafc718","structure_id":"structure_43ec149bf6945870e513","source":"owen_sound_city_map_pdf","distance_m":12.200115519755292,"centroid_distance_m":22.787364875621446},{"footprint_id":"0224c57ebd3e:a3b059f13da931f14edc","structure_id":"structure_718fc959133775644126","source":"owen_sound_city_map_pdf","distance_m":24.204312147743067,"centroid_distance_m":29.16130447506538},{"footprint_id":"0224c57ebd3e:32b2c5b1255fbc945302","structure_id":"structure_958869d5becf3dd33ac4","source":"owen_sound_city_map_pdf","distance_m":28.802941068966206,"centroid_distance_m":35.523731997442326},{"footprint_id":"0224c57ebd3e:83d2334eb08ce3e9b969","structure_id":"structure_278a01f5fcd8c1f43f66","source":"owen_sound_city_map_pdf","distance_m":33.22626483601257,"centroid_distance_m":42.86953102683068},{"footprint_id":"0224c57ebd3e:9bbf8d784225048991e3","structure_id":"structure_4280c65ca6fdb9a1b2ae","source":"owen_sound_city_map_pdf","distance_m":39.649421782780074,"centroid_distance_m":46.608130352666485},{"footprint_id":"0224c57ebd3e:4b1de663f13dc730c2bf","structure_id":"structure_a6d212ebe9e5de7e7da8","source":"owen_sound_city_map_pdf","distance_m":55.04812124418264,"centroid_distance_m":64.66354051714235}]},"geometry":{"type":"Point","coordinates":[-80.939694,44.570491]}},{"type":"Feature","properties":{"location_id":"0b5ffb56-c7a4-4230-83dc-a35a3d3e379e","review_status":"ambiguous","footprint_distance_m":14.749718933668978,"footprint_source":"owen_sound_city_map_pdf","candidates":[{"footprint_id":"0224c57ebd3e:6ad661b8137bf833dd76","structure_id":"structure_ec1cf047e59116ef6245","source":"owen_sound_city_map_pdf","distance_m":14.749718933668978,"centroid_distance_m":22.371552965915534},{"footprint_id":"0224c57ebd3e:313bd958a1ad9856042d","structure_id":"structure_9aeb25aaa69a3bb3a5e2","source":"owen_sound_city_map_pdf","distance_m":15.906184146431094,"centroid_distance_m":21.90054169905268},{"footprint_id":"0224c57ebd3e:1dcb8d1729dae5790ec6","structure_id":"structure_c6011bef166c1f34beaa","source":"owen_sound_city_map_pdf","distance_m":21.006515126939917,"centroid_distance_m":29.082073296575114},{"footprint_id":"0224c57ebd3e:9d2bc819370c62f4cddd","structure_id":"structure_67d38d375852f1d116b6","source":"owen_sound_city_map_pdf","distance_m":21.479086241025403,"centroid_distance_m":27.217336808923402},{"footprint_id":"0224c57ebd3e:7ec12d697a0b4fd6e427","structure_id":"structure_43d466480fa4b3d34728","source":"owen_sound_city_map_pdf","distance_m":36.10979810177446,"centroid_distance_m":45.90864345437126},{"footprint_id":"0224c57ebd3e:7d334caa9b4145d4162c","structure_id":"structure_b4e96357ed55bce46d99","source":"owen_sound_city_map_pdf","distance_m":38.939225018973666,"centroid_distance_m":46.686280736286655},{"footprint_id":"0224c57ebd3e:33d3792e1894e602d9b1","structure_id":"structure_32840255aab0f87f82f2","source":"owen_sound_city_map_pdf","distance_m":40.45923236009617,"centroid_distance_m":53.17916558122696},{"footprint_id":"0224c57ebd3e:57e93cd7767de519ee13","structure_id":"structure_db8d32a4257e3edfaf99","source":"owen_sound_city_map_pdf","distance_m":40.4839174507171,"centroid_distance_m":48.1350634138999}]},"geometry":{"type":"Point","coordinates":[-80.926593,44.581876]}},{"type":"Feature","properties":{"location_id":"0ca33fb0-5c1d-482c-be95-cc8761c58d5e","review_status":"ambiguous","footprint_distance_m":12.292182140774793,"footprint_source":"grey_county_building_footprints","candidates":[{"footprint_id":"16314","structure_id":"structure_2985671395b81c33a869","source":"grey_county_building_footprints","distance_m":12.292182140774793,"centroid_distance_m":18.91026621069181},{"footprint_id":"0224c57ebd3e:ec71ef999ab971c09c85","structure_id":"structure_0ac668b20d4256558049","source":"owen_sound_city_map_pdf","distance_m":13.344222440505648,"centroid_distance_m":22.170658409813267},{"footprint_id":"0224c57ebd3e:53b4bbfb1675c09533ae","structure_id":"structure_c49198e1b2620ea290a6","source":"owen_sound_city_map_pdf","distance_m":13.404955930690816,"centroid_distance_m":18.425586440172324},{"footprint_id":"0224c57ebd3e:9f9d2078c641db75b132","structure_id":"structure_a7a840f02c62dc269007","source":"owen_sound_city_map_pdf","distance_m":13.414577658268312,"centroid_distance_m":21.471676331610418},{"footprint_id":"16183","structure_id":"structure_dfe345d04b335ba30f57","source":"grey_county_building_footprints","distance_m":13.717089588969381,"centroid_distance_m":24.833635057456693},{"footprint_id":"0224c57ebd3e:1c7c0533daeafc60e7a9","structure_id":"structure_ffc3810b03d9d30b0d1e","source":"owen_sound_city_map_pdf","distance_m":13.871911393599678,"centroid_distance_m":21.7524028854244},{"footprint_id":"16306","structure_id":"structure_f1879bd7c98725de2236","source":"grey_county_building_footprints","distance_m":14.0161226998605,"centroid_distance_m":22.405861485272734},{"footprint_id":"16303","structure_id":"structure_b6854ebda30d6364a419","source":"grey_county_building_footprints","distance_m":14.169498987858207,"centroid_distance_m":20.152828210618313}]},"geometry":{"type":"Point","coordinates":[-80.952839,44.578047]}},{"type":"Feature","properties":{"location_id":"0fcf1337-a774-4115-9487-3eba2a1f0587","review_status":"ambiguous","footprint_distance_m":15.689580556662621,"footprint_source":"grey_county_building_footprints","candidates":[{"footprint_id":"20557","structure_id":"structure_6284386751c6c1700187","source":"grey_county_building_footprints","distance_m":15.689580556662621,"centroid_distance_m":19.18460742020054},{"footprint_id":"20551","structure_id":"structure_036b79170bf60c60c670","source":"grey_county_building_footprints","distance_m":17.0417878321271,"centroid_distance_m":34.64174693778037},{"footprint_id":"12652168","structure_id":"structure_813f9b483bc4a38afe2d","source":"canada_structures","distance_m":17.57821204239286,"centroid_distance_m":21.580357597481214},{"footprint_id":"12651235","structure_id":"structure_a0b10df422dd31b77281","source":"canada_structures","distance_m":19.282023711968193,"centroid_distance_m":23.83393728567997},{"footprint_id":"12654327","structure_id":"structure_b3354de1b201383db4ab","source":"canada_structures","distance_m":21.78413043456794,"centroid_distance_m":26.458605837325155},{"footprint_id":"20555","structure_id":"structure_d9e6de2ce8a90bbc459d","source":"grey_county_building_footprints","distance_m":22.5641404310001,"centroid_distance_m":27.893189698329664},{"footprint_id":"12654000","structure_id":"structure_350c3fd71246bf554ab7","source":"canada_structures","distance_m":25.614421849219287,"centroid_distance_m":32.48304386979551},{"footprint_id":"20560","structure_id":"structure_ed73bf194fe1f314594a","source":"grey_county_building_footprints","distance_m":27.098199594678963,"centroid_distance_m":32.83605776128564}]},"geometry":{"type":"Point","coordinates":[-80.957451,44.56724]}},{"type":"Feature","properties":{"location_id":"12df0d83-12f8-43da-9e67-2c9d64e8bd39","review_status":"ambiguous","footprint_distance_m":17.910827658828907,"footprint_source":"owen_sound_city_map_pdf","candidates":[{"footprint_id":"0224c57ebd3e:683c9b55a3ec3be0c389","structure_id":"structure_3f910de28e3d3da050a0","source":"owen_sound_city_map_pdf","distance_m":17.910827658828907,"centroid_distance_m":20.862879266032856},{"footprint_id":"15772","structure_id":"structure_d59e74fbdecb45568ccc","source":"grey_county_building_footprints","distance_m":18.519184953344695,"centroid_distance_m":25.760651497644027},{"footprint_id":"0224c57ebd3e:44a993b41294ac06cae8","structure_id":"structure_d91cb251e7adcf97f682","source":"owen_sound_city_map_pdf","distance_m":18.889298628610227,"centroid_distance_m":30.5026127435865},{"footprint_id":"0224c57ebd3e:8bfdd6401ef8e26a5b53","structure_id":"structure_95b193e4ea3868922de0","source":"owen_sound_city_map_pdf","distance_m":34.28751143565338,"centroid_distance_m":46.37095752024563},{"footprint_id":"15769","structure_id":"structure_b62ed1c5ecd8d89cdde3","source":"grey_county_building_footprints","distance_m":34.988926598737486,"centroid_distance_m":45.25648659565467},{"footprint_id":"14967","structure_id":"structure_7b5ff9f9be439b90330a","source":"grey_county_building_footprints","distance_m":43.49745057879632,"centroid_distance_m":49.66323908473074},{"footprint_id":"0224c57ebd3e:1e99241300cf7124e886","structure_id":"structure_4add5f942a3ac0d9d3dc","source":"owen_sound_city_map_pdf","distance_m":43.74449289196372,"centroid_distance_m":50.39158422049151},{"footprint_id":"0224c57ebd3e:28561ce49d096afbf426","structure_id":"structure_f76a73fbfa646606a66e","source":"owen_sound_city_map_pdf","distance_m":45.927627830008184,"centroid_distance_m":53.868697441258114}]},"geometry":{"type":"Point","coordinates":[-80.953471,44.581886]}},{"type":"Feature","properties":{"location_id":"1391f1f6-f1ee-47c7-9e39-3b36160a381d","review_status":"unmatched","footprint_distance_m":50.56327021394147,"footprint_source":null,"candidates":[{"footprint_id":"0224c57ebd3e:b28d42e46e2508897c4e","structure_id":"structure_2c75bcf4dbb50d66633e","source":"owen_sound_city_map_pdf","distance_m":50.56327021394147,"centroid_distance_m":61.46983212598564}]},"geometry":{"type":"Point","coordinates":[-80.894433,44.593581]}},{"type":"Feature","properties":{"location_id":"13c16225-cc87-4732-9bbd-3ea16284baad","review_status":"ambiguous","footprint_distance_m":10.727606878384774,"footprint_source":"grey_county_building_footprints","candidates":[{"footprint_id":"17849","structure_id":"structure_f6d3eeff8378d47526f2","source":"grey_county_building_footprints","distance_m":10.727606878384774,"centroid_distance_m":17.017679220786505},{"footprint_id":"0224c57ebd3e:e5941c5f13cbf6cf70a1","structure_id":"structure_66f0cc4bc1adbb712fc1","source":"owen_sound_city_map_pdf","distance_m":10.992581051890255,"centroid_distance_m":18.16658156514865},{"footprint_id":"0224c57ebd3e:a0b6622a8cfe02ae0941","structure_id":"structure_a1abeb41f238c5bd0b5b","source":"owen_sound_city_map_pdf","distance_m":11.456620609390885,"centroid_distance_m":19.508337274594755},{"footprint_id":"17846","structure_id":"structure_428f9eea61c8613d33dc","source":"grey_county_building_footprints","distance_m":12.29050700883334,"centroid_distance_m":18.240981978470398},{"footprint_id":"0224c57ebd3e:79841b794474cc3eca49","structure_id":"structure_a5ad72cba8469efecfc6","source":"owen_sound_city_map_pdf","distance_m":13.128133804347165,"centroid_distance_m":17.373712032291735},{"footprint_id":"19019","structure_id":"structure_77d8babfeefca91479d5","source":"grey_county_building_footprints","distance_m":14.010070318459707,"centroid_distance_m":18.22948523079085},{"footprint_id":"0224c57ebd3e:96916283427d244e798e","structure_id":"structure_6ea83c7d2b259be50010","source":"owen_sound_city_map_pdf","distance_m":15.97034903673248,"centroid_distance_m":27.106017806021292},{"footprint_id":"17837","structure_id":"structure_130de7c7c33b0e614f16","source":"grey_county_building_footprints","distance_m":16.64022861544084,"centroid_distance_m":25.65467127882448}]},"geometry":{"type":"Point","coordinates":[-80.948471,44.571407]}},{"type":"Feature","properties":{"location_id":"1887b1d9-8d9e-496e-89e8-a6e3716d6010","review_status":"unmatched","footprint_distance_m":614.2757188922994,"footprint_source":null,"candidates":[{"footprint_id":"0224c57ebd3e:b02cce733028d3e2e46f","structure_id":"structure_b9c73f71241d344c8ca7","source":"owen_sound_city_map_pdf","distance_m":614.2757188922994,"centroid_distance_m":622.5951044288281},{"footprint_id":"0224c57ebd3e:fd5ef11da09a160e2af6","structure_id":"structure_1b85e22c8b49a8429e3a","source":"owen_sound_city_map_pdf","distance_m":626.4069042063129,"centroid_distance_m":634.4692861916631},{"footprint_id":"0224c57ebd3e:a35b03fff1e9da3983ca","structure_id":"structure_5df8a00f96ba8c7894bd","source":"owen_sound_city_map_pdf","distance_m":635.892321082846,"centroid_distance_m":643.7156849188937},{"footprint_id":"0224c57ebd3e:b28d42e46e2508897c4e","structure_id":"structure_2c75bcf4dbb50d66633e","source":"owen_sound_city_map_pdf","distance_m":669.336727532146,"centroid_distance_m":682.0266306174498},{"footprint_id":"0224c57ebd3e:3b1f862b6cbd332d3bc2","structure_id":"structure_eb09c53b8cb83fc7704b","source":"owen_sound_city_map_pdf","distance_m":672.3343843939193,"centroid_distance_m":684.0467886180608},{"footprint_id":"a834566562","structure_id":"structure_2f8e8819bafb0c5fa28e","source":"openstreetmap","distance_m":826.4973998146829,"centroid_distance_m":882.0651023072422},{"footprint_id":"0224c57ebd3e:b7a0ccfb3f7281aa42c5","structure_id":"structure_e55824077aadbd2a89ff","source":"owen_sound_city_map_pdf","distance_m":914.0379988924534,"centroid_distance_m":921.9559122880659},{"footprint_id":"0224c57ebd3e:a438e5f16d94c37e85d1","structure_id":"structure_76ff3f66872e65680357","source":"owen_sound_city_map_pdf","distance_m":924.7547072656625,"centroid_distance_m":935.3100499655322}]},"geometry":{"type":"Point","coordinates":[-80.899997,44.598147]}},{"type":"Feature","properties":{"location_id":"188e876f-fd32-468a-8a77-cbaab21334af","review_status":"ambiguous","footprint_distance_m":8.819113357268854,"footprint_source":"owen_sound_city_map_pdf","candidates":[{"footprint_id":"0224c57ebd3e:18f62f4e1a6fba4a9302","structure_id":"structure_74c60a3d3e8c9e589181","source":"owen_sound_city_map_pdf","distance_m":8.819113357268854,"centroid_distance_m":14.958863507477568},{"footprint_id":"0224c57ebd3e:70937bcea39ebd374562","structure_id":"structure_eb1241caf5315b43c7c2","source":"owen_sound_city_map_pdf","distance_m":9.429230693068835,"centroid_distance_m":31.323874696680132},{"footprint_id":"0224c57ebd3e:7eb32cdb607a8fafc718","structure_id":"structure_43ec149bf6945870e513","source":"owen_sound_city_map_pdf","distance_m":12.200115519755292,"centroid_distance_m":22.787364875621446},{"footprint_id":"0224c57ebd3e:a3b059f13da931f14edc","structure_id":"structure_718fc959133775644126","source":"owen_sound_city_map_pdf","distance_m":24.204312147743067,"centroid_distance_m":29.16130447506538},{"footprint_id":"0224c57ebd3e:32b2c5b1255fbc945302","structure_id":"structure_958869d5becf3dd33ac4","source":"owen_sound_city_map_pdf","distance_m":28.802941068966206,"centroid_distance_m":35.523731997442326},{"footprint_id":"0224c57ebd3e:83d2334eb08ce3e9b969","structure_id":"structure_278a01f5fcd8c1f43f66","source":"owen_sound_city_map_pdf","distance_m":33.22626483601257,"centroid_distance_m":42.86953102683068},{"footprint_id":"0224c57ebd3e:9bbf8d784225048991e3","structure_id":"structure_4280c65ca6fdb9a1b2ae","source":"owen_sound_city_map_pdf","distance_m":39.649421782780074,"centroid_distance_m":46.608130352666485},{"footprint_id":"0224c57ebd3e:bf6daae0bc743059c8d5","structure_id":"structure_282c4d3d2b4427398912","source":"owen_sound_city_map_pdf","distance_m":56.20015858634331,"centroid_distance_m":64.22427816218243}]},"geometry":{"type":"Point","coordinates":[-80.939694,44.570491]}},{"type":"Feature","properties":{"location_id":"19c9a886-94f4-4e21-a679-1488c934da3f","review_status":"unmatched","footprint_distance_m":62.202045763691174,"footprint_source":null,"candidates":[{"footprint_id":"0224c57ebd3e:d9f29ea743425e6eabeb","structure_id":"structure_d2dd6a7888b7b0158709","source":"owen_sound_city_map_pdf","distance_m":62.202045763691174,"centroid_distance_m":67.75106065250827},{"footprint_id":"12651363","structure_id":"structure_a27ad7717b74994281b2","source":"canada_structures","distance_m":73.70365129044434,"centroid_distance_m":78.51330808642065}]},"geometry":{"type":"Point","coordinates":[-80.925055,44.57849]}},{"type":"Feature","properties":{"location_id":"19f6a7ed-45df-455d-9480-23de33279c7e","review_status":"ambiguous","footprint_distance_m":3.463764121368964,"footprint_source":"owen_sound_city_map_pdf","candidates":[{"footprint_id":"0224c57ebd3e:78193a1c1db26d2cd290","structure_id":"structure_24b1329392edfb3a6dfd","source":"owen_sound_city_map_pdf","distance_m":3.463764121368964,"centroid_distance_m":7.572305606647887},{"footprint_id":"0224c57ebd3e:79adeff64ef3d18cf604","structure_id":"structure_c464a3707cc38ab609ea","source":"owen_sound_city_map_pdf","distance_m":4.849999481250753,"centroid_distance_m":16.24703487541008},{"footprint_id":"16734","structure_id":"structure_5dc97cf853233fff94e8","source":"grey_county_building_footprints","distance_m":6.112011558198553,"centroid_distance_m":11.539126299226256},{"footprint_id":"16736","structure_id":"structure_2dc79044e9a9779f7292","source":"grey_county_building_footprints","distance_m":10.52638144773815,"centroid_distance_m":15.55144590009495},{"footprint_id":"0224c57ebd3e:3dbb373101188a19fddf","structure_id":"structure_d85e2d44c2263bf8697d","source":"owen_sound_city_map_pdf","distance_m":11.954707543934616,"centroid_distance_m":15.24354479608509},{"footprint_id":"0224c57ebd3e:5c775339eea529b0188d","structure_id":"structure_e8c99b31b0cb68041499","source":"owen_sound_city_map_pdf","distance_m":20.200321499095903,"centroid_distance_m":32.677897003693225},{"footprint_id":"16733","structure_id":"structure_97bbcf3e18ff253bd667","source":"grey_county_building_footprints","distance_m":21.251454050351494,"centroid_distance_m":34.01584556238563},{"footprint_id":"0224c57ebd3e:5f7873b0afa66970209a","structure_id":"structure_50eb5670d8dbe6c050cd","source":"owen_sound_city_map_pdf","distance_m":21.9692209553092,"centroid_distance_m":34.04659146009315}]},"geometry":{"type":"Point","coordinates":[-80.953044,44.575467]}},{"type":"Feature","properties":{"location_id":"1edcb423-9d2b-4868-a71b-9629b973c62c","review_status":"ambiguous","footprint_distance_m":20.46374296245673,"footprint_source":"grey_county_building_footprints","candidates":[{"footprint_id":"12006","structure_id":"structure_d2715d1a9e6c72848431","source":"grey_county_building_footprints","distance_m":20.46374296245673,"centroid_distance_m":29.89522409653755},{"footprint_id":"0224c57ebd3e:e37475a3c785249f8a22","structure_id":"structure_5f4651b9fc3abdefcdcb","source":"owen_sound_city_map_pdf","distance_m":20.6567427001854,"centroid_distance_m":26.57873423170133},{"footprint_id":"0224c57ebd3e:7270e322079519540c74","structure_id":"structure_343a3c793ee9017113bb","source":"owen_sound_city_map_pdf","distance_m":20.6581874061955,"centroid_distance_m":29.164515619683648},{"footprint_id":"12028","structure_id":"structure_5309934dce65a6795434","source":"grey_county_building_footprints","distance_m":22.15003737954462,"centroid_distance_m":27.34916841858777},{"footprint_id":"0224c57ebd3e:f2995ecf76eb93522927","structure_id":"structure_a012cf83a379e9bb5956","source":"owen_sound_city_map_pdf","distance_m":29.346373962253367,"centroid_distance_m":39.169297370841385},{"footprint_id":"12035","structure_id":"structure_a0481e414ae0e707c4e1","source":"grey_county_building_footprints","distance_m":29.77065841421025,"centroid_distance_m":39.80656397950942},{"footprint_id":"0224c57ebd3e:d448608209178a956aaf","structure_id":"structure_8ec20ac223a9a48ac788","source":"owen_sound_city_map_pdf","distance_m":35.76720120596695,"centroid_distance_m":41.70003062260334},{"footprint_id":"12027","structure_id":"structure_5a99dba6a9ccea94e085","source":"grey_county_building_footprints","distance_m":36.15260103952106,"centroid_distance_m":43.30522461258086}]},"geometry":{"type":"Point","coordinates":[-80.945329,44.589835]}},{"type":"Feature","properties":{"location_id":"1f33b676-f63f-4569-a497-91e805907def","review_status":"ambiguous","footprint_distance_m":14.498107616803331,"footprint_source":"owen_sound_city_map_pdf","candidates":[{"footprint_id":"0224c57ebd3e:ef065be3d80bebb21a41","structure_id":"structure_31b92d27e599a2ae595d","source":"owen_sound_city_map_pdf","distance_m":14.498107616803331,"centroid_distance_m":21.12485080519275},{"footprint_id":"11871","structure_id":"structure_0d3da271c62fa1289858","source":"grey_county_building_footprints","distance_m":15.499558914041057,"centroid_distance_m":19.896432987746046},{"footprint_id":"0224c57ebd3e:1b451e8567fab8f89547","structure_id":"structure_485b04022cf293df34e3","source":"owen_sound_city_map_pdf","distance_m":16.223824310058163,"centroid_distance_m":20.019339448281194},{"footprint_id":"0224c57ebd3e:b718b9fc776eca1984be","structure_id":"structure_43ca98fb3393904b4ac9","source":"owen_sound_city_map_pdf","distance_m":26.501149493083208,"centroid_distance_m":32.471287484392626},{"footprint_id":"11877","structure_id":"structure_e902b9bfa0c52948927f","source":"grey_county_building_footprints","distance_m":27.88330105715178,"centroid_distance_m":33.42929699074619},{"footprint_id":"0224c57ebd3e:d64c395405ee68f51b01","structure_id":"structure_6c0c87786cc20fb05397","source":"owen_sound_city_map_pdf","distance_m":30.521233453303086,"centroid_distance_m":35.37231606596139},{"footprint_id":"0224c57ebd3e:0b26e969b2e0a5457d44","structure_id":"structure_ef24d6cd3031d7e64e4e","source":"owen_sound_city_map_pdf","distance_m":36.786663964062726,"centroid_distance_m":46.21615034703212},{"footprint_id":"11767","structure_id":"structure_3fd540ae2269bc7c40bf","source":"grey_county_building_footprints","distance_m":37.82980277335683,"centroid_distance_m":46.6951155833455}]},"geometry":{"type":"Point","coordinates":[-80.947369,44.593379]}},{"type":"Feature","properties":{"location_id":"204e5aa5-cc28-429c-89fd-00131cadafad","review_status":"ambiguous","footprint_distance_m":14.498107616803331,"footprint_source":"owen_sound_city_map_pdf","candidates":[{"footprint_id":"0224c57ebd3e:ef065be3d80bebb21a41","structure_id":"structure_31b92d27e599a2ae595d","source":"owen_sound_city_map_pdf","distance_m":14.498107616803331,"centroid_distance_m":21.12485080519275},{"footprint_id":"11871","structure_id":"structure_0d3da271c62fa1289858","source":"grey_county_building_footprints","distance_m":15.499558914041057,"centroid_distance_m":19.896432987746046},{"footprint_id":"0224c57ebd3e:1b451e8567fab8f89547","structure_id":"structure_485b04022cf293df34e3","source":"owen_sound_city_map_pdf","distance_m":16.223824310058163,"centroid_distance_m":20.019339448281194},{"footprint_id":"0224c57ebd3e:b718b9fc776eca1984be","structure_id":"structure_43ca98fb3393904b4ac9","source":"owen_sound_city_map_pdf","distance_m":26.501149493083208,"centroid_distance_m":32.471287484392626},{"footprint_id":"11877","structure_id":"structure_e902b9bfa0c52948927f","source":"grey_county_building_footprints","distance_m":27.88330105715178,"centroid_distance_m":33.42929699074619},{"footprint_id":"0224c57ebd3e:d64c395405ee68f51b01","structure_id":"structure_6c0c87786cc20fb05397","source":"owen_sound_city_map_pdf","distance_m":30.521233453303086,"centroid_distance_m":35.37231606596139},{"footprint_id":"0224c57ebd3e:0b26e969b2e0a5457d44","structure_id":"structure_ef24d6cd3031d7e64e4e","source":"owen_sound_city_map_pdf","distance_m":36.786663964062726,"centroid_distance_m":46.21615034703212},{"footprint_id":"11767","structure_id":"structure_3fd540ae2269bc7c40bf","source":"grey_county_building_footprints","distance_m":37.82980277335683,"centroid_distance_m":46.6951155833455}]},"geometry":{"type":"Point","coordinates":[-80.947369,44.593379]}},{"type":"Feature","properties":{"location_id":"22edee47-e377-41d0-851b-f26c3a1d270f","review_status":"ambiguous","footprint_distance_m":9.19309937017469,"footprint_source":"openstreetmap","candidates":[{"footprint_id":"a2751656220","structure_id":"structure_5a49d0ef2a9b93db865f","source":"openstreetmap","distance_m":9.19309937017469,"centroid_distance_m":16.64149078823291},{"footprint_id":"a2751656218","structure_id":"structure_116ada82ea61f703625b","source":"openstreetmap","distance_m":11.059797383084485,"centroid_distance_m":20.08678888183626},{"footprint_id":"a2751656222","structure_id":"structure_cf7ba253665572de4b3c","source":"openstreetmap","distance_m":12.379246028658917,"centroid_distance_m":27.505305203660743},{"footprint_id":"a2751656244","structure_id":"structure_0a635ae283d21567e09c","source":"openstreetmap","distance_m":23.73088718448545,"centroid_distance_m":29.042173420063154},{"footprint_id":"12654039","structure_id":"structure_163085bcbdc2ddfa1291","source":"canada_structures","distance_m":24.71496994794165,"centroid_distance_m":31.90251202502661},{"footprint_id":"a2751656216","structure_id":"structure_5ce7e132479508cc7eec","source":"openstreetmap","distance_m":26.219644953856946,"centroid_distance_m":37.40645466790186},{"footprint_id":"0224c57ebd3e:a4fa83f7cde36e243697","structure_id":"structure_e60981fdf844599e3f75","source":"owen_sound_city_map_pdf","distance_m":27.673186360258516,"centroid_distance_m":35.77572167718744},{"footprint_id":"0224c57ebd3e:8dd58364e46c09465dcc","structure_id":"structure_ca5a27529b3e330832e2","source":"owen_sound_city_map_pdf","distance_m":29.17800654619087,"centroid_distance_m":34.84936722383518}]},"geometry":{"type":"Point","coordinates":[-80.941558,44.559432]}},{"type":"Feature","properties":{"location_id":"258ee8b5-c745-4cd7-9e7f-8d32e5f630c3","review_status":"unmatched","footprint_distance_m":61.56867549611726,"footprint_source":null,"candidates":[{"footprint_id":"0224c57ebd3e:07b588713fd6491213f5","structure_id":"structure_3b3089b8a8021e16baeb","source":"owen_sound_city_map_pdf","distance_m":61.56867549611726,"centroid_distance_m":80.12092129172501},{"footprint_id":"19194","structure_id":"structure_f6e32121498846e71516","source":"grey_county_building_footprints","distance_m":62.7448526728733,"centroid_distance_m":82.11928254882714}]},"geometry":{"type":"Point","coordinates":[-80.945161,44.570498]}},{"type":"Feature","properties":{"location_id":"265da787-9a44-4b21-8d6e-b91ce701dea4","review_status":"ambiguous","footprint_distance_m":13.596115243908155,"footprint_source":"grey_county_building_footprints","candidates":[{"footprint_id":"15410","structure_id":"structure_6a7db070787f8aed185f","source":"grey_county_building_footprints","distance_m":13.596115243908155,"centroid_distance_m":16.961461445913837},{"footprint_id":"0224c57ebd3e:85df2870a218e0f7f47f","structure_id":"structure_23a0e41f6656770b4538","source":"owen_sound_city_map_pdf","distance_m":13.984555690095391,"centroid_distance_m":19.444199085644357},{"footprint_id":"0224c57ebd3e:f0b41602e62bcb3381c6","structure_id":"structure_ab817c2f327a1e6ad709","source":"owen_sound_city_map_pdf","distance_m":14.67056904259789,"centroid_distance_m":23.400650785734452},{"footprint_id":"15412","structure_id":"structure_1f442d5f240be53d2c01","source":"grey_county_building_footprints","distance_m":15.326222682826343,"centroid_distance_m":21.70829365188328},{"footprint_id":"0224c57ebd3e:0abf97f3652700f75015","structure_id":"structure_ef823586a8a4ed6b441d","source":"owen_sound_city_map_pdf","distance_m":16.75687080409843,"centroid_distance_m":20.414047159283253},{"footprint_id":"15409","structure_id":"structure_2c6a031a88b8b5fe030c","source":"grey_county_building_footprints","distance_m":16.766126288570284,"centroid_distance_m":21.337384058767725},{"footprint_id":"0224c57ebd3e:46d488ce2c354f284300","structure_id":"structure_7866a9addfa95a435e20","source":"owen_sound_city_map_pdf","distance_m":22.96429149333487,"centroid_distance_m":31.9684781899523},{"footprint_id":"15380","structure_id":"structure_d6852db435a80b13daff","source":"grey_county_building_footprints","distance_m":23.932795120547016,"centroid_distance_m":36.48270965259817}]},"geometry":{"type":"Point","coordinates":[-80.949405,44.581972]}},{"type":"Feature","properties":{"location_id":"297182a5-7e91-43de-b98f-2c971cc6218d","review_status":"ambiguous","footprint_distance_m":9.19309937017469,"footprint_source":"openstreetmap","candidates":[{"footprint_id":"a2751656220","structure_id":"structure_5a49d0ef2a9b93db865f","source":"openstreetmap","distance_m":9.19309937017469,"centroid_distance_m":16.64149078823291},{"footprint_id":"a2751656218","structure_id":"structure_116ada82ea61f703625b","source":"openstreetmap","distance_m":11.059797383084485,"centroid_distance_m":20.08678888183626},{"footprint_id":"a2751656222","structure_id":"structure_cf7ba253665572de4b3c","source":"openstreetmap","distance_m":12.379246028658917,"centroid_distance_m":27.505305203660743},{"footprint_id":"a2751656244","structure_id":"structure_0a635ae283d21567e09c","source":"openstreetmap","distance_m":23.73088718448545,"centroid_distance_m":29.042173420063154},{"footprint_id":"12654039","structure_id":"structure_163085bcbdc2ddfa1291","source":"canada_structures","distance_m":24.71496994794165,"centroid_distance_m":31.90251202502661},{"footprint_id":"a2751656216","structure_id":"structure_5ce7e132479508cc7eec","source":"openstreetmap","distance_m":26.219644953856946,"centroid_distance_m":37.40645466790186},{"footprint_id":"0224c57ebd3e:a4fa83f7cde36e243697","structure_id":"structure_e60981fdf844599e3f75","source":"owen_sound_city_map_pdf","distance_m":27.673186360258516,"centroid_distance_m":35.77572167718744},{"footprint_id":"0224c57ebd3e:8dd58364e46c09465dcc","structure_id":"structure_ca5a27529b3e330832e2","source":"owen_sound_city_map_pdf","distance_m":29.17800654619087,"centroid_distance_m":34.84936722383518}]},"geometry":{"type":"Point","coordinates":[-80.941558,44.559432]}},{"type":"Feature","properties":{"location_id":"2a6a2e75-d0e5-457f-af1a-32cb5f9ea580","review_status":"ambiguous","footprint_distance_m":9.604806355669204,"footprint_source":"owen_sound_city_map_pdf","candidates":[{"footprint_id":"0224c57ebd3e:8dd58364e46c09465dcc","structure_id":"structure_ca5a27529b3e330832e2","source":"owen_sound_city_map_pdf","distance_m":9.604806355669204,"centroid_distance_m":15.601680351765786},{"footprint_id":"0224c57ebd3e:81f52a2e346f7d143f8e","structure_id":"structure_81372dd7e19f0e8682e4","source":"owen_sound_city_map_pdf","distance_m":11.119329234848246,"centroid_distance_m":18.864713036723824},{"footprint_id":"0224c57ebd3e:fca81a83edef2223e731","structure_id":"structure_28a6e90df9c5d77a00ea","source":"owen_sound_city_map_pdf","distance_m":13.486021826318437,"centroid_distance_m":24.11165122660093},{"footprint_id":"0224c57ebd3e:a4fa83f7cde36e243697","structure_id":"structure_e60981fdf844599e3f75","source":"owen_sound_city_map_pdf","distance_m":13.49123708672502,"centroid_distance_m":20.3606507523477},{"footprint_id":"a2751656218","structure_id":"structure_116ada82ea61f703625b","source":"openstreetmap","distance_m":22.878691259028656,"centroid_distance_m":33.61003289689189},{"footprint_id":"a2751656222","structure_id":"structure_cf7ba253665572de4b3c","source":"openstreetmap","distance_m":26.326659047047784,"centroid_distance_m":40.84513441124732},{"footprint_id":"0224c57ebd3e:71458c23fce72fbd883f","structure_id":"structure_bd0ff44504ec400229dc","source":"owen_sound_city_map_pdf","distance_m":27.184664394453044,"centroid_distance_m":34.49471066681049},{"footprint_id":"a2751656220","structure_id":"structure_5a49d0ef2a9b93db865f","source":"openstreetmap","distance_m":28.78978017895818,"centroid_distance_m":36.184722750480155}]},"geometry":{"type":"Point","coordinates":[-80.941314,44.55946]}},{"type":"Feature","properties":{"location_id":"2aa37054-fc65-467e-a15c-862edbf94861","review_status":"ambiguous","footprint_distance_m":12.894407461737385,"footprint_source":"owen_sound_city_map_pdf","candidates":[{"footprint_id":"0224c57ebd3e:3f26447410623e547082","structure_id":"structure_3551256a3b26c2fa3735","source":"owen_sound_city_map_pdf","distance_m":12.894407461737385,"centroid_distance_m":23.140608082445745},{"footprint_id":"0224c57ebd3e:bde792eefb92df2cbd26","structure_id":"structure_5f529f1ab7e76b29f94b","source":"owen_sound_city_map_pdf","distance_m":14.116133211862078,"centroid_distance_m":22.333743652644408},{"footprint_id":"0224c57ebd3e:a8d0494d6acf886e1702","structure_id":"structure_d821676dd4f5fd5f42e5","source":"owen_sound_city_map_pdf","distance_m":20.178233499161756,"centroid_distance_m":25.22613587199545},{"footprint_id":"0224c57ebd3e:3618db0b2fdd3edb4cdb","structure_id":"structure_e951c9c0c59ef3cba35b","source":"owen_sound_city_map_pdf","distance_m":22.249443967153503,"centroid_distance_m":31.248749844866825},{"footprint_id":"0224c57ebd3e:f330d3eb02f25237152f","structure_id":"structure_8dce8ef661d3f77f137b","source":"owen_sound_city_map_pdf","distance_m":26.70668850427015,"centroid_distance_m":33.47794478411836},{"footprint_id":"0224c57ebd3e:e260b12491f553b7c240","structure_id":"structure_eff888f2881cf628c471","source":"owen_sound_city_map_pdf","distance_m":27.26457030435315,"centroid_distance_m":37.939548984731104},{"footprint_id":"0224c57ebd3e:34c1ee749b50b8c9e751","structure_id":"structure_04af4b48b4701920cfc5","source":"owen_sound_city_map_pdf","distance_m":29.146941175281714,"centroid_distance_m":36.2364978877639},{"footprint_id":"0224c57ebd3e:0c3c33e3dd174045fc15","structure_id":"structure_a2728fe9cf5b79a8b7e0","source":"owen_sound_city_map_pdf","distance_m":33.765017648809994,"centroid_distance_m":45.23339285395318}]},"geometry":{"type":"Point","coordinates":[-80.949551,44.555872]}},{"type":"Feature","properties":{"location_id":"2b936cad-7a0c-4082-8fe4-9d2a356ec9ec","review_status":"ambiguous","footprint_distance_m":21.145663534362725,"footprint_source":"owen_sound_city_map_pdf","candidates":[{"footprint_id":"0224c57ebd3e:9b9523ced539a6b3fa06","structure_id":"structure_d6328dd49fe164a1d9cd","source":"owen_sound_city_map_pdf","distance_m":21.145663534362725,"centroid_distance_m":31.807566465937033},{"footprint_id":"0224c57ebd3e:50706dd54a64ebc1968d","structure_id":"structure_60416deda1818cdeb42f","source":"owen_sound_city_map_pdf","distance_m":22.852598073190165,"centroid_distance_m":28.579514932232595},{"footprint_id":"0224c57ebd3e:4825e12f4f15699371de","structure_id":"structure_bfb920da311d322ac165","source":"owen_sound_city_map_pdf","distance_m":38.31349465097145,"centroid_distance_m":47.554174280262075},{"footprint_id":"0224c57ebd3e:449c324be8ebd72c35a0","structure_id":"structure_757501318a8b0bcb128d","source":"owen_sound_city_map_pdf","distance_m":39.33887001160715,"centroid_distance_m":48.09760070588311},{"footprint_id":"0224c57ebd3e:d2a05dccd24a68f45b2c","structure_id":"structure_712625740722deb740ef","source":"owen_sound_city_map_pdf","distance_m":56.651173295488135,"centroid_distance_m":71.47232734395003},{"footprint_id":"0224c57ebd3e:1cab1caea5770cc52811","structure_id":"structure_1249c81abcc494d73bf3","source":"owen_sound_city_map_pdf","distance_m":57.64603421578258,"centroid_distance_m":67.08489433958182},{"footprint_id":"0224c57ebd3e:795bba4f4f39e44c6411","structure_id":"structure_b0faf2903f4efc6a2ef0","source":"owen_sound_city_map_pdf","distance_m":61.85592749777824,"centroid_distance_m":71.02844724492282},{"footprint_id":"0224c57ebd3e:997ba986be7e9b702bb0","structure_id":"structure_828acde86b844351f2ee","source":"owen_sound_city_map_pdf","distance_m":69.09984336932649,"centroid_distance_m":78.30065989242402}]},"geometry":{"type":"Point","coordinates":[-80.939022,44.551515]}},{"type":"Feature","properties":{"location_id":"2be511ed-5294-4088-829e-c65d735b50e4","review_status":"ambiguous","footprint_distance_m":14.498107616803331,"footprint_source":"owen_sound_city_map_pdf","candidates":[{"footprint_id":"0224c57ebd3e:ef065be3d80bebb21a41","structure_id":"structure_31b92d27e599a2ae595d","source":"owen_sound_city_map_pdf","distance_m":14.498107616803331,"centroid_distance_m":21.12485080519275},{"footprint_id":"11871","structure_id":"structure_0d3da271c62fa1289858","source":"grey_county_building_footprints","distance_m":15.499558914041057,"centroid_distance_m":19.896432987746046},{"footprint_id":"0224c57ebd3e:1b451e8567fab8f89547","structure_id":"structure_485b04022cf293df34e3","source":"owen_sound_city_map_pdf","distance_m":16.223824310058163,"centroid_distance_m":20.019339448281194},{"footprint_id":"0224c57ebd3e:b718b9fc776eca1984be","structure_id":"structure_43ca98fb3393904b4ac9","source":"owen_sound_city_map_pdf","distance_m":26.501149493083208,"centroid_distance_m":32.471287484392626},{"footprint_id":"11877","structure_id":"structure_e902b9bfa0c52948927f","source":"grey_county_building_footprints","distance_m":27.88330105715178,"centroid_distance_m":33.42929699074619},{"footprint_id":"0224c57ebd3e:d64c395405ee68f51b01","structure_id":"structure_6c0c87786cc20fb05397","source":"owen_sound_city_map_pdf","distance_m":30.521233453303086,"centroid_distance_m":35.37231606596139},{"footprint_id":"0224c57ebd3e:0b26e969b2e0a5457d44","structure_id":"structure_ef24d6cd3031d7e64e4e","source":"owen_sound_city_map_pdf","distance_m":36.786663964062726,"centroid_distance_m":46.21615034703212},{"footprint_id":"11767","structure_id":"structure_3fd540ae2269bc7c40bf","source":"grey_county_building_footprints","distance_m":37.82980277335683,"centroid_distance_m":46.6951155833455}]},"geometry":{"type":"Point","coordinates":[-80.947369,44.593379]}},{"type":"Feature","properties":{"location_id":"2d64444b-a64a-4ce2-b5e9-096a093cf5e6","review_status":"unmatched","footprint_distance_m":70.48627782217552,"footprint_source":null,"candidates":[{"footprint_id":"0224c57ebd3e:cd5dba108c970dc3c0a6","structure_id":"structure_0556559fb535f3d09511","source":"owen_sound_city_map_pdf","distance_m":70.48627782217552,"centroid_distance_m":79.00155618276987}]},"geometry":{"type":"Point","coordinates":[-80.915451,44.559509]}},{"type":"Feature","properties":{"location_id":"2dbe43c0-e698-4d2d-ad14-5fbb05203842","review_status":"unmatched","footprint_distance_m":105.00921373867129,"footprint_source":null,"candidates":[{"footprint_id":"a1595415160","structure_id":"structure_c71d82b715ec7bccb6c0","source":"openstreetmap","distance_m":105.00921373867129,"centroid_distance_m":184.14096748398524},{"footprint_id":"a2516061274","structure_id":"structure_5ddc3fe92cca598159c2","source":"openstreetmap","distance_m":157.9038349181493,"centroid_distance_m":321.5304799709493},{"footprint_id":"a226430934","structure_id":"structure_a7b84e9dc47b9c67ab28","source":"openstreetmap","distance_m":161.21175599150266,"centroid_distance_m":368.25916255117653},{"footprint_id":"a226430472","structure_id":"structure_54baa4585227990315f1","source":"openstreetmap","distance_m":251.83597166973138,"centroid_distance_m":273.78901564665546},{"footprint_id":"10313137","structure_id":"structure_c8b236966bde3a845440","source":"canada_structures","distance_m":252.0255051208691,"centroid_distance_m":273.48452666129907},{"footprint_id":"0224c57ebd3e:c0d17b9ae28db7924c7c","structure_id":"structure_a98deac4234fb968cfc5","source":"owen_sound_city_map_pdf","distance_m":263.5431750776257,"centroid_distance_m":269.5215307358149},{"footprint_id":"0224c57ebd3e:e5ad0a9179e23615953a","structure_id":"structure_2a07d01817b81d3bc752","source":"owen_sound_city_map_pdf","distance_m":281.1731628153521,"centroid_distance_m":292.4666675482628},{"footprint_id":"12650763","structure_id":"structure_9088cceee7a93aaed2f7","source":"canada_structures","distance_m":310.4562631660067,"centroid_distance_m":322.28300990530414}]},"geometry":{"type":"Point","coordinates":[-80.917255,44.578973]}},{"type":"Feature","properties":{"location_id":"2e5265e0-9304-4a77-b469-37a29aa490a8","review_status":"ambiguous","footprint_distance_m":20.46374296245673,"footprint_source":"grey_county_building_footprints","candidates":[{"footprint_id":"12006","structure_id":"structure_d2715d1a9e6c72848431","source":"grey_county_building_footprints","distance_m":20.46374296245673,"centroid_distance_m":29.89522409653755},{"footprint_id":"0224c57ebd3e:e37475a3c785249f8a22","structure_id":"structure_5f4651b9fc3abdefcdcb","source":"owen_sound_city_map_pdf","distance_m":20.6567427001854,"centroid_distance_m":26.57873423170133},{"footprint_id":"0224c57ebd3e:7270e322079519540c74","structure_id":"structure_343a3c793ee9017113bb","source":"owen_sound_city_map_pdf","distance_m":20.6581874061955,"centroid_distance_m":29.164515619683648},{"footprint_id":"12028","structure_id":"structure_5309934dce65a6795434","source":"grey_county_building_footprints","distance_m":22.15003737954462,"centroid_distance_m":27.34916841858777},{"footprint_id":"0224c57ebd3e:f2995ecf76eb93522927","structure_id":"structure_a012cf83a379e9bb5956","source":"owen_sound_city_map_pdf","distance_m":29.346373962253367,"centroid_distance_m":39.169297370841385},{"footprint_id":"12035","structure_id":"structure_a0481e414ae0e707c4e1","source":"grey_county_building_footprints","distance_m":29.77065841421025,"centroid_distance_m":39.80656397950942},{"footprint_id":"0224c57ebd3e:d448608209178a956aaf","structure_id":"structure_8ec20ac223a9a48ac788","source":"owen_sound_city_map_pdf","distance_m":35.76720120596695,"centroid_distance_m":41.70003062260334},{"footprint_id":"12027","structure_id":"structure_5a99dba6a9ccea94e085","source":"grey_county_building_footprints","distance_m":36.15260103952106,"centroid_distance_m":43.30522461258086}]},"geometry":{"type":"Point","coordinates":[-80.945329,44.589835]}},{"type":"Feature","properties":{"location_id":"2f590d9e-8ebe-4ee9-904d-c4236632e71b","review_status":"unmatched","footprint_distance_m":62.202045763691174,"footprint_source":null,"candidates":[{"footprint_id":"0224c57ebd3e:d9f29ea743425e6eabeb","structure_id":"structure_d2dd6a7888b7b0158709","source":"owen_sound_city_map_pdf","distance_m":62.202045763691174,"centroid_distance_m":67.75106065250827},{"footprint_id":"12651363","structure_id":"structure_a27ad7717b74994281b2","source":"canada_structures","distance_m":73.70365129044434,"centroid_distance_m":78.51330808642065}]},"geometry":{"type":"Point","coordinates":[-80.925055,44.57849]}},{"type":"Feature","properties":{"location_id":"31d741df-a47a-47b9-8d93-5c1a87cd0e13","review_status":"unmatched","footprint_distance_m":65.01498869273138,"footprint_source":null,"candidates":[{"footprint_id":"a349912202","structure_id":"structure_cf153498babe577f7da1","source":"openstreetmap","distance_m":65.01498869273138,"centroid_distance_m":83.54726984238708},{"footprint_id":"a358148096","structure_id":"structure_f906f3982d49500ee3ac","source":"openstreetmap","distance_m":67.90130351763686,"centroid_distance_m":83.5597093060266},{"footprint_id":"a358148124","structure_id":"structure_dafd4889fff852f1a7cd","source":"openstreetmap","distance_m":71.31820576113698,"centroid_distance_m":90.98578327216222}]},"geometry":{"type":"Point","coordinates":[-80.917604,44.573472]}},{"type":"Feature","properties":{"location_id":"3220970a-909b-4588-838c-bb61f2e03ae2","review_status":"ambiguous","footprint_distance_m":7.948593736868317,"footprint_source":"owen_sound_city_map_pdf","candidates":[{"footprint_id":"0224c57ebd3e:cc424a5b91cb2173a6e6","structure_id":"structure_6321d1623bf767d4a3ad","source":"owen_sound_city_map_pdf","distance_m":7.948593736868317,"centroid_distance_m":15.692038382624595},{"footprint_id":"16980","structure_id":"structure_a3d158e0301c83f1e6cd","source":"grey_county_building_footprints","distance_m":8.52311813345211,"centroid_distance_m":14.195015919101731},{"footprint_id":"16976","structure_id":"structure_59c8eaf98f844cd48097","source":"grey_county_building_footprints","distance_m":8.662137008512824,"centroid_distance_m":12.910956119400085},{"footprint_id":"0224c57ebd3e:71596de608e80a416e21","structure_id":"structure_ca113b3182111abf6641","source":"owen_sound_city_map_pdf","distance_m":8.835664315018992,"centroid_distance_m":15.417506471867002},{"footprint_id":"0224c57ebd3e:2595ff500811102f0183","structure_id":"structure_bee889c2a91b21864306","source":"owen_sound_city_map_pdf","distance_m":17.54387230040905,"centroid_distance_m":25.188009005670978},{"footprint_id":"16973","structure_id":"structure_103b1098d2685e488ec0","source":"grey_county_building_footprints","distance_m":18.9388632697525,"centroid_distance_m":24.419750698791553},{"footprint_id":"0224c57ebd3e:23eaeec38ad1dea68550","structure_id":"structure_7e135dea9ee9322c18b1","source":"owen_sound_city_map_pdf","distance_m":21.59006246501247,"centroid_distance_m":28.59485032534296},{"footprint_id":"18460","structure_id":"structure_cbaac1ef322200e67f21","source":"grey_county_building_footprints","distance_m":22.560391643377503,"centroid_distance_m":28.768258409457403}]},"geometry":{"type":"Point","coordinates":[-80.958586,44.573772]}},{"type":"Feature","properties":{"location_id":"33a4821e-7ca2-4098-928d-1e13373c2600","review_status":"ambiguous","footprint_distance_m":6.821321319831373,"footprint_source":"openstreetmap","candidates":[{"footprint_id":"a2752209552","structure_id":"structure_0405dedd4044bc032867","source":"openstreetmap","distance_m":6.821321319831373,"centroid_distance_m":41.659479291397716},{"footprint_id":"a2752209550","structure_id":"structure_d13a5abfd25b230ae135","source":"openstreetmap","distance_m":7.338674933204918,"centroid_distance_m":18.80524462253842},{"footprint_id":"a226430954","structure_id":"structure_60c59572100d1477a851","source":"openstreetmap","distance_m":17.63833773003121,"centroid_distance_m":45.751325408385476},{"footprint_id":"a2752209548","structure_id":"structure_9940297e57e5624ff020","source":"openstreetmap","distance_m":18.5174388846764,"centroid_distance_m":27.780074957421927},{"footprint_id":"a2752209554","structure_id":"structure_ad975c2d9c7bb8cf604e","source":"openstreetmap","distance_m":19.645725964102514,"centroid_distance_m":49.10086920236887},{"footprint_id":"a746701692","structure_id":"structure_b3bc413ff5da861e2832","source":"openstreetmap","distance_m":30.540634651347183,"centroid_distance_m":48.703613084137494},{"footprint_id":"a746701694","structure_id":"structure_3a2fe93af93764e7bcaa","source":"openstreetmap","distance_m":32.51580908524174,"centroid_distance_m":44.94450431739217},{"footprint_id":"0224c57ebd3e:f1c3977690852b719a61","structure_id":"structure_8b0bd4c2aa8872f3d347","source":"owen_sound_city_map_pdf","distance_m":32.857868461501866,"centroid_distance_m":40.092192121006676}]},"geometry":{"type":"Point","coordinates":[-80.945631,44.564704]}},{"type":"Feature","properties":{"location_id":"3422ebb0-88cb-4a2e-9ef5-ecf2874ea38a","review_status":"unmatched","footprint_distance_m":121.7412096543227,"footprint_source":null,"candidates":[{"footprint_id":"0224c57ebd3e:f6fdb833a1bd7edd562f","structure_id":"structure_a539ab9d832b4a92c40e","source":"owen_sound_city_map_pdf","distance_m":121.7412096543227,"centroid_distance_m":140.75362983549914},{"footprint_id":"a779655820","structure_id":"structure_4fb6e72f13d8dfa29c15","source":"openstreetmap","distance_m":128.2560781396095,"centroid_distance_m":147.1715684427843},{"footprint_id":"a369038880","structure_id":"structure_0f5c0d3e8fb1d8a21e21","source":"openstreetmap","distance_m":134.22405394556162,"centroid_distance_m":146.67189608029315},{"footprint_id":"a829652100","structure_id":"structure_27c75ce9df25c947805e","source":"openstreetmap","distance_m":153.8731357509827,"centroid_distance_m":164.22714434297092},{"footprint_id":"a747701006","structure_id":"structure_75a5462eb6e15c4d8ad5","source":"openstreetmap","distance_m":157.81668871541928,"centroid_distance_m":195.90469772934918},{"footprint_id":"a369038882","structure_id":"structure_92c4dbd1939fdc082411","source":"openstreetmap","distance_m":168.6868881678408,"centroid_distance_m":180.3856636562625},{"footprint_id":"a369038878","structure_id":"structure_7f90dff6f258b26a0b95","source":"openstreetmap","distance_m":176.60126353760475,"centroid_distance_m":202.80307598965945},{"footprint_id":"a829651902","structure_id":"structure_4553b43b8f45ba297941","source":"openstreetmap","distance_m":191.68986906316414,"centroid_distance_m":230.40913869365843}]},"geometry":{"type":"Point","coordinates":[-80.963228,44.564721]}},{"type":"Feature","properties":{"location_id":"379ad2f5-c9e2-447e-8ca0-21aeccf7503f","review_status":"ambiguous","footprint_distance_m":8.819113357268854,"footprint_source":"owen_sound_city_map_pdf","candidates":[{"footprint_id":"0224c57ebd3e:18f62f4e1a6fba4a9302","structure_id":"structure_74c60a3d3e8c9e589181","source":"owen_sound_city_map_pdf","distance_m":8.819113357268854,"centroid_distance_m":14.958863507477568},{"footprint_id":"0224c57ebd3e:70937bcea39ebd374562","structure_id":"structure_eb1241caf5315b43c7c2","source":"owen_sound_city_map_pdf","distance_m":9.429230693068835,"centroid_distance_m":31.323874696680132},{"footprint_id":"0224c57ebd3e:7eb32cdb607a8fafc718","structure_id":"structure_43ec149bf6945870e513","source":"owen_sound_city_map_pdf","distance_m":12.200115519755292,"centroid_distance_m":22.787364875621446},{"footprint_id":"0224c57ebd3e:a3b059f13da931f14edc","structure_id":"structure_718fc959133775644126","source":"owen_sound_city_map_pdf","distance_m":24.204312147743067,"centroid_distance_m":29.16130447506538},{"footprint_id":"0224c57ebd3e:32b2c5b1255fbc945302","structure_id":"structure_958869d5becf3dd33ac4","source":"owen_sound_city_map_pdf","distance_m":28.802941068966206,"centroid_distance_m":35.523731997442326},{"footprint_id":"0224c57ebd3e:83d2334eb08ce3e9b969","structure_id":"structure_278a01f5fcd8c1f43f66","source":"owen_sound_city_map_pdf","distance_m":33.22626483601257,"centroid_distance_m":42.86953102683068},{"footprint_id":"0224c57ebd3e:9bbf8d784225048991e3","structure_id":"structure_4280c65ca6fdb9a1b2ae","source":"owen_sound_city_map_pdf","distance_m":39.649421782780074,"centroid_distance_m":46.608130352666485},{"footprint_id":"0224c57ebd3e:4b1de663f13dc730c2bf","structure_id":"structure_a6d212ebe9e5de7e7da8","source":"owen_sound_city_map_pdf","distance_m":55.04812124418264,"centroid_distance_m":64.66354051714235}]},"geometry":{"type":"Point","coordinates":[-80.939694,44.570491]}},{"type":"Feature","properties":{"location_id":"38d53936-b7eb-4112-8fe7-d22e956af904","review_status":"ambiguous","footprint_distance_m":14.498107616803331,"footprint_source":"owen_sound_city_map_pdf","candidates":[{"footprint_id":"0224c57ebd3e:ef065be3d80bebb21a41","structure_id":"structure_31b92d27e599a2ae595d","source":"owen_sound_city_map_pdf","distance_m":14.498107616803331,"centroid_distance_m":21.12485080519275},{"footprint_id":"11871","structure_id":"structure_0d3da271c62fa1289858","source":"grey_county_building_footprints","distance_m":15.499558914041057,"centroid_distance_m":19.896432987746046},{"footprint_id":"0224c57ebd3e:1b451e8567fab8f89547","structure_id":"structure_485b04022cf293df34e3","source":"owen_sound_city_map_pdf","distance_m":16.223824310058163,"centroid_distance_m":20.019339448281194},{"footprint_id":"0224c57ebd3e:b718b9fc776eca1984be","structure_id":"structure_43ca98fb3393904b4ac9","source":"owen_sound_city_map_pdf","distance_m":26.501149493083208,"centroid_distance_m":32.471287484392626},{"footprint_id":"11877","structure_id":"structure_e902b9bfa0c52948927f","source":"grey_county_building_footprints","distance_m":27.88330105715178,"centroid_distance_m":33.42929699074619},{"footprint_id":"0224c57ebd3e:d64c395405ee68f51b01","structure_id":"structure_6c0c87786cc20fb05397","source":"owen_sound_city_map_pdf","distance_m":30.521233453303086,"centroid_distance_m":35.37231606596139},{"footprint_id":"0224c57ebd3e:0b26e969b2e0a5457d44","structure_id":"structure_ef24d6cd3031d7e64e4e","source":"owen_sound_city_map_pdf","distance_m":36.786663964062726,"centroid_distance_m":46.21615034703212},{"footprint_id":"11767","structure_id":"structure_3fd540ae2269bc7c40bf","source":"grey_county_building_footprints","distance_m":37.82980277335683,"centroid_distance_m":46.6951155833455}]},"geometry":{"type":"Point","coordinates":[-80.947369,44.593379]}},{"type":"Feature","properties":{"location_id":"3eba6d97-99a9-4bcc-be44-61701de56a90","review_status":"unmatched","footprint_distance_m":63.56401527840062,"footprint_source":null,"candidates":[{"footprint_id":"0224c57ebd3e:19d69dba81f0e275014c","structure_id":"structure_4ed83eed2447c0f349da","source":"owen_sound_city_map_pdf","distance_m":63.56401527840062,"centroid_distance_m":75.44464272092235}]},"geometry":{"type":"Point","coordinates":[-80.901516,44.568604]}},{"type":"Feature","properties":{"location_id":"3fc4b790-e1b7-4a17-a09f-607130f4a7c5","review_status":"ambiguous","footprint_distance_m":8.157420366281368,"footprint_source":"owen_sound_city_map_pdf","candidates":[{"footprint_id":"0224c57ebd3e:517ad97fcf336ed7e8bf","structure_id":"structure_8a0d8c8635d7523a874c","source":"owen_sound_city_map_pdf","distance_m":8.157420366281368,"centroid_distance_m":16.744817595883184},{"footprint_id":"0224c57ebd3e:893cd195323e98baa56a","structure_id":"structure_21d86ea642cc58679861","source":"owen_sound_city_map_pdf","distance_m":9.093845040949128,"centroid_distance_m":20.29499738443428},{"footprint_id":"0224c57ebd3e:449c324be8ebd72c35a0","structure_id":"structure_757501318a8b0bcb128d","source":"owen_sound_city_map_pdf","distance_m":27.470616912555265,"centroid_distance_m":36.01541970254827},{"footprint_id":"0224c57ebd3e:795bba4f4f39e44c6411","structure_id":"structure_b0faf2903f4efc6a2ef0","source":"owen_sound_city_map_pdf","distance_m":31.082224422588435,"centroid_distance_m":37.89287127722243},{"footprint_id":"0224c57ebd3e:969f237e7130f717069d","structure_id":"structure_4e0dd1965cbb02113502","source":"owen_sound_city_map_pdf","distance_m":31.619766409531962,"centroid_distance_m":40.16222999293792},{"footprint_id":"0224c57ebd3e:9b9523ced539a6b3fa06","structure_id":"structure_d6328dd49fe164a1d9cd","source":"owen_sound_city_map_pdf","distance_m":34.51117222392415,"centroid_distance_m":43.07484503205416},{"footprint_id":"0224c57ebd3e:f5eec5d96c4aba8fce73","structure_id":"structure_a557486723968a13c8cb","source":"owen_sound_city_map_pdf","distance_m":40.15002853129794,"centroid_distance_m":49.248267517252096},{"footprint_id":"0224c57ebd3e:98567cc1c0f1828489b7","structure_id":"structure_49ad97e31e2393a8db0b","source":"owen_sound_city_map_pdf","distance_m":41.63359929021374,"centroid_distance_m":49.06762561035132}]},"geometry":{"type":"Point","coordinates":[-80.93982,44.551803]}},{"type":"Feature","properties":{"location_id":"489858ce-246d-441d-9b7f-6b260860b95e","review_status":"ambiguous","footprint_distance_m":14.74187881467148,"footprint_source":"grey_county_building_footprints","candidates":[{"footprint_id":"14115","structure_id":"structure_c961040713c02e7eca1a","source":"grey_county_building_footprints","distance_m":14.74187881467148,"centroid_distance_m":23.375146488232918},{"footprint_id":"0224c57ebd3e:c881e5568110f53be514","structure_id":"structure_4730bb223fd816e5802e","source":"owen_sound_city_map_pdf","distance_m":15.062418175687258,"centroid_distance_m":23.96134456207636},{"footprint_id":"14116","structure_id":"structure_ca3f9fd17731c0501bc4","source":"grey_county_building_footprints","distance_m":15.414292095940919,"centroid_distance_m":22.951699127995557},{"footprint_id":"0224c57ebd3e:78686d0d9d84e3c207bc","structure_id":"structure_b670076b73e4c74e7465","source":"owen_sound_city_map_pdf","distance_m":15.523864793871832,"centroid_distance_m":22.107604700067327},{"footprint_id":"0224c57ebd3e:6730f1d1d6cd1cbb1728","structure_id":"structure_933dac606ebd3b428663","source":"owen_sound_city_map_pdf","distance_m":22.91811811513799,"centroid_distance_m":30.274607481120942},{"footprint_id":"14112","structure_id":"structure_6fa3bc68aafb3e2cf29a","source":"grey_county_building_footprints","distance_m":22.976063234531267,"centroid_distance_m":29.440307916534834},{"footprint_id":"0224c57ebd3e:479433af8a68d85638db","structure_id":"structure_69d3c60af3d3674f7ca7","source":"owen_sound_city_map_pdf","distance_m":30.883823124089847,"centroid_distance_m":39.16984225931649},{"footprint_id":"14118","structure_id":"structure_a0591aaaf0ab91b01db9","source":"grey_county_building_footprints","distance_m":31.699168313183137,"centroid_distance_m":39.66234026104536}]},"geometry":{"type":"Point","coordinates":[-80.952578,44.584573]}},{"type":"Feature","properties":{"location_id":"4e324bcf-d2dd-4e4f-8696-b9c1e2d32b5d","review_status":"unmatched","footprint_distance_m":176.78499831255073,"footprint_source":null,"candidates":[{"footprint_id":"0224c57ebd3e:f6fdb833a1bd7edd562f","structure_id":"structure_a539ab9d832b4a92c40e","source":"owen_sound_city_map_pdf","distance_m":176.78499831255073,"centroid_distance_m":196.99934076569903},{"footprint_id":"a779655820","structure_id":"structure_4fb6e72f13d8dfa29c15","source":"openstreetmap","distance_m":182.3314286442266,"centroid_distance_m":203.5184536952952},{"footprint_id":"a369038880","structure_id":"structure_0f5c0d3e8fb1d8a21e21","source":"openstreetmap","distance_m":197.18556099096168,"centroid_distance_m":210.01947119294388},{"footprint_id":"a747701006","structure_id":"structure_75a5462eb6e15c4d8ad5","source":"openstreetmap","distance_m":201.1017625682897,"centroid_distance_m":232.90946534734405},{"footprint_id":"a829652100","structure_id":"structure_27c75ce9df25c947805e","source":"openstreetmap","distance_m":218.73809249033482,"centroid_distance_m":228.9214937030393},{"footprint_id":"a369038882","structure_id":"structure_92c4dbd1939fdc082411","source":"openstreetmap","distance_m":233.64780602871636,"centroid_distance_m":245.31826332014205},{"footprint_id":"a369038878","structure_id":"structure_7f90dff6f258b26a0b95","source":"openstreetmap","distance_m":236.4861211450497,"centroid_distance_m":263.25162145846775},{"footprint_id":"12650146","structure_id":"structure_ff135555073e1878ec04","source":"canada_structures","distance_m":251.73057963972107,"centroid_distance_m":255.12413527665692}]},"geometry":{"type":"Point","coordinates":[-80.963852,44.564343]}},{"type":"Feature","properties":{"location_id":"509872f3-ed51-4b9e-8056-8c3ff6fc8592","review_status":"ambiguous","footprint_distance_m":8.819113357268854,"footprint_source":"owen_sound_city_map_pdf","candidates":[{"footprint_id":"0224c57ebd3e:18f62f4e1a6fba4a9302","structure_id":"structure_74c60a3d3e8c9e589181","source":"owen_sound_city_map_pdf","distance_m":8.819113357268854,"centroid_distance_m":14.958863507477568},{"footprint_id":"0224c57ebd3e:70937bcea39ebd374562","structure_id":"structure_eb1241caf5315b43c7c2","source":"owen_sound_city_map_pdf","distance_m":9.429230693068835,"centroid_distance_m":31.323874696680132},{"footprint_id":"0224c57ebd3e:7eb32cdb607a8fafc718","structure_id":"structure_43ec149bf6945870e513","source":"owen_sound_city_map_pdf","distance_m":12.200115519755292,"centroid_distance_m":22.787364875621446},{"footprint_id":"0224c57ebd3e:a3b059f13da931f14edc","structure_id":"structure_718fc959133775644126","source":"owen_sound_city_map_pdf","distance_m":24.204312147743067,"centroid_distance_m":29.16130447506538},{"footprint_id":"0224c57ebd3e:32b2c5b1255fbc945302","structure_id":"structure_958869d5becf3dd33ac4","source":"owen_sound_city_map_pdf","distance_m":28.802941068966206,"centroid_distance_m":35.523731997442326},{"footprint_id":"0224c57ebd3e:83d2334eb08ce3e9b969","structure_id":"structure_278a01f5fcd8c1f43f66","source":"owen_sound_city_map_pdf","distance_m":33.22626483601257,"centroid_distance_m":42.86953102683068},{"footprint_id":"0224c57ebd3e:9bbf8d784225048991e3","structure_id":"structure_4280c65ca6fdb9a1b2ae","source":"owen_sound_city_map_pdf","distance_m":39.649421782780074,"centroid_distance_m":46.608130352666485},{"footprint_id":"0224c57ebd3e:4b1de663f13dc730c2bf","structure_id":"structure_a6d212ebe9e5de7e7da8","source":"owen_sound_city_map_pdf","distance_m":55.04812124418264,"centroid_distance_m":64.66354051714235}]},"geometry":{"type":"Point","coordinates":[-80.939694,44.570491]}},{"type":"Feature","properties":{"location_id":"521b1865-5412-4778-a85f-877ee16bca97","review_status":"ambiguous","footprint_distance_m":13.596115243908155,"footprint_source":"grey_county_building_footprints","candidates":[{"footprint_id":"15410","structure_id":"structure_6a7db070787f8aed185f","source":"grey_county_building_footprints","distance_m":13.596115243908155,"centroid_distance_m":16.961461445913837},{"footprint_id":"0224c57ebd3e:85df2870a218e0f7f47f","structure_id":"structure_23a0e41f6656770b4538","source":"owen_sound_city_map_pdf","distance_m":13.984555690095391,"centroid_distance_m":19.444199085644357},{"footprint_id":"0224c57ebd3e:f0b41602e62bcb3381c6","structure_id":"structure_ab817c2f327a1e6ad709","source":"owen_sound_city_map_pdf","distance_m":14.67056904259789,"centroid_distance_m":23.400650785734452},{"footprint_id":"15412","structure_id":"structure_1f442d5f240be53d2c01","source":"grey_county_building_footprints","distance_m":15.326222682826343,"centroid_distance_m":21.70829365188328},{"footprint_id":"0224c57ebd3e:0abf97f3652700f75015","structure_id":"structure_ef823586a8a4ed6b441d","source":"owen_sound_city_map_pdf","distance_m":16.75687080409843,"centroid_distance_m":20.414047159283253},{"footprint_id":"15409","structure_id":"structure_2c6a031a88b8b5fe030c","source":"grey_county_building_footprints","distance_m":16.766126288570284,"centroid_distance_m":21.337384058767725},{"footprint_id":"0224c57ebd3e:46d488ce2c354f284300","structure_id":"structure_7866a9addfa95a435e20","source":"owen_sound_city_map_pdf","distance_m":22.96429149333487,"centroid_distance_m":31.9684781899523},{"footprint_id":"15380","structure_id":"structure_d6852db435a80b13daff","source":"grey_county_building_footprints","distance_m":23.932795120547016,"centroid_distance_m":36.48270965259817}]},"geometry":{"type":"Point","coordinates":[-80.949405,44.581972]}},{"type":"Feature","properties":{"location_id":"534ec40e-d4d2-4aa1-9166-803dd93cdc0d","review_status":"unmatched","footprint_distance_m":88.27995825611347,"footprint_source":null,"candidates":[{"footprint_id":"0224c57ebd3e:011d0824d9c99bd10f11","structure_id":"structure_0809c433a1e9e51e1815","source":"owen_sound_city_map_pdf","distance_m":88.27995825611347,"centroid_distance_m":110.13018672513245},{"footprint_id":"a1595415228","structure_id":"structure_19724a995ecefd84ecba","source":"openstreetmap","distance_m":226.96814942593872,"centroid_distance_m":238.9446813893224},{"footprint_id":"a1595415168","structure_id":"structure_79810658be3944520814","source":"openstreetmap","distance_m":242.6719014406725,"centroid_distance_m":257.7822909805886},{"footprint_id":"a226430572","structure_id":"structure_96c3ddd8696fc3cd3b3e","source":"openstreetmap","distance_m":243.91912071088544,"centroid_distance_m":348.20455530339683},{"footprint_id":"a1595415226","structure_id":"structure_3d786947e7f4dcd67cf8","source":"openstreetmap","distance_m":302.34158995426594,"centroid_distance_m":328.34067244610765},{"footprint_id":"a226430518","structure_id":"structure_73d801160284adcf385a","source":"openstreetmap","distance_m":339.33878301937676,"centroid_distance_m":380.0428571869856},{"footprint_id":"a1595415196","structure_id":"structure_1f152381b0dba43fe89b","source":"openstreetmap","distance_m":342.2928339590287,"centroid_distance_m":399.0350611598543},{"footprint_id":"a1595415194","structure_id":"structure_249c48632906fdc002f4","source":"openstreetmap","distance_m":354.74024033146117,"centroid_distance_m":411.2365631631472}]},"geometry":{"type":"Point","coordinates":[-80.902508,44.583654]}},{"type":"Feature","properties":{"location_id":"5534a3d3-10a8-4fe1-9514-172ad5ffa645","review_status":"ambiguous","footprint_distance_m":9.19309937017469,"footprint_source":"openstreetmap","candidates":[{"footprint_id":"a2751656220","structure_id":"structure_5a49d0ef2a9b93db865f","source":"openstreetmap","distance_m":9.19309937017469,"centroid_distance_m":16.64149078823291},{"footprint_id":"a2751656218","structure_id":"structure_116ada82ea61f703625b","source":"openstreetmap","distance_m":11.059797383084485,"centroid_distance_m":20.08678888183626},{"footprint_id":"a2751656222","structure_id":"structure_cf7ba253665572de4b3c","source":"openstreetmap","distance_m":12.379246028658917,"centroid_distance_m":27.505305203660743},{"footprint_id":"a2751656244","structure_id":"structure_0a635ae283d21567e09c","source":"openstreetmap","distance_m":23.73088718448545,"centroid_distance_m":29.042173420063154},{"footprint_id":"12654039","structure_id":"structure_163085bcbdc2ddfa1291","source":"canada_structures","distance_m":24.71496994794165,"centroid_distance_m":31.90251202502661},{"footprint_id":"a2751656216","structure_id":"structure_5ce7e132479508cc7eec","source":"openstreetmap","distance_m":26.219644953856946,"centroid_distance_m":37.40645466790186},{"footprint_id":"0224c57ebd3e:a4fa83f7cde36e243697","structure_id":"structure_e60981fdf844599e3f75","source":"owen_sound_city_map_pdf","distance_m":27.673186360258516,"centroid_distance_m":35.77572167718744},{"footprint_id":"0224c57ebd3e:8dd58364e46c09465dcc","structure_id":"structure_ca5a27529b3e330832e2","source":"owen_sound_city_map_pdf","distance_m":29.17800654619087,"centroid_distance_m":34.84936722383518}]},"geometry":{"type":"Point","coordinates":[-80.941558,44.559432]}},{"type":"Feature","properties":{"location_id":"55a02e88-1b0c-4565-95fe-522cfa226d5e","review_status":"ambiguous","footprint_distance_m":8.819113357268854,"footprint_source":"owen_sound_city_map_pdf","candidates":[{"footprint_id":"0224c57ebd3e:18f62f4e1a6fba4a9302","structure_id":"structure_74c60a3d3e8c9e589181","source":"owen_sound_city_map_pdf","distance_m":8.819113357268854,"centroid_distance_m":14.958863507477568},{"footprint_id":"0224c57ebd3e:70937bcea39ebd374562","structure_id":"structure_eb1241caf5315b43c7c2","source":"owen_sound_city_map_pdf","distance_m":9.429230693068835,"centroid_distance_m":31.323874696680132},{"footprint_id":"0224c57ebd3e:7eb32cdb607a8fafc718","structure_id":"structure_43ec149bf6945870e513","source":"owen_sound_city_map_pdf","distance_m":12.200115519755292,"centroid_distance_m":22.787364875621446},{"footprint_id":"0224c57ebd3e:a3b059f13da931f14edc","structure_id":"structure_718fc959133775644126","source":"owen_sound_city_map_pdf","distance_m":24.204312147743067,"centroid_distance_m":29.16130447506538},{"footprint_id":"0224c57ebd3e:32b2c5b1255fbc945302","structure_id":"structure_958869d5becf3dd33ac4","source":"owen_sound_city_map_pdf","distance_m":28.802941068966206,"centroid_distance_m":35.523731997442326},{"footprint_id":"0224c57ebd3e:83d2334eb08ce3e9b969","structure_id":"structure_278a01f5fcd8c1f43f66","source":"owen_sound_city_map_pdf","distance_m":33.22626483601257,"centroid_distance_m":42.86953102683068},{"footprint_id":"0224c57ebd3e:9bbf8d784225048991e3","structure_id":"structure_4280c65ca6fdb9a1b2ae","source":"owen_sound_city_map_pdf","distance_m":39.649421782780074,"centroid_distance_m":46.608130352666485},{"footprint_id":"0224c57ebd3e:4b1de663f13dc730c2bf","structure_id":"structure_a6d212ebe9e5de7e7da8","source":"owen_sound_city_map_pdf","distance_m":55.04812124418264,"centroid_distance_m":64.66354051714235}]},"geometry":{"type":"Point","coordinates":[-80.939694,44.570491]}},{"type":"Feature","properties":{"location_id":"55e3a022-e748-4cbd-bcb5-021227dd3685","review_status":"ambiguous","footprint_distance_m":3.463764121368964,"footprint_source":"owen_sound_city_map_pdf","candidates":[{"footprint_id":"0224c57ebd3e:78193a1c1db26d2cd290","structure_id":"structure_24b1329392edfb3a6dfd","source":"owen_sound_city_map_pdf","distance_m":3.463764121368964,"centroid_distance_m":7.572305606647887},{"footprint_id":"0224c57ebd3e:79adeff64ef3d18cf604","structure_id":"structure_c464a3707cc38ab609ea","source":"owen_sound_city_map_pdf","distance_m":4.849999481250753,"centroid_distance_m":16.24703487541008},{"footprint_id":"16734","structure_id":"structure_5dc97cf853233fff94e8","source":"grey_county_building_footprints","distance_m":6.112011558198553,"centroid_distance_m":11.539126299226256},{"footprint_id":"16736","structure_id":"structure_2dc79044e9a9779f7292","source":"grey_county_building_footprints","distance_m":10.52638144773815,"centroid_distance_m":15.55144590009495},{"footprint_id":"0224c57ebd3e:3dbb373101188a19fddf","structure_id":"structure_d85e2d44c2263bf8697d","source":"owen_sound_city_map_pdf","distance_m":11.954707543934616,"centroid_distance_m":15.24354479608509},{"footprint_id":"0224c57ebd3e:5c775339eea529b0188d","structure_id":"structure_e8c99b31b0cb68041499","source":"owen_sound_city_map_pdf","distance_m":20.200321499095903,"centroid_distance_m":32.677897003693225},{"footprint_id":"16733","structure_id":"structure_97bbcf3e18ff253bd667","source":"grey_county_building_footprints","distance_m":21.251454050351494,"centroid_distance_m":34.01584556238563},{"footprint_id":"0224c57ebd3e:5f7873b0afa66970209a","structure_id":"structure_50eb5670d8dbe6c050cd","source":"owen_sound_city_map_pdf","distance_m":21.9692209553092,"centroid_distance_m":34.04659146009315}]},"geometry":{"type":"Point","coordinates":[-80.953044,44.575467]}},{"type":"Feature","properties":{"location_id":"56b2f939-5683-45ce-b7bf-8735892806d7","review_status":"unmatched","footprint_distance_m":199.15508429171493,"footprint_source":null,"candidates":[{"footprint_id":"0224c57ebd3e:c9a730c9b20d6cf3ab5b","structure_id":"structure_98070067da3e7cbfa8fd","source":"owen_sound_city_map_pdf","distance_m":199.15508429171493,"centroid_distance_m":207.18501108312705},{"footprint_id":"0224c57ebd3e:ff4c6a68efaaabf52b78","structure_id":"structure_a52b8ad2feaa7bb7d4c2","source":"owen_sound_city_map_pdf","distance_m":207.83613609036925,"centroid_distance_m":216.7878749199281},{"footprint_id":"a770884270","structure_id":"structure_7142b33a022336cdf34d","source":"openstreetmap","distance_m":535.7889066493849,"centroid_distance_m":550.3856541672563},{"footprint_id":"a1595415214","structure_id":"structure_171eccee2365fff5150a","source":"openstreetmap","distance_m":584.3905263330734,"centroid_distance_m":590.2181622686467},{"footprint_id":"a1595415192","structure_id":"structure_b861c914b4af7cee8fb3","source":"openstreetmap","distance_m":629.9456230323748,"centroid_distance_m":635.535367797843},{"footprint_id":"a834566562","structure_id":"structure_2f8e8819bafb0c5fa28e","source":"openstreetmap","distance_m":639.5458638139786,"centroid_distance_m":705.4829131421674},{"footprint_id":"a1595415208","structure_id":"structure_ba58dd48eb2c228e1470","source":"openstreetmap","distance_m":640.4057211195634,"centroid_distance_m":657.0035630252297},{"footprint_id":"a1595415190","structure_id":"structure_3a6ce524070ffec3d2ab","source":"openstreetmap","distance_m":646.0770885014097,"centroid_distance_m":652.1274527415097}]},"geometry":{"type":"Point","coordinates":[-80.909277,44.592039]}},{"type":"Feature","properties":{"location_id":"5a67e494-a900-4b6e-ad31-0c40964de52f","review_status":"ambiguous","footprint_distance_m":8.819113357268854,"footprint_source":"owen_sound_city_map_pdf","candidates":[{"footprint_id":"0224c57ebd3e:18f62f4e1a6fba4a9302","structure_id":"structure_74c60a3d3e8c9e589181","source":"owen_sound_city_map_pdf","distance_m":8.819113357268854,"centroid_distance_m":14.958863507477568},{"footprint_id":"0224c57ebd3e:70937bcea39ebd374562","structure_id":"structure_eb1241caf5315b43c7c2","source":"owen_sound_city_map_pdf","distance_m":9.429230693068835,"centroid_distance_m":31.323874696680132},{"footprint_id":"0224c57ebd3e:7eb32cdb607a8fafc718","structure_id":"structure_43ec149bf6945870e513","source":"owen_sound_city_map_pdf","distance_m":12.200115519755292,"centroid_distance_m":22.787364875621446},{"footprint_id":"0224c57ebd3e:a3b059f13da931f14edc","structure_id":"structure_718fc959133775644126","source":"owen_sound_city_map_pdf","distance_m":24.204312147743067,"centroid_distance_m":29.16130447506538},{"footprint_id":"0224c57ebd3e:32b2c5b1255fbc945302","structure_id":"structure_958869d5becf3dd33ac4","source":"owen_sound_city_map_pdf","distance_m":28.802941068966206,"centroid_distance_m":35.523731997442326},{"footprint_id":"0224c57ebd3e:83d2334eb08ce3e9b969","structure_id":"structure_278a01f5fcd8c1f43f66","source":"owen_sound_city_map_pdf","distance_m":33.22626483601257,"centroid_distance_m":42.86953102683068},{"footprint_id":"0224c57ebd3e:9bbf8d784225048991e3","structure_id":"structure_4280c65ca6fdb9a1b2ae","source":"owen_sound_city_map_pdf","distance_m":39.649421782780074,"centroid_distance_m":46.608130352666485},{"footprint_id":"0224c57ebd3e:4b1de663f13dc730c2bf","structure_id":"structure_a6d212ebe9e5de7e7da8","source":"owen_sound_city_map_pdf","distance_m":55.04812124418264,"centroid_distance_m":64.66354051714235}]},"geometry":{"type":"Point","coordinates":[-80.939694,44.570491]}},{"type":"Feature","properties":{"location_id":"5cf80733-1163-4d78-ae57-709c48e4bde9","review_status":"ambiguous","footprint_distance_m":3.3274778090866306,"footprint_source":"grey_county_building_footprints","candidates":[{"footprint_id":"18404","structure_id":"structure_9910b97e3da3c2a09c21","source":"grey_county_building_footprints","distance_m":3.3274778090866306,"centroid_distance_m":16.537645773354818},{"footprint_id":"0224c57ebd3e:20d93df1d6f87ec4aee5","structure_id":"structure_0627a89f25b52e303768","source":"owen_sound_city_map_pdf","distance_m":3.381868033681486,"centroid_distance_m":12.942796738373419},{"footprint_id":"18402","structure_id":"structure_731fd043eaf4d633340b","source":"grey_county_building_footprints","distance_m":3.7144447665382216,"centroid_distance_m":14.249074308487767},{"footprint_id":"0224c57ebd3e:acfd239d69bee8ac91a1","structure_id":"structure_d0b1f7f7d33edbeff324","source":"owen_sound_city_map_pdf","distance_m":3.8128879958268844,"centroid_distance_m":15.470818043681241},{"footprint_id":"18471","structure_id":"structure_5d35ef38013fb387e8b5","source":"grey_county_building_footprints","distance_m":11.473178443353193,"centroid_distance_m":17.841246953340676},{"footprint_id":"0224c57ebd3e:ef9df117a86d9e6997bf","structure_id":"structure_5dbffd8565f98d597138","source":"owen_sound_city_map_pdf","distance_m":13.282155865817137,"centroid_distance_m":20.70818610350259},{"footprint_id":"0224c57ebd3e:c0da5f8fad535b61d976","structure_id":"structure_3c82606fce3a87a2b043","source":"owen_sound_city_map_pdf","distance_m":13.521025715155917,"centroid_distance_m":22.71475803174007},{"footprint_id":"18399","structure_id":"structure_0ec856156cb11995dc78","source":"grey_county_building_footprints","distance_m":14.3964797470357,"centroid_distance_m":20.04743033535196}]},"geometry":{"type":"Point","coordinates":[-80.95464,44.572509]}},{"type":"Feature","properties":{"location_id":"5dcf6b01-32ef-4076-b3be-e25555c48da4","review_status":"unmatched","footprint_distance_m":618.3287699807915,"footprint_source":null,"candidates":[{"footprint_id":"0224c57ebd3e:b02cce733028d3e2e46f","structure_id":"structure_b9c73f71241d344c8ca7","source":"owen_sound_city_map_pdf","distance_m":618.3287699807915,"centroid_distance_m":626.8867069922043},{"footprint_id":"0224c57ebd3e:fd5ef11da09a160e2af6","structure_id":"structure_1b85e22c8b49a8429e3a","source":"owen_sound_city_map_pdf","distance_m":631.6908506594135,"centroid_distance_m":639.8723985774697},{"footprint_id":"0224c57ebd3e:a35b03fff1e9da3983ca","structure_id":"structure_5df8a00f96ba8c7894bd","source":"owen_sound_city_map_pdf","distance_m":642.2908493651295,"centroid_distance_m":650.202290269219},{"footprint_id":"0224c57ebd3e:b28d42e46e2508897c4e","structure_id":"structure_2c75bcf4dbb50d66633e","source":"owen_sound_city_map_pdf","distance_m":678.0785851515225,"centroid_distance_m":691.0361393979612},{"footprint_id":"0224c57ebd3e:3b1f862b6cbd332d3bc2","structure_id":"structure_eb09c53b8cb83fc7704b","source":"owen_sound_city_map_pdf","distance_m":680.4104614569935,"centroid_distance_m":692.1340469881644},{"footprint_id":"a834566562","structure_id":"structure_2f8e8819bafb0c5fa28e","source":"openstreetmap","distance_m":823.0029826009292,"centroid_distance_m":877.8653039538431},{"footprint_id":"0224c57ebd3e:b7a0ccfb3f7281aa42c5","structure_id":"structure_e55824077aadbd2a89ff","source":"owen_sound_city_map_pdf","distance_m":911.2809400854931,"centroid_distance_m":919.0690774575364},{"footprint_id":"0224c57ebd3e:a438e5f16d94c37e85d1","structure_id":"structure_76ff3f66872e65680357","source":"owen_sound_city_map_pdf","distance_m":919.1181647735847,"centroid_distance_m":929.5247762293474}]},"geometry":{"type":"Point","coordinates":[-80.900241,44.598119]}},{"type":"Feature","properties":{"location_id":"5f16856c-2d12-47f2-aacb-dc4aced23ec5","review_status":"unmatched","footprint_distance_m":57.93572966575238,"footprint_source":null,"candidates":[{"footprint_id":"0224c57ebd3e:10e6af87a73a680bacca","structure_id":"structure_7fa1cdce10f5aa0cde9f","source":"owen_sound_city_map_pdf","distance_m":57.93572966575238,"centroid_distance_m":66.37452806794037},{"footprint_id":"13359","structure_id":"structure_50d0add98c236f9116dc","source":"grey_county_building_footprints","distance_m":58.07287341571562,"centroid_distance_m":66.75014469413792}]},"geometry":{"type":"Point","coordinates":[-80.95044,44.591265]}},{"type":"Feature","properties":{"location_id":"60781695-c81b-4d5e-a041-091a2e2da2f9","review_status":"ambiguous","footprint_distance_m":13.596115243908155,"footprint_source":"grey_county_building_footprints","candidates":[{"footprint_id":"15410","structure_id":"structure_6a7db070787f8aed185f","source":"grey_county_building_footprints","distance_m":13.596115243908155,"centroid_distance_m":16.961461445913837},{"footprint_id":"0224c57ebd3e:85df2870a218e0f7f47f","structure_id":"structure_23a0e41f6656770b4538","source":"owen_sound_city_map_pdf","distance_m":13.984555690095391,"centroid_distance_m":19.444199085644357},{"footprint_id":"0224c57ebd3e:f0b41602e62bcb3381c6","structure_id":"structure_ab817c2f327a1e6ad709","source":"owen_sound_city_map_pdf","distance_m":14.67056904259789,"centroid_distance_m":23.400650785734452},{"footprint_id":"15412","structure_id":"structure_1f442d5f240be53d2c01","source":"grey_county_building_footprints","distance_m":15.326222682826343,"centroid_distance_m":21.70829365188328},{"footprint_id":"0224c57ebd3e:0abf97f3652700f75015","structure_id":"structure_ef823586a8a4ed6b441d","source":"owen_sound_city_map_pdf","distance_m":16.75687080409843,"centroid_distance_m":20.414047159283253},{"footprint_id":"15409","structure_id":"structure_2c6a031a88b8b5fe030c","source":"grey_county_building_footprints","distance_m":16.766126288570284,"centroid_distance_m":21.337384058767725},{"footprint_id":"0224c57ebd3e:46d488ce2c354f284300","structure_id":"structure_7866a9addfa95a435e20","source":"owen_sound_city_map_pdf","distance_m":22.96429149333487,"centroid_distance_m":31.9684781899523},{"footprint_id":"15380","structure_id":"structure_d6852db435a80b13daff","source":"grey_county_building_footprints","distance_m":23.932795120547016,"centroid_distance_m":36.48270965259817}]},"geometry":{"type":"Point","coordinates":[-80.949405,44.581972]}},{"type":"Feature","properties":{"location_id":"6143baf3-aa6d-4c21-b4ca-2080f2f9928e","review_status":"unmatched","footprint_distance_m":194.07267800990212,"footprint_source":null,"candidates":[{"footprint_id":"0224c57ebd3e:c9a730c9b20d6cf3ab5b","structure_id":"structure_98070067da3e7cbfa8fd","source":"owen_sound_city_map_pdf","distance_m":194.07267800990212,"centroid_distance_m":202.0388693290229},{"footprint_id":"0224c57ebd3e:ff4c6a68efaaabf52b78","structure_id":"structure_a52b8ad2feaa7bb7d4c2","source":"owen_sound_city_map_pdf","distance_m":204.1417694161144,"centroid_distance_m":212.9088851401205},{"footprint_id":"a770884270","structure_id":"structure_7142b33a022336cdf34d","source":"openstreetmap","distance_m":553.587309728741,"centroid_distance_m":568.1374078353413},{"footprint_id":"a1595415214","structure_id":"structure_171eccee2365fff5150a","source":"openstreetmap","distance_m":564.8244513702247,"centroid_distance_m":570.6990771424356},{"footprint_id":"a1595415192","structure_id":"structure_b861c914b4af7cee8fb3","source":"openstreetmap","distance_m":610.3282796656877,"centroid_distance_m":615.9780179762738},{"footprint_id":"a1595415208","structure_id":"structure_ba58dd48eb2c228e1470","source":"openstreetmap","distance_m":622.0578162589615,"centroid_distance_m":638.7795314155596},{"footprint_id":"a1595415190","structure_id":"structure_3a6ce524070ffec3d2ab","source":"openstreetmap","distance_m":626.4482037723649,"centroid_distance_m":632.573493727305},{"footprint_id":"a834566562","structure_id":"structure_2f8e8819bafb0c5fa28e","source":"openstreetmap","distance_m":631.9194580007704,"centroid_distance_m":697.143475511291}]},"geometry":{"type":"Point","coordinates":[-80.909237,44.591864]}},{"type":"Feature","properties":{"location_id":"61d30249-03c7-41b5-b4eb-0f901b9cda32","review_status":"unmatched","footprint_distance_m":200.70683186466638,"footprint_source":null,"candidates":[{"footprint_id":"0224c57ebd3e:f6fdb833a1bd7edd562f","structure_id":"structure_a539ab9d832b4a92c40e","source":"owen_sound_city_map_pdf","distance_m":200.70683186466638,"centroid_distance_m":222.58732902484257},{"footprint_id":"a779655820","structure_id":"structure_4fb6e72f13d8dfa29c15","source":"openstreetmap","distance_m":206.2270304425946,"centroid_distance_m":229.07477685737283},{"footprint_id":"a747701006","structure_id":"structure_75a5462eb6e15c4d8ad5","source":"openstreetmap","distance_m":221.0499087617583,"centroid_distance_m":249.45119862957708},{"footprint_id":"a369038880","structure_id":"structure_0f5c0d3e8fb1d8a21e21","source":"openstreetmap","distance_m":226.05753813829398,"centroid_distance_m":239.0772841793373},{"footprint_id":"a829652100","structure_id":"structure_27c75ce9df25c947805e","source":"openstreetmap","distance_m":249.64855266291428,"centroid_distance_m":259.96984695419417},{"footprint_id":"a369038878","structure_id":"structure_7f90dff6f258b26a0b95","source":"openstreetmap","distance_m":263.4708093119788,"centroid_distance_m":290.39851912661186},{"footprint_id":"a369038882","structure_id":"structure_92c4dbd1939fdc082411","source":"openstreetmap","distance_m":264.32265034545185,"centroid_distance_m":276.11411805601966},{"footprint_id":"12650146","structure_id":"structure_ff135555073e1878ec04","source":"canada_structures","distance_m":274.38425970442364,"centroid_distance_m":277.5527752094944}]},"geometry":{"type":"Point","coordinates":[-80.964088,44.564117]}},{"type":"Feature","properties":{"location_id":"62986ea2-3781-492b-b4a5-08761549db5d","review_status":"unmatched","footprint_distance_m":154.3565926416193,"footprint_source":null,"candidates":[{"footprint_id":"0224c57ebd3e:fb70939561d9ef859053","structure_id":"structure_3cd86451bce7c3ee7000","source":"owen_sound_city_map_pdf","distance_m":154.3565926416193,"centroid_distance_m":162.43856831732884},{"footprint_id":"0224c57ebd3e:1078c81946d025f76c87","structure_id":"structure_4c7c924a0a970ee81803","source":"owen_sound_city_map_pdf","distance_m":154.9535584055289,"centroid_distance_m":167.17737254063545},{"footprint_id":"0224c57ebd3e:e66f6ad43c3fd68b8920","structure_id":"structure_f7f98cd22a6c30dfdaf1","source":"owen_sound_city_map_pdf","distance_m":435.8472443433885,"centroid_distance_m":443.3774047045653},{"footprint_id":"0224c57ebd3e:2cad8377a7764913ab59","structure_id":"structure_9741d9566d5028487cca","source":"owen_sound_city_map_pdf","distance_m":460.220417982109,"centroid_distance_m":475.13952565062476},{"footprint_id":"0224c57ebd3e:5c38e200ddec8cdecbad","structure_id":"structure_d7a50dbfbd9599a7136d","source":"owen_sound_city_map_pdf","distance_m":465.9079427121683,"centroid_distance_m":474.8825842616159},{"footprint_id":"0224c57ebd3e:872b6701ec54d5c3d41e","structure_id":"structure_e32192cf9a63bf3c0dc2","source":"owen_sound_city_map_pdf","distance_m":596.4598846818027,"centroid_distance_m":606.1418092691805},{"footprint_id":"0224c57ebd3e:a1c226d7ccd3a8ad2d27","structure_id":"structure_c01d445e94c9823f086d","source":"owen_sound_city_map_pdf","distance_m":629.8953448421296,"centroid_distance_m":646.0549331471553},{"footprint_id":"0224c57ebd3e:8b7bc5fa7a04ae969d3e","structure_id":"structure_dcbb5be0b7a48589f101","source":"owen_sound_city_map_pdf","distance_m":653.3940871509191,"centroid_distance_m":659.7323734598388}]},"geometry":{"type":"Point","coordinates":[-80.901139,44.561175]}},{"type":"Feature","properties":{"location_id":"63c7399e-7a4c-4bae-97ba-16ea77f978be","review_status":"ambiguous","footprint_distance_m":3.463764121368964,"footprint_source":"owen_sound_city_map_pdf","candidates":[{"footprint_id":"0224c57ebd3e:78193a1c1db26d2cd290","structure_id":"structure_24b1329392edfb3a6dfd","source":"owen_sound_city_map_pdf","distance_m":3.463764121368964,"centroid_distance_m":7.572305606647887},{"footprint_id":"0224c57ebd3e:79adeff64ef3d18cf604","structure_id":"structure_c464a3707cc38ab609ea","source":"owen_sound_city_map_pdf","distance_m":4.849999481250753,"centroid_distance_m":16.24703487541008},{"footprint_id":"16734","structure_id":"structure_5dc97cf853233fff94e8","source":"grey_county_building_footprints","distance_m":6.112011558198553,"centroid_distance_m":11.539126299226256},{"footprint_id":"16736","structure_id":"structure_2dc79044e9a9779f7292","source":"grey_county_building_footprints","distance_m":10.52638144773815,"centroid_distance_m":15.55144590009495},{"footprint_id":"0224c57ebd3e:3dbb373101188a19fddf","structure_id":"structure_d85e2d44c2263bf8697d","source":"owen_sound_city_map_pdf","distance_m":11.954707543934616,"centroid_distance_m":15.24354479608509},{"footprint_id":"0224c57ebd3e:5c775339eea529b0188d","structure_id":"structure_e8c99b31b0cb68041499","source":"owen_sound_city_map_pdf","distance_m":20.200321499095903,"centroid_distance_m":32.677897003693225},{"footprint_id":"16733","structure_id":"structure_97bbcf3e18ff253bd667","source":"grey_county_building_footprints","distance_m":21.251454050351494,"centroid_distance_m":34.01584556238563},{"footprint_id":"0224c57ebd3e:5f7873b0afa66970209a","structure_id":"structure_50eb5670d8dbe6c050cd","source":"owen_sound_city_map_pdf","distance_m":21.9692209553092,"centroid_distance_m":34.04659146009315}]},"geometry":{"type":"Point","coordinates":[-80.953044,44.575467]}},{"type":"Feature","properties":{"location_id":"67445cde-aebc-47dc-9d96-acdeaf99956f","review_status":"ambiguous","footprint_distance_m":14.812002140756396,"footprint_source":"grey_county_building_footprints","candidates":[{"footprint_id":"20049","structure_id":"structure_c030d8d92053a6e2331b","source":"grey_county_building_footprints","distance_m":14.812002140756396,"centroid_distance_m":26.831615867075595},{"footprint_id":"a2601948672","structure_id":"structure_d9571299a330c28d066f","source":"openstreetmap","distance_m":15.916639056339008,"centroid_distance_m":23.76508034329445},{"footprint_id":"20167","structure_id":"structure_c20eb73bfa3aa0b42b2a","source":"grey_county_building_footprints","distance_m":16.34862903831292,"centroid_distance_m":21.297323521829053},{"footprint_id":"a2601948656","structure_id":"structure_4b8e749588ba15cba1d0","source":"openstreetmap","distance_m":18.506141853420484,"centroid_distance_m":26.28518583056504},{"footprint_id":"20166","structure_id":"structure_6de0f30802b923040cc5","source":"grey_county_building_footprints","distance_m":20.412670802493977,"centroid_distance_m":27.86325082157055},{"footprint_id":"a2550734808","structure_id":"structure_51265850e7193a1000f8","source":"openstreetmap","distance_m":20.59619439075397,"centroid_distance_m":34.69051043362779},{"footprint_id":"a2601948674","structure_id":"structure_18e9b12e60e41f32d8fd","source":"openstreetmap","distance_m":33.76300207400549,"centroid_distance_m":42.83949791972222},{"footprint_id":"a2601948676","structure_id":"structure_e4eb044d50a9592c21d1","source":"openstreetmap","distance_m":24.916241314395837,"centroid_distance_m":31.894985816089573}]},"geometry":{"type":"Point","coordinates":[-80.945389,44.567475]}},{"type":"Feature","properties":{"location_id":"6963aaf8-7140-4fe6-92a0-91a931dca188","review_status":"ambiguous","footprint_distance_m":14.74187881467148,"footprint_source":"grey_county_building_footprints","candidates":[{"footprint_id":"14115","structure_id":"structure_c961040713c02e7eca1a","source":"grey_county_building_footprints","distance_m":14.74187881467148,"centroid_distance_m":23.375146488232918},{"footprint_id":"0224c57ebd3e:c881e5568110f53be514","structure_id":"structure_4730bb223fd816e5802e","source":"owen_sound_city_map_pdf","distance_m":15.062418175687258,"centroid_distance_m":23.96134456207636},{"footprint_id":"14116","structure_id":"structure_ca3f9fd17731c0501bc4","source":"grey_county_building_footprints","distance_m":15.414292095940919,"centroid_distance_m":22.951699127995557},{"footprint_id":"0224c57ebd3e:78686d0d9d84e3c207bc","structure_id":"structure_b670076b73e4c74e7465","source":"owen_sound_city_map_pdf","distance_m":15.523864793871832,"centroid_distance_m":22.107604700067327},{"footprint_id":"0224c57ebd3e:6730f1d1d6cd1cbb1728","structure_id":"structure_933dac606ebd3b428663","source":"owen_sound_city_map_pdf","distance_m":22.91811811513799,"centroid_distance_m":30.274607481120942},{"footprint_id":"14112","structure_id":"structure_6fa3bc68aafb3e2cf29a","source":"grey_county_building_footprints","distance_m":22.976063234531267,"centroid_distance_m":29.440307916534834},{"footprint_id":"0224c57ebd3e:479433af8a68d85638db","structure_id":"structure_69d3c60af3d3674f7ca7","source":"owen_sound_city_map_pdf","distance_m":30.883823124089847,"centroid_distance_m":39.16984225931649},{"footprint_id":"14118","structure_id":"structure_a0591aaaf0ab91b01db9","source":"grey_county_building_footprints","distance_m":31.699168313183137,"centroid_distance_m":39.66234026104536}]},"geometry":{"type":"Point","coordinates":[-80.952578,44.584573]}},{"type":"Feature","properties":{"location_id":"6c51584f-9171-4aea-ad70-6420eacd0eee","review_status":"ambiguous","footprint_distance_m":14.498107616803331,"footprint_source":"owen_sound_city_map_pdf","candidates":[{"footprint_id":"0224c57ebd3e:ef065be3d80bebb21a41","structure_id":"structure_31b92d27e599a2ae595d","source":"owen_sound_city_map_pdf","distance_m":14.498107616803331,"centroid_distance_m":21.12485080519275},{"footprint_id":"11871","structure_id":"structure_0d3da271c62fa1289858","source":"grey_county_building_footprints","distance_m":15.499558914041057,"centroid_distance_m":19.896432987746046},{"footprint_id":"0224c57ebd3e:1b451e8567fab8f89547","structure_id":"structure_485b04022cf293df34e3","source":"owen_sound_city_map_pdf","distance_m":16.223824310058163,"centroid_distance_m":20.019339448281194},{"footprint_id":"0224c57ebd3e:b718b9fc776eca1984be","structure_id":"structure_43ca98fb3393904b4ac9","source":"owen_sound_city_map_pdf","distance_m":26.501149493083208,"centroid_distance_m":32.471287484392626},{"footprint_id":"11877","structure_id":"structure_e902b9bfa0c52948927f","source":"grey_county_building_footprints","distance_m":27.88330105715178,"centroid_distance_m":33.42929699074619},{"footprint_id":"0224c57ebd3e:d64c395405ee68f51b01","structure_id":"structure_6c0c87786cc20fb05397","source":"owen_sound_city_map_pdf","distance_m":30.521233453303086,"centroid_distance_m":35.37231606596139},{"footprint_id":"0224c57ebd3e:0b26e969b2e0a5457d44","structure_id":"structure_ef24d6cd3031d7e64e4e","source":"owen_sound_city_map_pdf","distance_m":36.786663964062726,"centroid_distance_m":46.21615034703212},{"footprint_id":"11767","structure_id":"structure_3fd540ae2269bc7c40bf","source":"grey_county_building_footprints","distance_m":37.82980277335683,"centroid_distance_m":46.6951155833455}]},"geometry":{"type":"Point","coordinates":[-80.947369,44.593379]}},{"type":"Feature","properties":{"location_id":"6c98d880-94ea-4aa9-9241-314aff8f4d17","review_status":"unmatched","footprint_distance_m":50.56327021394147,"footprint_source":null,"candidates":[{"footprint_id":"0224c57ebd3e:b28d42e46e2508897c4e","structure_id":"structure_2c75bcf4dbb50d66633e","source":"owen_sound_city_map_pdf","distance_m":50.56327021394147,"centroid_distance_m":61.46983212598564}]},"geometry":{"type":"Point","coordinates":[-80.894433,44.593581]}},{"type":"Feature","properties":{"location_id":"7095db48-1844-4dbb-9d80-22f36ebb284f","review_status":"ambiguous","footprint_distance_m":3.3274778090866306,"footprint_source":"grey_county_building_footprints","candidates":[{"footprint_id":"18404","structure_id":"structure_9910b97e3da3c2a09c21","source":"grey_county_building_footprints","distance_m":3.3274778090866306,"centroid_distance_m":16.537645773354818},{"footprint_id":"0224c57ebd3e:20d93df1d6f87ec4aee5","structure_id":"structure_0627a89f25b52e303768","source":"owen_sound_city_map_pdf","distance_m":3.381868033681486,"centroid_distance_m":12.942796738373419},{"footprint_id":"18402","structure_id":"structure_731fd043eaf4d633340b","source":"grey_county_building_footprints","distance_m":3.7144447665382216,"centroid_distance_m":14.249074308487767},{"footprint_id":"0224c57ebd3e:acfd239d69bee8ac91a1","structure_id":"structure_d0b1f7f7d33edbeff324","source":"owen_sound_city_map_pdf","distance_m":3.8128879958268844,"centroid_distance_m":15.470818043681241},{"footprint_id":"18471","structure_id":"structure_5d35ef38013fb387e8b5","source":"grey_county_building_footprints","distance_m":11.473178443353193,"centroid_distance_m":17.841246953340676},{"footprint_id":"0224c57ebd3e:ef9df117a86d9e6997bf","structure_id":"structure_5dbffd8565f98d597138","source":"owen_sound_city_map_pdf","distance_m":13.282155865817137,"centroid_distance_m":20.70818610350259},{"footprint_id":"0224c57ebd3e:c0da5f8fad535b61d976","structure_id":"structure_3c82606fce3a87a2b043","source":"owen_sound_city_map_pdf","distance_m":13.521025715155917,"centroid_distance_m":22.71475803174007},{"footprint_id":"18399","structure_id":"structure_0ec856156cb11995dc78","source":"grey_county_building_footprints","distance_m":14.3964797470357,"centroid_distance_m":20.04743033535196}]},"geometry":{"type":"Point","coordinates":[-80.95464,44.572509]}},{"type":"Feature","properties":{"location_id":"710363aa-5294-40be-bc5b-fbc035297009","review_status":"ambiguous","footprint_distance_m":8.819113357268854,"footprint_source":"owen_sound_city_map_pdf","candidates":[{"footprint_id":"0224c57ebd3e:18f62f4e1a6fba4a9302","structure_id":"structure_74c60a3d3e8c9e589181","source":"owen_sound_city_map_pdf","distance_m":8.819113357268854,"centroid_distance_m":14.958863507477568},{"footprint_id":"0224c57ebd3e:70937bcea39ebd374562","structure_id":"structure_eb1241caf5315b43c7c2","source":"owen_sound_city_map_pdf","distance_m":9.429230693068835,"centroid_distance_m":31.323874696680132},{"footprint_id":"0224c57ebd3e:7eb32cdb607a8fafc718","structure_id":"structure_43ec149bf6945870e513","source":"owen_sound_city_map_pdf","distance_m":12.200115519755292,"centroid_distance_m":22.787364875621446},{"footprint_id":"0224c57ebd3e:a3b059f13da931f14edc","structure_id":"structure_718fc959133775644126","source":"owen_sound_city_map_pdf","distance_m":24.204312147743067,"centroid_distance_m":29.16130447506538},{"footprint_id":"0224c57ebd3e:32b2c5b1255fbc945302","structure_id":"structure_958869d5becf3dd33ac4","source":"owen_sound_city_map_pdf","distance_m":28.802941068966206,"centroid_distance_m":35.523731997442326},{"footprint_id":"0224c57ebd3e:83d2334eb08ce3e9b969","structure_id":"structure_278a01f5fcd8c1f43f66","source":"owen_sound_city_map_pdf","distance_m":33.22626483601257,"centroid_distance_m":42.86953102683068},{"footprint_id":"0224c57ebd3e:9bbf8d784225048991e3","structure_id":"structure_4280c65ca6fdb9a1b2ae","source":"owen_sound_city_map_pdf","distance_m":39.649421782780074,"centroid_distance_m":46.608130352666485},{"footprint_id":"0224c57ebd3e:4b1de663f13dc730c2bf","structure_id":"structure_a6d212ebe9e5de7e7da8","source":"owen_sound_city_map_pdf","distance_m":55.04812124418264,"centroid_distance_m":64.66354051714235}]},"geometry":{"type":"Point","coordinates":[-80.939694,44.570491]}},{"type":"Feature","properties":{"location_id":"7371eea7-3711-45f1-892b-273c6da0cd2f","review_status":"unmatched","footprint_distance_m":125.06563276637432,"footprint_source":null,"candidates":[{"footprint_id":"a226404044","structure_id":"structure_105960175a1d865ae19b","source":"openstreetmap","distance_m":125.06563276637432,"centroid_distance_m":235.90870933596685},{"footprint_id":"a226430434","structure_id":"structure_7d672bad785e05bb1bef","source":"openstreetmap","distance_m":209.78385594189606,"centroid_distance_m":264.9703793515792},{"footprint_id":"a226403660","structure_id":"structure_1aeb740a2911e17a70b8","source":"openstreetmap","distance_m":379.7223196286419,"centroid_distance_m":396.81490643105667},{"footprint_id":"0224c57ebd3e:5b12a6bf19b795365707","structure_id":"structure_cdacf09c334ade4f4e4b","source":"owen_sound_city_map_pdf","distance_m":393.36930808823143,"centroid_distance_m":397.30208547212976},{"footprint_id":"0224c57ebd3e:84bebdfe6d418a9e3db5","structure_id":"structure_dbf5ab16c52334e02311","source":"owen_sound_city_map_pdf","distance_m":419.78535285025544,"centroid_distance_m":425.03863799148064},{"footprint_id":"a226430998","structure_id":"structure_fd0c042f6fd108e6bbb0","source":"openstreetmap","distance_m":432.05466974804995,"centroid_distance_m":464.20759765249744},{"footprint_id":"0224c57ebd3e:78db80b18ecfc28ad42d","structure_id":"structure_afa632ae789c6b975e9b","source":"owen_sound_city_map_pdf","distance_m":451.8597023596152,"centroid_distance_m":456.3766082940451},{"footprint_id":"0224c57ebd3e:234e912b0fdb05b38d12","structure_id":"structure_288fff8afaf189235597","source":"owen_sound_city_map_pdf","distance_m":497.51040098474306,"centroid_distance_m":502.3850224447104}]},"geometry":{"type":"Point","coordinates":[-80.922213,44.59835]}},{"type":"Feature","properties":{"location_id":"7452b855-774e-45e7-900b-eddf0254bb2f","review_status":"ambiguous","footprint_distance_m":8.819113357268854,"footprint_source":"owen_sound_city_map_pdf","candidates":[{"footprint_id":"0224c57ebd3e:18f62f4e1a6fba4a9302","structure_id":"structure_74c60a3d3e8c9e589181","source":"owen_sound_city_map_pdf","distance_m":8.819113357268854,"centroid_distance_m":14.958863507477568},{"footprint_id":"0224c57ebd3e:70937bcea39ebd374562","structure_id":"structure_eb1241caf5315b43c7c2","source":"owen_sound_city_map_pdf","distance_m":9.429230693068835,"centroid_distance_m":31.323874696680132},{"footprint_id":"0224c57ebd3e:7eb32cdb607a8fafc718","structure_id":"structure_43ec149bf6945870e513","source":"owen_sound_city_map_pdf","distance_m":12.200115519755292,"centroid_distance_m":22.787364875621446},{"footprint_id":"0224c57ebd3e:a3b059f13da931f14edc","structure_id":"structure_718fc959133775644126","source":"owen_sound_city_map_pdf","distance_m":24.204312147743067,"centroid_distance_m":29.16130447506538},{"footprint_id":"0224c57ebd3e:32b2c5b1255fbc945302","structure_id":"structure_958869d5becf3dd33ac4","source":"owen_sound_city_map_pdf","distance_m":28.802941068966206,"centroid_distance_m":35.523731997442326},{"footprint_id":"0224c57ebd3e:83d2334eb08ce3e9b969","structure_id":"structure_278a01f5fcd8c1f43f66","source":"owen_sound_city_map_pdf","distance_m":33.22626483601257,"centroid_distance_m":42.86953102683068},{"footprint_id":"0224c57ebd3e:9bbf8d784225048991e3","structure_id":"structure_4280c65ca6fdb9a1b2ae","source":"owen_sound_city_map_pdf","distance_m":39.649421782780074,"centroid_distance_m":46.608130352666485},{"footprint_id":"0224c57ebd3e:4b1de663f13dc730c2bf","structure_id":"structure_a6d212ebe9e5de7e7da8","source":"owen_sound_city_map_pdf","distance_m":55.04812124418264,"centroid_distance_m":64.66354051714235}]},"geometry":{"type":"Point","coordinates":[-80.939694,44.570491]}},{"type":"Feature","properties":{"location_id":"746719ee-7af2-485a-b9b2-c11bea9248b5","review_status":"ambiguous","footprint_distance_m":8.819113357268854,"footprint_source":"owen_sound_city_map_pdf","candidates":[{"footprint_id":"0224c57ebd3e:18f62f4e1a6fba4a9302","structure_id":"structure_74c60a3d3e8c9e589181","source":"owen_sound_city_map_pdf","distance_m":8.819113357268854,"centroid_distance_m":14.958863507477568},{"footprint_id":"0224c57ebd3e:70937bcea39ebd374562","structure_id":"structure_eb1241caf5315b43c7c2","source":"owen_sound_city_map_pdf","distance_m":9.429230693068835,"centroid_distance_m":31.323874696680132},{"footprint_id":"0224c57ebd3e:7eb32cdb607a8fafc718","structure_id":"structure_43ec149bf6945870e513","source":"owen_sound_city_map_pdf","distance_m":12.200115519755292,"centroid_distance_m":22.787364875621446},{"footprint_id":"0224c57ebd3e:a3b059f13da931f14edc","structure_id":"structure_718fc959133775644126","source":"owen_sound_city_map_pdf","distance_m":24.204312147743067,"centroid_distance_m":29.16130447506538},{"footprint_id":"0224c57ebd3e:32b2c5b1255fbc945302","structure_id":"structure_958869d5becf3dd33ac4","source":"owen_sound_city_map_pdf","distance_m":28.802941068966206,"centroid_distance_m":35.523731997442326},{"footprint_id":"0224c57ebd3e:83d2334eb08ce3e9b969","structure_id":"structure_278a01f5fcd8c1f43f66","source":"owen_sound_city_map_pdf","distance_m":33.22626483601257,"centroid_distance_m":42.86953102683068},{"footprint_id":"0224c57ebd3e:9bbf8d784225048991e3","structure_id":"structure_4280c65ca6fdb9a1b2ae","source":"owen_sound_city_map_pdf","distance_m":39.649421782780074,"centroid_distance_m":46.608130352666485},{"footprint_id":"0224c57ebd3e:a2088df838d1c6bb9c6b","structure_id":"structure_3891deec13f918457dcd","source":"owen_sound_city_map_pdf","distance_m":55.68203421095823,"centroid_distance_m":73.34405890755225}]},"geometry":{"type":"Point","coordinates":[-80.939694,44.570491]}},{"type":"Feature","properties":{"location_id":"74cfdce9-6c62-491b-a91e-14957ed2ab45","review_status":"ambiguous","footprint_distance_m":3.463764121368964,"footprint_source":"owen_sound_city_map_pdf","candidates":[{"footprint_id":"0224c57ebd3e:78193a1c1db26d2cd290","structure_id":"structure_24b1329392edfb3a6dfd","source":"owen_sound_city_map_pdf","distance_m":3.463764121368964,"centroid_distance_m":7.572305606647887},{"footprint_id":"0224c57ebd3e:79adeff64ef3d18cf604","structure_id":"structure_c464a3707cc38ab609ea","source":"owen_sound_city_map_pdf","distance_m":4.849999481250753,"centroid_distance_m":16.24703487541008},{"footprint_id":"16734","structure_id":"structure_5dc97cf853233fff94e8","source":"grey_county_building_footprints","distance_m":6.112011558198553,"centroid_distance_m":11.539126299226256},{"footprint_id":"16736","structure_id":"structure_2dc79044e9a9779f7292","source":"grey_county_building_footprints","distance_m":10.52638144773815,"centroid_distance_m":15.55144590009495},{"footprint_id":"0224c57ebd3e:3dbb373101188a19fddf","structure_id":"structure_d85e2d44c2263bf8697d","source":"owen_sound_city_map_pdf","distance_m":11.954707543934616,"centroid_distance_m":15.24354479608509},{"footprint_id":"0224c57ebd3e:5c775339eea529b0188d","structure_id":"structure_e8c99b31b0cb68041499","source":"owen_sound_city_map_pdf","distance_m":20.200321499095903,"centroid_distance_m":32.677897003693225},{"footprint_id":"16733","structure_id":"structure_97bbcf3e18ff253bd667","source":"grey_county_building_footprints","distance_m":21.251454050351494,"centroid_distance_m":34.01584556238563},{"footprint_id":"0224c57ebd3e:5f7873b0afa66970209a","structure_id":"structure_50eb5670d8dbe6c050cd","source":"owen_sound_city_map_pdf","distance_m":21.9692209553092,"centroid_distance_m":34.04659146009315}]},"geometry":{"type":"Point","coordinates":[-80.953044,44.575467]}},{"type":"Feature","properties":{"location_id":"74d52722-1600-4215-8506-eec22a71879d","review_status":"ambiguous","footprint_distance_m":15.689580556662621,"footprint_source":"grey_county_building_footprints","candidates":[{"footprint_id":"20557","structure_id":"structure_6284386751c6c1700187","source":"grey_county_building_footprints","distance_m":15.689580556662621,"centroid_distance_m":19.18460742020054},{"footprint_id":"20551","structure_id":"structure_036b79170bf60c60c670","source":"grey_county_building_footprints","distance_m":17.0417878321271,"centroid_distance_m":34.64174693778037},{"footprint_id":"12652168","structure_id":"structure_813f9b483bc4a38afe2d","source":"canada_structures","distance_m":17.57821204239286,"centroid_distance_m":21.580357597481214},{"footprint_id":"12651235","structure_id":"structure_a0b10df422dd31b77281","source":"canada_structures","distance_m":19.282023711968193,"centroid_distance_m":23.83393728567997},{"footprint_id":"12654327","structure_id":"structure_b3354de1b201383db4ab","source":"canada_structures","distance_m":21.78413043456794,"centroid_distance_m":26.458605837325155},{"footprint_id":"20555","structure_id":"structure_d9e6de2ce8a90bbc459d","source":"grey_county_building_footprints","distance_m":22.5641404310001,"centroid_distance_m":27.893189698329664},{"footprint_id":"12654000","structure_id":"structure_350c3fd71246bf554ab7","source":"canada_structures","distance_m":25.614421849219287,"centroid_distance_m":32.48304386979551},{"footprint_id":"20560","structure_id":"structure_ed73bf194fe1f314594a","source":"grey_county_building_footprints","distance_m":27.098199594678963,"centroid_distance_m":32.83605776128564}]},"geometry":{"type":"Point","coordinates":[-80.957451,44.56724]}},{"type":"Feature","properties":{"location_id":"74f324a8-aa3d-41ea-80d7-87faab755dac","review_status":"ambiguous","footprint_distance_m":3.3633157662390034,"footprint_source":"owen_sound_city_map_pdf","candidates":[{"footprint_id":"0224c57ebd3e:a50908215c695dd9087e","structure_id":"structure_b45dd3b2c6bc61a61968","source":"owen_sound_city_map_pdf","distance_m":3.3633157662390034,"centroid_distance_m":15.583259270717994},{"footprint_id":"0224c57ebd3e:c8957ab5838d3654f550","structure_id":"structure_b2088fa1a42063ffdd8c","source":"owen_sound_city_map_pdf","distance_m":4.1404899755221765,"centroid_distance_m":9.007028693469165},{"footprint_id":"0224c57ebd3e:38c3365ddf0b649329ca","structure_id":"structure_f9954f9a43d4f39bbf51","source":"owen_sound_city_map_pdf","distance_m":19.873475306803325,"centroid_distance_m":24.725310864131355},{"footprint_id":"0224c57ebd3e:9e34d79dad2a6334fb20","structure_id":"structure_33a921f0a32fae3766bf","source":"owen_sound_city_map_pdf","distance_m":22.855033265438177,"centroid_distance_m":28.413065800073863},{"footprint_id":"0224c57ebd3e:aada28b10a6b35395da8","structure_id":"structure_eea8eae10af282efcc2f","source":"owen_sound_city_map_pdf","distance_m":25.914809496408513,"centroid_distance_m":35.402261990272216},{"footprint_id":"0224c57ebd3e:aabf0fe7d6c7551b8147","structure_id":"structure_c7866e7995fa5f32b641","source":"owen_sound_city_map_pdf","distance_m":27.13676727355409,"centroid_distance_m":37.82347559189088},{"footprint_id":"0224c57ebd3e:2531c2927f94ccb60f80","structure_id":"structure_a86ab6a28b5600ff300b","source":"owen_sound_city_map_pdf","distance_m":28.435680758600927,"centroid_distance_m":35.91561862888753},{"footprint_id":"0224c57ebd3e:4a6e7820f9399e860724","structure_id":"structure_399c1be33bba5f94688c","source":"owen_sound_city_map_pdf","distance_m":30.72756520839514,"centroid_distance_m":37.12116860387052}]},"geometry":{"type":"Point","coordinates":[-80.937407,44.572832]}},{"type":"Feature","properties":{"location_id":"7600902a-3ff2-4638-8e1a-4565beb505c8","review_status":"ambiguous","footprint_distance_m":3.463764121368964,"footprint_source":"owen_sound_city_map_pdf","candidates":[{"footprint_id":"0224c57ebd3e:78193a1c1db26d2cd290","structure_id":"structure_24b1329392edfb3a6dfd","source":"owen_sound_city_map_pdf","distance_m":3.463764121368964,"centroid_distance_m":7.572305606647887},{"footprint_id":"0224c57ebd3e:79adeff64ef3d18cf604","structure_id":"structure_c464a3707cc38ab609ea","source":"owen_sound_city_map_pdf","distance_m":4.849999481250753,"centroid_distance_m":16.24703487541008},{"footprint_id":"16734","structure_id":"structure_5dc97cf853233fff94e8","source":"grey_county_building_footprints","distance_m":6.112011558198553,"centroid_distance_m":11.539126299226256},{"footprint_id":"16736","structure_id":"structure_2dc79044e9a9779f7292","source":"grey_county_building_footprints","distance_m":10.52638144773815,"centroid_distance_m":15.55144590009495},{"footprint_id":"0224c57ebd3e:3dbb373101188a19fddf","structure_id":"structure_d85e2d44c2263bf8697d","source":"owen_sound_city_map_pdf","distance_m":11.954707543934616,"centroid_distance_m":15.24354479608509},{"footprint_id":"0224c57ebd3e:5f7873b0afa66970209a","structure_id":"structure_50eb5670d8dbe6c050cd","source":"owen_sound_city_map_pdf","distance_m":21.9692209553092,"centroid_distance_m":34.04659146009315},{"footprint_id":"0224c57ebd3e:5c775339eea529b0188d","structure_id":"structure_e8c99b31b0cb68041499","source":"owen_sound_city_map_pdf","distance_m":20.200321499095903,"centroid_distance_m":32.677897003693225},{"footprint_id":"16733","structure_id":"structure_97bbcf3e18ff253bd667","source":"grey_county_building_footprints","distance_m":21.251454050351494,"centroid_distance_m":34.01584556238563}]},"geometry":{"type":"Point","coordinates":[-80.953044,44.575467]}},{"type":"Feature","properties":{"location_id":"782bce47-a5c8-4843-aa89-919c78ae8068","review_status":"ambiguous","footprint_distance_m":15.689580556662621,"footprint_source":"grey_county_building_footprints","candidates":[{"footprint_id":"20557","structure_id":"structure_6284386751c6c1700187","source":"grey_county_building_footprints","distance_m":15.689580556662621,"centroid_distance_m":19.18460742020054},{"footprint_id":"20551","structure_id":"structure_036b79170bf60c60c670","source":"grey_county_building_footprints","distance_m":17.0417878321271,"centroid_distance_m":34.64174693778037},{"footprint_id":"12652168","structure_id":"structure_813f9b483bc4a38afe2d","source":"canada_structures","distance_m":17.57821204239286,"centroid_distance_m":21.580357597481214},{"footprint_id":"12651235","structure_id":"structure_a0b10df422dd31b77281","source":"canada_structures","distance_m":19.282023711968193,"centroid_distance_m":23.83393728567997},{"footprint_id":"12654327","structure_id":"structure_b3354de1b201383db4ab","source":"canada_structures","distance_m":21.78413043456794,"centroid_distance_m":26.458605837325155},{"footprint_id":"20555","structure_id":"structure_d9e6de2ce8a90bbc459d","source":"grey_county_building_footprints","distance_m":22.5641404310001,"centroid_distance_m":27.893189698329664},{"footprint_id":"12654000","structure_id":"structure_350c3fd71246bf554ab7","source":"canada_structures","distance_m":25.614421849219287,"centroid_distance_m":32.48304386979551},{"footprint_id":"20560","structure_id":"structure_ed73bf194fe1f314594a","source":"grey_county_building_footprints","distance_m":27.098199594678963,"centroid_distance_m":32.83605776128564}]},"geometry":{"type":"Point","coordinates":[-80.957451,44.56724]}},{"type":"Feature","properties":{"location_id":"7b0026cc-6164-4a8e-b9e7-767e4ba44cb2","review_status":"ambiguous","footprint_distance_m":14.74187881467148,"footprint_source":"grey_county_building_footprints","candidates":[{"footprint_id":"14115","structure_id":"structure_c961040713c02e7eca1a","source":"grey_county_building_footprints","distance_m":14.74187881467148,"centroid_distance_m":23.375146488232918},{"footprint_id":"0224c57ebd3e:c881e5568110f53be514","structure_id":"structure_4730bb223fd816e5802e","source":"owen_sound_city_map_pdf","distance_m":15.062418175687258,"centroid_distance_m":23.96134456207636},{"footprint_id":"14116","structure_id":"structure_ca3f9fd17731c0501bc4","source":"grey_county_building_footprints","distance_m":15.414292095940919,"centroid_distance_m":22.951699127995557},{"footprint_id":"0224c57ebd3e:78686d0d9d84e3c207bc","structure_id":"structure_b670076b73e4c74e7465","source":"owen_sound_city_map_pdf","distance_m":15.523864793871832,"centroid_distance_m":22.107604700067327},{"footprint_id":"0224c57ebd3e:6730f1d1d6cd1cbb1728","structure_id":"structure_933dac606ebd3b428663","source":"owen_sound_city_map_pdf","distance_m":22.91811811513799,"centroid_distance_m":30.274607481120942},{"footprint_id":"14112","structure_id":"structure_6fa3bc68aafb3e2cf29a","source":"grey_county_building_footprints","distance_m":22.976063234531267,"centroid_distance_m":29.440307916534834},{"footprint_id":"0224c57ebd3e:479433af8a68d85638db","structure_id":"structure_69d3c60af3d3674f7ca7","source":"owen_sound_city_map_pdf","distance_m":30.883823124089847,"centroid_distance_m":39.16984225931649},{"footprint_id":"14118","structure_id":"structure_a0591aaaf0ab91b01db9","source":"grey_county_building_footprints","distance_m":31.699168313183137,"centroid_distance_m":39.66234026104536}]},"geometry":{"type":"Point","coordinates":[-80.952578,44.584573]}},{"type":"Feature","properties":{"location_id":"7b6c74e4-7f8a-4cd5-83cd-1c6795107047","review_status":"ambiguous","footprint_distance_m":9.19309937017469,"footprint_source":"openstreetmap","candidates":[{"footprint_id":"a2751656220","structure_id":"structure_5a49d0ef2a9b93db865f","source":"openstreetmap","distance_m":9.19309937017469,"centroid_distance_m":16.64149078823291},{"footprint_id":"a2751656218","structure_id":"structure_116ada82ea61f703625b","source":"openstreetmap","distance_m":11.059797383084485,"centroid_distance_m":20.08678888183626},{"footprint_id":"a2751656222","structure_id":"structure_cf7ba253665572de4b3c","source":"openstreetmap","distance_m":12.379246028658917,"centroid_distance_m":27.505305203660743},{"footprint_id":"a2751656244","structure_id":"structure_0a635ae283d21567e09c","source":"openstreetmap","distance_m":23.73088718448545,"centroid_distance_m":29.042173420063154},{"footprint_id":"12654039","structure_id":"structure_163085bcbdc2ddfa1291","source":"canada_structures","distance_m":24.71496994794165,"centroid_distance_m":31.90251202502661},{"footprint_id":"a2751656216","structure_id":"structure_5ce7e132479508cc7eec","source":"openstreetmap","distance_m":26.219644953856946,"centroid_distance_m":37.40645466790186},{"footprint_id":"0224c57ebd3e:a4fa83f7cde36e243697","structure_id":"structure_e60981fdf844599e3f75","source":"owen_sound_city_map_pdf","distance_m":27.673186360258516,"centroid_distance_m":35.77572167718744},{"footprint_id":"0224c57ebd3e:8dd58364e46c09465dcc","structure_id":"structure_ca5a27529b3e330832e2","source":"owen_sound_city_map_pdf","distance_m":29.17800654619087,"centroid_distance_m":34.84936722383518}]},"geometry":{"type":"Point","coordinates":[-80.941558,44.559432]}},{"type":"Feature","properties":{"location_id":"7da02e0c-2390-4929-82f4-53f2353c0684","review_status":"unmatched","footprint_distance_m":82.81724662271607,"footprint_source":null,"candidates":[{"footprint_id":"0224c57ebd3e:6861ee28c0edc03a23c0","structure_id":"structure_4763e53280294a38873b","source":"owen_sound_city_map_pdf","distance_m":82.81724662271607,"centroid_distance_m":92.55892644828114},{"footprint_id":"0224c57ebd3e:0c46d26744ac95bcd773","structure_id":"structure_f7b69bcc4bc1e39e45ef","source":"owen_sound_city_map_pdf","distance_m":430.03020190407585,"centroid_distance_m":436.8285515556759},{"footprint_id":"12649643","structure_id":"structure_b12cc884fc84fd47ee54","source":"canada_structures","distance_m":441.24260366328963,"centroid_distance_m":444.52477284796913},{"footprint_id":"a747700986","structure_id":"structure_8cae98396649577b5149","source":"openstreetmap","distance_m":441.9846748284733,"centroid_distance_m":466.04223708909853},{"footprint_id":"0224c57ebd3e:c4131fde42985278df7e","structure_id":"structure_ba90beb8f64b567b173d","source":"owen_sound_city_map_pdf","distance_m":467.9249446986651,"centroid_distance_m":479.0716103876365},{"footprint_id":"0224c57ebd3e:8f3dcf9b75a344732bf2","structure_id":"structure_8af0acd6dbb091fbf23d","source":"owen_sound_city_map_pdf","distance_m":614.336487222154,"centroid_distance_m":621.088568015985},{"footprint_id":"0224c57ebd3e:aac0e692220dae34ede3","structure_id":"structure_14547c3e570632f6f4d5","source":"owen_sound_city_map_pdf","distance_m":634.8695742447444,"centroid_distance_m":646.2002202374711},{"footprint_id":"12653083","structure_id":"structure_90f1838f8f234d496780","source":"canada_structures","distance_m":700.1688137808449,"centroid_distance_m":708.3671356020016}]},"geometry":{"type":"Point","coordinates":[-80.894634,44.573771]}},{"type":"Feature","properties":{"location_id":"7f8ace41-bf2d-4bf7-81bc-ceea387e5821","review_status":"ambiguous","footprint_distance_m":13.596115243908155,"footprint_source":"grey_county_building_footprints","candidates":[{"footprint_id":"15410","structure_id":"structure_6a7db070787f8aed185f","source":"grey_county_building_footprints","distance_m":13.596115243908155,"centroid_distance_m":16.961461445913837},{"footprint_id":"0224c57ebd3e:85df2870a218e0f7f47f","structure_id":"structure_23a0e41f6656770b4538","source":"owen_sound_city_map_pdf","distance_m":13.984555690095391,"centroid_distance_m":19.444199085644357},{"footprint_id":"0224c57ebd3e:f0b41602e62bcb3381c6","structure_id":"structure_ab817c2f327a1e6ad709","source":"owen_sound_city_map_pdf","distance_m":14.67056904259789,"centroid_distance_m":23.400650785734452},{"footprint_id":"15412","structure_id":"structure_1f442d5f240be53d2c01","source":"grey_county_building_footprints","distance_m":15.326222682826343,"centroid_distance_m":21.70829365188328},{"footprint_id":"0224c57ebd3e:0abf97f3652700f75015","structure_id":"structure_ef823586a8a4ed6b441d","source":"owen_sound_city_map_pdf","distance_m":16.75687080409843,"centroid_distance_m":20.414047159283253},{"footprint_id":"15409","structure_id":"structure_2c6a031a88b8b5fe030c","source":"grey_county_building_footprints","distance_m":16.766126288570284,"centroid_distance_m":21.337384058767725},{"footprint_id":"0224c57ebd3e:46d488ce2c354f284300","structure_id":"structure_7866a9addfa95a435e20","source":"owen_sound_city_map_pdf","distance_m":22.96429149333487,"centroid_distance_m":31.9684781899523},{"footprint_id":"15380","structure_id":"structure_d6852db435a80b13daff","source":"grey_county_building_footprints","distance_m":23.932795120547016,"centroid_distance_m":36.48270965259817}]},"geometry":{"type":"Point","coordinates":[-80.949405,44.581972]}},{"type":"Feature","properties":{"location_id":"81e14977-4e60-4408-a1e8-68bed6404a70","review_status":"ambiguous","footprint_distance_m":9.047583767209234,"footprint_source":"owen_sound_city_map_pdf","candidates":[{"footprint_id":"0224c57ebd3e:c6b118cb416cc8b0f426","structure_id":"structure_5b4b697233800088a58f","source":"owen_sound_city_map_pdf","distance_m":9.047583767209234,"centroid_distance_m":14.681457992800606},{"footprint_id":"0224c57ebd3e:a39866f55cdc260dc5ec","structure_id":"structure_20c6bbfe12e27ed1daf9","source":"owen_sound_city_map_pdf","distance_m":10.0489905919404,"centroid_distance_m":13.560223870426382},{"footprint_id":"0224c57ebd3e:582bc57bd8e1d15e8998","structure_id":"structure_9ed38f0bcbf99e71375c","source":"owen_sound_city_map_pdf","distance_m":19.495927106682476,"centroid_distance_m":23.00077179896842},{"footprint_id":"0224c57ebd3e:0c4f418cf8134ae25179","structure_id":"structure_387ca1802bf728ca6987","source":"owen_sound_city_map_pdf","distance_m":20.231179519450436,"centroid_distance_m":29.62163866727866},{"footprint_id":"0224c57ebd3e:427c0d8873b8391a4941","structure_id":"structure_78109f4a09000a540ecb","source":"owen_sound_city_map_pdf","distance_m":21.231963652597354,"centroid_distance_m":30.26380098407822},{"footprint_id":"0224c57ebd3e:1c3dcbe646d1c3ed6517","structure_id":"structure_f492d4684358f0f29a6d","source":"owen_sound_city_map_pdf","distance_m":25.039699594544345,"centroid_distance_m":30.01381909542759},{"footprint_id":"0224c57ebd3e:cdac55c1f2b09c5e437b","structure_id":"structure_2a881313cab9ace80b2c","source":"owen_sound_city_map_pdf","distance_m":25.198730979053174,"centroid_distance_m":35.80625206790763},{"footprint_id":"0224c57ebd3e:231c6dc9d658e19da532","structure_id":"structure_abb4a70f07d5a3f81f87","source":"owen_sound_city_map_pdf","distance_m":34.35052542099111,"centroid_distance_m":46.25234490474671}]},"geometry":{"type":"Point","coordinates":[-80.934764,44.57596]}},{"type":"Feature","properties":{"location_id":"82ca3834-ef0e-421b-8ed6-99073fc0ca4f","review_status":"ambiguous","footprint_distance_m":13.812678392922493,"footprint_source":"owen_sound_city_map_pdf","candidates":[{"footprint_id":"0224c57ebd3e:3c5d9e223cd2c0811c9d","structure_id":"structure_0de5e069c89445d078cd","source":"owen_sound_city_map_pdf","distance_m":13.812678392922493,"centroid_distance_m":21.328208712301443},{"footprint_id":"0224c57ebd3e:f27fd4292c51dc5ad486","structure_id":"structure_a30e547016e323e779cd","source":"owen_sound_city_map_pdf","distance_m":15.134328176731236,"centroid_distance_m":25.769088238314552},{"footprint_id":"0224c57ebd3e:9c0c6e7636ce5c101a60","structure_id":"structure_7ce5978d7f9fc45d0cc9","source":"owen_sound_city_map_pdf","distance_m":20.0020537717384,"centroid_distance_m":24.158975676755784},{"footprint_id":"0224c57ebd3e:5b5f75f8804d29837bca","structure_id":"structure_a95d5476978e66d91def","source":"owen_sound_city_map_pdf","distance_m":22.162173848311678,"centroid_distance_m":32.4873187306459},{"footprint_id":"0224c57ebd3e:839a832a1edcefa9deac","structure_id":"structure_045cec3ed6416e0f2ca0","source":"owen_sound_city_map_pdf","distance_m":23.2322494966707,"centroid_distance_m":31.903469547690285},{"footprint_id":"0224c57ebd3e:daee0014eb2cafb38a60","structure_id":"structure_874591543a50a33be179","source":"owen_sound_city_map_pdf","distance_m":24.74707225959105,"centroid_distance_m":32.303236097874056},{"footprint_id":"0224c57ebd3e:63eae39aa1cd5903531b","structure_id":"structure_3be268c860382303cb07","source":"owen_sound_city_map_pdf","distance_m":32.28267794903216,"centroid_distance_m":35.32895461279296},{"footprint_id":"0224c57ebd3e:a30eb91515e9460571a2","structure_id":"structure_647a0c2c85b4557b20ef","source":"owen_sound_city_map_pdf","distance_m":36.89766195670638,"centroid_distance_m":45.50935530891335}]},"geometry":{"type":"Point","coordinates":[-80.948318,44.552429]}},{"type":"Feature","properties":{"location_id":"862146ac-c18d-4524-bc7c-0a61dc64b5c3","review_status":"ambiguous","footprint_distance_m":8.819113357268854,"footprint_source":"owen_sound_city_map_pdf","candidates":[{"footprint_id":"0224c57ebd3e:18f62f4e1a6fba4a9302","structure_id":"structure_74c60a3d3e8c9e589181","source":"owen_sound_city_map_pdf","distance_m":8.819113357268854,"centroid_distance_m":14.958863507477568},{"footprint_id":"0224c57ebd3e:70937bcea39ebd374562","structure_id":"structure_eb1241caf5315b43c7c2","source":"owen_sound_city_map_pdf","distance_m":9.429230693068835,"centroid_distance_m":31.323874696680132},{"footprint_id":"0224c57ebd3e:7eb32cdb607a8fafc718","structure_id":"structure_43ec149bf6945870e513","source":"owen_sound_city_map_pdf","distance_m":12.200115519755292,"centroid_distance_m":22.787364875621446},{"footprint_id":"0224c57ebd3e:a3b059f13da931f14edc","structure_id":"structure_718fc959133775644126","source":"owen_sound_city_map_pdf","distance_m":24.204312147743067,"centroid_distance_m":29.16130447506538},{"footprint_id":"0224c57ebd3e:32b2c5b1255fbc945302","structure_id":"structure_958869d5becf3dd33ac4","source":"owen_sound_city_map_pdf","distance_m":28.802941068966206,"centroid_distance_m":35.523731997442326},{"footprint_id":"0224c57ebd3e:83d2334eb08ce3e9b969","structure_id":"structure_278a01f5fcd8c1f43f66","source":"owen_sound_city_map_pdf","distance_m":33.22626483601257,"centroid_distance_m":42.86953102683068},{"footprint_id":"0224c57ebd3e:9bbf8d784225048991e3","structure_id":"structure_4280c65ca6fdb9a1b2ae","source":"owen_sound_city_map_pdf","distance_m":39.649421782780074,"centroid_distance_m":46.608130352666485},{"footprint_id":"0224c57ebd3e:4b1de663f13dc730c2bf","structure_id":"structure_a6d212ebe9e5de7e7da8","source":"owen_sound_city_map_pdf","distance_m":55.04812124418264,"centroid_distance_m":64.66354051714235}]},"geometry":{"type":"Point","coordinates":[-80.939694,44.570491]}},{"type":"Feature","properties":{"location_id":"874b601c-1110-4f81-ad25-cb5694c33d24","review_status":"unmatched","footprint_distance_m":62.202045763691174,"footprint_source":null,"candidates":[{"footprint_id":"0224c57ebd3e:d9f29ea743425e6eabeb","structure_id":"structure_d2dd6a7888b7b0158709","source":"owen_sound_city_map_pdf","distance_m":62.202045763691174,"centroid_distance_m":67.75106065250827},{"footprint_id":"12651363","structure_id":"structure_a27ad7717b74994281b2","source":"canada_structures","distance_m":73.70365129044434,"centroid_distance_m":78.51330808642065}]},"geometry":{"type":"Point","coordinates":[-80.925055,44.57849]}},{"type":"Feature","properties":{"location_id":"8b7b618d-0207-4551-97f3-d684d66bae1b","review_status":"unmatched","footprint_distance_m":77.52520541709572,"footprint_source":null,"candidates":[{"footprint_id":"0224c57ebd3e:1ef15810572e8cbcc054","structure_id":"structure_165947fdd1c81daf85ef","source":"owen_sound_city_map_pdf","distance_m":77.52520541709572,"centroid_distance_m":85.18934028464506},{"footprint_id":"0224c57ebd3e:7b5abef4ed0a3ba9caf6","structure_id":"structure_21b7fcea53564b806fd4","source":"owen_sound_city_map_pdf","distance_m":78.70432942294144,"centroid_distance_m":88.99129277046626},{"footprint_id":"0224c57ebd3e:d9e8cdaa008531032bec","structure_id":"structure_ed4749bd38b08ea2a15c","source":"owen_sound_city_map_pdf","distance_m":79.43805279864937,"centroid_distance_m":88.14381019289935},{"footprint_id":"0224c57ebd3e:b24958e56ba3a713dc7c","structure_id":"structure_6c9629e0ec0b4e1d207b","source":"owen_sound_city_map_pdf","distance_m":87.91456718617123,"centroid_distance_m":95.18274440579314},{"footprint_id":"0224c57ebd3e:00f6c037ff2a60783b5e","structure_id":"structure_6c54012fc8b18e676d08","source":"owen_sound_city_map_pdf","distance_m":97.4454874397814,"centroid_distance_m":106.44999392899445},{"footprint_id":"0224c57ebd3e:dcb9300a5b141d36630b","structure_id":"structure_a7370e0648ceb83d9a69","source":"owen_sound_city_map_pdf","distance_m":106.09196157988363,"centroid_distance_m":115.3520479849762},{"footprint_id":"0224c57ebd3e:a58b74c6e7b9984ef3c1","structure_id":"structure_dbc593e9ed0fd07f7bc1","source":"owen_sound_city_map_pdf","distance_m":113.68356889116318,"centroid_distance_m":124.32269889583496},{"footprint_id":"0224c57ebd3e:817a123b9e2790c1c7a0","structure_id":"structure_eda8f55c6385cacd36f5","source":"owen_sound_city_map_pdf","distance_m":115.1847612564555,"centroid_distance_m":144.9057564661617}]},"geometry":{"type":"Point","coordinates":[-80.919202,44.572495]}},{"type":"Feature","properties":{"location_id":"8c0038c4-98dc-4359-82b6-04507538543b","review_status":"unmatched","footprint_distance_m":106.27702061142082,"footprint_source":null,"candidates":[{"footprint_id":"0224c57ebd3e:516a9358e5cc9e03b587","structure_id":"structure_cb007fbedef0afe0f47b","source":"owen_sound_city_map_pdf","distance_m":106.27702061142082,"centroid_distance_m":144.56771864373147},{"footprint_id":"a712159656","structure_id":"structure_00b891d3a845d33178a2","source":"openstreetmap","distance_m":99.68116832164885,"centroid_distance_m":119.31249880105325},{"footprint_id":"a813347114","structure_id":"structure_b8183efb371db6524788","source":"openstreetmap","distance_m":197.36721057851315,"centroid_distance_m":202.75858660563236},{"footprint_id":"17317","structure_id":"structure_4772caea471d3a6e4dfe","source":"grey_county_building_footprints","distance_m":197.7869961338762,"centroid_distance_m":200.98750095320966},{"footprint_id":"0224c57ebd3e:23c06c553e628f106d91","structure_id":"structure_f4005490bafa8fa66f85","source":"owen_sound_city_map_pdf","distance_m":209.82438003751102,"centroid_distance_m":223.23132377310307},{"footprint_id":"0224c57ebd3e:43b448830eb43b6d2e6e","structure_id":"structure_a061a9f5613fb9abcd67","source":"owen_sound_city_map_pdf","distance_m":214.23520023261528,"centroid_distance_m":238.76193336829724},{"footprint_id":"a2535873364","structure_id":"structure_8b21f12af1da8d31c6e1","source":"openstreetmap","distance_m":215.19113566012106,"centroid_distance_m":240.48304823396964},{"footprint_id":"0224c57ebd3e:1b545e229925d3abd66f","structure_id":"structure_ea7aca05fd829efab0bb","source":"owen_sound_city_map_pdf","distance_m":216.15589362656888,"centroid_distance_m":257.87880450017866}]},"geometry":{"type":"Point","coordinates":[-80.942016,44.575316]}},{"type":"Feature","properties":{"location_id":"8cc911a5-cdea-4fe6-92c7-6ceb42c99e13","review_status":"ambiguous","footprint_distance_m":7.492043947449323,"footprint_source":"owen_sound_city_map_pdf","candidates":[{"footprint_id":"0224c57ebd3e:8ee5c78f19a52b4e7d3b","structure_id":"structure_15201704cc4de9aec1e3","source":"owen_sound_city_map_pdf","distance_m":7.492043947449323,"centroid_distance_m":14.748717308423052},{"footprint_id":"0224c57ebd3e:88ca741870f51c0d8e66","structure_id":"structure_c916d2feef290302897d","source":"owen_sound_city_map_pdf","distance_m":8.074545413236665,"centroid_distance_m":15.153280672119037},{"footprint_id":"0224c57ebd3e:2d8b63e8466727267dd6","structure_id":"structure_32d9232763723ba7b439","source":"owen_sound_city_map_pdf","distance_m":18.352674278610237,"centroid_distance_m":23.06479691430666},{"footprint_id":"0224c57ebd3e:015f45205a953f7d35cd","structure_id":"structure_d8e164360ca8b73d677d","source":"owen_sound_city_map_pdf","distance_m":26.750623276794,"centroid_distance_m":33.90798572919613},{"footprint_id":"0224c57ebd3e:72a13fc3314b994cbf63","structure_id":"structure_0bc885bacef664d67eac","source":"owen_sound_city_map_pdf","distance_m":29.17439009796128,"centroid_distance_m":37.519313048875354},{"footprint_id":"0224c57ebd3e:e3dc95b50467abf878ae","structure_id":"structure_ab3aacc289696928098f","source":"owen_sound_city_map_pdf","distance_m":29.20082315794256,"centroid_distance_m":34.923552784372816},{"footprint_id":"0224c57ebd3e:ea9d60e22bf31b0712db","structure_id":"structure_9fb92fadb4bce8c9fd80","source":"owen_sound_city_map_pdf","distance_m":31.532481321191245,"centroid_distance_m":42.93124406206251},{"footprint_id":"0224c57ebd3e:50b833bc4378e37becf9","structure_id":"structure_19019783c40cbaeeb62a","source":"owen_sound_city_map_pdf","distance_m":36.637540252927245,"centroid_distance_m":45.72756947711727}]},"geometry":{"type":"Point","coordinates":[-80.929757,44.571777]}},{"type":"Feature","properties":{"location_id":"8ce620dc-9275-401e-9a2e-ad77408d7e43","review_status":"unmatched","footprint_distance_m":88.27995825611347,"footprint_source":null,"candidates":[{"footprint_id":"0224c57ebd3e:011d0824d9c99bd10f11","structure_id":"structure_0809c433a1e9e51e1815","source":"owen_sound_city_map_pdf","distance_m":88.27995825611347,"centroid_distance_m":110.13018672513245},{"footprint_id":"a1595415228","structure_id":"structure_19724a995ecefd84ecba","source":"openstreetmap","distance_m":226.96814942593872,"centroid_distance_m":238.9446813893224},{"footprint_id":"a1595415168","structure_id":"structure_79810658be3944520814","source":"openstreetmap","distance_m":242.6719014406725,"centroid_distance_m":257.7822909805886},{"footprint_id":"a226430572","structure_id":"structure_96c3ddd8696fc3cd3b3e","source":"openstreetmap","distance_m":243.91912071088544,"centroid_distance_m":348.20455530339683},{"footprint_id":"a1595415226","structure_id":"structure_3d786947e7f4dcd67cf8","source":"openstreetmap","distance_m":302.34158995426594,"centroid_distance_m":328.34067244610765},{"footprint_id":"a226430518","structure_id":"structure_73d801160284adcf385a","source":"openstreetmap","distance_m":339.33878301937676,"centroid_distance_m":380.0428571869856},{"footprint_id":"a1595415196","structure_id":"structure_1f152381b0dba43fe89b","source":"openstreetmap","distance_m":342.2928339590287,"centroid_distance_m":399.0350611598543},{"footprint_id":"a1595415194","structure_id":"structure_249c48632906fdc002f4","source":"openstreetmap","distance_m":354.74024033146117,"centroid_distance_m":411.2365631631472}]},"geometry":{"type":"Point","coordinates":[-80.902508,44.583654]}},{"type":"Feature","properties":{"location_id":"913f3c54-9275-4cbb-9730-8ed87008b582","review_status":"unmatched","footprint_distance_m":50.56327021394147,"footprint_source":null,"candidates":[{"footprint_id":"0224c57ebd3e:b28d42e46e2508897c4e","structure_id":"structure_2c75bcf4dbb50d66633e","source":"owen_sound_city_map_pdf","distance_m":50.56327021394147,"centroid_distance_m":61.46983212598564}]},"geometry":{"type":"Point","coordinates":[-80.894433,44.593581]}},{"type":"Feature","properties":{"location_id":"9214d5f7-42f1-4cc6-8aaa-63f64bf53e21","review_status":"ambiguous","footprint_distance_m":20.46374296245673,"footprint_source":"grey_county_building_footprints","candidates":[{"footprint_id":"12006","structure_id":"structure_d2715d1a9e6c72848431","source":"grey_county_building_footprints","distance_m":20.46374296245673,"centroid_distance_m":29.89522409653755},{"footprint_id":"0224c57ebd3e:e37475a3c785249f8a22","structure_id":"structure_5f4651b9fc3abdefcdcb","source":"owen_sound_city_map_pdf","distance_m":20.6567427001854,"centroid_distance_m":26.57873423170133},{"footprint_id":"0224c57ebd3e:7270e322079519540c74","structure_id":"structure_343a3c793ee9017113bb","source":"owen_sound_city_map_pdf","distance_m":20.6581874061955,"centroid_distance_m":29.164515619683648},{"footprint_id":"12028","structure_id":"structure_5309934dce65a6795434","source":"grey_county_building_footprints","distance_m":22.15003737954462,"centroid_distance_m":27.34916841858777},{"footprint_id":"0224c57ebd3e:2578dd0178a6afb1fa4c","structure_id":"structure_af4ed11e169bdf9e8443","source":"owen_sound_city_map_pdf","distance_m":36.388876386006544,"centroid_distance_m":44.47803329845475},{"footprint_id":"0224c57ebd3e:f2995ecf76eb93522927","structure_id":"structure_a012cf83a379e9bb5956","source":"owen_sound_city_map_pdf","distance_m":29.346373962253367,"centroid_distance_m":39.169297370841385},{"footprint_id":"12035","structure_id":"structure_a0481e414ae0e707c4e1","source":"grey_county_building_footprints","distance_m":29.77065841421025,"centroid_distance_m":39.80656397950942},{"footprint_id":"0224c57ebd3e:d448608209178a956aaf","structure_id":"structure_8ec20ac223a9a48ac788","source":"owen_sound_city_map_pdf","distance_m":35.76720120596695,"centroid_distance_m":41.70003062260334}]},"geometry":{"type":"Point","coordinates":[-80.945329,44.589835]}},{"type":"Feature","properties":{"location_id":"96fe3e96-5129-4ec9-b0be-6eddceb4934a","review_status":"ambiguous","footprint_distance_m":14.498107616803331,"footprint_source":"owen_sound_city_map_pdf","candidates":[{"footprint_id":"0224c57ebd3e:ef065be3d80bebb21a41","structure_id":"structure_31b92d27e599a2ae595d","source":"owen_sound_city_map_pdf","distance_m":14.498107616803331,"centroid_distance_m":21.12485080519275},{"footprint_id":"11871","structure_id":"structure_0d3da271c62fa1289858","source":"grey_county_building_footprints","distance_m":15.499558914041057,"centroid_distance_m":19.896432987746046},{"footprint_id":"0224c57ebd3e:1b451e8567fab8f89547","structure_id":"structure_485b04022cf293df34e3","source":"owen_sound_city_map_pdf","distance_m":16.223824310058163,"centroid_distance_m":20.019339448281194},{"footprint_id":"0224c57ebd3e:b718b9fc776eca1984be","structure_id":"structure_43ca98fb3393904b4ac9","source":"owen_sound_city_map_pdf","distance_m":26.501149493083208,"centroid_distance_m":32.471287484392626},{"footprint_id":"11877","structure_id":"structure_e902b9bfa0c52948927f","source":"grey_county_building_footprints","distance_m":27.88330105715178,"centroid_distance_m":33.42929699074619},{"footprint_id":"0224c57ebd3e:d64c395405ee68f51b01","structure_id":"structure_6c0c87786cc20fb05397","source":"owen_sound_city_map_pdf","distance_m":30.521233453303086,"centroid_distance_m":35.37231606596139},{"footprint_id":"0224c57ebd3e:0b26e969b2e0a5457d44","structure_id":"structure_ef24d6cd3031d7e64e4e","source":"owen_sound_city_map_pdf","distance_m":36.786663964062726,"centroid_distance_m":46.21615034703212},{"footprint_id":"11767","structure_id":"structure_3fd540ae2269bc7c40bf","source":"grey_county_building_footprints","distance_m":37.82980277335683,"centroid_distance_m":46.6951155833455}]},"geometry":{"type":"Point","coordinates":[-80.947369,44.593379]}},{"type":"Feature","properties":{"location_id":"97ed3124-0d0c-45f4-8ba2-35788b122831","review_status":"ambiguous","footprint_distance_m":20.46374296245673,"footprint_source":"grey_county_building_footprints","candidates":[{"footprint_id":"12006","structure_id":"structure_d2715d1a9e6c72848431","source":"grey_county_building_footprints","distance_m":20.46374296245673,"centroid_distance_m":29.89522409653755},{"footprint_id":"0224c57ebd3e:e37475a3c785249f8a22","structure_id":"structure_5f4651b9fc3abdefcdcb","source":"owen_sound_city_map_pdf","distance_m":20.6567427001854,"centroid_distance_m":26.57873423170133},{"footprint_id":"0224c57ebd3e:7270e322079519540c74","structure_id":"structure_343a3c793ee9017113bb","source":"owen_sound_city_map_pdf","distance_m":20.6581874061955,"centroid_distance_m":29.164515619683648},{"footprint_id":"12028","structure_id":"structure_5309934dce65a6795434","source":"grey_county_building_footprints","distance_m":22.15003737954462,"centroid_distance_m":27.34916841858777},{"footprint_id":"0224c57ebd3e:f2995ecf76eb93522927","structure_id":"structure_a012cf83a379e9bb5956","source":"owen_sound_city_map_pdf","distance_m":29.346373962253367,"centroid_distance_m":39.169297370841385},{"footprint_id":"12035","structure_id":"structure_a0481e414ae0e707c4e1","source":"grey_county_building_footprints","distance_m":29.77065841421025,"centroid_distance_m":39.80656397950942},{"footprint_id":"0224c57ebd3e:d448608209178a956aaf","structure_id":"structure_8ec20ac223a9a48ac788","source":"owen_sound_city_map_pdf","distance_m":35.76720120596695,"centroid_distance_m":41.70003062260334},{"footprint_id":"12027","structure_id":"structure_5a99dba6a9ccea94e085","source":"grey_county_building_footprints","distance_m":36.15260103952106,"centroid_distance_m":43.30522461258086}]},"geometry":{"type":"Point","coordinates":[-80.945329,44.589835]}},{"type":"Feature","properties":{"location_id":"9830bb4a-b99a-49ea-91da-90b1497e19a3","review_status":"unmatched","footprint_distance_m":61.00318248948891,"footprint_source":null,"candidates":[{"footprint_id":"14172","structure_id":"structure_c859691cc03a75b2683a","source":"grey_county_building_footprints","distance_m":61.00318248948891,"centroid_distance_m":78.5267726303826},{"footprint_id":"14378","structure_id":"structure_892f9b0af47b69c19fec","source":"grey_county_building_footprints","distance_m":73.67429021162623,"centroid_distance_m":78.73734961952692},{"footprint_id":"0224c57ebd3e:784680133b6c3dcaf9f0","structure_id":"structure_d4fea9f6023c7cb48ec9","source":"owen_sound_city_map_pdf","distance_m":73.78057355183327,"centroid_distance_m":78.0150076791899},{"footprint_id":"14165","structure_id":"structure_d75eb7486112f4057387","source":"grey_county_building_footprints","distance_m":80.16086694129943,"centroid_distance_m":91.03468880654724}]},"geometry":{"type":"Point","coordinates":[-80.95439,44.585774]}},{"type":"Feature","properties":{"location_id":"9ce775cd-0333-4304-9ec8-87d26ac31665","review_status":"ambiguous","footprint_distance_m":8.157420366281368,"footprint_source":"owen_sound_city_map_pdf","candidates":[{"footprint_id":"0224c57ebd3e:517ad97fcf336ed7e8bf","structure_id":"structure_8a0d8c8635d7523a874c","source":"owen_sound_city_map_pdf","distance_m":8.157420366281368,"centroid_distance_m":16.744817595883184},{"footprint_id":"0224c57ebd3e:893cd195323e98baa56a","structure_id":"structure_21d86ea642cc58679861","source":"owen_sound_city_map_pdf","distance_m":9.093845040949128,"centroid_distance_m":20.29499738443428},{"footprint_id":"0224c57ebd3e:449c324be8ebd72c35a0","structure_id":"structure_757501318a8b0bcb128d","source":"owen_sound_city_map_pdf","distance_m":27.470616912555265,"centroid_distance_m":36.01541970254827},{"footprint_id":"0224c57ebd3e:795bba4f4f39e44c6411","structure_id":"structure_b0faf2903f4efc6a2ef0","source":"owen_sound_city_map_pdf","distance_m":31.082224422588435,"centroid_distance_m":37.89287127722243},{"footprint_id":"0224c57ebd3e:969f237e7130f717069d","structure_id":"structure_4e0dd1965cbb02113502","source":"owen_sound_city_map_pdf","distance_m":31.619766409531962,"centroid_distance_m":40.16222999293792},{"footprint_id":"0224c57ebd3e:9b9523ced539a6b3fa06","structure_id":"structure_d6328dd49fe164a1d9cd","source":"owen_sound_city_map_pdf","distance_m":34.51117222392415,"centroid_distance_m":43.07484503205416},{"footprint_id":"0224c57ebd3e:f5eec5d96c4aba8fce73","structure_id":"structure_a557486723968a13c8cb","source":"owen_sound_city_map_pdf","distance_m":40.15002853129794,"centroid_distance_m":49.248267517252096},{"footprint_id":"0224c57ebd3e:98567cc1c0f1828489b7","structure_id":"structure_49ad97e31e2393a8db0b","source":"owen_sound_city_map_pdf","distance_m":41.63359929021374,"centroid_distance_m":49.06762561035132}]},"geometry":{"type":"Point","coordinates":[-80.93982,44.551803]}},{"type":"Feature","properties":{"location_id":"9d5ca62e-31fd-49e1-91cc-c50f1a48cb05","review_status":"ambiguous","footprint_distance_m":9.19309937017469,"footprint_source":"openstreetmap","candidates":[{"footprint_id":"a2751656220","structure_id":"structure_5a49d0ef2a9b93db865f","source":"openstreetmap","distance_m":9.19309937017469,"centroid_distance_m":16.64149078823291},{"footprint_id":"a2751656218","structure_id":"structure_116ada82ea61f703625b","source":"openstreetmap","distance_m":11.059797383084485,"centroid_distance_m":20.08678888183626},{"footprint_id":"a2751656222","structure_id":"structure_cf7ba253665572de4b3c","source":"openstreetmap","distance_m":12.379246028658917,"centroid_distance_m":27.505305203660743},{"footprint_id":"a2751656244","structure_id":"structure_0a635ae283d21567e09c","source":"openstreetmap","distance_m":23.73088718448545,"centroid_distance_m":29.042173420063154},{"footprint_id":"12654039","structure_id":"structure_163085bcbdc2ddfa1291","source":"canada_structures","distance_m":24.71496994794165,"centroid_distance_m":31.90251202502661},{"footprint_id":"a2751656216","structure_id":"structure_5ce7e132479508cc7eec","source":"openstreetmap","distance_m":26.219644953856946,"centroid_distance_m":37.40645466790186},{"footprint_id":"0224c57ebd3e:a4fa83f7cde36e243697","structure_id":"structure_e60981fdf844599e3f75","source":"owen_sound_city_map_pdf","distance_m":27.673186360258516,"centroid_distance_m":35.77572167718744},{"footprint_id":"0224c57ebd3e:8dd58364e46c09465dcc","structure_id":"structure_ca5a27529b3e330832e2","source":"owen_sound_city_map_pdf","distance_m":29.17800654619087,"centroid_distance_m":34.84936722383518}]},"geometry":{"type":"Point","coordinates":[-80.941558,44.559432]}},{"type":"Feature","properties":{"location_id":"a5a5f909-163e-4749-bcb4-c5db16409247","review_status":"unmatched","footprint_distance_m":105.29883145841045,"footprint_source":null,"candidates":[{"footprint_id":"0224c57ebd3e:011d0824d9c99bd10f11","structure_id":"structure_0809c433a1e9e51e1815","source":"owen_sound_city_map_pdf","distance_m":105.29883145841045,"centroid_distance_m":126.76771846272112},{"footprint_id":"a226430572","structure_id":"structure_96c3ddd8696fc3cd3b3e","source":"openstreetmap","distance_m":228.05334472788542,"centroid_distance_m":334.12518995753663},{"footprint_id":"a1595415228","structure_id":"structure_19724a995ecefd84ecba","source":"openstreetmap","distance_m":234.4149838854351,"centroid_distance_m":246.59008808285276},{"footprint_id":"a1595415168","structure_id":"structure_79810658be3944520814","source":"openstreetmap","distance_m":253.26643289740034,"centroid_distance_m":268.4743516330205},{"footprint_id":"a1595415226","structure_id":"structure_3d786947e7f4dcd67cf8","source":"openstreetmap","distance_m":314.6554037705659,"centroid_distance_m":341.19539502919184},{"footprint_id":"a226430518","structure_id":"structure_73d801160284adcf385a","source":"openstreetmap","distance_m":340.9085728469194,"centroid_distance_m":382.48994039321605},{"footprint_id":"a1595415196","structure_id":"structure_1f152381b0dba43fe89b","source":"openstreetmap","distance_m":347.71804042472746,"centroid_distance_m":404.25699565948827},{"footprint_id":"a1595415194","structure_id":"structure_249c48632906fdc002f4","source":"openstreetmap","distance_m":362.2065286559865,"centroid_distance_m":418.2220660833325}]},"geometry":{"type":"Point","coordinates":[-80.902469,44.58348]}},{"type":"Feature","properties":{"location_id":"a69ae0c4-b396-4956-b9df-d6f7a206d989","review_status":"ambiguous","footprint_distance_m":8.819113357268854,"footprint_source":"owen_sound_city_map_pdf","candidates":[{"footprint_id":"0224c57ebd3e:18f62f4e1a6fba4a9302","structure_id":"structure_74c60a3d3e8c9e589181","source":"owen_sound_city_map_pdf","distance_m":8.819113357268854,"centroid_distance_m":14.958863507477568},{"footprint_id":"0224c57ebd3e:70937bcea39ebd374562","structure_id":"structure_eb1241caf5315b43c7c2","source":"owen_sound_city_map_pdf","distance_m":9.429230693068835,"centroid_distance_m":31.323874696680132},{"footprint_id":"0224c57ebd3e:7eb32cdb607a8fafc718","structure_id":"structure_43ec149bf6945870e513","source":"owen_sound_city_map_pdf","distance_m":12.200115519755292,"centroid_distance_m":22.787364875621446},{"footprint_id":"0224c57ebd3e:a3b059f13da931f14edc","structure_id":"structure_718fc959133775644126","source":"owen_sound_city_map_pdf","distance_m":24.204312147743067,"centroid_distance_m":29.16130447506538},{"footprint_id":"0224c57ebd3e:32b2c5b1255fbc945302","structure_id":"structure_958869d5becf3dd33ac4","source":"owen_sound_city_map_pdf","distance_m":28.802941068966206,"centroid_distance_m":35.523731997442326},{"footprint_id":"0224c57ebd3e:83d2334eb08ce3e9b969","structure_id":"structure_278a01f5fcd8c1f43f66","source":"owen_sound_city_map_pdf","distance_m":33.22626483601257,"centroid_distance_m":42.86953102683068},{"footprint_id":"0224c57ebd3e:9bbf8d784225048991e3","structure_id":"structure_4280c65ca6fdb9a1b2ae","source":"owen_sound_city_map_pdf","distance_m":39.649421782780074,"centroid_distance_m":46.608130352666485},{"footprint_id":"0224c57ebd3e:4b1de663f13dc730c2bf","structure_id":"structure_a6d212ebe9e5de7e7da8","source":"owen_sound_city_map_pdf","distance_m":55.04812124418264,"centroid_distance_m":64.66354051714235}]},"geometry":{"type":"Point","coordinates":[-80.939694,44.570491]}},{"type":"Feature","properties":{"location_id":"a7652994-debe-4ec8-8356-f3db9654ab8f","review_status":"unmatched","footprint_distance_m":51.68784872002331,"footprint_source":null,"candidates":[{"footprint_id":"a226430522","structure_id":"structure_49b53172d137f142f823","source":"openstreetmap","distance_m":51.68784872002331,"centroid_distance_m":96.58098240476795},{"footprint_id":"0224c57ebd3e:f0186c820832c7b91ada","structure_id":"structure_05a292ab5cb942373061","source":"owen_sound_city_map_pdf","distance_m":62.066656800071904,"centroid_distance_m":79.0138338192787},{"footprint_id":"12652513","structure_id":"structure_aa61ea24e9ea2ba5d560","source":"canada_structures","distance_m":63.72623757918864,"centroid_distance_m":66.48016454216669},{"footprint_id":"0224c57ebd3e:e24df5a69f8037747fc0","structure_id":"structure_737dfd0a8c96fa96858d","source":"owen_sound_city_map_pdf","distance_m":67.80615161716415,"centroid_distance_m":73.67088690396214},{"footprint_id":"0224c57ebd3e:207b662f1b612927a7b8","structure_id":"structure_a524cb8ba5f9e0722114","source":"owen_sound_city_map_pdf","distance_m":71.2907271191987,"centroid_distance_m":83.20765320127701},{"footprint_id":"12649986","structure_id":"structure_e8cfa14caaadd7792fe5","source":"canada_structures","distance_m":74.70890353089742,"centroid_distance_m":89.08127681873793}]},"geometry":{"type":"Point","coordinates":[-80.936206,44.577858]}},{"type":"Feature","properties":{"location_id":"ab2c3020-6e6f-44c1-9018-2308306db036","review_status":"ambiguous","footprint_distance_m":3.463764121368964,"footprint_source":"owen_sound_city_map_pdf","candidates":[{"footprint_id":"0224c57ebd3e:78193a1c1db26d2cd290","structure_id":"structure_24b1329392edfb3a6dfd","source":"owen_sound_city_map_pdf","distance_m":3.463764121368964,"centroid_distance_m":7.572305606647887},{"footprint_id":"0224c57ebd3e:79adeff64ef3d18cf604","structure_id":"structure_c464a3707cc38ab609ea","source":"owen_sound_city_map_pdf","distance_m":4.849999481250753,"centroid_distance_m":16.24703487541008},{"footprint_id":"16734","structure_id":"structure_5dc97cf853233fff94e8","source":"grey_county_building_footprints","distance_m":6.112011558198553,"centroid_distance_m":11.539126299226256},{"footprint_id":"16736","structure_id":"structure_2dc79044e9a9779f7292","source":"grey_county_building_footprints","distance_m":10.52638144773815,"centroid_distance_m":15.55144590009495},{"footprint_id":"0224c57ebd3e:3dbb373101188a19fddf","structure_id":"structure_d85e2d44c2263bf8697d","source":"owen_sound_city_map_pdf","distance_m":11.954707543934616,"centroid_distance_m":15.24354479608509},{"footprint_id":"0224c57ebd3e:5c775339eea529b0188d","structure_id":"structure_e8c99b31b0cb68041499","source":"owen_sound_city_map_pdf","distance_m":20.200321499095903,"centroid_distance_m":32.677897003693225},{"footprint_id":"16733","structure_id":"structure_97bbcf3e18ff253bd667","source":"grey_county_building_footprints","distance_m":21.251454050351494,"centroid_distance_m":34.01584556238563},{"footprint_id":"0224c57ebd3e:5f7873b0afa66970209a","structure_id":"structure_50eb5670d8dbe6c050cd","source":"owen_sound_city_map_pdf","distance_m":21.9692209553092,"centroid_distance_m":34.04659146009315}]},"geometry":{"type":"Point","coordinates":[-80.953044,44.575467]}},{"type":"Feature","properties":{"location_id":"ab87726b-5a6a-4b5e-85c1-ccf6a608a5bb","review_status":"unmatched","footprint_distance_m":154.3565926416193,"footprint_source":null,"candidates":[{"footprint_id":"0224c57ebd3e:fb70939561d9ef859053","structure_id":"structure_3cd86451bce7c3ee7000","source":"owen_sound_city_map_pdf","distance_m":154.3565926416193,"centroid_distance_m":162.43856831732884},{"footprint_id":"0224c57ebd3e:1078c81946d025f76c87","structure_id":"structure_4c7c924a0a970ee81803","source":"owen_sound_city_map_pdf","distance_m":154.9535584055289,"centroid_distance_m":167.17737254063545},{"footprint_id":"0224c57ebd3e:e66f6ad43c3fd68b8920","structure_id":"structure_f7f98cd22a6c30dfdaf1","source":"owen_sound_city_map_pdf","distance_m":435.8472443433885,"centroid_distance_m":443.3774047045653},{"footprint_id":"0224c57ebd3e:2cad8377a7764913ab59","structure_id":"structure_9741d9566d5028487cca","source":"owen_sound_city_map_pdf","distance_m":460.220417982109,"centroid_distance_m":475.13952565062476},{"footprint_id":"0224c57ebd3e:5c38e200ddec8cdecbad","structure_id":"structure_d7a50dbfbd9599a7136d","source":"owen_sound_city_map_pdf","distance_m":465.9079427121683,"centroid_distance_m":474.8825842616159},{"footprint_id":"0224c57ebd3e:872b6701ec54d5c3d41e","structure_id":"structure_e32192cf9a63bf3c0dc2","source":"owen_sound_city_map_pdf","distance_m":596.4598846818027,"centroid_distance_m":606.1418092691805},{"footprint_id":"0224c57ebd3e:a1c226d7ccd3a8ad2d27","structure_id":"structure_c01d445e94c9823f086d","source":"owen_sound_city_map_pdf","distance_m":629.8953448421296,"centroid_distance_m":646.0549331471553},{"footprint_id":"0224c57ebd3e:8b7bc5fa7a04ae969d3e","structure_id":"structure_dcbb5be0b7a48589f101","source":"owen_sound_city_map_pdf","distance_m":653.3940871509191,"centroid_distance_m":659.7323734598388}]},"geometry":{"type":"Point","coordinates":[-80.901139,44.561175]}},{"type":"Feature","properties":{"location_id":"afdcb781-4069-469d-8013-f9e4de71f6d0","review_status":"ambiguous","footprint_distance_m":13.596115243908155,"footprint_source":"grey_county_building_footprints","candidates":[{"footprint_id":"15410","structure_id":"structure_6a7db070787f8aed185f","source":"grey_county_building_footprints","distance_m":13.596115243908155,"centroid_distance_m":16.961461445913837},{"footprint_id":"0224c57ebd3e:85df2870a218e0f7f47f","structure_id":"structure_23a0e41f6656770b4538","source":"owen_sound_city_map_pdf","distance_m":13.984555690095391,"centroid_distance_m":19.444199085644357},{"footprint_id":"0224c57ebd3e:f0b41602e62bcb3381c6","structure_id":"structure_ab817c2f327a1e6ad709","source":"owen_sound_city_map_pdf","distance_m":14.67056904259789,"centroid_distance_m":23.400650785734452},{"footprint_id":"15412","structure_id":"structure_1f442d5f240be53d2c01","source":"grey_county_building_footprints","distance_m":15.326222682826343,"centroid_distance_m":21.70829365188328},{"footprint_id":"0224c57ebd3e:0abf97f3652700f75015","structure_id":"structure_ef823586a8a4ed6b441d","source":"owen_sound_city_map_pdf","distance_m":16.75687080409843,"centroid_distance_m":20.414047159283253},{"footprint_id":"15409","structure_id":"structure_2c6a031a88b8b5fe030c","source":"grey_county_building_footprints","distance_m":16.766126288570284,"centroid_distance_m":21.337384058767725},{"footprint_id":"0224c57ebd3e:46d488ce2c354f284300","structure_id":"structure_7866a9addfa95a435e20","source":"owen_sound_city_map_pdf","distance_m":22.96429149333487,"centroid_distance_m":31.9684781899523},{"footprint_id":"15380","structure_id":"structure_d6852db435a80b13daff","source":"grey_county_building_footprints","distance_m":23.932795120547016,"centroid_distance_m":36.48270965259817}]},"geometry":{"type":"Point","coordinates":[-80.949405,44.581972]}},{"type":"Feature","properties":{"location_id":"b00b9ef3-763f-4138-a3b5-5f85823e9075","review_status":"ambiguous","footprint_distance_m":14.983757008443764,"footprint_source":"owen_sound_city_map_pdf","candidates":[{"footprint_id":"0224c57ebd3e:8b8eb190a492fbd13d63","structure_id":"structure_1b55da00affbf4a84197","source":"owen_sound_city_map_pdf","distance_m":14.983757008443764,"centroid_distance_m":22.452879422740494},{"footprint_id":"0224c57ebd3e:30c116f235650431b2dc","structure_id":"structure_5ff188fd403531f9fac4","source":"owen_sound_city_map_pdf","distance_m":15.84257278779864,"centroid_distance_m":25.93302306157884},{"footprint_id":"0224c57ebd3e:deac20d51b021e549457","structure_id":"structure_20e4dbf0265f1dbb6f3b","source":"owen_sound_city_map_pdf","distance_m":16.359668381648618,"centroid_distance_m":24.57420187246055},{"footprint_id":"0224c57ebd3e:3399efbefff6201bb18a","structure_id":"structure_ae31ccf4458e68e88829","source":"owen_sound_city_map_pdf","distance_m":19.186154751969546,"centroid_distance_m":26.43370028320419},{"footprint_id":"0224c57ebd3e:7af7c9549c29fe79b5cf","structure_id":"structure_1a3c5644735a3125f1b4","source":"owen_sound_city_map_pdf","distance_m":23.489882123778706,"centroid_distance_m":30.194456530890946},{"footprint_id":"0224c57ebd3e:ee4353392f859b84abb7","structure_id":"structure_405e4dee4767a2b4abf1","source":"owen_sound_city_map_pdf","distance_m":23.66135974017169,"centroid_distance_m":30.75759268351689},{"footprint_id":"0224c57ebd3e:674b8beeccb93fa6e7a7","structure_id":"structure_07dc2ac78040fc26793c","source":"owen_sound_city_map_pdf","distance_m":25.91261803089098,"centroid_distance_m":33.59157799001246},{"footprint_id":"0224c57ebd3e:eefeac68bfc7d395e25a","structure_id":"structure_5b21630383a3b02ff73c","source":"owen_sound_city_map_pdf","distance_m":31.046344669093816,"centroid_distance_m":36.59380291424591}]},"geometry":{"type":"Point","coordinates":[-80.938828,44.560482]}},{"type":"Feature","properties":{"location_id":"b05ae777-fd62-47ea-aaed-867510af4b60","review_status":"ambiguous","footprint_distance_m":13.596115243908155,"footprint_source":"grey_county_building_footprints","candidates":[{"footprint_id":"15410","structure_id":"structure_6a7db070787f8aed185f","source":"grey_county_building_footprints","distance_m":13.596115243908155,"centroid_distance_m":16.961461445913837},{"footprint_id":"0224c57ebd3e:85df2870a218e0f7f47f","structure_id":"structure_23a0e41f6656770b4538","source":"owen_sound_city_map_pdf","distance_m":13.984555690095391,"centroid_distance_m":19.444199085644357},{"footprint_id":"0224c57ebd3e:f0b41602e62bcb3381c6","structure_id":"structure_ab817c2f327a1e6ad709","source":"owen_sound_city_map_pdf","distance_m":14.67056904259789,"centroid_distance_m":23.400650785734452},{"footprint_id":"15412","structure_id":"structure_1f442d5f240be53d2c01","source":"grey_county_building_footprints","distance_m":15.326222682826343,"centroid_distance_m":21.70829365188328},{"footprint_id":"0224c57ebd3e:0abf97f3652700f75015","structure_id":"structure_ef823586a8a4ed6b441d","source":"owen_sound_city_map_pdf","distance_m":16.75687080409843,"centroid_distance_m":20.414047159283253},{"footprint_id":"15409","structure_id":"structure_2c6a031a88b8b5fe030c","source":"grey_county_building_footprints","distance_m":16.766126288570284,"centroid_distance_m":21.337384058767725},{"footprint_id":"0224c57ebd3e:46d488ce2c354f284300","structure_id":"structure_7866a9addfa95a435e20","source":"owen_sound_city_map_pdf","distance_m":22.96429149333487,"centroid_distance_m":31.9684781899523},{"footprint_id":"15380","structure_id":"structure_d6852db435a80b13daff","source":"grey_county_building_footprints","distance_m":23.932795120547016,"centroid_distance_m":36.48270965259817}]},"geometry":{"type":"Point","coordinates":[-80.949405,44.581972]}},{"type":"Feature","properties":{"location_id":"b18ac678-e6fb-427c-96cc-92062811b6df","review_status":"unmatched","footprint_distance_m":99.985097432348,"footprint_source":null,"candidates":[{"footprint_id":"0224c57ebd3e:b4487ec353a90ce85605","structure_id":"structure_777038514b4180afa6a1","source":"owen_sound_city_map_pdf","distance_m":99.985097432348,"centroid_distance_m":111.78264288235219},{"footprint_id":"0224c57ebd3e:14da70f01197558592b0","structure_id":"structure_caf158891331f40ff394","source":"owen_sound_city_map_pdf","distance_m":114.40045849663834,"centroid_distance_m":122.41460701506136},{"footprint_id":"0224c57ebd3e:79db23a2697a9587a484","structure_id":"structure_5b24c051aabd13afb651","source":"owen_sound_city_map_pdf","distance_m":123.89238124257396,"centroid_distance_m":155.863589494544},{"footprint_id":"0224c57ebd3e:b3a539163f2a72989a1b","structure_id":"structure_3a27fd5f13eba8654965","source":"owen_sound_city_map_pdf","distance_m":143.88828057282413,"centroid_distance_m":154.7401143799175},{"footprint_id":"0224c57ebd3e:7a4593e922088991ac58","structure_id":"structure_c680e99e740833ed3e6e","source":"owen_sound_city_map_pdf","distance_m":151.83064417181814,"centroid_distance_m":166.71473939217177},{"footprint_id":"0224c57ebd3e:3805cc438f3e61e46980","structure_id":"structure_65c978d16b2d01204448","source":"owen_sound_city_map_pdf","distance_m":221.69581991775823,"centroid_distance_m":228.49810225681082},{"footprint_id":"0224c57ebd3e:2b9fa10ef64a04945297","structure_id":"structure_22aa5a8460a82b12042e","source":"owen_sound_city_map_pdf","distance_m":226.06227491401788,"centroid_distance_m":233.47188575111028},{"footprint_id":"0224c57ebd3e:236f10345f4caa7349bd","structure_id":"structure_4006271cc87e0dea59cc","source":"owen_sound_city_map_pdf","distance_m":250.73614060015464,"centroid_distance_m":252.7905329649225}]},"geometry":{"type":"Point","coordinates":[-80.941105,44.546416]}},{"type":"Feature","properties":{"location_id":"b3a02263-5ef8-4ebe-8c06-ccc19859f05b","review_status":"ambiguous","footprint_distance_m":3.3274778090866306,"footprint_source":"grey_county_building_footprints","candidates":[{"footprint_id":"18404","structure_id":"structure_9910b97e3da3c2a09c21","source":"grey_county_building_footprints","distance_m":3.3274778090866306,"centroid_distance_m":16.537645773354818},{"footprint_id":"0224c57ebd3e:20d93df1d6f87ec4aee5","structure_id":"structure_0627a89f25b52e303768","source":"owen_sound_city_map_pdf","distance_m":3.381868033681486,"centroid_distance_m":12.942796738373419},{"footprint_id":"18402","structure_id":"structure_731fd043eaf4d633340b","source":"grey_county_building_footprints","distance_m":3.7144447665382216,"centroid_distance_m":14.249074308487767},{"footprint_id":"0224c57ebd3e:acfd239d69bee8ac91a1","structure_id":"structure_d0b1f7f7d33edbeff324","source":"owen_sound_city_map_pdf","distance_m":3.8128879958268844,"centroid_distance_m":15.470818043681241},{"footprint_id":"18471","structure_id":"structure_5d35ef38013fb387e8b5","source":"grey_county_building_footprints","distance_m":11.473178443353193,"centroid_distance_m":17.841246953340676},{"footprint_id":"0224c57ebd3e:ef9df117a86d9e6997bf","structure_id":"structure_5dbffd8565f98d597138","source":"owen_sound_city_map_pdf","distance_m":13.282155865817137,"centroid_distance_m":20.70818610350259},{"footprint_id":"0224c57ebd3e:c0da5f8fad535b61d976","structure_id":"structure_3c82606fce3a87a2b043","source":"owen_sound_city_map_pdf","distance_m":13.521025715155917,"centroid_distance_m":22.71475803174007},{"footprint_id":"18399","structure_id":"structure_0ec856156cb11995dc78","source":"grey_county_building_footprints","distance_m":14.3964797470357,"centroid_distance_m":20.04743033535196}]},"geometry":{"type":"Point","coordinates":[-80.95464,44.572509]}},{"type":"Feature","properties":{"location_id":"b49a01ca-a7d9-4255-a319-a4bcb59cd7ed","review_status":"ambiguous","footprint_distance_m":14.74187881467148,"footprint_source":"grey_county_building_footprints","candidates":[{"footprint_id":"14115","structure_id":"structure_c961040713c02e7eca1a","source":"grey_county_building_footprints","distance_m":14.74187881467148,"centroid_distance_m":23.375146488232918},{"footprint_id":"0224c57ebd3e:c881e5568110f53be514","structure_id":"structure_4730bb223fd816e5802e","source":"owen_sound_city_map_pdf","distance_m":15.062418175687258,"centroid_distance_m":23.96134456207636},{"footprint_id":"14116","structure_id":"structure_ca3f9fd17731c0501bc4","source":"grey_county_building_footprints","distance_m":15.414292095940919,"centroid_distance_m":22.951699127995557},{"footprint_id":"0224c57ebd3e:78686d0d9d84e3c207bc","structure_id":"structure_b670076b73e4c74e7465","source":"owen_sound_city_map_pdf","distance_m":15.523864793871832,"centroid_distance_m":22.107604700067327},{"footprint_id":"0224c57ebd3e:6730f1d1d6cd1cbb1728","structure_id":"structure_933dac606ebd3b428663","source":"owen_sound_city_map_pdf","distance_m":22.91811811513799,"centroid_distance_m":30.274607481120942},{"footprint_id":"14112","structure_id":"structure_6fa3bc68aafb3e2cf29a","source":"grey_county_building_footprints","distance_m":22.976063234531267,"centroid_distance_m":29.440307916534834},{"footprint_id":"0224c57ebd3e:479433af8a68d85638db","structure_id":"structure_69d3c60af3d3674f7ca7","source":"owen_sound_city_map_pdf","distance_m":30.883823124089847,"centroid_distance_m":39.16984225931649},{"footprint_id":"14118","structure_id":"structure_a0591aaaf0ab91b01db9","source":"grey_county_building_footprints","distance_m":31.699168313183137,"centroid_distance_m":39.66234026104536}]},"geometry":{"type":"Point","coordinates":[-80.952578,44.584573]}},{"type":"Feature","properties":{"location_id":"b5c02bb5-68de-4d92-b457-574423655f08","review_status":"ambiguous","footprint_distance_m":3.463764121368964,"footprint_source":"owen_sound_city_map_pdf","candidates":[{"footprint_id":"0224c57ebd3e:78193a1c1db26d2cd290","structure_id":"structure_24b1329392edfb3a6dfd","source":"owen_sound_city_map_pdf","distance_m":3.463764121368964,"centroid_distance_m":7.572305606647887},{"footprint_id":"0224c57ebd3e:79adeff64ef3d18cf604","structure_id":"structure_c464a3707cc38ab609ea","source":"owen_sound_city_map_pdf","distance_m":4.849999481250753,"centroid_distance_m":16.24703487541008},{"footprint_id":"16734","structure_id":"structure_5dc97cf853233fff94e8","source":"grey_county_building_footprints","distance_m":6.112011558198553,"centroid_distance_m":11.539126299226256},{"footprint_id":"16736","structure_id":"structure_2dc79044e9a9779f7292","source":"grey_county_building_footprints","distance_m":10.52638144773815,"centroid_distance_m":15.55144590009495},{"footprint_id":"0224c57ebd3e:3dbb373101188a19fddf","structure_id":"structure_d85e2d44c2263bf8697d","source":"owen_sound_city_map_pdf","distance_m":11.954707543934616,"centroid_distance_m":15.24354479608509},{"footprint_id":"0224c57ebd3e:5c775339eea529b0188d","structure_id":"structure_e8c99b31b0cb68041499","source":"owen_sound_city_map_pdf","distance_m":20.200321499095903,"centroid_distance_m":32.677897003693225},{"footprint_id":"16733","structure_id":"structure_97bbcf3e18ff253bd667","source":"grey_county_building_footprints","distance_m":21.251454050351494,"centroid_distance_m":34.01584556238563},{"footprint_id":"0224c57ebd3e:5f7873b0afa66970209a","structure_id":"structure_50eb5670d8dbe6c050cd","source":"owen_sound_city_map_pdf","distance_m":21.9692209553092,"centroid_distance_m":34.04659146009315}]},"geometry":{"type":"Point","coordinates":[-80.953044,44.575467]}},{"type":"Feature","properties":{"location_id":"b6c99562-e774-4055-86d7-79d63f4b32ab","review_status":"ambiguous","footprint_distance_m":8.819113357268854,"footprint_source":"owen_sound_city_map_pdf","candidates":[{"footprint_id":"0224c57ebd3e:18f62f4e1a6fba4a9302","structure_id":"structure_74c60a3d3e8c9e589181","source":"owen_sound_city_map_pdf","distance_m":8.819113357268854,"centroid_distance_m":14.958863507477568},{"footprint_id":"0224c57ebd3e:70937bcea39ebd374562","structure_id":"structure_eb1241caf5315b43c7c2","source":"owen_sound_city_map_pdf","distance_m":9.429230693068835,"centroid_distance_m":31.323874696680132},{"footprint_id":"0224c57ebd3e:7eb32cdb607a8fafc718","structure_id":"structure_43ec149bf6945870e513","source":"owen_sound_city_map_pdf","distance_m":12.200115519755292,"centroid_distance_m":22.787364875621446},{"footprint_id":"0224c57ebd3e:a3b059f13da931f14edc","structure_id":"structure_718fc959133775644126","source":"owen_sound_city_map_pdf","distance_m":24.204312147743067,"centroid_distance_m":29.16130447506538},{"footprint_id":"0224c57ebd3e:32b2c5b1255fbc945302","structure_id":"structure_958869d5becf3dd33ac4","source":"owen_sound_city_map_pdf","distance_m":28.802941068966206,"centroid_distance_m":35.523731997442326},{"footprint_id":"0224c57ebd3e:83d2334eb08ce3e9b969","structure_id":"structure_278a01f5fcd8c1f43f66","source":"owen_sound_city_map_pdf","distance_m":33.22626483601257,"centroid_distance_m":42.86953102683068},{"footprint_id":"0224c57ebd3e:9bbf8d784225048991e3","structure_id":"structure_4280c65ca6fdb9a1b2ae","source":"owen_sound_city_map_pdf","distance_m":39.649421782780074,"centroid_distance_m":46.608130352666485},{"footprint_id":"0224c57ebd3e:4b1de663f13dc730c2bf","structure_id":"structure_a6d212ebe9e5de7e7da8","source":"owen_sound_city_map_pdf","distance_m":55.04812124418264,"centroid_distance_m":64.66354051714235}]},"geometry":{"type":"Point","coordinates":[-80.939694,44.570491]}},{"type":"Feature","properties":{"location_id":"ba41ec7b-a3a7-435e-88eb-ba537c4bc072","review_status":"ambiguous","footprint_distance_m":15.689580556662621,"footprint_source":"grey_county_building_footprints","candidates":[{"footprint_id":"20557","structure_id":"structure_6284386751c6c1700187","source":"grey_county_building_footprints","distance_m":15.689580556662621,"centroid_distance_m":19.18460742020054},{"footprint_id":"20551","structure_id":"structure_036b79170bf60c60c670","source":"grey_county_building_footprints","distance_m":17.0417878321271,"centroid_distance_m":34.64174693778037},{"footprint_id":"12652168","structure_id":"structure_813f9b483bc4a38afe2d","source":"canada_structures","distance_m":17.57821204239286,"centroid_distance_m":21.580357597481214},{"footprint_id":"12651235","structure_id":"structure_a0b10df422dd31b77281","source":"canada_structures","distance_m":19.282023711968193,"centroid_distance_m":23.83393728567997},{"footprint_id":"12654327","structure_id":"structure_b3354de1b201383db4ab","source":"canada_structures","distance_m":21.78413043456794,"centroid_distance_m":26.458605837325155},{"footprint_id":"20555","structure_id":"structure_d9e6de2ce8a90bbc459d","source":"grey_county_building_footprints","distance_m":22.5641404310001,"centroid_distance_m":27.893189698329664},{"footprint_id":"12654000","structure_id":"structure_350c3fd71246bf554ab7","source":"canada_structures","distance_m":25.614421849219287,"centroid_distance_m":32.48304386979551},{"footprint_id":"20560","structure_id":"structure_ed73bf194fe1f314594a","source":"grey_county_building_footprints","distance_m":27.098199594678963,"centroid_distance_m":32.83605776128564}]},"geometry":{"type":"Point","coordinates":[-80.957451,44.56724]}},{"type":"Feature","properties":{"location_id":"ba6bce52-3715-42a8-8d5f-e6a2c4221796","review_status":"ambiguous","footprint_distance_m":8.819113357268854,"footprint_source":"owen_sound_city_map_pdf","candidates":[{"footprint_id":"0224c57ebd3e:18f62f4e1a6fba4a9302","structure_id":"structure_74c60a3d3e8c9e589181","source":"owen_sound_city_map_pdf","distance_m":8.819113357268854,"centroid_distance_m":14.958863507477568},{"footprint_id":"0224c57ebd3e:70937bcea39ebd374562","structure_id":"structure_eb1241caf5315b43c7c2","source":"owen_sound_city_map_pdf","distance_m":9.429230693068835,"centroid_distance_m":31.323874696680132},{"footprint_id":"0224c57ebd3e:7eb32cdb607a8fafc718","structure_id":"structure_43ec149bf6945870e513","source":"owen_sound_city_map_pdf","distance_m":12.200115519755292,"centroid_distance_m":22.787364875621446},{"footprint_id":"0224c57ebd3e:a3b059f13da931f14edc","structure_id":"structure_718fc959133775644126","source":"owen_sound_city_map_pdf","distance_m":24.204312147743067,"centroid_distance_m":29.16130447506538},{"footprint_id":"0224c57ebd3e:32b2c5b1255fbc945302","structure_id":"structure_958869d5becf3dd33ac4","source":"owen_sound_city_map_pdf","distance_m":28.802941068966206,"centroid_distance_m":35.523731997442326},{"footprint_id":"0224c57ebd3e:83d2334eb08ce3e9b969","structure_id":"structure_278a01f5fcd8c1f43f66","source":"owen_sound_city_map_pdf","distance_m":33.22626483601257,"centroid_distance_m":42.86953102683068},{"footprint_id":"0224c57ebd3e:9bbf8d784225048991e3","structure_id":"structure_4280c65ca6fdb9a1b2ae","source":"owen_sound_city_map_pdf","distance_m":39.649421782780074,"centroid_distance_m":46.608130352666485},{"footprint_id":"0224c57ebd3e:4b1de663f13dc730c2bf","structure_id":"structure_a6d212ebe9e5de7e7da8","source":"owen_sound_city_map_pdf","distance_m":55.04812124418264,"centroid_distance_m":64.66354051714235}]},"geometry":{"type":"Point","coordinates":[-80.939694,44.570491]}},{"type":"Feature","properties":{"location_id":"baa0d2a7-9031-4f8a-95c8-56cb881b10f1","review_status":"ambiguous","footprint_distance_m":3.463764121368964,"footprint_source":"owen_sound_city_map_pdf","candidates":[{"footprint_id":"0224c57ebd3e:78193a1c1db26d2cd290","structure_id":"structure_24b1329392edfb3a6dfd","source":"owen_sound_city_map_pdf","distance_m":3.463764121368964,"centroid_distance_m":7.572305606647887},{"footprint_id":"0224c57ebd3e:79adeff64ef3d18cf604","structure_id":"structure_c464a3707cc38ab609ea","source":"owen_sound_city_map_pdf","distance_m":4.849999481250753,"centroid_distance_m":16.24703487541008},{"footprint_id":"16734","structure_id":"structure_5dc97cf853233fff94e8","source":"grey_county_building_footprints","distance_m":6.112011558198553,"centroid_distance_m":11.539126299226256},{"footprint_id":"16736","structure_id":"structure_2dc79044e9a9779f7292","source":"grey_county_building_footprints","distance_m":10.52638144773815,"centroid_distance_m":15.55144590009495},{"footprint_id":"0224c57ebd3e:3dbb373101188a19fddf","structure_id":"structure_d85e2d44c2263bf8697d","source":"owen_sound_city_map_pdf","distance_m":11.954707543934616,"centroid_distance_m":15.24354479608509},{"footprint_id":"0224c57ebd3e:5c775339eea529b0188d","structure_id":"structure_e8c99b31b0cb68041499","source":"owen_sound_city_map_pdf","distance_m":20.200321499095903,"centroid_distance_m":32.677897003693225},{"footprint_id":"16733","structure_id":"structure_97bbcf3e18ff253bd667","source":"grey_county_building_footprints","distance_m":21.251454050351494,"centroid_distance_m":34.01584556238563},{"footprint_id":"0224c57ebd3e:5f7873b0afa66970209a","structure_id":"structure_50eb5670d8dbe6c050cd","source":"owen_sound_city_map_pdf","distance_m":21.9692209553092,"centroid_distance_m":34.04659146009315}]},"geometry":{"type":"Point","coordinates":[-80.953044,44.575467]}},{"type":"Feature","properties":{"location_id":"bbc9d1c2-6d0f-4a5b-a7cb-638c51131113","review_status":"ambiguous","footprint_distance_m":10.632605370790698,"footprint_source":"owen_sound_city_map_pdf","candidates":[{"footprint_id":"0224c57ebd3e:ad3467021b0a8d7d264e","structure_id":"structure_df74c8f7f36881075682","source":"owen_sound_city_map_pdf","distance_m":10.632605370790698,"centroid_distance_m":19.4133096061525},{"footprint_id":"0224c57ebd3e:d874b3274ec946fa4153","structure_id":"structure_4cf4a1011e237ec0e474","source":"owen_sound_city_map_pdf","distance_m":10.795745771576552,"centroid_distance_m":21.750487085915324},{"footprint_id":"0224c57ebd3e:f214af3cf8f9f23da7e1","structure_id":"structure_3ec965c75c42b2903241","source":"owen_sound_city_map_pdf","distance_m":18.862145606847445,"centroid_distance_m":24.935596600933565},{"footprint_id":"0224c57ebd3e:83cb05c249f6001c12bd","structure_id":"structure_99853a636149df9f9b06","source":"owen_sound_city_map_pdf","distance_m":19.210004265075074,"centroid_distance_m":25.87173802195916},{"footprint_id":"0224c57ebd3e:26d3c8184c3f1ac5b163","structure_id":"structure_ade045aca517c430ed63","source":"owen_sound_city_map_pdf","distance_m":22.327245194438063,"centroid_distance_m":30.971473894243186},{"footprint_id":"0224c57ebd3e:6e1e5cf5bf8446bd0903","structure_id":"structure_ca042d95eacfe4b01668","source":"owen_sound_city_map_pdf","distance_m":26.429416804595046,"centroid_distance_m":35.77914897712594},{"footprint_id":"0224c57ebd3e:360e56e1f190b4412888","structure_id":"structure_327b8fa3246763e00a9e","source":"owen_sound_city_map_pdf","distance_m":28.0057227380584,"centroid_distance_m":35.282465015237044},{"footprint_id":"12649699","structure_id":"structure_38d3349806fc355f99f9","source":"canada_structures","distance_m":29.10478624113321,"centroid_distance_m":30.74855401432767}]},"geometry":{"type":"Point","coordinates":[-80.937861,44.564483]}},{"type":"Feature","properties":{"location_id":"bda0d005-6d6e-4054-95d1-154bb85c9a50","review_status":"unmatched","footprint_distance_m":124.58307064147543,"footprint_source":null,"candidates":[{"footprint_id":"a1595415160","structure_id":"structure_c71d82b715ec7bccb6c0","source":"openstreetmap","distance_m":124.58307064147543,"centroid_distance_m":203.6300635382696},{"footprint_id":"a226430934","structure_id":"structure_a7b84e9dc47b9c67ab28","source":"openstreetmap","distance_m":146.2379560298636,"centroid_distance_m":352.98503229155114},{"footprint_id":"a2516061274","structure_id":"structure_5ddc3fe92cca598159c2","source":"openstreetmap","distance_m":168.07558401695695,"centroid_distance_m":335.53771321029865},{"footprint_id":"0224c57ebd3e:c0d17b9ae28db7924c7c","structure_id":"structure_a98deac4234fb968cfc5","source":"owen_sound_city_map_pdf","distance_m":245.40511453075132,"centroid_distance_m":251.52047862092},{"footprint_id":"a226430472","structure_id":"structure_54baa4585227990315f1","source":"openstreetmap","distance_m":250.55055390732397,"centroid_distance_m":271.267717062414},{"footprint_id":"10313137","structure_id":"structure_c8b236966bde3a845440","source":"canada_structures","distance_m":250.72733339777344,"centroid_distance_m":271.1409794584831},{"footprint_id":"0224c57ebd3e:e5ad0a9179e23615953a","structure_id":"structure_2a07d01817b81d3bc752","source":"owen_sound_city_map_pdf","distance_m":264.03987839755484,"centroid_distance_m":275.47861109347224},{"footprint_id":"12650763","structure_id":"structure_9088cceee7a93aaed2f7","source":"canada_structures","distance_m":330.02591248516745,"centroid_distance_m":341.85352112857277}]},"geometry":{"type":"Point","coordinates":[-80.917498,44.578942]}},{"type":"Feature","properties":{"location_id":"bed62e4b-1b07-4c73-8032-4257d933d833","review_status":"unmatched","footprint_distance_m":78.06110566567924,"footprint_source":null,"candidates":[{"footprint_id":"a227210614","structure_id":"structure_1a00f39ac515c1c541a3","source":"openstreetmap","distance_m":78.06110566567924,"centroid_distance_m":104.37506685970212}]},"geometry":{"type":"Point","coordinates":[-80.922828,44.558664]}},{"type":"Feature","properties":{"location_id":"c548302e-0a89-4cba-a384-b3f7be5df704","review_status":"unmatched","footprint_distance_m":100.212655764022,"footprint_source":null,"candidates":[{"footprint_id":"0224c57ebd3e:97e76c9e478b445c028b","structure_id":"structure_9733489ae9dffef943a5","source":"owen_sound_city_map_pdf","distance_m":100.212655764022,"centroid_distance_m":105.25738475482157},{"footprint_id":"0224c57ebd3e:e1c3d019b344edbb04f9","structure_id":"structure_de0426b3a69bcc810496","source":"owen_sound_city_map_pdf","distance_m":112.64544922220479,"centroid_distance_m":116.25060116538772},{"footprint_id":"a1232230234","structure_id":"structure_a313e2f5be51ea1a7f64","source":"openstreetmap","distance_m":215.60465698811194,"centroid_distance_m":291.4675495438315},{"footprint_id":"a226430972","structure_id":"structure_0827e6de6dec9cca8a97","source":"openstreetmap","distance_m":246.66328676796383,"centroid_distance_m":299.93322712276205},{"footprint_id":"a226430856","structure_id":"structure_b25efc6c0b6c913238fc","source":"openstreetmap","distance_m":326.07448402157144,"centroid_distance_m":371.0217251508578},{"footprint_id":"a2004282864","structure_id":"structure_15bc852f8dada06b5a19","source":"openstreetmap","distance_m":348.026186080094,"centroid_distance_m":356.71137777544226},{"footprint_id":"a1264009768","structure_id":"structure_9f184a1d5267b3d0fd66","source":"openstreetmap","distance_m":359.20925725310246,"centroid_distance_m":379.83494048760247},{"footprint_id":"a226404016","structure_id":"structure_40f015afb03bd93d6369","source":"openstreetmap","distance_m":360.5182288681465,"centroid_distance_m":434.7524817731589}]},"geometry":{"type":"Point","coordinates":[-80.913591,44.567384]}},{"type":"Feature","properties":{"location_id":"c6bcae67-786c-426e-bf37-25f862aa4c6c","review_status":"ambiguous","footprint_distance_m":14.74187881467148,"footprint_source":"grey_county_building_footprints","candidates":[{"footprint_id":"14115","structure_id":"structure_c961040713c02e7eca1a","source":"grey_county_building_footprints","distance_m":14.74187881467148,"centroid_distance_m":23.375146488232918},{"footprint_id":"0224c57ebd3e:c881e5568110f53be514","structure_id":"structure_4730bb223fd816e5802e","source":"owen_sound_city_map_pdf","distance_m":15.062418175687258,"centroid_distance_m":23.96134456207636},{"footprint_id":"14116","structure_id":"structure_ca3f9fd17731c0501bc4","source":"grey_county_building_footprints","distance_m":15.414292095940919,"centroid_distance_m":22.951699127995557},{"footprint_id":"0224c57ebd3e:78686d0d9d84e3c207bc","structure_id":"structure_b670076b73e4c74e7465","source":"owen_sound_city_map_pdf","distance_m":15.523864793871832,"centroid_distance_m":22.107604700067327},{"footprint_id":"0224c57ebd3e:6730f1d1d6cd1cbb1728","structure_id":"structure_933dac606ebd3b428663","source":"owen_sound_city_map_pdf","distance_m":22.91811811513799,"centroid_distance_m":30.274607481120942},{"footprint_id":"14112","structure_id":"structure_6fa3bc68aafb3e2cf29a","source":"grey_county_building_footprints","distance_m":22.976063234531267,"centroid_distance_m":29.440307916534834},{"footprint_id":"0224c57ebd3e:479433af8a68d85638db","structure_id":"structure_69d3c60af3d3674f7ca7","source":"owen_sound_city_map_pdf","distance_m":30.883823124089847,"centroid_distance_m":39.16984225931649},{"footprint_id":"14118","structure_id":"structure_a0591aaaf0ab91b01db9","source":"grey_county_building_footprints","distance_m":31.699168313183137,"centroid_distance_m":39.66234026104536}]},"geometry":{"type":"Point","coordinates":[-80.952578,44.584573]}},{"type":"Feature","properties":{"location_id":"c76deb8a-daae-493c-9f02-3b358d6b720a","review_status":"ambiguous","footprint_distance_m":9.19309937017469,"footprint_source":"openstreetmap","candidates":[{"footprint_id":"a2751656220","structure_id":"structure_5a49d0ef2a9b93db865f","source":"openstreetmap","distance_m":9.19309937017469,"centroid_distance_m":16.64149078823291},{"footprint_id":"a2751656218","structure_id":"structure_116ada82ea61f703625b","source":"openstreetmap","distance_m":11.059797383084485,"centroid_distance_m":20.08678888183626},{"footprint_id":"a2751656222","structure_id":"structure_cf7ba253665572de4b3c","source":"openstreetmap","distance_m":12.379246028658917,"centroid_distance_m":27.505305203660743},{"footprint_id":"a2751656244","structure_id":"structure_0a635ae283d21567e09c","source":"openstreetmap","distance_m":23.73088718448545,"centroid_distance_m":29.042173420063154},{"footprint_id":"12654039","structure_id":"structure_163085bcbdc2ddfa1291","source":"canada_structures","distance_m":24.71496994794165,"centroid_distance_m":31.90251202502661},{"footprint_id":"a2751656216","structure_id":"structure_5ce7e132479508cc7eec","source":"openstreetmap","distance_m":26.219644953856946,"centroid_distance_m":37.40645466790186},{"footprint_id":"0224c57ebd3e:a4fa83f7cde36e243697","structure_id":"structure_e60981fdf844599e3f75","source":"owen_sound_city_map_pdf","distance_m":27.673186360258516,"centroid_distance_m":35.77572167718744},{"footprint_id":"0224c57ebd3e:8dd58364e46c09465dcc","structure_id":"structure_ca5a27529b3e330832e2","source":"owen_sound_city_map_pdf","distance_m":29.17800654619087,"centroid_distance_m":34.84936722383518}]},"geometry":{"type":"Point","coordinates":[-80.941558,44.559432]}},{"type":"Feature","properties":{"location_id":"c9f12f51-8bd3-4679-b990-f137d061031f","review_status":"ambiguous","footprint_distance_m":12.292182140774793,"footprint_source":"grey_county_building_footprints","candidates":[{"footprint_id":"16314","structure_id":"structure_2985671395b81c33a869","source":"grey_county_building_footprints","distance_m":12.292182140774793,"centroid_distance_m":18.91026621069181},{"footprint_id":"0224c57ebd3e:ec71ef999ab971c09c85","structure_id":"structure_0ac668b20d4256558049","source":"owen_sound_city_map_pdf","distance_m":13.344222440505648,"centroid_distance_m":22.170658409813267},{"footprint_id":"0224c57ebd3e:53b4bbfb1675c09533ae","structure_id":"structure_c49198e1b2620ea290a6","source":"owen_sound_city_map_pdf","distance_m":13.404955930690816,"centroid_distance_m":18.425586440172324},{"footprint_id":"0224c57ebd3e:9f9d2078c641db75b132","structure_id":"structure_a7a840f02c62dc269007","source":"owen_sound_city_map_pdf","distance_m":13.414577658268312,"centroid_distance_m":21.471676331610418},{"footprint_id":"16183","structure_id":"structure_dfe345d04b335ba30f57","source":"grey_county_building_footprints","distance_m":13.717089588969381,"centroid_distance_m":24.833635057456693},{"footprint_id":"0224c57ebd3e:1c7c0533daeafc60e7a9","structure_id":"structure_ffc3810b03d9d30b0d1e","source":"owen_sound_city_map_pdf","distance_m":13.871911393599678,"centroid_distance_m":21.7524028854244},{"footprint_id":"16306","structure_id":"structure_f1879bd7c98725de2236","source":"grey_county_building_footprints","distance_m":14.0161226998605,"centroid_distance_m":22.405861485272734},{"footprint_id":"16303","structure_id":"structure_b6854ebda30d6364a419","source":"grey_county_building_footprints","distance_m":14.169498987858207,"centroid_distance_m":20.152828210618313}]},"geometry":{"type":"Point","coordinates":[-80.952839,44.578047]}},{"type":"Feature","properties":{"location_id":"cd2d451c-9647-4ef8-a9dd-5f7172b15253","review_status":"ambiguous","footprint_distance_m":14.498107616803331,"footprint_source":"owen_sound_city_map_pdf","candidates":[{"footprint_id":"0224c57ebd3e:ef065be3d80bebb21a41","structure_id":"structure_31b92d27e599a2ae595d","source":"owen_sound_city_map_pdf","distance_m":14.498107616803331,"centroid_distance_m":21.12485080519275},{"footprint_id":"11871","structure_id":"structure_0d3da271c62fa1289858","source":"grey_county_building_footprints","distance_m":15.499558914041057,"centroid_distance_m":19.896432987746046},{"footprint_id":"0224c57ebd3e:1b451e8567fab8f89547","structure_id":"structure_485b04022cf293df34e3","source":"owen_sound_city_map_pdf","distance_m":16.223824310058163,"centroid_distance_m":20.019339448281194},{"footprint_id":"0224c57ebd3e:b718b9fc776eca1984be","structure_id":"structure_43ca98fb3393904b4ac9","source":"owen_sound_city_map_pdf","distance_m":26.501149493083208,"centroid_distance_m":32.471287484392626},{"footprint_id":"11877","structure_id":"structure_e902b9bfa0c52948927f","source":"grey_county_building_footprints","distance_m":27.88330105715178,"centroid_distance_m":33.42929699074619},{"footprint_id":"0224c57ebd3e:d64c395405ee68f51b01","structure_id":"structure_6c0c87786cc20fb05397","source":"owen_sound_city_map_pdf","distance_m":30.521233453303086,"centroid_distance_m":35.37231606596139},{"footprint_id":"0224c57ebd3e:0b26e969b2e0a5457d44","structure_id":"structure_ef24d6cd3031d7e64e4e","source":"owen_sound_city_map_pdf","distance_m":36.786663964062726,"centroid_distance_m":46.21615034703212},{"footprint_id":"11767","structure_id":"structure_3fd540ae2269bc7c40bf","source":"grey_county_building_footprints","distance_m":37.82980277335683,"centroid_distance_m":46.6951155833455}]},"geometry":{"type":"Point","coordinates":[-80.947369,44.593379]}},{"type":"Feature","properties":{"location_id":"cd4f88ec-46d1-412c-afde-09a3e2b042d0","review_status":"unmatched","footprint_distance_m":65.01498869273138,"footprint_source":null,"candidates":[{"footprint_id":"a349912202","structure_id":"structure_cf153498babe577f7da1","source":"openstreetmap","distance_m":65.01498869273138,"centroid_distance_m":83.54726984238708},{"footprint_id":"a358148096","structure_id":"structure_f906f3982d49500ee3ac","source":"openstreetmap","distance_m":67.90130351763686,"centroid_distance_m":83.5597093060266},{"footprint_id":"a358148124","structure_id":"structure_dafd4889fff852f1a7cd","source":"openstreetmap","distance_m":71.31820576113698,"centroid_distance_m":90.98578327216222}]},"geometry":{"type":"Point","coordinates":[-80.917604,44.573472]}},{"type":"Feature","properties":{"location_id":"cfeac7f2-ad3a-4664-8cf2-23efe57331b0","review_status":"ambiguous","footprint_distance_m":10.727606878384774,"footprint_source":"grey_county_building_footprints","candidates":[{"footprint_id":"17849","structure_id":"structure_f6d3eeff8378d47526f2","source":"grey_county_building_footprints","distance_m":10.727606878384774,"centroid_distance_m":17.017679220786505},{"footprint_id":"0224c57ebd3e:e5941c5f13cbf6cf70a1","structure_id":"structure_66f0cc4bc1adbb712fc1","source":"owen_sound_city_map_pdf","distance_m":10.992581051890255,"centroid_distance_m":18.16658156514865},{"footprint_id":"0224c57ebd3e:a0b6622a8cfe02ae0941","structure_id":"structure_a1abeb41f238c5bd0b5b","source":"owen_sound_city_map_pdf","distance_m":11.456620609390885,"centroid_distance_m":19.508337274594755},{"footprint_id":"17846","structure_id":"structure_428f9eea61c8613d33dc","source":"grey_county_building_footprints","distance_m":12.29050700883334,"centroid_distance_m":18.240981978470398},{"footprint_id":"0224c57ebd3e:79841b794474cc3eca49","structure_id":"structure_a5ad72cba8469efecfc6","source":"owen_sound_city_map_pdf","distance_m":13.128133804347165,"centroid_distance_m":17.373712032291735},{"footprint_id":"19019","structure_id":"structure_77d8babfeefca91479d5","source":"grey_county_building_footprints","distance_m":14.010070318459707,"centroid_distance_m":18.22948523079085},{"footprint_id":"0224c57ebd3e:96916283427d244e798e","structure_id":"structure_6ea83c7d2b259be50010","source":"owen_sound_city_map_pdf","distance_m":15.97034903673248,"centroid_distance_m":27.106017806021292},{"footprint_id":"17837","structure_id":"structure_130de7c7c33b0e614f16","source":"grey_county_building_footprints","distance_m":16.64022861544084,"centroid_distance_m":25.65467127882448}]},"geometry":{"type":"Point","coordinates":[-80.948471,44.571407]}},{"type":"Feature","properties":{"location_id":"d19b75f8-84ea-4ba4-a1bf-72727fcc0a59","review_status":"unmatched","footprint_distance_m":154.3565926416193,"footprint_source":null,"candidates":[{"footprint_id":"0224c57ebd3e:fb70939561d9ef859053","structure_id":"structure_3cd86451bce7c3ee7000","source":"owen_sound_city_map_pdf","distance_m":154.3565926416193,"centroid_distance_m":162.43856831732884},{"footprint_id":"0224c57ebd3e:1078c81946d025f76c87","structure_id":"structure_4c7c924a0a970ee81803","source":"owen_sound_city_map_pdf","distance_m":154.9535584055289,"centroid_distance_m":167.17737254063545},{"footprint_id":"0224c57ebd3e:e66f6ad43c3fd68b8920","structure_id":"structure_f7f98cd22a6c30dfdaf1","source":"owen_sound_city_map_pdf","distance_m":435.8472443433885,"centroid_distance_m":443.3774047045653},{"footprint_id":"0224c57ebd3e:2cad8377a7764913ab59","structure_id":"structure_9741d9566d5028487cca","source":"owen_sound_city_map_pdf","distance_m":460.220417982109,"centroid_distance_m":475.13952565062476},{"footprint_id":"0224c57ebd3e:5c38e200ddec8cdecbad","structure_id":"structure_d7a50dbfbd9599a7136d","source":"owen_sound_city_map_pdf","distance_m":465.9079427121683,"centroid_distance_m":474.8825842616159},{"footprint_id":"0224c57ebd3e:872b6701ec54d5c3d41e","structure_id":"structure_e32192cf9a63bf3c0dc2","source":"owen_sound_city_map_pdf","distance_m":596.4598846818027,"centroid_distance_m":606.1418092691805},{"footprint_id":"0224c57ebd3e:a1c226d7ccd3a8ad2d27","structure_id":"structure_c01d445e94c9823f086d","source":"owen_sound_city_map_pdf","distance_m":629.8953448421296,"centroid_distance_m":646.0549331471553},{"footprint_id":"0224c57ebd3e:8b7bc5fa7a04ae969d3e","structure_id":"structure_dcbb5be0b7a48589f101","source":"owen_sound_city_map_pdf","distance_m":653.3940871509191,"centroid_distance_m":659.7323734598388}]},"geometry":{"type":"Point","coordinates":[-80.901139,44.561175]}},{"type":"Feature","properties":{"location_id":"d38542ed-1f70-427f-86d7-c0cce03f2cdd","review_status":"ambiguous","footprint_distance_m":14.812002140756396,"footprint_source":"grey_county_building_footprints","candidates":[{"footprint_id":"20049","structure_id":"structure_c030d8d92053a6e2331b","source":"grey_county_building_footprints","distance_m":14.812002140756396,"centroid_distance_m":26.831615867075595},{"footprint_id":"a2601948672","structure_id":"structure_d9571299a330c28d066f","source":"openstreetmap","distance_m":15.916639056339008,"centroid_distance_m":23.76508034329445},{"footprint_id":"20167","structure_id":"structure_c20eb73bfa3aa0b42b2a","source":"grey_county_building_footprints","distance_m":16.34862903831292,"centroid_distance_m":21.297323521829053},{"footprint_id":"a2601948656","structure_id":"structure_4b8e749588ba15cba1d0","source":"openstreetmap","distance_m":18.506141853420484,"centroid_distance_m":26.28518583056504},{"footprint_id":"20166","structure_id":"structure_6de0f30802b923040cc5","source":"grey_county_building_footprints","distance_m":20.412670802493977,"centroid_distance_m":27.86325082157055},{"footprint_id":"a2550734808","structure_id":"structure_51265850e7193a1000f8","source":"openstreetmap","distance_m":20.59619439075397,"centroid_distance_m":34.69051043362779},{"footprint_id":"a1050323256","structure_id":"structure_4748f462486ed9fd59c8","source":"openstreetmap","distance_m":33.5115069358161,"centroid_distance_m":44.93543234094546},{"footprint_id":"a2601948676","structure_id":"structure_e4eb044d50a9592c21d1","source":"openstreetmap","distance_m":24.916241314395837,"centroid_distance_m":31.894985816089573}]},"geometry":{"type":"Point","coordinates":[-80.945389,44.567475]}},{"type":"Feature","properties":{"location_id":"d62a4257-2087-4bad-be50-54ea53a6b686","review_status":"ambiguous","footprint_distance_m":7.918635275290871,"footprint_source":"owen_sound_city_map_pdf","candidates":[{"footprint_id":"0224c57ebd3e:f082646462e3004d81ad","structure_id":"structure_c985f46c3a654308ad87","source":"owen_sound_city_map_pdf","distance_m":7.918635275290871,"centroid_distance_m":16.962756959673065},{"footprint_id":"0224c57ebd3e:685a9e5c3b056569ed18","structure_id":"structure_af212c58d7e6554bb20e","source":"owen_sound_city_map_pdf","distance_m":9.224648635693764,"centroid_distance_m":17.67938282009283},{"footprint_id":"0224c57ebd3e:20800c66afe81181efaa","structure_id":"structure_3c422fad7928170eb350","source":"owen_sound_city_map_pdf","distance_m":18.19750494113363,"centroid_distance_m":27.850868844259747},{"footprint_id":"0224c57ebd3e:8f1927912f74b51b6efb","structure_id":"structure_bdb09d2b498234bfa8eb","source":"owen_sound_city_map_pdf","distance_m":18.352189926913862,"centroid_distance_m":27.021915783667716},{"footprint_id":"0224c57ebd3e:0c9ee70670c12a086925","structure_id":"structure_a2d37e7feb9148319318","source":"owen_sound_city_map_pdf","distance_m":26.549253654647714,"centroid_distance_m":34.270511418478144},{"footprint_id":"0224c57ebd3e:a703da3619bf6de0b728","structure_id":"structure_8e605d179b2dcd1763d8","source":"owen_sound_city_map_pdf","distance_m":27.12277378325193,"centroid_distance_m":35.529454633347164},{"footprint_id":"0224c57ebd3e:d9dbfdc6dcc886ca3330","structure_id":"structure_42b7dbb9263449f8819c","source":"owen_sound_city_map_pdf","distance_m":31.75961772095693,"centroid_distance_m":40.30719763151144},{"footprint_id":"0224c57ebd3e:040e33d08fe16d9df372","structure_id":"structure_fe5e83e81c671ab103f2","source":"owen_sound_city_map_pdf","distance_m":32.58135865434942,"centroid_distance_m":40.742480047764154}]},"geometry":{"type":"Point","coordinates":[-80.920048,44.590772]}},{"type":"Feature","properties":{"location_id":"d6cb49c9-998c-4c3e-9535-02935b0a16d0","review_status":"unmatched","footprint_distance_m":50.56327021394147,"footprint_source":null,"candidates":[{"footprint_id":"0224c57ebd3e:b28d42e46e2508897c4e","structure_id":"structure_2c75bcf4dbb50d66633e","source":"owen_sound_city_map_pdf","distance_m":50.56327021394147,"centroid_distance_m":61.46983212598564}]},"geometry":{"type":"Point","coordinates":[-80.894433,44.593581]}},{"type":"Feature","properties":{"location_id":"da4157c6-7a22-47e2-b31b-3277832b190a","review_status":"ambiguous","footprint_distance_m":8.819113357268854,"footprint_source":"owen_sound_city_map_pdf","candidates":[{"footprint_id":"0224c57ebd3e:18f62f4e1a6fba4a9302","structure_id":"structure_74c60a3d3e8c9e589181","source":"owen_sound_city_map_pdf","distance_m":8.819113357268854,"centroid_distance_m":14.958863507477568},{"footprint_id":"0224c57ebd3e:70937bcea39ebd374562","structure_id":"structure_eb1241caf5315b43c7c2","source":"owen_sound_city_map_pdf","distance_m":9.429230693068835,"centroid_distance_m":31.323874696680132},{"footprint_id":"0224c57ebd3e:7eb32cdb607a8fafc718","structure_id":"structure_43ec149bf6945870e513","source":"owen_sound_city_map_pdf","distance_m":12.200115519755292,"centroid_distance_m":22.787364875621446},{"footprint_id":"0224c57ebd3e:a3b059f13da931f14edc","structure_id":"structure_718fc959133775644126","source":"owen_sound_city_map_pdf","distance_m":24.204312147743067,"centroid_distance_m":29.16130447506538},{"footprint_id":"0224c57ebd3e:32b2c5b1255fbc945302","structure_id":"structure_958869d5becf3dd33ac4","source":"owen_sound_city_map_pdf","distance_m":28.802941068966206,"centroid_distance_m":35.523731997442326},{"footprint_id":"0224c57ebd3e:83d2334eb08ce3e9b969","structure_id":"structure_278a01f5fcd8c1f43f66","source":"owen_sound_city_map_pdf","distance_m":33.22626483601257,"centroid_distance_m":42.86953102683068},{"footprint_id":"0224c57ebd3e:9bbf8d784225048991e3","structure_id":"structure_4280c65ca6fdb9a1b2ae","source":"owen_sound_city_map_pdf","distance_m":39.649421782780074,"centroid_distance_m":46.608130352666485},{"footprint_id":"0224c57ebd3e:4b1de663f13dc730c2bf","structure_id":"structure_a6d212ebe9e5de7e7da8","source":"owen_sound_city_map_pdf","distance_m":55.04812124418264,"centroid_distance_m":64.66354051714235}]},"geometry":{"type":"Point","coordinates":[-80.939694,44.570491]}},{"type":"Feature","properties":{"location_id":"da62224e-59d0-4b37-8e5b-78c9504222bf","review_status":"ambiguous","footprint_distance_m":7.277645493085803,"footprint_source":"owen_sound_city_map_pdf","candidates":[{"footprint_id":"0224c57ebd3e:d997e35f988a897482c0","structure_id":"structure_53750bf9443597fdea7d","source":"owen_sound_city_map_pdf","distance_m":7.277645493085803,"centroid_distance_m":16.786974442496668},{"footprint_id":"0224c57ebd3e:4f9d7bb7d1259f3a1458","structure_id":"structure_04bb317715f7c1f196e8","source":"owen_sound_city_map_pdf","distance_m":8.254356492855813,"centroid_distance_m":15.368859728616213},{"footprint_id":"0224c57ebd3e:7c334360e6b626b3b2da","structure_id":"structure_f0afb1518faf4ae05713","source":"owen_sound_city_map_pdf","distance_m":18.60649401303415,"centroid_distance_m":27.441106503732556},{"footprint_id":"0224c57ebd3e:ca4ba6a21ab2fe3d03b1","structure_id":"structure_6a68d7e90167a1e56b80","source":"owen_sound_city_map_pdf","distance_m":18.88173153821991,"centroid_distance_m":26.767347657975343},{"footprint_id":"0224c57ebd3e:1eb0646e604faba47c79","structure_id":"structure_c6aec572f31a04704b7b","source":"owen_sound_city_map_pdf","distance_m":22.47890637812096,"centroid_distance_m":28.950236576277668},{"footprint_id":"0224c57ebd3e:12a06f8ed6418c1d92a6","structure_id":"structure_31def9c9b1aa84791a0b","source":"owen_sound_city_map_pdf","distance_m":22.81304926454868,"centroid_distance_m":28.656188957168677},{"footprint_id":"0224c57ebd3e:42cc99d92dae512b4508","structure_id":"structure_369f523e184dd1cbc044","source":"owen_sound_city_map_pdf","distance_m":27.86118599397769,"centroid_distance_m":37.821975537667676},{"footprint_id":"0224c57ebd3e:3f2335a07bf089f04261","structure_id":"structure_4bba41a6e51710504e5e","source":"owen_sound_city_map_pdf","distance_m":28.951484640238416,"centroid_distance_m":40.10577477308371}]},"geometry":{"type":"Point","coordinates":[-80.929453,44.574428]}},{"type":"Feature","properties":{"location_id":"dbc2cd26-e690-45a0-9801-c384f23885d3","review_status":"unmatched","footprint_distance_m":62.202045763691174,"footprint_source":null,"candidates":[{"footprint_id":"0224c57ebd3e:d9f29ea743425e6eabeb","structure_id":"structure_d2dd6a7888b7b0158709","source":"owen_sound_city_map_pdf","distance_m":62.202045763691174,"centroid_distance_m":67.75106065250827},{"footprint_id":"12651363","structure_id":"structure_a27ad7717b74994281b2","source":"canada_structures","distance_m":73.70365129044434,"centroid_distance_m":78.51330808642065}]},"geometry":{"type":"Point","coordinates":[-80.925055,44.57849]}},{"type":"Feature","properties":{"location_id":"dccb414b-4514-433a-a8ec-0091a1968cd8","review_status":"unmatched","footprint_distance_m":154.3565926416193,"footprint_source":null,"candidates":[{"footprint_id":"0224c57ebd3e:fb70939561d9ef859053","structure_id":"structure_3cd86451bce7c3ee7000","source":"owen_sound_city_map_pdf","distance_m":154.3565926416193,"centroid_distance_m":162.43856831732884},{"footprint_id":"0224c57ebd3e:1078c81946d025f76c87","structure_id":"structure_4c7c924a0a970ee81803","source":"owen_sound_city_map_pdf","distance_m":154.9535584055289,"centroid_distance_m":167.17737254063545},{"footprint_id":"0224c57ebd3e:e66f6ad43c3fd68b8920","structure_id":"structure_f7f98cd22a6c30dfdaf1","source":"owen_sound_city_map_pdf","distance_m":435.8472443433885,"centroid_distance_m":443.3774047045653},{"footprint_id":"0224c57ebd3e:2cad8377a7764913ab59","structure_id":"structure_9741d9566d5028487cca","source":"owen_sound_city_map_pdf","distance_m":460.220417982109,"centroid_distance_m":475.13952565062476},{"footprint_id":"0224c57ebd3e:5c38e200ddec8cdecbad","structure_id":"structure_d7a50dbfbd9599a7136d","source":"owen_sound_city_map_pdf","distance_m":465.9079427121683,"centroid_distance_m":474.8825842616159},{"footprint_id":"0224c57ebd3e:872b6701ec54d5c3d41e","structure_id":"structure_e32192cf9a63bf3c0dc2","source":"owen_sound_city_map_pdf","distance_m":596.4598846818027,"centroid_distance_m":606.1418092691805},{"footprint_id":"0224c57ebd3e:a1c226d7ccd3a8ad2d27","structure_id":"structure_c01d445e94c9823f086d","source":"owen_sound_city_map_pdf","distance_m":629.8953448421296,"centroid_distance_m":646.0549331471553},{"footprint_id":"0224c57ebd3e:8b7bc5fa7a04ae969d3e","structure_id":"structure_dcbb5be0b7a48589f101","source":"owen_sound_city_map_pdf","distance_m":653.3940871509191,"centroid_distance_m":659.7323734598388}]},"geometry":{"type":"Point","coordinates":[-80.901139,44.561175]}},{"type":"Feature","properties":{"location_id":"dd7589ef-22b3-40b7-8fbe-37009e819c43","review_status":"ambiguous","footprint_distance_m":3.463764121368964,"footprint_source":"owen_sound_city_map_pdf","candidates":[{"footprint_id":"0224c57ebd3e:78193a1c1db26d2cd290","structure_id":"structure_24b1329392edfb3a6dfd","source":"owen_sound_city_map_pdf","distance_m":3.463764121368964,"centroid_distance_m":7.572305606647887},{"footprint_id":"0224c57ebd3e:79adeff64ef3d18cf604","structure_id":"structure_c464a3707cc38ab609ea","source":"owen_sound_city_map_pdf","distance_m":4.849999481250753,"centroid_distance_m":16.24703487541008},{"footprint_id":"16734","structure_id":"structure_5dc97cf853233fff94e8","source":"grey_county_building_footprints","distance_m":6.112011558198553,"centroid_distance_m":11.539126299226256},{"footprint_id":"16736","structure_id":"structure_2dc79044e9a9779f7292","source":"grey_county_building_footprints","distance_m":10.52638144773815,"centroid_distance_m":15.55144590009495},{"footprint_id":"0224c57ebd3e:3dbb373101188a19fddf","structure_id":"structure_d85e2d44c2263bf8697d","source":"owen_sound_city_map_pdf","distance_m":11.954707543934616,"centroid_distance_m":15.24354479608509},{"footprint_id":"0224c57ebd3e:5c775339eea529b0188d","structure_id":"structure_e8c99b31b0cb68041499","source":"owen_sound_city_map_pdf","distance_m":20.200321499095903,"centroid_distance_m":32.677897003693225},{"footprint_id":"16733","structure_id":"structure_97bbcf3e18ff253bd667","source":"grey_county_building_footprints","distance_m":21.251454050351494,"centroid_distance_m":34.01584556238563},{"footprint_id":"0224c57ebd3e:5f7873b0afa66970209a","structure_id":"structure_50eb5670d8dbe6c050cd","source":"owen_sound_city_map_pdf","distance_m":21.9692209553092,"centroid_distance_m":34.04659146009315}]},"geometry":{"type":"Point","coordinates":[-80.953044,44.575467]}},{"type":"Feature","properties":{"location_id":"e611cb23-ebcc-4fac-b5fb-b2fbf4ad7b2d","review_status":"unmatched","footprint_distance_m":125.06563276637432,"footprint_source":null,"candidates":[{"footprint_id":"a226404044","structure_id":"structure_105960175a1d865ae19b","source":"openstreetmap","distance_m":125.06563276637432,"centroid_distance_m":235.90870933596685},{"footprint_id":"a226430434","structure_id":"structure_7d672bad785e05bb1bef","source":"openstreetmap","distance_m":209.78385594189606,"centroid_distance_m":264.9703793515792},{"footprint_id":"a226403660","structure_id":"structure_1aeb740a2911e17a70b8","source":"openstreetmap","distance_m":379.7223196286419,"centroid_distance_m":396.81490643105667},{"footprint_id":"0224c57ebd3e:5b12a6bf19b795365707","structure_id":"structure_cdacf09c334ade4f4e4b","source":"owen_sound_city_map_pdf","distance_m":393.36930808823143,"centroid_distance_m":397.30208547212976},{"footprint_id":"0224c57ebd3e:84bebdfe6d418a9e3db5","structure_id":"structure_dbf5ab16c52334e02311","source":"owen_sound_city_map_pdf","distance_m":419.78535285025544,"centroid_distance_m":425.03863799148064},{"footprint_id":"a226430998","structure_id":"structure_fd0c042f6fd108e6bbb0","source":"openstreetmap","distance_m":432.05466974804995,"centroid_distance_m":464.20759765249744},{"footprint_id":"0224c57ebd3e:78db80b18ecfc28ad42d","structure_id":"structure_afa632ae789c6b975e9b","source":"owen_sound_city_map_pdf","distance_m":451.8597023596152,"centroid_distance_m":456.3766082940451},{"footprint_id":"0224c57ebd3e:234e912b0fdb05b38d12","structure_id":"structure_288fff8afaf189235597","source":"owen_sound_city_map_pdf","distance_m":497.51040098474306,"centroid_distance_m":502.3850224447104}]},"geometry":{"type":"Point","coordinates":[-80.922213,44.59835]}},{"type":"Feature","properties":{"location_id":"e6d8e314-5a4f-4304-be42-f91efa076a42","review_status":"ambiguous","footprint_distance_m":8.000445308358465,"footprint_source":"owen_sound_city_map_pdf","candidates":[{"footprint_id":"0224c57ebd3e:2135a7cdba28ad6dbb44","structure_id":"structure_72ef893bedaa71a774d5","source":"owen_sound_city_map_pdf","distance_m":8.000445308358465,"centroid_distance_m":15.741414905767412},{"footprint_id":"0224c57ebd3e:8acd1f83a855565b1072","structure_id":"structure_41885757dec8ad5465c9","source":"owen_sound_city_map_pdf","distance_m":8.047864330678925,"centroid_distance_m":17.820030495348337},{"footprint_id":"16070","structure_id":"structure_51eee8d6e2ddfeb6db21","source":"grey_county_building_footprints","distance_m":8.938590109918492,"centroid_distance_m":41.090573632979336},{"footprint_id":"16071","structure_id":"structure_e13070b9185874985073","source":"grey_county_building_footprints","distance_m":9.047852954022366,"centroid_distance_m":14.372875723419266},{"footprint_id":"0224c57ebd3e:5c8cf924da341e0f53aa","structure_id":"structure_3292704e8f79cac6d490","source":"owen_sound_city_map_pdf","distance_m":15.128843711199663,"centroid_distance_m":21.064495873550396},{"footprint_id":"16068","structure_id":"structure_e61d75acfc8c94a9d95d","source":"grey_county_building_footprints","distance_m":15.904197428011047,"centroid_distance_m":21.024102742536748},{"footprint_id":"0224c57ebd3e:b788f70b30ed7b3f71c7","structure_id":"structure_c6f2a41e61423cc8037c","source":"owen_sound_city_map_pdf","distance_m":17.42058806293987,"centroid_distance_m":24.633412456944708},{"footprint_id":"0224c57ebd3e:70af7e16f30dd82c2745","structure_id":"structure_33d0810f4e4355ddefad","source":"owen_sound_city_map_pdf","distance_m":17.968068753435123,"centroid_distance_m":23.705772165293546}]},"geometry":{"type":"Point","coordinates":[-80.948765,44.57924]}},{"type":"Feature","properties":{"location_id":"e783309d-7f3c-4382-bd3b-a85984a4ae53","review_status":"unmatched","footprint_distance_m":65.01498869273138,"footprint_source":null,"candidates":[{"footprint_id":"a349912202","structure_id":"structure_cf153498babe577f7da1","source":"openstreetmap","distance_m":65.01498869273138,"centroid_distance_m":83.54726984238708},{"footprint_id":"a358148096","structure_id":"structure_f906f3982d49500ee3ac","source":"openstreetmap","distance_m":67.90130351763686,"centroid_distance_m":83.5597093060266},{"footprint_id":"a358148124","structure_id":"structure_dafd4889fff852f1a7cd","source":"openstreetmap","distance_m":71.31820576113698,"centroid_distance_m":90.98578327216222}]},"geometry":{"type":"Point","coordinates":[-80.917604,44.573472]}},{"type":"Feature","properties":{"location_id":"e997bc29-1f39-4c2e-abd0-74942644cd55","review_status":"unmatched","footprint_distance_m":50.56327021394147,"footprint_source":null,"candidates":[{"footprint_id":"0224c57ebd3e:b28d42e46e2508897c4e","structure_id":"structure_2c75bcf4dbb50d66633e","source":"owen_sound_city_map_pdf","distance_m":50.56327021394147,"centroid_distance_m":61.46983212598564}]},"geometry":{"type":"Point","coordinates":[-80.894433,44.593581]}},{"type":"Feature","properties":{"location_id":"ec66b283-8bb7-414e-8ec7-7fa875ab0879","review_status":"ambiguous","footprint_distance_m":9.19309937017469,"footprint_source":"openstreetmap","candidates":[{"footprint_id":"a2751656220","structure_id":"structure_5a49d0ef2a9b93db865f","source":"openstreetmap","distance_m":9.19309937017469,"centroid_distance_m":16.64149078823291},{"footprint_id":"a2751656218","structure_id":"structure_116ada82ea61f703625b","source":"openstreetmap","distance_m":11.059797383084485,"centroid_distance_m":20.08678888183626},{"footprint_id":"a2751656222","structure_id":"structure_cf7ba253665572de4b3c","source":"openstreetmap","distance_m":12.379246028658917,"centroid_distance_m":27.505305203660743},{"footprint_id":"a2751656244","structure_id":"structure_0a635ae283d21567e09c","source":"openstreetmap","distance_m":23.73088718448545,"centroid_distance_m":29.042173420063154},{"footprint_id":"12654039","structure_id":"structure_163085bcbdc2ddfa1291","source":"canada_structures","distance_m":24.71496994794165,"centroid_distance_m":31.90251202502661},{"footprint_id":"a2751656216","structure_id":"structure_5ce7e132479508cc7eec","source":"openstreetmap","distance_m":26.219644953856946,"centroid_distance_m":37.40645466790186},{"footprint_id":"0224c57ebd3e:a4fa83f7cde36e243697","structure_id":"structure_e60981fdf844599e3f75","source":"owen_sound_city_map_pdf","distance_m":27.673186360258516,"centroid_distance_m":35.77572167718744},{"footprint_id":"0224c57ebd3e:8dd58364e46c09465dcc","structure_id":"structure_ca5a27529b3e330832e2","source":"owen_sound_city_map_pdf","distance_m":29.17800654619087,"centroid_distance_m":34.84936722383518}]},"geometry":{"type":"Point","coordinates":[-80.941558,44.559432]}},{"type":"Feature","properties":{"location_id":"ef86ffa5-ef62-402a-8aa8-7deab8a5c9e5","review_status":"unmatched","footprint_distance_m":86.41817301599806,"footprint_source":null,"candidates":[{"footprint_id":"a226404500","structure_id":"structure_6eea79c9fc944a093bf4","source":"openstreetmap","distance_m":86.41817301599806,"centroid_distance_m":106.61644711989365},{"footprint_id":"a226403660","structure_id":"structure_1aeb740a2911e17a70b8","source":"openstreetmap","distance_m":195.2696558276049,"centroid_distance_m":216.2949172910693},{"footprint_id":"a226404044","structure_id":"structure_105960175a1d865ae19b","source":"openstreetmap","distance_m":198.07280218142336,"centroid_distance_m":265.93255312040424},{"footprint_id":"a770884270","structure_id":"structure_7142b33a022336cdf34d","source":"openstreetmap","distance_m":339.88277510425235,"centroid_distance_m":349.75153467702495},{"footprint_id":"a226404208","structure_id":"structure_bcb10e636b77e158411c","source":"openstreetmap","distance_m":409.6464014721201,"centroid_distance_m":449.32030393103537},{"footprint_id":"a226430434","structure_id":"structure_7d672bad785e05bb1bef","source":"openstreetmap","distance_m":416.0975932819281,"centroid_distance_m":526.0580458927178},{"footprint_id":"0224c57ebd3e:ca2efa7abc7d7deae7ef","structure_id":"structure_b30cccda17a8b08e8e0d","source":"owen_sound_city_map_pdf","distance_m":476.00920682728395,"centroid_distance_m":487.0123243561155},{"footprint_id":"0224c57ebd3e:b7b4494317c36b3a8df1","structure_id":"structure_5e48615a1dc31713d572","source":"owen_sound_city_map_pdf","distance_m":515.9077620283106,"centroid_distance_m":528.8359746534661}]},"geometry":{"type":"Point","coordinates":[-80.916657,44.598114]}},{"type":"Feature","properties":{"location_id":"f0e38b34-08fc-4e4c-ad2a-de55055faab6","review_status":"ambiguous","footprint_distance_m":2.6815761825487097,"footprint_source":"owen_sound_city_map_pdf","candidates":[{"footprint_id":"0224c57ebd3e:6ebf242e9c276617cc8c","structure_id":"structure_d80d8ccb9b3c8ca65ab3","source":"owen_sound_city_map_pdf","distance_m":2.6815761825487097,"centroid_distance_m":13.805161071958246},{"footprint_id":"0224c57ebd3e:d95167660a0a901bebdc","structure_id":"structure_d5292602d5ee000e8511","source":"owen_sound_city_map_pdf","distance_m":3.6669172115760063,"centroid_distance_m":12.836741105293303},{"footprint_id":"0224c57ebd3e:7358231138a30e8db559","structure_id":"structure_dd05779da6ff3af65830","source":"owen_sound_city_map_pdf","distance_m":20.313373376585517,"centroid_distance_m":27.563122123637736},{"footprint_id":"0224c57ebd3e:06a0de9d3406fa846788","structure_id":"structure_c71b2268d8d3c4d97f0d","source":"owen_sound_city_map_pdf","distance_m":22.888533980459066,"centroid_distance_m":29.8718664658894},{"footprint_id":"0224c57ebd3e:0557620cc41af247fae1","structure_id":"structure_e1dd766a419ff9ca158b","source":"owen_sound_city_map_pdf","distance_m":31.346507048895646,"centroid_distance_m":36.172819352055676},{"footprint_id":"0224c57ebd3e:43e07d2bc3657f7639d4","structure_id":"structure_fc0e1135662d73050bb6","source":"owen_sound_city_map_pdf","distance_m":31.945528187602456,"centroid_distance_m":38.76583231011265},{"footprint_id":"0224c57ebd3e:1b2ccdb7f7cf4d9e1cac","structure_id":"structure_4c21ce311a79b9365b6e","source":"owen_sound_city_map_pdf","distance_m":37.5870811733208,"centroid_distance_m":47.11865421125682},{"footprint_id":"0224c57ebd3e:e5bb344742f7aef631e4","structure_id":"structure_03397aac49802f0838e2","source":"owen_sound_city_map_pdf","distance_m":40.49956325057117,"centroid_distance_m":55.207771085464806}]},"geometry":{"type":"Point","coordinates":[-80.923546,44.568045]}},{"type":"Feature","properties":{"location_id":"f1ab3042-5eee-4bd0-bcd3-706e84281a81","review_status":"unmatched","footprint_distance_m":57.93572966575238,"footprint_source":null,"candidates":[{"footprint_id":"0224c57ebd3e:10e6af87a73a680bacca","structure_id":"structure_7fa1cdce10f5aa0cde9f","source":"owen_sound_city_map_pdf","distance_m":57.93572966575238,"centroid_distance_m":66.37452806794037},{"footprint_id":"13359","structure_id":"structure_50d0add98c236f9116dc","source":"grey_county_building_footprints","distance_m":58.07287341571562,"centroid_distance_m":66.75014469413792}]},"geometry":{"type":"Point","coordinates":[-80.95044,44.591265]}},{"type":"Feature","properties":{"location_id":"f3f3f521-6bc1-4508-b9a2-ba1ed6a8e282","review_status":"ambiguous","footprint_distance_m":11.405176894039773,"footprint_source":"owen_sound_city_map_pdf","candidates":[{"footprint_id":"0224c57ebd3e:7571023c35bcc4a1a3b3","structure_id":"structure_850cd93c46890a28f188","source":"owen_sound_city_map_pdf","distance_m":11.405176894039773,"centroid_distance_m":17.400523409677994},{"footprint_id":"0224c57ebd3e:e9feaead7a4f65865d5a","structure_id":"structure_b306036a48fc460b6c81","source":"owen_sound_city_map_pdf","distance_m":11.957156363356164,"centroid_distance_m":18.62716727997503},{"footprint_id":"0224c57ebd3e:4ce671f55dded8e82ba9","structure_id":"structure_63b4470b74c62552e05b","source":"owen_sound_city_map_pdf","distance_m":13.213723541669486,"centroid_distance_m":22.82948605847262},{"footprint_id":"0224c57ebd3e:7610f19630e69a68c0ee","structure_id":"structure_0f4b5c2b512407c62cf2","source":"owen_sound_city_map_pdf","distance_m":20.082715996727842,"centroid_distance_m":28.32419034176656},{"footprint_id":"0224c57ebd3e:e83e9d3c79a3fb4858d8","structure_id":"structure_4b5892427c6658e09980","source":"owen_sound_city_map_pdf","distance_m":28.605616944422895,"centroid_distance_m":39.05163156040502},{"footprint_id":"0224c57ebd3e:b0a54aede30710d9b1b0","structure_id":"structure_5ced7580cff4b65f4580","source":"owen_sound_city_map_pdf","distance_m":29.123412464344042,"centroid_distance_m":36.520354533773606},{"footprint_id":"0224c57ebd3e:59b3b6e9ba7df4ddf3cd","structure_id":"structure_ef8236cc01b5da05e965","source":"owen_sound_city_map_pdf","distance_m":32.21846957949531,"centroid_distance_m":40.139498524947356},{"footprint_id":"0224c57ebd3e:bed38e83fcecb767066a","structure_id":"structure_4ee39bd7bbf855fc050d","source":"owen_sound_city_map_pdf","distance_m":35.7092058800917,"centroid_distance_m":43.48683876085844}]},"geometry":{"type":"Point","coordinates":[-80.923816,44.582422]}},{"type":"Feature","properties":{"location_id":"f642c42b-0d16-4fec-8511-509eb468932c","review_status":"ambiguous","footprint_distance_m":36.91481480667342,"footprint_source":"openstreetmap","candidates":[{"footprint_id":"a366065606","structure_id":"structure_e2f540be064e00ac43e9","source":"openstreetmap","distance_m":36.91481480667342,"centroid_distance_m":69.3750537735691},{"footprint_id":"a366065596","structure_id":"structure_5db9d85c6724936021b2","source":"openstreetmap","distance_m":37.45983696027429,"centroid_distance_m":68.42685895383995},{"footprint_id":"a2757499240","structure_id":"structure_2af93658c9423c2e5e4b","source":"openstreetmap","distance_m":70.0618906611429,"centroid_distance_m":107.05286638550668}]},"geometry":{"type":"Point","coordinates":[-80.936079,44.568417]}},{"type":"Feature","properties":{"location_id":"f9758280-a7a7-46b7-bdd1-3ac8e1d7d6e8","review_status":"ambiguous","footprint_distance_m":15.689580556662621,"footprint_source":"grey_county_building_footprints","candidates":[{"footprint_id":"20557","structure_id":"structure_6284386751c6c1700187","source":"grey_county_building_footprints","distance_m":15.689580556662621,"centroid_distance_m":19.18460742020054},{"footprint_id":"20551","structure_id":"structure_036b79170bf60c60c670","source":"grey_county_building_footprints","distance_m":17.0417878321271,"centroid_distance_m":34.64174693778037},{"footprint_id":"12652168","structure_id":"structure_813f9b483bc4a38afe2d","source":"canada_structures","distance_m":17.57821204239286,"centroid_distance_m":21.580357597481214},{"footprint_id":"12651235","structure_id":"structure_a0b10df422dd31b77281","source":"canada_structures","distance_m":19.282023711968193,"centroid_distance_m":23.83393728567997},{"footprint_id":"12654327","structure_id":"structure_b3354de1b201383db4ab","source":"canada_structures","distance_m":21.78413043456794,"centroid_distance_m":26.458605837325155},{"footprint_id":"20555","structure_id":"structure_d9e6de2ce8a90bbc459d","source":"grey_county_building_footprints","distance_m":22.5641404310001,"centroid_distance_m":27.893189698329664},{"footprint_id":"12654000","structure_id":"structure_350c3fd71246bf554ab7","source":"canada_structures","distance_m":25.614421849219287,"centroid_distance_m":32.48304386979551},{"footprint_id":"20560","structure_id":"structure_ed73bf194fe1f314594a","source":"grey_county_building_footprints","distance_m":27.098199594678963,"centroid_distance_m":32.83605776128564}]},"geometry":{"type":"Point","coordinates":[-80.957451,44.56724]}},{"type":"Feature","properties":{"location_id":"fa0c96bd-4dc4-48f3-8336-3aefbc45478a","review_status":"unmatched","footprint_distance_m":57.93572966575238,"footprint_source":null,"candidates":[{"footprint_id":"0224c57ebd3e:10e6af87a73a680bacca","structure_id":"structure_7fa1cdce10f5aa0cde9f","source":"owen_sound_city_map_pdf","distance_m":57.93572966575238,"centroid_distance_m":66.37452806794037},{"footprint_id":"13359","structure_id":"structure_50d0add98c236f9116dc","source":"grey_county_building_footprints","distance_m":58.07287341571562,"centroid_distance_m":66.75014469413792}]},"geometry":{"type":"Point","coordinates":[-80.95044,44.591265]}},{"type":"Feature","properties":{"location_id":"fbc33f3d-ee3c-4896-878b-d061f0e3b45d","review_status":"ambiguous","footprint_distance_m":3.463764121368964,"footprint_source":"owen_sound_city_map_pdf","candidates":[{"footprint_id":"0224c57ebd3e:78193a1c1db26d2cd290","structure_id":"structure_24b1329392edfb3a6dfd","source":"owen_sound_city_map_pdf","distance_m":3.463764121368964,"centroid_distance_m":7.572305606647887},{"footprint_id":"0224c57ebd3e:79adeff64ef3d18cf604","structure_id":"structure_c464a3707cc38ab609ea","source":"owen_sound_city_map_pdf","distance_m":4.849999481250753,"centroid_distance_m":16.24703487541008},{"footprint_id":"16734","structure_id":"structure_5dc97cf853233fff94e8","source":"grey_county_building_footprints","distance_m":6.112011558198553,"centroid_distance_m":11.539126299226256},{"footprint_id":"16736","structure_id":"structure_2dc79044e9a9779f7292","source":"grey_county_building_footprints","distance_m":10.52638144773815,"centroid_distance_m":15.55144590009495},{"footprint_id":"0224c57ebd3e:3dbb373101188a19fddf","structure_id":"structure_d85e2d44c2263bf8697d","source":"owen_sound_city_map_pdf","distance_m":11.954707543934616,"centroid_distance_m":15.24354479608509},{"footprint_id":"0224c57ebd3e:5c775339eea529b0188d","structure_id":"structure_e8c99b31b0cb68041499","source":"owen_sound_city_map_pdf","distance_m":20.200321499095903,"centroid_distance_m":32.677897003693225},{"footprint_id":"16733","structure_id":"structure_97bbcf3e18ff253bd667","source":"grey_county_building_footprints","distance_m":21.251454050351494,"centroid_distance_m":34.01584556238563},{"footprint_id":"0224c57ebd3e:5f7873b0afa66970209a","structure_id":"structure_50eb5670d8dbe6c050cd","source":"owen_sound_city_map_pdf","distance_m":21.9692209553092,"centroid_distance_m":34.04659146009315}]},"geometry":{"type":"Point","coordinates":[-80.953044,44.575467]}},{"type":"Feature","properties":{"location_id":"fd0c8c98-a540-4885-a9d1-f80e6f34a123","review_status":"ambiguous","footprint_distance_m":8.819113357268854,"footprint_source":"owen_sound_city_map_pdf","candidates":[{"footprint_id":"0224c57ebd3e:18f62f4e1a6fba4a9302","structure_id":"structure_74c60a3d3e8c9e589181","source":"owen_sound_city_map_pdf","distance_m":8.819113357268854,"centroid_distance_m":14.958863507477568},{"footprint_id":"0224c57ebd3e:70937bcea39ebd374562","structure_id":"structure_eb1241caf5315b43c7c2","source":"owen_sound_city_map_pdf","distance_m":9.429230693068835,"centroid_distance_m":31.323874696680132},{"footprint_id":"0224c57ebd3e:7eb32cdb607a8fafc718","structure_id":"structure_43ec149bf6945870e513","source":"owen_sound_city_map_pdf","distance_m":12.200115519755292,"centroid_distance_m":22.787364875621446},{"footprint_id":"0224c57ebd3e:a3b059f13da931f14edc","structure_id":"structure_718fc959133775644126","source":"owen_sound_city_map_pdf","distance_m":24.204312147743067,"centroid_distance_m":29.16130447506538},{"footprint_id":"0224c57ebd3e:32b2c5b1255fbc945302","structure_id":"structure_958869d5becf3dd33ac4","source":"owen_sound_city_map_pdf","distance_m":28.802941068966206,"centroid_distance_m":35.523731997442326},{"footprint_id":"0224c57ebd3e:83d2334eb08ce3e9b969","structure_id":"structure_278a01f5fcd8c1f43f66","source":"owen_sound_city_map_pdf","distance_m":33.22626483601257,"centroid_distance_m":42.86953102683068},{"footprint_id":"0224c57ebd3e:9bbf8d784225048991e3","structure_id":"structure_4280c65ca6fdb9a1b2ae","source":"owen_sound_city_map_pdf","distance_m":39.649421782780074,"centroid_distance_m":46.608130352666485},{"footprint_id":"0224c57ebd3e:4b1de663f13dc730c2bf","structure_id":"structure_a6d212ebe9e5de7e7da8","source":"owen_sound_city_map_pdf","distance_m":55.04812124418264,"centroid_distance_m":64.66354051714235}]},"geometry":{"type":"Point","coordinates":[-80.939694,44.570491]}},{"type":"Feature","properties":{"location_id":"ff475eb4-0703-4411-bfa6-baf0debbbbfe","review_status":"unmatched","footprint_distance_m":53.14979359892181,"footprint_source":null,"candidates":[{"footprint_id":"0224c57ebd3e:c06e361665c4e32828f2","structure_id":"structure_f179530b048d7bd4892c","source":"owen_sound_city_map_pdf","distance_m":53.14979359892181,"centroid_distance_m":58.607520005307194},{"footprint_id":"0224c57ebd3e:f0f364538a88fcb3b73c","structure_id":"structure_f3348d9abb8c0685c2b1","source":"owen_sound_city_map_pdf","distance_m":54.19776870271748,"centroid_distance_m":62.019435364909626},{"footprint_id":"0224c57ebd3e:4ec0f320d007bfb23273","structure_id":"structure_4a42912739977df93b3f","source":"owen_sound_city_map_pdf","distance_m":63.78501018547522,"centroid_distance_m":72.9203743970254}]},"geometry":{"type":"Point","coordinates":[-80.898086,44.588664]}}]}
