{"type":"FeatureCollection","features":[{"type":"Feature","properties":{"review_id":"address_805f11770a1e0c89f83e","address_id":"address_805f11770a1e0c89f83e","external_source":"openstreetmap","external_id":"n413138441","label":"198 5th Street A East","queue_flags":["duplicate_normalized","apparent_multi_unit"],"within_boundary":true},"geometry":{"type":"Point","coordinates":[-80.942972,44.5587864]}},{"type":"Feature","properties":{"review_id":"address_6a8b45c109615c4b8df9","address_id":"address_6a8b45c109615c4b8df9","external_source":"openstreetmap","external_id":"n2406462203","label":"100 1st Street Southwest","queue_flags":["unmatched_street"],"within_boundary":true},"geometry":{"type":"Point","coordinates":[-80.9411293,44.5463399]}},{"type":"Feature","properties":{"review_id":"address_24748d19027f0df85db0","address_id":"address_24748d19027f0df85db0","external_source":"openstreetmap","external_id":"n2406462227","label":"100 Highway 6 and 10","queue_flags":["unmatched_street"],"within_boundary":true},"geometry":{"type":"Point","coordinates":[-80.9242586,44.5508865]}},{"type":"Feature","properties":{"review_id":"address_ad8e338de2197a70099b","address_id":"address_ad8e338de2197a70099b","external_source":"openstreetmap","external_id":"n2406462448","label":"198 1st Street Southwest","queue_flags":["unmatched_street"],"within_boundary":true},"geometry":{"type":"Point","coordinates":[-80.9425013,44.5461897]}},{"type":"Feature","properties":{"review_id":"address_581b04353b3d549823ba","address_id":"address_581b04353b3d549823ba","external_source":"openstreetmap","external_id":"n2406462461","label":"198 5th Street A East","queue_flags":["duplicate_normalized","apparent_multi_unit"],"within_boundary":true},"geometry":{"type":"Point","coordinates":[-80.9417458,44.5600429]}},{"type":"Feature","properties":{"review_id":"address_eecc6e23d56350522540","address_id":"address_eecc6e23d56350522540","external_source":"openstreetmap","external_id":"n2406462493","label":"200 1st Street Southwest","queue_flags":["unmatched_street"],"within_boundary":true},"geometry":{"type":"Point","coordinates":[-80.9426234,44.5461768]}},{"type":"Feature","properties":{"review_id":"address_fb6e7d1566d313873395","address_id":"address_fb6e7d1566d313873395","external_source":"openstreetmap","external_id":"n2406462496","label":"200 2nd Street West","queue_flags":["duplicate_normalized","apparent_multi_unit"],"within_boundary":true},"geometry":{"type":"Point","coordinates":[-80.9432555,44.5532285]}},{"type":"Feature","properties":{"review_id":"address_225c6ec0f0bc72b0201b","address_id":"address_225c6ec0f0bc72b0201b","external_source":"openstreetmap","external_id":"n2406462517","label":"201 2nd Street West","queue_flags":["duplicate_normalized","apparent_multi_unit"],"within_boundary":true},"geometry":{"type":"Point","coordinates":[-80.9432085,44.5531087]}},{"type":"Feature","properties":{"review_id":"address_c403395a1529d41c87b6","address_id":"address_c403395a1529d41c87b6","external_source":"openstreetmap","external_id":"n2406462587","label":"218217 Concession 3 Derby","queue_flags":["unmatched_street"],"within_boundary":true},"geometry":{"type":"Point","coordinates":[-80.9588941,44.5530412]}},{"type":"Feature","properties":{"review_id":"address_b90e269eeb8586ee9743","address_id":"address_b90e269eeb8586ee9743","external_source":"openstreetmap","external_id":"n2406462653","label":"298 1st Street Southwest","queue_flags":["unmatched_street"],"within_boundary":true},"geometry":{"type":"Point","coordinates":[-80.9435582,44.5460818]}},{"type":"Feature","properties":{"review_id":"address_1d97308a0ecd677ef144","address_id":"address_1d97308a0ecd677ef144","external_source":"openstreetmap","external_id":"n2406462658","label":"298 3rd Avenue West","queue_flags":["duplicate_normalized","apparent_multi_unit"],"within_boundary":true},"geometry":{"type":"Point","coordinates":[-80.9454079,44.5535876]}},{"type":"Feature","properties":{"review_id":"address_68092a2fda02a05a927b","address_id":"address_68092a2fda02a05a927b","external_source":"openstreetmap","external_id":"n2406462659","label":"298 3rd Avenue West","queue_flags":["duplicate_normalized","apparent_multi_unit"],"within_boundary":true},"geometry":{"type":"Point","coordinates":[-80.9445999,44.5543121]}},{"type":"Feature","properties":{"review_id":"address_db57f48d1e04ce997238","address_id":"address_db57f48d1e04ce997238","external_source":"openstreetmap","external_id":"n2406462736","label":"298 Highway 6 and 10","queue_flags":["unmatched_street"],"within_boundary":true},"geometry":{"type":"Point","coordinates":[-80.9259204,44.5581737]}},{"type":"Feature","properties":{"review_id":"address_073238deb2b15b1d4d02","address_id":"address_073238deb2b15b1d4d02","external_source":"openstreetmap","external_id":"n2406462769","label":"299 3rd Avenue West","queue_flags":["duplicate_normalized","apparent_multi_unit"],"within_boundary":true},"geometry":{"type":"Point","coordinates":[-80.9451635,44.5536129]}},{"type":"Feature","properties":{"review_id":"address_6b73ac1578343d9be738","address_id":"address_6b73ac1578343d9be738","external_source":"openstreetmap","external_id":"n2406462771","label":"299 3rd Avenue West","queue_flags":["duplicate_normalized","apparent_multi_unit"],"within_boundary":true},"geometry":{"type":"Point","coordinates":[-80.944464,44.5544252]}},{"type":"Feature","properties":{"review_id":"address_639d650c71ce43387fdb","address_id":"address_639d650c71ce43387fdb","external_source":"openstreetmap","external_id":"n2406462799","label":"300 1st Street Southwest","queue_flags":["unmatched_street"],"within_boundary":true},"geometry":{"type":"Point","coordinates":[-80.9436804,44.5460694]}},{"type":"Feature","properties":{"review_id":"address_de8e6fc0cb19262f85c4","address_id":"address_de8e6fc0cb19262f85c4","external_source":"openstreetmap","external_id":"n2406462894","label":"350 8th Avenue B East","queue_flags":["unmatched_street"],"within_boundary":true},"geometry":{"type":"Point","coordinates":[-80.9275381,44.5573687]}},{"type":"Feature","properties":{"review_id":"address_3a6bbe173925f7d618a1","address_id":"address_3a6bbe173925f7d618a1","external_source":"openstreetmap","external_id":"n2406462896","label":"351 8th Avenue B East","queue_flags":["unmatched_street"],"within_boundary":true},"geometry":{"type":"Point","coordinates":[-80.9272892,44.5572989]}},{"type":"Feature","properties":{"review_id":"address_a14ce570a00420c6e09f","address_id":"address_a14ce570a00420c6e09f","external_source":"openstreetmap","external_id":"n2406462927","label":"398 1st Street Southwest","queue_flags":["unmatched_street"],"within_boundary":true},"geometry":{"type":"Point","coordinates":[-80.9444965,44.5459864]}},{"type":"Feature","properties":{"review_id":"address_5692a9c50050317af1db","address_id":"address_5692a9c50050317af1db","external_source":"openstreetmap","external_id":"n2406462940","label":"398 8th Avenue B East","queue_flags":["unmatched_street"],"within_boundary":true},"geometry":{"type":"Point","coordinates":[-80.9275808,44.5578253]}},{"type":"Feature","properties":{"review_id":"address_39a27231551f54d4af82","address_id":"address_39a27231551f54d4af82","external_source":"openstreetmap","external_id":"n2406462952","label":"398210 28th Avenue East","queue_flags":["duplicate_normalized","apparent_multi_unit"],"within_boundary":true},"geometry":{"type":"Point","coordinates":[-80.8920207,44.5622985]}},{"type":"Feature","properties":{"review_id":"address_43994186559f22756b52","address_id":"address_43994186559f22756b52","external_source":"openstreetmap","external_id":"n2406462965","label":"399 8th Avenue B East","queue_flags":["unmatched_street"],"within_boundary":true},"geometry":{"type":"Point","coordinates":[-80.9274519,44.5580548]}},{"type":"Feature","properties":{"review_id":"address_8520f9ea593df7b184fb","address_id":"address_8520f9ea593df7b184fb","external_source":"openstreetmap","external_id":"n2406462970","label":"400 1st Street Southwest","queue_flags":["unmatched_street"],"within_boundary":true},"geometry":{"type":"Point","coordinates":[-80.9453542,44.5480392]}},{"type":"Feature","properties":{"review_id":"address_cec597976867c3388715","address_id":"address_cec597976867c3388715","external_source":"openstreetmap","external_id":"n2406462977","label":"400 4th Avenue West","queue_flags":["duplicate_normalized","apparent_multi_unit"],"within_boundary":true},"geometry":{"type":"Point","coordinates":[-80.9465845,44.5535249]}},{"type":"Feature","properties":{"review_id":"address_04744c704ca610650d3e","address_id":"address_04744c704ca610650d3e","external_source":"openstreetmap","external_id":"n2406462978","label":"400 4th Avenue West","queue_flags":["duplicate_normalized","apparent_multi_unit"],"within_boundary":true},"geometry":{"type":"Point","coordinates":[-80.9465946,44.5535759]}},{"type":"Feature","properties":{"review_id":"address_26a015dfba71b83615ab","address_id":"address_26a015dfba71b83615ab","external_source":"openstreetmap","external_id":"n2406462979","label":"400 4th Avenue West","queue_flags":["duplicate_normalized","apparent_multi_unit"],"within_boundary":true},"geometry":{"type":"Point","coordinates":[-80.9469002,44.5548921]}},{"type":"Feature","properties":{"review_id":"address_8013dbf44fbf7a17d0e2","address_id":"address_8013dbf44fbf7a17d0e2","external_source":"openstreetmap","external_id":"n2406463000","label":"401 1st Street Southwest","queue_flags":["unmatched_street"],"within_boundary":true},"geometry":{"type":"Point","coordinates":[-80.9453133,44.5478651]}},{"type":"Feature","properties":{"review_id":"address_a81e56cb03d32a3589bb","address_id":"address_a81e56cb03d32a3589bb","external_source":"openstreetmap","external_id":"n2406463006","label":"401 4th Avenue West","queue_flags":["duplicate_normalized","apparent_multi_unit"],"within_boundary":true},"geometry":{"type":"Point","coordinates":[-80.9463231,44.5534645]}},{"type":"Feature","properties":{"review_id":"address_399a3638cd7480f1c28d","address_id":"address_399a3638cd7480f1c28d","external_source":"openstreetmap","external_id":"n2406463007","label":"401 4th Avenue West","queue_flags":["duplicate_normalized","apparent_multi_unit"],"within_boundary":true},"geometry":{"type":"Point","coordinates":[-80.9463331,44.5535145]}},{"type":"Feature","properties":{"review_id":"address_172fed1996642e902e0b","address_id":"address_172fed1996642e902e0b","external_source":"openstreetmap","external_id":"n2406463008","label":"401 4th Avenue West","queue_flags":["duplicate_normalized","apparent_multi_unit"],"within_boundary":true},"geometry":{"type":"Point","coordinates":[-80.9466773,44.5550096]}},{"type":"Feature","properties":{"review_id":"address_82f6480f785d9a1de61b","address_id":"address_82f6480f785d9a1de61b","external_source":"openstreetmap","external_id":"n2406463067","label":"458 4th Avenue West","queue_flags":["duplicate_normalized","apparent_multi_unit"],"within_boundary":true},"geometry":{"type":"Point","coordinates":[-80.9468799,44.5548051]}},{"type":"Feature","properties":{"review_id":"address_649e251a3d2dda0e0cb5","address_id":"address_649e251a3d2dda0e0cb5","external_source":"openstreetmap","external_id":"n2406463068","label":"458 4th Avenue West","queue_flags":["duplicate_normalized","apparent_multi_unit"],"within_boundary":true},"geometry":{"type":"Point","coordinates":[-80.9473293,44.5567348]}},{"type":"Feature","properties":{"review_id":"address_fb9ab4cf761485f7c50e","address_id":"address_fb9ab4cf761485f7c50e","external_source":"openstreetmap","external_id":"n2406463070","label":"459 4th Avenue West","queue_flags":["duplicate_normalized","apparent_multi_unit"],"within_boundary":true},"geometry":{"type":"Point","coordinates":[-80.9466165,44.5547484]}},{"type":"Feature","properties":{"review_id":"address_a02672b46abbce42a1e3","address_id":"address_a02672b46abbce42a1e3","external_source":"openstreetmap","external_id":"n2406463071","label":"459 4th Avenue West","queue_flags":["duplicate_normalized","apparent_multi_unit"],"within_boundary":true},"geometry":{"type":"Point","coordinates":[-80.9470739,44.5567129]}},{"type":"Feature","properties":{"review_id":"address_2ca3e481a3bece081cec","address_id":"address_2ca3e481a3bece081cec","external_source":"openstreetmap","external_id":"n2406463099","label":"498 7th Avenue East","queue_flags":["duplicate_normalized","apparent_multi_unit"],"within_boundary":true},"geometry":{"type":"Point","coordinates":[-80.9317547,44.5600641]}},{"type":"Feature","properties":{"review_id":"address_7704745f5415d1de0f9a","address_id":"address_7704745f5415d1de0f9a","external_source":"openstreetmap","external_id":"n2406463100","label":"498 7th Avenue East","queue_flags":["duplicate_normalized","apparent_multi_unit"],"within_boundary":true},"geometry":{"type":"Point","coordinates":[-80.9317586,44.5600837]}},{"type":"Feature","properties":{"review_id":"address_f3acada1fcc11c7dad8d","address_id":"address_f3acada1fcc11c7dad8d","external_source":"openstreetmap","external_id":"n2406463102","label":"498 8th Avenue East","queue_flags":["duplicate_normalized","apparent_multi_unit"],"within_boundary":true},"geometry":{"type":"Point","coordinates":[-80.9301845,44.5584324]}},{"type":"Feature","properties":{"review_id":"address_61aef08e3b7af1452faf","address_id":"address_61aef08e3b7af1452faf","external_source":"openstreetmap","external_id":"n2406463103","label":"498 8th Avenue East","queue_flags":["duplicate_normalized","apparent_multi_unit"],"within_boundary":true},"geometry":{"type":"Point","coordinates":[-80.9298365,44.5594201]}},{"type":"Feature","properties":{"review_id":"address_8c9eaf48cc7c271e51ac","address_id":"address_8c9eaf48cc7c271e51ac","external_source":"openstreetmap","external_id":"n2406463117","label":"499 7th Avenue East","queue_flags":["duplicate_normalized","apparent_multi_unit"],"within_boundary":true},"geometry":{"type":"Point","coordinates":[-80.9314934,44.5600038]}},{"type":"Feature","properties":{"review_id":"address_caa9c4fab27f07ae8eab","address_id":"address_caa9c4fab27f07ae8eab","external_source":"openstreetmap","external_id":"n2406463118","label":"499 7th Avenue East","queue_flags":["duplicate_normalized","apparent_multi_unit"],"within_boundary":true},"geometry":{"type":"Point","coordinates":[-80.9314973,44.5600235]}},{"type":"Feature","properties":{"review_id":"address_eed725c2242ac9cf3e22","address_id":"address_eed725c2242ac9cf3e22","external_source":"openstreetmap","external_id":"n2406463127","label":"500 2nd Street A West","queue_flags":["duplicate_normalized","apparent_multi_unit"],"within_boundary":true},"geometry":{"type":"Point","coordinates":[-80.9490521,44.5523457]}},{"type":"Feature","properties":{"review_id":"address_1adad9bc4d2a6a26c2be","address_id":"address_1adad9bc4d2a6a26c2be","external_source":"openstreetmap","external_id":"n2406463128","label":"500 2nd Street A West","queue_flags":["duplicate_normalized","apparent_multi_unit"],"within_boundary":true},"geometry":{"type":"Point","coordinates":[-80.9476859,44.5525004]}},{"type":"Feature","properties":{"review_id":"address_89bcdd20f74905d4b966","address_id":"address_89bcdd20f74905d4b966","external_source":"openstreetmap","external_id":"n2406463149","label":"501 2nd Street A West","queue_flags":["duplicate_normalized","apparent_multi_unit"],"within_boundary":true},"geometry":{"type":"Point","coordinates":[-80.949134,44.5521577]}},{"type":"Feature","properties":{"review_id":"address_f3c8bc3ca6fcc43a4604","address_id":"address_f3c8bc3ca6fcc43a4604","external_source":"openstreetmap","external_id":"n2406463150","label":"501 2nd Street A West","queue_flags":["duplicate_normalized","apparent_multi_unit"],"within_boundary":true},"geometry":{"type":"Point","coordinates":[-80.9477849,44.5523105]}},{"type":"Feature","properties":{"review_id":"address_a4d26cfb93064869d858","address_id":"address_a4d26cfb93064869d858","external_source":"openstreetmap","external_id":"n2406463192","label":"598 1st Street Southwest","queue_flags":["unmatched_street"],"within_boundary":true},"geometry":{"type":"Point","coordinates":[-80.947718,44.5477719]}},{"type":"Feature","properties":{"review_id":"address_0724d644bb6e7653df2c","address_id":"address_0724d644bb6e7653df2c","external_source":"openstreetmap","external_id":"n2406463215","label":"599 1st Street Southwest","queue_flags":["unmatched_street"],"within_boundary":true},"geometry":{"type":"Point","coordinates":[-80.9477948,44.5476027]}},{"type":"Feature","properties":{"review_id":"address_e8fe966ca8e9659cb10d","address_id":"address_e8fe966ca8e9659cb10d","external_source":"openstreetmap","external_id":"n2406463359","label":"701 5th Street East","queue_flags":["duplicate_normalized","apparent_multi_unit"],"within_boundary":true},"geometry":{"type":"Point","coordinates":[-80.9314383,44.5600402]}},{"type":"Feature","properties":{"review_id":"address_77596c4b7f955cc6f77c","address_id":"address_77596c4b7f955cc6f77c","external_source":"openstreetmap","external_id":"n2406463360","label":"701 5th Street East","queue_flags":["duplicate_normalized","apparent_multi_unit"],"within_boundary":true},"geometry":{"type":"Point","coordinates":[-80.9307589,44.5600729]}},{"type":"Feature","properties":{"review_id":"address_7f47edaeab1f0cfed0f0","address_id":"address_7f47edaeab1f0cfed0f0","external_source":"openstreetmap","external_id":"n2406463423","label":"850 3rd Street A East","queue_flags":["unmatched_street"],"within_boundary":true},"geometry":{"type":"Point","coordinates":[-80.928287,44.5572335]}},{"type":"Feature","properties":{"review_id":"address_4e5492a43cb7cea1f5de","address_id":"address_4e5492a43cb7cea1f5de","external_source":"openstreetmap","external_id":"n2406463424","label":"850 4th Street East","queue_flags":["duplicate_normalized","apparent_multi_unit"],"within_boundary":true},"geometry":{"type":"Point","coordinates":[-80.9286153,44.55793]}},{"type":"Feature","properties":{"review_id":"address_851a7ca784dec748fb3a","address_id":"address_851a7ca784dec748fb3a","external_source":"openstreetmap","external_id":"n2406463425","label":"850 4th Street East","queue_flags":["duplicate_normalized","apparent_multi_unit"],"within_boundary":true},"geometry":{"type":"Point","coordinates":[-80.9283632,44.5579574]}},{"type":"Feature","properties":{"review_id":"address_f6472d74dde0164a4291","address_id":"address_f6472d74dde0164a4291","external_source":"openstreetmap","external_id":"n2406463426","label":"851 3rd Street A East","queue_flags":["unmatched_street"],"within_boundary":true},"geometry":{"type":"Point","coordinates":[-80.9282362,44.5570606]}},{"type":"Feature","properties":{"review_id":"address_fd54b553cc3f0dc081ec","address_id":"address_fd54b553cc3f0dc081ec","external_source":"openstreetmap","external_id":"n2406463427","label":"851 4th Street East","queue_flags":["duplicate_normalized","apparent_multi_unit"],"within_boundary":true},"geometry":{"type":"Point","coordinates":[-80.9284781,44.5577661]}},{"type":"Feature","properties":{"review_id":"address_b2eb14549b01a91229d4","address_id":"address_b2eb14549b01a91229d4","external_source":"openstreetmap","external_id":"n2406463428","label":"851 4th Street East","queue_flags":["duplicate_normalized","apparent_multi_unit"],"within_boundary":true},"geometry":{"type":"Point","coordinates":[-80.9283251,44.557783]}},{"type":"Feature","properties":{"review_id":"address_a97d1c36f9c5aa53aedd","address_id":"address_a97d1c36f9c5aa53aedd","external_source":"openstreetmap","external_id":"n2406463432","label":"898 3rd Street A East","queue_flags":["unmatched_street"],"within_boundary":true},"geometry":{"type":"Point","coordinates":[-80.9275977,44.5573172]}},{"type":"Feature","properties":{"review_id":"address_2575e1b4ad8bad453752","address_id":"address_2575e1b4ad8bad453752","external_source":"openstreetmap","external_id":"n2406463433","label":"898 4th Street East","queue_flags":["duplicate_normalized","apparent_multi_unit"],"within_boundary":true},"geometry":{"type":"Point","coordinates":[-80.9284852,44.5579438]}},{"type":"Feature","properties":{"review_id":"address_fe53ae40a83ae36817d8","address_id":"address_fe53ae40a83ae36817d8","external_source":"openstreetmap","external_id":"n2406463434","label":"898 4th Street East","queue_flags":["duplicate_normalized","apparent_multi_unit"],"within_boundary":true},"geometry":{"type":"Point","coordinates":[-80.9275689,44.5580503]}},{"type":"Feature","properties":{"review_id":"address_c60c0202647e6e2e096b","address_id":"address_c60c0202647e6e2e096b","external_source":"openstreetmap","external_id":"n2406463436","label":"899 3rd Street A East","queue_flags":["unmatched_street"],"within_boundary":true},"geometry":{"type":"Point","coordinates":[-80.9273018,44.5572124]}},{"type":"Feature","properties":{"review_id":"address_55d46eeb786c352aa05a","address_id":"address_55d46eeb786c352aa05a","external_source":"openstreetmap","external_id":"n2406463437","label":"899 4th Street East","queue_flags":["duplicate_normalized","apparent_multi_unit"],"within_boundary":true},"geometry":{"type":"Point","coordinates":[-80.9284167,44.5577726]}},{"type":"Feature","properties":{"review_id":"address_8bf1268d0061d005a937","address_id":"address_8bf1268d0061d005a937","external_source":"openstreetmap","external_id":"n2406463438","label":"899 4th Street East","queue_flags":["duplicate_normalized","apparent_multi_unit"],"within_boundary":true},"geometry":{"type":"Point","coordinates":[-80.9276507,44.5578619]}},{"type":"Feature","properties":{"review_id":"address_a8da89962e2bba98ecd5","address_id":"address_a8da89962e2bba98ecd5","external_source":"openstreetmap","external_id":"n2406463451","label":"98 2nd Avenue East","queue_flags":["duplicate_normalized","apparent_multi_unit"],"within_boundary":true},"geometry":{"type":"Point","coordinates":[-80.9398007,44.551403]}},{"type":"Feature","properties":{"review_id":"address_42c5e914536765695a57","address_id":"address_42c5e914536765695a57","external_source":"openstreetmap","external_id":"n2406463452","label":"98 2nd Avenue East","queue_flags":["duplicate_normalized","apparent_multi_unit"],"within_boundary":true},"geometry":{"type":"Point","coordinates":[-80.9398031,44.5514324]}},{"type":"Feature","properties":{"review_id":"address_3c59112ba4c10c49a394","address_id":"address_3c59112ba4c10c49a394","external_source":"openstreetmap","external_id":"n2406463454","label":"99 2nd Avenue East","queue_flags":["duplicate_normalized","apparent_multi_unit"],"within_boundary":true},"geometry":{"type":"Point","coordinates":[-80.9394407,44.551536]}},{"type":"Feature","properties":{"review_id":"address_069a138664a71de8f7e7","address_id":"address_069a138664a71de8f7e7","external_source":"openstreetmap","external_id":"n2406463455","label":"99 2nd Avenue East","queue_flags":["duplicate_normalized","apparent_multi_unit"],"within_boundary":true},"geometry":{"type":"Point","coordinates":[-80.9394446,44.5515829]}},{"type":"Feature","properties":{"review_id":"address_166cadfc74479df123ec","address_id":"address_166cadfc74479df123ec","external_source":"openstreetmap","external_id":"n2406484583","label":"100 10th Street West","queue_flags":["duplicate_normalized","apparent_multi_unit"],"within_boundary":true},"geometry":{"type":"Point","coordinates":[-80.9447027,44.56764]}},{"type":"Feature","properties":{"review_id":"address_7814bacd2d3a5eec96eb","address_id":"address_7814bacd2d3a5eec96eb","external_source":"openstreetmap","external_id":"n2406484610","label":"1000 1st Avenue A West","queue_flags":["unmatched_street"],"within_boundary":true},"geometry":{"type":"Point","coordinates":[-80.9455313,44.5681946]}},{"type":"Feature","properties":{"review_id":"address_c23b7fcc7b7d6f703e8e","address_id":"address_c23b7fcc7b7d6f703e8e","external_source":"openstreetmap","external_id":"n2406484624","label":"1001 1st Avenue A West","queue_flags":["unmatched_street"],"within_boundary":true},"geometry":{"type":"Point","coordinates":[-80.9453945,44.5682224]}},{"type":"Feature","properties":{"review_id":"address_bfadfe4ca495f5a92716","address_id":"address_bfadfe4ca495f5a92716","external_source":"openstreetmap","external_id":"n2406484653","label":"900 1st Avenue W","queue_flags":["unmatched_street"],"within_boundary":true},"geometry":{"type":"Point","coordinates":[-80.944921,44.5654998]}},{"type":"Feature","properties":{"review_id":"address_e092d1f188148c7ab8ff","address_id":"address_e092d1f188148c7ab8ff","external_source":"openstreetmap","external_id":"n2406484660","label":"101 Nicol's Gully Road","queue_flags":["unmatched_street"],"within_boundary":true},"geometry":{"type":"Point","coordinates":[-80.9620927,44.5665523]}},{"type":"Feature","properties":{"review_id":"address_802b2116c362ad0b0c43","address_id":"address_802b2116c362ad0b0c43","external_source":"openstreetmap","external_id":"n2406484718","label":"1098 1st Avenue A West","queue_flags":["unmatched_street"],"within_boundary":true},"geometry":{"type":"Point","coordinates":[-80.9457481,44.5692426]}},{"type":"Feature","properties":{"review_id":"address_a3273c780c3376a2e36b","address_id":"address_a3273c780c3376a2e36b","external_source":"openstreetmap","external_id":"n2406484800","label":"1099 1st Avenue A West","queue_flags":["unmatched_street"],"within_boundary":true},"geometry":{"type":"Point","coordinates":[-80.9456,44.5691588]}},{"type":"Feature","properties":{"review_id":"address_f15d04b008b662b75c74","address_id":"address_f15d04b008b662b75c74","external_source":"openstreetmap","external_id":"n2406485084","label":"1198 1st Avenue East","queue_flags":["duplicate_normalized","apparent_multi_unit"],"within_boundary":true},"geometry":{"type":"Point","coordinates":[-80.9420961,44.5723961]}},{"type":"Feature","properties":{"review_id":"address_056b2ed92caf833acbc2","address_id":"address_056b2ed92caf833acbc2","external_source":"openstreetmap","external_id":"n2406485201","label":"1300 2nd Avenue West","queue_flags":["duplicate_normalized","apparent_multi_unit"],"within_boundary":true},"geometry":{"type":"Point","coordinates":[-80.9475007,44.5724549]}},{"type":"Feature","properties":{"review_id":"address_90ca81cfdb68c9e9fb02","address_id":"address_90ca81cfdb68c9e9fb02","external_source":"openstreetmap","external_id":"n2406485202","label":"1300 2nd Avenue West","queue_flags":["duplicate_normalized","apparent_multi_unit"],"within_boundary":true},"geometry":{"type":"Point","coordinates":[-80.9475081,44.5724835]}},{"type":"Feature","properties":{"review_id":"address_c3af28dfd1f0c7e5ae95","address_id":"address_c3af28dfd1f0c7e5ae95","external_source":"openstreetmap","external_id":"n2406485206","label":"1300 6th Avenue West","queue_flags":["duplicate_normalized","apparent_multi_unit"],"within_boundary":true},"geometry":{"type":"Point","coordinates":[-80.9558419,44.5715608]}},{"type":"Feature","properties":{"review_id":"address_e2b591b7730e514c6c11","address_id":"address_e2b591b7730e514c6c11","external_source":"openstreetmap","external_id":"n2406485207","label":"1300 6th Avenue West","queue_flags":["duplicate_normalized","apparent_multi_unit"],"within_boundary":true},"geometry":{"type":"Point","coordinates":[-80.9548183,44.5715605]}},{"type":"Feature","properties":{"review_id":"address_78069bb85b8c7a1854b4","address_id":"address_78069bb85b8c7a1854b4","external_source":"openstreetmap","external_id":"n2406485216","label":"1301 6th Avenue West","queue_flags":["duplicate_normalized","apparent_multi_unit"],"within_boundary":true},"geometry":{"type":"Point","coordinates":[-80.9557315,44.5717996]}},{"type":"Feature","properties":{"review_id":"address_e1ba87fa57ea2f4370f5","address_id":"address_e1ba87fa57ea2f4370f5","external_source":"openstreetmap","external_id":"n2406485217","label":"1301 6th Avenue West","queue_flags":["duplicate_normalized","apparent_multi_unit"],"within_boundary":true},"geometry":{"type":"Point","coordinates":[-80.9545346,44.5717683]}},{"type":"Feature","properties":{"review_id":"address_60dd94e5b2445d34c1f0","address_id":"address_60dd94e5b2445d34c1f0","external_source":"openstreetmap","external_id":"n2406485245","label":"1398;101 1st Avenue West;14th Street West","queue_flags":["unmatched_street"],"within_boundary":true},"geometry":{"type":"Point","coordinates":[-80.9455883,44.5728672]}},{"type":"Feature","properties":{"review_id":"address_d8dd515572097c32b0d9","address_id":"address_d8dd515572097c32b0d9","external_source":"openstreetmap","external_id":"n2406485264","label":"1400 2nd Avenue East","queue_flags":["duplicate_normalized","apparent_multi_unit"],"within_boundary":true},"geometry":{"type":"Point","coordinates":[-80.9383943,44.5754114]}},{"type":"Feature","properties":{"review_id":"address_4c7fd2283ff640041925","address_id":"address_4c7fd2283ff640041925","external_source":"openstreetmap","external_id":"n2406485265","label":"1400 2nd Avenue East","queue_flags":["duplicate_normalized","apparent_multi_unit"],"within_boundary":true},"geometry":{"type":"Point","coordinates":[-80.9381181,44.5754164]}},{"type":"Feature","properties":{"review_id":"address_abe2fabaafb69c2367ca","address_id":"address_abe2fabaafb69c2367ca","external_source":"openstreetmap","external_id":"n2406485269","label":"1400 Eddie Sargent Parkway","queue_flags":["unmatched_street"],"within_boundary":true},"geometry":{"type":"Point","coordinates":[-80.9477436,44.5735152]}},{"type":"Feature","properties":{"review_id":"address_8dbfd19829b1105a2201","address_id":"address_8dbfd19829b1105a2201","external_source":"openstreetmap","external_id":"n2406485274","label":"1401 Eddie Sargent Parkway","queue_flags":["unmatched_street"],"within_boundary":true},"geometry":{"type":"Point","coordinates":[-80.9473519,44.5734391]}},{"type":"Feature","properties":{"review_id":"address_128781d77a48f88d6380","address_id":"address_128781d77a48f88d6380","external_source":"openstreetmap","external_id":"n2406485311","label":"1500 3rd Avenue West","queue_flags":["duplicate_normalized","apparent_multi_unit"],"within_boundary":true},"geometry":{"type":"Point","coordinates":[-80.950365,44.5752236]}},{"type":"Feature","properties":{"review_id":"address_492a90a1bfb8a8fa1f94","address_id":"address_492a90a1bfb8a8fa1f94","external_source":"openstreetmap","external_id":"n2406485334","label":"1548 Eddie Sargent Parkway","queue_flags":["unmatched_street"],"within_boundary":true},"geometry":{"type":"Point","coordinates":[-80.9479807,44.5751033]}},{"type":"Feature","properties":{"review_id":"address_baabd0d7101a9232acbd","address_id":"address_baabd0d7101a9232acbd","external_source":"openstreetmap","external_id":"n2406485335","label":"1549 Eddie Sargent Parkway","queue_flags":["unmatched_street"],"within_boundary":true},"geometry":{"type":"Point","coordinates":[-80.9476107,44.5750899]}},{"type":"Feature","properties":{"review_id":"address_d56958bd41a12429fb18","address_id":"address_d56958bd41a12429fb18","external_source":"openstreetmap","external_id":"n2406485336","label":"1550 Eddie Sargent Parkway","queue_flags":["unmatched_street"],"within_boundary":true},"geometry":{"type":"Point","coordinates":[-80.9479483,44.5754991]}},{"type":"Feature","properties":{"review_id":"address_74baa000717701b75ce0","address_id":"address_74baa000717701b75ce0","external_source":"openstreetmap","external_id":"n2406485337","label":"1551 Eddie Sargent Parkway","queue_flags":["unmatched_street"],"within_boundary":true},"geometry":{"type":"Point","coordinates":[-80.9475786,44.5754824]}},{"type":"Feature","properties":{"review_id":"address_31da7285442640f1dc34","address_id":"address_31da7285442640f1dc34","external_source":"openstreetmap","external_id":"n2406485428","label":"1798 Eddie Sargent Parkway","queue_flags":["unmatched_street"],"within_boundary":true},"geometry":{"type":"Point","coordinates":[-80.9473518,44.5782055]}},{"type":"Feature","properties":{"review_id":"address_330532e283dd0919f76d","address_id":"address_330532e283dd0919f76d","external_source":"openstreetmap","external_id":"n2406485433","label":"1799 Eddie Sargent Parkway","queue_flags":["unmatched_street"],"within_boundary":true},"geometry":{"type":"Point","coordinates":[-80.9469959,44.5782966]}},{"type":"Feature","properties":{"review_id":"address_b51391350bbe5072730e","address_id":"address_b51391350bbe5072730e","external_source":"openstreetmap","external_id":"n2406485439","label":"1800 Eddie Sargent Parkway","queue_flags":["unmatched_street"],"within_boundary":true},"geometry":{"type":"Point","coordinates":[-80.9474072,44.5785795]}},{"type":"Feature","properties":{"review_id":"address_2a5df7778e0b913c1ddb","address_id":"address_2a5df7778e0b913c1ddb","external_source":"openstreetmap","external_id":"n2406485445","label":"1801 Eddie Sargent Parkway","queue_flags":["unmatched_street"],"within_boundary":true},"geometry":{"type":"Point","coordinates":[-80.9470246,44.5783822]}},{"type":"Feature","properties":{"review_id":"address_e7c510537001d01eb5ea","address_id":"address_e7c510537001d01eb5ea","external_source":"openstreetmap","external_id":"n2406485451","label":"1898 Eddie Sargent Parkway","queue_flags":["unmatched_street"],"within_boundary":true},"geometry":{"type":"Point","coordinates":[-80.9478543,44.5796919]}},{"type":"Feature","properties":{"review_id":"address_4a770d49a7c78dac32c9","address_id":"address_4a770d49a7c78dac32c9","external_source":"openstreetmap","external_id":"n2406485458","label":"1899 Eddie Sargent Parkway","queue_flags":["unmatched_street"],"within_boundary":true},"geometry":{"type":"Point","coordinates":[-80.9475071,44.5797985]}},{"type":"Feature","properties":{"review_id":"address_41dda8df67e303304bb9","address_id":"address_41dda8df67e303304bb9","external_source":"openstreetmap","external_id":"n2406485462","label":"1900 Eddie Sargent Parkway","queue_flags":["unmatched_street"],"within_boundary":true},"geometry":{"type":"Point","coordinates":[-80.9479387,44.5799591]}},{"type":"Feature","properties":{"review_id":"address_85b786ddb4f00640e89e","address_id":"address_85b786ddb4f00640e89e","external_source":"openstreetmap","external_id":"n2406485466","label":"1901 Eddie Sargent Parkway","queue_flags":["unmatched_street"],"within_boundary":true},"geometry":{"type":"Point","coordinates":[-80.9475339,44.5798847]}},{"type":"Feature","properties":{"review_id":"address_cf9a450eeff3e77dac35","address_id":"address_cf9a450eeff3e77dac35","external_source":"openstreetmap","external_id":"n2406485501","label":"1998 Eddie Sargent Parkway","queue_flags":["unmatched_street"],"within_boundary":true},"geometry":{"type":"Point","coordinates":[-80.9482628,44.5809954]}},{"type":"Feature","properties":{"review_id":"address_e60f8fc353af10463f02","address_id":"address_e60f8fc353af10463f02","external_source":"openstreetmap","external_id":"n2406485505","label":"1999 Eddie Sargent Parkway","queue_flags":["unmatched_street"],"within_boundary":true},"geometry":{"type":"Point","coordinates":[-80.9478922,44.5810552]}},{"type":"Feature","properties":{"review_id":"address_0efca1e49eeec5457ca4","address_id":"address_0efca1e49eeec5457ca4","external_source":"openstreetmap","external_id":"n2406485541","label":"2000 Eddie Sargent Parkway","queue_flags":["unmatched_street"],"within_boundary":true},"geometry":{"type":"Point","coordinates":[-80.9479614,44.5825667]}},{"type":"Feature","properties":{"review_id":"address_a802ec8a1e22992d1046","address_id":"address_a802ec8a1e22992d1046","external_source":"openstreetmap","external_id":"n2406485546","label":"2001 Eddie Sargent Parkway","queue_flags":["unmatched_street"],"within_boundary":true},"geometry":{"type":"Point","coordinates":[-80.9478911,44.5811434]}},{"type":"Feature","properties":{"review_id":"address_c2ba2f4116613ea9167b","address_id":"address_c2ba2f4116613ea9167b","external_source":"openstreetmap","external_id":"n2406485603","label":"2198 Eddie Sargent Parkway","queue_flags":["unmatched_street"],"within_boundary":true},"geometry":{"type":"Point","coordinates":[-80.9475054,44.5835906]}},{"type":"Feature","properties":{"review_id":"address_9d2e58fca2f6c2adce78","address_id":"address_9d2e58fca2f6c2adce78","external_source":"openstreetmap","external_id":"n2406485608","label":"2199 Eddie Sargent Parkway","queue_flags":["unmatched_street"],"within_boundary":true},"geometry":{"type":"Point","coordinates":[-80.9471608,44.5835314]}},{"type":"Feature","properties":{"review_id":"address_f7d5656d5af100591178","address_id":"address_f7d5656d5af100591178","external_source":"openstreetmap","external_id":"n2406485742","label":"2799 8th Avenue West","queue_flags":["distant_from_road"],"within_boundary":true},"geometry":{"type":"Point","coordinates":[-80.9521825,44.5927327]}},{"type":"Feature","properties":{"review_id":"address_db34a9ddc2b3fb778414","address_id":"address_db34a9ddc2b3fb778414","external_source":"openstreetmap","external_id":"n2406485780","label":"298 8th Street West","queue_flags":["duplicate_normalized","apparent_multi_unit"],"within_boundary":true},"geometry":{"type":"Point","coordinates":[-80.9468281,44.5635477]}},{"type":"Feature","properties":{"review_id":"address_92e11207240deb992fec","address_id":"address_92e11207240deb992fec","external_source":"openstreetmap","external_id":"n2406485781","label":"298 8th Street West","queue_flags":["duplicate_normalized","apparent_multi_unit"],"within_boundary":true},"geometry":{"type":"Point","coordinates":[-80.9468007,44.5635505]}},{"type":"Feature","properties":{"review_id":"address_2f398833ee91c62ee402","address_id":"address_2f398833ee91c62ee402","external_source":"openstreetmap","external_id":"n2406485800","label":"299 8th Street West","queue_flags":["duplicate_normalized","apparent_multi_unit"],"within_boundary":true},"geometry":{"type":"Point","coordinates":[-80.9468242,44.563379]}},{"type":"Feature","properties":{"review_id":"address_65a7cdc58d6bed6f2409","address_id":"address_65a7cdc58d6bed6f2409","external_source":"openstreetmap","external_id":"n2406485899","label":"398 12th Street West","queue_flags":["duplicate_normalized","apparent_multi_unit"],"within_boundary":true},"geometry":{"type":"Point","coordinates":[-80.9502794,44.5711994]}},{"type":"Feature","properties":{"review_id":"address_9e4d411c8c34d70a6191","address_id":"address_9e4d411c8c34d70a6191","external_source":"openstreetmap","external_id":"n2406485900","label":"398 12th Street West","queue_flags":["duplicate_normalized","apparent_multi_unit"],"within_boundary":true},"geometry":{"type":"Point","coordinates":[-80.9492979,44.5713142]}},{"type":"Feature","properties":{"review_id":"address_2f99518806435fd559a3","address_id":"address_2f99518806435fd559a3","external_source":"openstreetmap","external_id":"n2406485937","label":"399 27th Street West","queue_flags":["duplicate_normalized","apparent_multi_unit"],"within_boundary":true},"geometry":{"type":"Point","coordinates":[-80.9466503,44.5906191]}},{"type":"Feature","properties":{"review_id":"address_340e622ddeeafba07e17","address_id":"address_340e622ddeeafba07e17","external_source":"openstreetmap","external_id":"n2406485938","label":"399 27th Street West","queue_flags":["duplicate_normalized","apparent_multi_unit"],"within_boundary":true},"geometry":{"type":"Point","coordinates":[-80.9480576,44.5908675]}},{"type":"Feature","properties":{"review_id":"address_fef19766769a0560c3aa","address_id":"address_fef19766769a0560c3aa","external_source":"openstreetmap","external_id":"n2406485981","label":"401 15th Street West","queue_flags":["duplicate_normalized","apparent_multi_unit"],"within_boundary":true},"geometry":{"type":"Point","coordinates":[-80.9519148,44.574721]}},{"type":"Feature","properties":{"review_id":"address_ca515c775c658f58513a","address_id":"address_ca515c775c658f58513a","external_source":"openstreetmap","external_id":"n2406485982","label":"401 15th Street West","queue_flags":["duplicate_normalized","apparent_multi_unit"],"within_boundary":true},"geometry":{"type":"Point","coordinates":[-80.9515555,44.5748309]}},{"type":"Feature","properties":{"review_id":"address_67b88deec5fbcc30d334","address_id":"address_67b88deec5fbcc30d334","external_source":"openstreetmap","external_id":"n2406486111","label":"501 8th Street West","queue_flags":["duplicate_normalized","apparent_multi_unit"],"within_boundary":true},"geometry":{"type":"Point","coordinates":[-80.9506803,44.5629102]}},{"type":"Feature","properties":{"review_id":"address_9d45023591ce2aea5d97","address_id":"address_9d45023591ce2aea5d97","external_source":"openstreetmap","external_id":"n2406486356","label":"799 2nd Avenue East","queue_flags":["duplicate_normalized","apparent_multi_unit"],"within_boundary":true},"geometry":{"type":"Point","coordinates":[-80.9422665,44.5638287]}},{"type":"Feature","properties":{"review_id":"address_4deffedcc2ccce9a56fd","address_id":"address_4deffedcc2ccce9a56fd","external_source":"openstreetmap","external_id":"n2406486372","label":"800 1st Avenue East","queue_flags":["duplicate_normalized","apparent_multi_unit"],"within_boundary":true},"geometry":{"type":"Point","coordinates":[-80.9439174,44.5638665]}},{"type":"Feature","properties":{"review_id":"address_674cf44394b1ced30fb3","address_id":"address_674cf44394b1ced30fb3","external_source":"openstreetmap","external_id":"n2406486482","label":"898 10th Street West","queue_flags":["duplicate_normalized","apparent_multi_unit"],"within_boundary":true},"geometry":{"type":"Point","coordinates":[-80.9619651,44.5661733]}},{"type":"Feature","properties":{"review_id":"address_9d9675c4a95fab820fc8","address_id":"address_9d9675c4a95fab820fc8","external_source":"openstreetmap","external_id":"n2406486483","label":"898 10th Street West","queue_flags":["duplicate_normalized","apparent_multi_unit"],"within_boundary":true},"geometry":{"type":"Point","coordinates":[-80.9617359,44.5662212]}},{"type":"Feature","properties":{"review_id":"address_8926f7bb39fabdb584e4","address_id":"address_8926f7bb39fabdb584e4","external_source":"openstreetmap","external_id":"n2406486500","label":"899 10th Street West","queue_flags":["duplicate_normalized","apparent_multi_unit"],"within_boundary":true},"geometry":{"type":"Point","coordinates":[-80.9619525,44.5658754]}},{"type":"Feature","properties":{"review_id":"address_a9ddde823c6cbbdc007a","address_id":"address_a9ddde823c6cbbdc007a","external_source":"openstreetmap","external_id":"n2406486502","label":"899 10th Street West","queue_flags":["duplicate_normalized","apparent_multi_unit"],"within_boundary":true},"geometry":{"type":"Point","coordinates":[-80.9616467,44.5659631]}},{"type":"Feature","properties":{"review_id":"address_736fce24f6d3d13b8886","address_id":"address_736fce24f6d3d13b8886","external_source":"openstreetmap","external_id":"n2406486518","label":"900 1st Avenue West","queue_flags":["duplicate_normalized","apparent_multi_unit"],"within_boundary":true},"geometry":{"type":"Point","coordinates":[-80.9447663,44.5656983]}},{"type":"Feature","properties":{"review_id":"address_81cce8494156646175a0","address_id":"address_81cce8494156646175a0","external_source":"openstreetmap","external_id":"n2406486541","label":"901 3rd Avenue East","queue_flags":["duplicate_normalized","apparent_multi_unit"],"within_boundary":true},"geometry":{"type":"Point","coordinates":[-80.9408303,44.5662019]}},{"type":"Feature","properties":{"review_id":"address_0aaa537d4bd51b1cd430","address_id":"address_0aaa537d4bd51b1cd430","external_source":"openstreetmap","external_id":"n2407216654","label":"3098 9th Avenue East","queue_flags":["duplicate_normalized","apparent_multi_unit"],"within_boundary":true},"geometry":{"type":"Point","coordinates":[-80.9163041,44.5995374]}},{"type":"Feature","properties":{"review_id":"address_1f8fd75cb18e33702ad9","address_id":"address_1f8fd75cb18e33702ad9","external_source":"openstreetmap","external_id":"n2407216658","label":"3098 9th Avenue East","queue_flags":["duplicate_normalized","apparent_multi_unit"],"within_boundary":true},"geometry":{"type":"Point","coordinates":[-80.9158545,44.6007595]}},{"type":"Feature","properties":{"review_id":"address_b0079d442fe42a3f76c3","address_id":"address_b0079d442fe42a3f76c3","external_source":"openstreetmap","external_id":"n2407216662","label":"3099 9th Avenue East","queue_flags":["duplicate_normalized","apparent_multi_unit"],"within_boundary":true},"geometry":{"type":"Point","coordinates":[-80.9160308,44.5994749]}},{"type":"Feature","properties":{"review_id":"address_6a044cd56d7e26a831b1","address_id":"address_6a044cd56d7e26a831b1","external_source":"openstreetmap","external_id":"n2407216665","label":"3099 9th Avenue East","queue_flags":["duplicate_normalized","apparent_multi_unit"],"within_boundary":true},"geometry":{"type":"Point","coordinates":[-80.9155322,44.6007705]}},{"type":"Feature","properties":{"review_id":"address_8471a40868869faacbdf","address_id":"address_8471a40868869faacbdf","external_source":"openstreetmap","external_id":"n2407216764","label":"600 32nd Street East","queue_flags":["duplicate_normalized","apparent_multi_unit"],"within_boundary":true},"geometry":{"type":"Point","coordinates":[-80.9178139,44.6013672]}},{"type":"Feature","properties":{"review_id":"address_fd542e75a252aa890abe","address_id":"address_fd542e75a252aa890abe","external_source":"openstreetmap","external_id":"n2407216773","label":"600 32nd Street East","queue_flags":["duplicate_normalized","apparent_multi_unit"],"within_boundary":true},"geometry":{"type":"Point","coordinates":[-80.9198007,44.601748]}},{"type":"Feature","properties":{"review_id":"address_2dc3f6978336ad1abd13","address_id":"address_2dc3f6978336ad1abd13","external_source":"openstreetmap","external_id":"n2407216788","label":"601 32nd Street East","queue_flags":["duplicate_normalized","apparent_multi_unit"],"within_boundary":true},"geometry":{"type":"Point","coordinates":[-80.9178783,44.6011968]}},{"type":"Feature","properties":{"review_id":"address_123d10d152d49af9e719","address_id":"address_123d10d152d49af9e719","external_source":"openstreetmap","external_id":"n2407216796","label":"601 32nd Street East","queue_flags":["duplicate_normalized","apparent_multi_unit"],"within_boundary":true},"geometry":{"type":"Point","coordinates":[-80.9199423,44.6015923]}},{"type":"Feature","properties":{"review_id":"address_f9a70c43f654c450c36b","address_id":"address_f9a70c43f654c450c36b","external_source":"openstreetmap","external_id":"n2407216922","label":"898 32nd Street East","queue_flags":["duplicate_normalized","apparent_multi_unit"],"within_boundary":true},"geometry":{"type":"Point","coordinates":[-80.915775,44.6009705]}},{"type":"Feature","properties":{"review_id":"address_a89b1ec3feabfa79399b","address_id":"address_a89b1ec3feabfa79399b","external_source":"openstreetmap","external_id":"n2407216923","label":"898 32nd Street East","queue_flags":["duplicate_normalized","apparent_multi_unit"],"within_boundary":true},"geometry":{"type":"Point","coordinates":[-80.9179331,44.6013903]}},{"type":"Feature","properties":{"review_id":"address_1b58fa6c2e0be960d883","address_id":"address_1b58fa6c2e0be960d883","external_source":"openstreetmap","external_id":"n2407216926","label":"899 32nd Street East","queue_flags":["duplicate_normalized","apparent_multi_unit"],"within_boundary":true},"geometry":{"type":"Point","coordinates":[-80.9159606,44.6008237]}},{"type":"Feature","properties":{"review_id":"address_5cb8d67dfe1771200b75","address_id":"address_5cb8d67dfe1771200b75","external_source":"openstreetmap","external_id":"n2407216929","label":"899 32nd Street East","queue_flags":["duplicate_normalized","apparent_multi_unit"],"within_boundary":true},"geometry":{"type":"Point","coordinates":[-80.9179976,44.6012198]}},{"type":"Feature","properties":{"review_id":"address_f781980abef31082de8d","address_id":"address_f781980abef31082de8d","external_source":"openstreetmap","external_id":"n2407328430","label":"1000 9th Avenue East","queue_flags":["duplicate_normalized","apparent_multi_unit"],"within_boundary":true},"geometry":{"type":"Point","coordinates":[-80.9286017,44.5695851]}},{"type":"Feature","properties":{"review_id":"address_24719c1c8a1ff4b31463","address_id":"address_24719c1c8a1ff4b31463","external_source":"openstreetmap","external_id":"n2407328431","label":"1000 9th Avenue East","queue_flags":["duplicate_normalized","apparent_multi_unit"],"within_boundary":true},"geometry":{"type":"Point","coordinates":[-80.9286391,44.5697463]}},{"type":"Feature","properties":{"review_id":"address_a52a83c3f5b8369b68bd","address_id":"address_a52a83c3f5b8369b68bd","external_source":"openstreetmap","external_id":"n2407328438","label":"1001 9th Avenue East","queue_flags":["duplicate_normalized","apparent_multi_unit"],"within_boundary":true},"geometry":{"type":"Point","coordinates":[-80.9282259,44.5695841]}},{"type":"Feature","properties":{"review_id":"address_f9d8f611e9086d21cea6","address_id":"address_f9d8f611e9086d21cea6","external_source":"openstreetmap","external_id":"n2407328439","label":"1001 9th Avenue East","queue_flags":["duplicate_normalized","apparent_multi_unit"],"within_boundary":true},"geometry":{"type":"Point","coordinates":[-80.9282667,44.5697598]}},{"type":"Feature","properties":{"review_id":"address_3fe60b47474bcc9bf71b","address_id":"address_3fe60b47474bcc9bf71b","external_source":"openstreetmap","external_id":"n2407328475","label":"1100 16th Avenue East","queue_flags":["duplicate_normalized","apparent_multi_unit"],"within_boundary":true},"geometry":{"type":"Point","coordinates":[-80.9147887,44.5673323]}},{"type":"Feature","properties":{"review_id":"address_354a76a23378201ffc1f","address_id":"address_354a76a23378201ffc1f","external_source":"openstreetmap","external_id":"n2407328480","label":"1100 16th Avenue East","queue_flags":["duplicate_normalized","apparent_multi_unit"],"within_boundary":true},"geometry":{"type":"Point","coordinates":[-80.9151734,44.5693174]}},{"type":"Feature","properties":{"review_id":"address_b82d16a89d328eeb75be","address_id":"address_b82d16a89d328eeb75be","external_source":"openstreetmap","external_id":"n2407328484","label":"1100 16th Avenue East","queue_flags":["duplicate_normalized","apparent_multi_unit"],"within_boundary":true},"geometry":{"type":"Point","coordinates":[-80.9155504,44.570981]}},{"type":"Feature","properties":{"review_id":"address_586e0a0f03214ae368be","address_id":"address_586e0a0f03214ae368be","external_source":"openstreetmap","external_id":"n2407328488","label":"1100 16th Avenue East","queue_flags":["duplicate_normalized","apparent_multi_unit"],"within_boundary":true},"geometry":{"type":"Point","coordinates":[-80.9163652,44.5742497]}},{"type":"Feature","properties":{"review_id":"address_0028a236cc684837630e","address_id":"address_0028a236cc684837630e","external_source":"openstreetmap","external_id":"n2407328502","label":"1101 16th Avenue East","queue_flags":["duplicate_normalized","apparent_multi_unit"],"within_boundary":true},"geometry":{"type":"Point","coordinates":[-80.9145447,44.5673615]}},{"type":"Feature","properties":{"review_id":"address_f876288d47f618c026c6","address_id":"address_f876288d47f618c026c6","external_source":"openstreetmap","external_id":"n2407328503","label":"1101 16th Avenue East","queue_flags":["duplicate_normalized","apparent_multi_unit"],"within_boundary":true},"geometry":{"type":"Point","coordinates":[-80.9149294,44.5693444]}},{"type":"Feature","properties":{"review_id":"address_a3e97da2585f57da99e4","address_id":"address_a3e97da2585f57da99e4","external_source":"openstreetmap","external_id":"n2407328504","label":"1101 16th Avenue East","queue_flags":["duplicate_normalized","apparent_multi_unit"],"within_boundary":true},"geometry":{"type":"Point","coordinates":[-80.9153322,44.571104]}},{"type":"Feature","properties":{"review_id":"address_68d5e5e9bc8626496c11","address_id":"address_68d5e5e9bc8626496c11","external_source":"openstreetmap","external_id":"n2407328505","label":"1101 16th Avenue East","queue_flags":["duplicate_normalized","apparent_multi_unit"],"within_boundary":true},"geometry":{"type":"Point","coordinates":[-80.9160491,44.5742947]}},{"type":"Feature","properties":{"review_id":"address_a6596aca10963d8e669d","address_id":"address_a6596aca10963d8e669d","external_source":"openstreetmap","external_id":"n2407328513","label":"1198 16th Street East","queue_flags":["duplicate_normalized","apparent_multi_unit"],"within_boundary":true},"geometry":{"type":"Point","coordinates":[-80.9239623,44.5740086]}},{"type":"Feature","properties":{"review_id":"address_7e39f87d5866d395b7da","address_id":"address_7e39f87d5866d395b7da","external_source":"openstreetmap","external_id":"n2407328514","label":"1198 16th Street East","queue_flags":["duplicate_normalized","apparent_multi_unit"],"within_boundary":true},"geometry":{"type":"Point","coordinates":[-80.9234018,44.5741156]}},{"type":"Feature","properties":{"review_id":"address_d3f642ddc0e5bbc1d1ef","address_id":"address_d3f642ddc0e5bbc1d1ef","external_source":"openstreetmap","external_id":"n2407328522","label":"1199 16th Street East","queue_flags":["duplicate_normalized","apparent_multi_unit"],"within_boundary":true},"geometry":{"type":"Point","coordinates":[-80.9239036,44.5737471]}},{"type":"Feature","properties":{"review_id":"address_50f69eee261f69002609","address_id":"address_50f69eee261f69002609","external_source":"openstreetmap","external_id":"n2407328523","label":"1199 16th Street East","queue_flags":["duplicate_normalized","apparent_multi_unit"],"within_boundary":true},"geometry":{"type":"Point","coordinates":[-80.9234458,44.5737687]}},{"type":"Feature","properties":{"review_id":"address_691f5c7cc0d5ed55d8f7","address_id":"address_691f5c7cc0d5ed55d8f7","external_source":"openstreetmap","external_id":"n2407328791","label":"1598 16th Avenue East","queue_flags":["duplicate_normalized","apparent_multi_unit"],"within_boundary":true},"geometry":{"type":"Point","coordinates":[-80.9151545,44.5692301]}},{"type":"Feature","properties":{"review_id":"address_1121cf9f7bf3d058dc83","address_id":"address_1121cf9f7bf3d058dc83","external_source":"openstreetmap","external_id":"n2407328792","label":"1598 16th Avenue East","queue_flags":["duplicate_normalized","apparent_multi_unit"],"within_boundary":true},"geometry":{"type":"Point","coordinates":[-80.9155288,44.5708941]}},{"type":"Feature","properties":{"review_id":"address_c34bfde4f5fea8646c35","address_id":"address_c34bfde4f5fea8646c35","external_source":"openstreetmap","external_id":"n2407328793","label":"1598 16th Avenue East","queue_flags":["duplicate_normalized","apparent_multi_unit"],"within_boundary":true},"geometry":{"type":"Point","coordinates":[-80.9163093,44.5741786]}},{"type":"Feature","properties":{"review_id":"address_cdea1adb6befa49b1380","address_id":"address_cdea1adb6befa49b1380","external_source":"openstreetmap","external_id":"n2407328794","label":"1598 16th Avenue East","queue_flags":["duplicate_normalized","apparent_multi_unit"],"within_boundary":true},"geometry":{"type":"Point","coordinates":[-80.9164613,44.5745829]}},{"type":"Feature","properties":{"review_id":"address_4f1a46e3874847a05749","address_id":"address_4f1a46e3874847a05749","external_source":"openstreetmap","external_id":"n2407328805","label":"1599 16th Avenue East","queue_flags":["duplicate_normalized","apparent_multi_unit"],"within_boundary":true},"geometry":{"type":"Point","coordinates":[-80.9149105,44.5692572]}},{"type":"Feature","properties":{"review_id":"address_f6775b256391b9351040","address_id":"address_f6775b256391b9351040","external_source":"openstreetmap","external_id":"n2407328806","label":"1599 16th Avenue East","queue_flags":["duplicate_normalized","apparent_multi_unit"],"within_boundary":true},"geometry":{"type":"Point","coordinates":[-80.9152671,44.570843]}},{"type":"Feature","properties":{"review_id":"address_ea45d537a425d6cef56b","address_id":"address_ea45d537a425d6cef56b","external_source":"openstreetmap","external_id":"n2407328807","label":"1599 16th Avenue East","queue_flags":["duplicate_normalized","apparent_multi_unit"],"within_boundary":true},"geometry":{"type":"Point","coordinates":[-80.9160664,44.5742119]}},{"type":"Feature","properties":{"review_id":"address_df91f19edf53aafe28b6","address_id":"address_df91f19edf53aafe28b6","external_source":"openstreetmap","external_id":"n2407328808","label":"1599 16th Avenue East","queue_flags":["duplicate_normalized","apparent_multi_unit"],"within_boundary":true},"geometry":{"type":"Point","coordinates":[-80.9161242,44.5746187]}},{"type":"Feature","properties":{"review_id":"address_3b646bfaa8738c4f16d8","address_id":"address_3b646bfaa8738c4f16d8","external_source":"openstreetmap","external_id":"n2407328809","label":"1599 16th Street East","queue_flags":["duplicate_normalized","apparent_multi_unit"],"within_boundary":true},"geometry":{"type":"Point","coordinates":[-80.922889,44.5738496]}},{"type":"Feature","properties":{"review_id":"address_a61fe7c6f45b4831eef5","address_id":"address_a61fe7c6f45b4831eef5","external_source":"openstreetmap","external_id":"n2407328810","label":"1599 16th Street East","queue_flags":["duplicate_normalized","apparent_multi_unit"],"within_boundary":true},"geometry":{"type":"Point","coordinates":[-80.9165328,44.5746193]}},{"type":"Feature","properties":{"review_id":"address_80fe0ef20acaf836c148","address_id":"address_80fe0ef20acaf836c148","external_source":"openstreetmap","external_id":"n2407328880","label":"1699 16th Avenue East","queue_flags":["duplicate_normalized","apparent_multi_unit"],"within_boundary":true},"geometry":{"type":"Point","coordinates":[-80.9162671,44.5751075]}},{"type":"Feature","properties":{"review_id":"address_d9549265b5417cd56275","address_id":"address_d9549265b5417cd56275","external_source":"openstreetmap","external_id":"n2407328881","label":"1699 16th Avenue East","queue_flags":["duplicate_normalized","apparent_multi_unit"],"within_boundary":true},"geometry":{"type":"Point","coordinates":[-80.9165167,44.5760403]}},{"type":"Feature","properties":{"review_id":"address_7a3a238141260bca531f","address_id":"address_7a3a238141260bca531f","external_source":"openstreetmap","external_id":"n2407328940","label":"1800 16th Street East","queue_flags":["duplicate_normalized","apparent_multi_unit"],"within_boundary":true},"geometry":{"type":"Point","coordinates":[-80.9125868,44.5753822]}},{"type":"Feature","properties":{"review_id":"address_50c38b456b54c05058ac","address_id":"address_50c38b456b54c05058ac","external_source":"openstreetmap","external_id":"n2407328941","label":"1800 16th Street East","queue_flags":["duplicate_normalized","apparent_multi_unit"],"within_boundary":true},"geometry":{"type":"Point","coordinates":[-80.912839,44.5753978]}},{"type":"Feature","properties":{"review_id":"address_4e2250eb0204303be324","address_id":"address_4e2250eb0204303be324","external_source":"openstreetmap","external_id":"n2407328950","label":"1801 16th Street East","queue_flags":["duplicate_normalized","apparent_multi_unit"],"within_boundary":true},"geometry":{"type":"Point","coordinates":[-80.9127683,44.5750522]}},{"type":"Feature","properties":{"review_id":"address_c5b365d0fcf4d1b734e9","address_id":"address_c5b365d0fcf4d1b734e9","external_source":"openstreetmap","external_id":"n2407328951","label":"1801 16th Street East","queue_flags":["duplicate_normalized","apparent_multi_unit"],"within_boundary":true},"geometry":{"type":"Point","coordinates":[-80.9125049,44.5751234]}},{"type":"Feature","properties":{"review_id":"address_86b43f7e963b3bf4a073","address_id":"address_86b43f7e963b3bf4a073","external_source":"openstreetmap","external_id":"n2407329111","label":"243000 Sideroad 21","queue_flags":["unmatched_street"],"within_boundary":true},"geometry":{"type":"Point","coordinates":[-80.898778,44.593083]}},{"type":"Feature","properties":{"review_id":"address_0b3dfc5faac71df0e785","address_id":"address_0b3dfc5faac71df0e785","external_source":"openstreetmap","external_id":"n2407329112","label":"243001 Sideroad 21","queue_flags":["unmatched_street"],"within_boundary":true},"geometry":{"type":"Point","coordinates":[-80.8988177,44.5932572]}},{"type":"Feature","properties":{"review_id":"address_2a2346aea84115488630","address_id":"address_2a2346aea84115488630","external_source":"openstreetmap","external_id":"n2407329317","label":"398209 28th Avenue East","queue_flags":["duplicate_normalized","apparent_multi_unit"],"within_boundary":true},"geometry":{"type":"Point","coordinates":[-80.8934353,44.5695768]}},{"type":"Feature","properties":{"review_id":"address_316fe9e22b1b2700c399","address_id":"address_316fe9e22b1b2700c399","external_source":"openstreetmap","external_id":"n2407329318","label":"398209 28th Avenue East","queue_flags":["duplicate_normalized","apparent_multi_unit"],"within_boundary":true},"geometry":{"type":"Point","coordinates":[-80.8935453,44.5703423]}},{"type":"Feature","properties":{"review_id":"address_b1545aae27008627004d","address_id":"address_b1545aae27008627004d","external_source":"openstreetmap","external_id":"n2407329319","label":"398210 28th Avenue East","queue_flags":["duplicate_normalized","apparent_multi_unit"],"within_boundary":true},"geometry":{"type":"Point","coordinates":[-80.8937903,44.5697641]}},{"type":"Feature","properties":{"review_id":"address_6c1ccd5f291c4cf50187","address_id":"address_6c1ccd5f291c4cf50187","external_source":"openstreetmap","external_id":"n2407329320","label":"398210 28th Avenue East","queue_flags":["duplicate_normalized","apparent_multi_unit"],"within_boundary":true},"geometry":{"type":"Point","coordinates":[-80.893911,44.5703002]}},{"type":"Feature","properties":{"review_id":"address_933f00e82099c1b1e76c","address_id":"address_933f00e82099c1b1e76c","external_source":"openstreetmap","external_id":"n2407329327","label":"398379 28th Avenue East","queue_flags":["duplicate_normalized","apparent_multi_unit"],"within_boundary":true},"geometry":{"type":"Point","coordinates":[-80.8935256,44.5702552]}},{"type":"Feature","properties":{"review_id":"address_01193d85777913c1546b","address_id":"address_01193d85777913c1546b","external_source":"openstreetmap","external_id":"n2407329328","label":"398379 28th Avenue East","queue_flags":["duplicate_normalized","apparent_multi_unit"],"within_boundary":true},"geometry":{"type":"Point","coordinates":[-80.8950807,44.5771295]}},{"type":"Feature","properties":{"review_id":"address_1556d5573aea68157615","address_id":"address_1556d5573aea68157615","external_source":"openstreetmap","external_id":"n2407329836","label":"700 10th Street East","queue_flags":["duplicate_normalized","apparent_multi_unit"],"within_boundary":true},"geometry":{"type":"Point","coordinates":[-80.9330122,44.5690812]}},{"type":"Feature","properties":{"review_id":"address_43ef7794def8d1ee796a","address_id":"address_43ef7794def8d1ee796a","external_source":"openstreetmap","external_id":"n2407329921","label":"700;951 9th Street A East;7th Avenue East","queue_flags":["unmatched_street"],"within_boundary":true},"geometry":{"type":"Point","coordinates":[-80.9327768,44.5681696]}},{"type":"Feature","properties":{"review_id":"address_d75638c482dbdac465a6","address_id":"address_d75638c482dbdac465a6","external_source":"openstreetmap","external_id":"n2407329976","label":"799;998 10th Street East;8th Avenue East","queue_flags":["unmatched_street"],"within_boundary":true},"geometry":{"type":"Point","coordinates":[-80.9305291,44.5691422]}},{"type":"Feature","properties":{"review_id":"address_196fcb8f90a983591ab8","address_id":"address_196fcb8f90a983591ab8","external_source":"openstreetmap","external_id":"n2407329997","label":"800 10th Street East","queue_flags":["duplicate_normalized","apparent_multi_unit"],"within_boundary":true},"geometry":{"type":"Point","coordinates":[-80.9304508,44.56931]}},{"type":"Feature","properties":{"review_id":"address_430fe59e9ce90790a21f","address_id":"address_430fe59e9ce90790a21f","external_source":"openstreetmap","external_id":"n2407329998","label":"800 10th Street East","queue_flags":["duplicate_normalized","apparent_multi_unit"],"within_boundary":true},"geometry":{"type":"Point","coordinates":[-80.9286339,44.5695368]}},{"type":"Feature","properties":{"review_id":"address_ace2cbbb2f1654a91676","address_id":"address_ace2cbbb2f1654a91676","external_source":"openstreetmap","external_id":"n2407330007","label":"800 23rd Street East","queue_flags":["duplicate_normalized","apparent_multi_unit"],"within_boundary":true},"geometry":{"type":"Point","coordinates":[-80.9236286,44.5867174]}},{"type":"Feature","properties":{"review_id":"address_81117a94420a4ca07a9e","address_id":"address_81117a94420a4ca07a9e","external_source":"openstreetmap","external_id":"n2407330023","label":"801 10th Street East","queue_flags":["duplicate_normalized","apparent_multi_unit"],"within_boundary":true},"geometry":{"type":"Point","coordinates":[-80.9302694,44.5690638]}},{"type":"Feature","properties":{"review_id":"address_96b9df4a0ffcd82cd47c","address_id":"address_96b9df4a0ffcd82cd47c","external_source":"openstreetmap","external_id":"n2407330024","label":"801 10th Street East","queue_flags":["duplicate_normalized","apparent_multi_unit"],"within_boundary":true},"geometry":{"type":"Point","coordinates":[-80.9285734,44.5692756]}},{"type":"Feature","properties":{"review_id":"address_2cbc61a515d518c46bd3","address_id":"address_2cbc61a515d518c46bd3","external_source":"openstreetmap","external_id":"n2407330138","label":"900 8th Street East","queue_flags":["duplicate_normalized","apparent_multi_unit"],"within_boundary":true},"geometry":{"type":"Point","coordinates":[-80.9273116,44.565782]}},{"type":"Feature","properties":{"review_id":"address_bfb65c942cfae2301fd2","address_id":"address_bfb65c942cfae2301fd2","external_source":"openstreetmap","external_id":"n2407330139","label":"900 8th Street East","queue_flags":["duplicate_normalized","apparent_multi_unit"],"within_boundary":true},"geometry":{"type":"Point","coordinates":[-80.924076,44.5661588]}},{"type":"Feature","properties":{"review_id":"address_fea0f3633a8daab1a0f7","address_id":"address_fea0f3633a8daab1a0f7","external_source":"openstreetmap","external_id":"n2407330145","label":"901 16th Street East","queue_flags":["duplicate_normalized","apparent_multi_unit"],"within_boundary":true},"geometry":{"type":"Point","coordinates":[-80.9263769,44.5735831]}},{"type":"Feature","properties":{"review_id":"address_c5f20744a318fdc77838","address_id":"address_c5f20744a318fdc77838","external_source":"openstreetmap","external_id":"n2407330146","label":"901 16th Street East","queue_flags":["duplicate_normalized","apparent_multi_unit"],"within_boundary":true},"geometry":{"type":"Point","coordinates":[-80.9237861,44.573738]}},{"type":"Feature","properties":{"review_id":"address_30722b6d373d3a21c21f","address_id":"address_30722b6d373d3a21c21f","external_source":"openstreetmap","external_id":"n2407330156","label":"901 8th Street East","queue_flags":["duplicate_normalized","apparent_multi_unit"],"within_boundary":true},"geometry":{"type":"Point","coordinates":[-80.9272531,44.5655206]}},{"type":"Feature","properties":{"review_id":"address_ae61013ccf2b3b45dd59","address_id":"address_ae61013ccf2b3b45dd59","external_source":"openstreetmap","external_id":"n2407330157","label":"901 8th Street East","queue_flags":["duplicate_normalized","apparent_multi_unit"],"within_boundary":true},"geometry":{"type":"Point","coordinates":[-80.9241365,44.5658839]}},{"type":"Feature","properties":{"review_id":"address_6020d847e29062e50778","address_id":"address_6020d847e29062e50778","external_source":"openstreetmap","external_id":"n2407330176","label":"950;798 8th Avenue East;9th Street A East","queue_flags":["unmatched_street"],"within_boundary":true},"geometry":{"type":"Point","coordinates":[-80.9303848,44.5684425]}},{"type":"Feature","properties":{"review_id":"address_ed89ed60006b534b3f2e","address_id":"address_ed89ed60006b534b3f2e","external_source":"openstreetmap","external_id":"n2407330194","label":"998 8th Street East","queue_flags":["duplicate_normalized","apparent_multi_unit"],"within_boundary":true},"geometry":{"type":"Point","coordinates":[-80.9244418,44.5661168]}},{"type":"Feature","properties":{"review_id":"address_ce43e080c88b1d642caf","address_id":"address_ce43e080c88b1d642caf","external_source":"openstreetmap","external_id":"n2407330195","label":"998 8th Street East","queue_flags":["duplicate_normalized","apparent_multi_unit"],"within_boundary":true},"geometry":{"type":"Point","coordinates":[-80.9231698,44.5662608]}},{"type":"Feature","properties":{"review_id":"address_3a222f4a51cf82a8afa8","address_id":"address_3a222f4a51cf82a8afa8","external_source":"openstreetmap","external_id":"n2407330205","label":"999;701 7th Avenue East;10th Street East","queue_flags":["unmatched_street"],"within_boundary":true},"geometry":{"type":"Point","coordinates":[-80.9329202,44.5688692]}},{"type":"Feature","properties":{"review_id":"address_f3d8a5a2df1b00d1c475","address_id":"address_f3d8a5a2df1b00d1c475","external_source":"openstreetmap","external_id":"n2407330207","label":"999 8th Street East","queue_flags":["duplicate_normalized","apparent_multi_unit"],"within_boundary":true},"geometry":{"type":"Point","coordinates":[-80.9242584,44.56587]}},{"type":"Feature","properties":{"review_id":"address_db2c8ad503cd21095b17","address_id":"address_db2c8ad503cd21095b17","external_source":"openstreetmap","external_id":"n2407330209","label":"999 8th Street East","queue_flags":["duplicate_normalized","apparent_multi_unit"],"within_boundary":true},"geometry":{"type":"Point","coordinates":[-80.9229858,44.5660135]}},{"type":"Feature","properties":{"review_id":"address_50c5f51ed49b28e5d730","address_id":"address_50c5f51ed49b28e5d730","external_source":"openstreetmap","external_id":"n2633004418","label":"1545 16th Street East Unit 3","queue_flags":["apparent_multi_unit"],"within_boundary":true},"geometry":{"type":"Point","coordinates":[-80.9184756,44.5740695]}},{"type":"Feature","properties":{"review_id":"address_13aa42ac13530c22eca3","address_id":"address_13aa42ac13530c22eca3","external_source":"openstreetmap","external_id":"n3736810580","label":"874 2nd Avenue E","queue_flags":["unmatched_street"],"within_boundary":true},"geometry":{"type":"Point","coordinates":[-80.9429106,44.5651985]}},{"type":"Feature","properties":{"review_id":"address_3ccfdb9895e00499a0a2","address_id":"address_3ccfdb9895e00499a0a2","external_source":"openstreetmap","external_id":"n4466295533","label":"948 3rd Avenue West","queue_flags":["duplicate_normalized","apparent_multi_unit"],"within_boundary":true},"geometry":{"type":"Point","coordinates":[-80.9478649,44.5661559]}},{"type":"Feature","properties":{"review_id":"address_e6b2327d614f99476193","address_id":"address_e6b2327d614f99476193","external_source":"openstreetmap","external_id":"n5109380988","label":"1405 2 Avenue West","queue_flags":["unmatched_street"],"within_boundary":true},"geometry":{"type":"Point","coordinates":[-80.946809,44.5735235]}},{"type":"Feature","properties":{"review_id":"address_ef043fd91688747abf3a","address_id":"address_ef043fd91688747abf3a","external_source":"openstreetmap","external_id":"n5350048581","label":"1500 3rd Avenue West","queue_flags":["duplicate_normalized","apparent_multi_unit"],"within_boundary":true},"geometry":{"type":"Point","coordinates":[-80.9503315,44.575259]}},{"type":"Feature","properties":{"review_id":"address_758b860b53bd0a825662","address_id":"address_758b860b53bd0a825662","external_source":"openstreetmap","external_id":"n5443794026","label":"1350 16th Street East","queue_flags":["duplicate_normalized","apparent_multi_unit"],"within_boundary":true},"geometry":{"type":"Point","coordinates":[-80.9204641,44.5764174]}},{"type":"Feature","properties":{"review_id":"address_5f18a8a9403627ea678a","address_id":"address_5f18a8a9403627ea678a","external_source":"openstreetmap","external_id":"n5964654943","label":"1290","queue_flags":["unmatched_street"],"within_boundary":true},"geometry":{"type":"Point","coordinates":[-80.9386722,44.5731443]}},{"type":"Feature","properties":{"review_id":"address_11e455e27adc39318617","address_id":"address_11e455e27adc39318617","external_source":"openstreetmap","external_id":"n6993869549","label":"688 10th Street West","queue_flags":["duplicate_normalized","apparent_multi_unit"],"within_boundary":true},"geometry":{"type":"Point","coordinates":[-80.9563858,44.5670436]}},{"type":"Feature","properties":{"review_id":"address_c29be25c74be711728bd","address_id":"address_c29be25c74be711728bd","external_source":"openstreetmap","external_id":"n7460740122","label":"206-901 3rd Avenue E","queue_flags":["unmatched_street"],"within_boundary":true},"geometry":{"type":"Point","coordinates":[-80.940596,44.5663396]}},{"type":"Feature","properties":{"review_id":"address_8e15dd9f127d3cccf0da","address_id":"address_8e15dd9f127d3cccf0da","external_source":"openstreetmap","external_id":"n8156259925","label":"640 10th Street West","queue_flags":["duplicate_normalized","apparent_multi_unit"],"within_boundary":true},"geometry":{"type":"Point","coordinates":[-80.9549652,44.5672964]}},{"type":"Feature","properties":{"review_id":"address_86994376b50f2f922e5e","address_id":"address_86994376b50f2f922e5e","external_source":"openstreetmap","external_id":"n9164010387","label":"950;949 19th Street East","queue_flags":["duplicate_normalized","apparent_multi_unit"],"within_boundary":true},"geometry":{"type":"Point","coordinates":[-80.9238672,44.5792699]}},{"type":"Feature","properties":{"review_id":"address_55641c7542145329971d","address_id":"address_55641c7542145329971d","external_source":"openstreetmap","external_id":"n11463167300","label":"799 2nd Avenue East","queue_flags":["duplicate_normalized","apparent_multi_unit"],"within_boundary":true},"geometry":{"type":"Point","coordinates":[-80.9422058,44.5638358]}},{"type":"Feature","properties":{"review_id":"address_2b45177d922a1c34911e","address_id":"address_2b45177d922a1c34911e","external_source":"openstreetmap","external_id":"n11483915007","label":"180 2nd Avenue East Unit B","queue_flags":["apparent_multi_unit"],"within_boundary":true},"geometry":{"type":"Point","coordinates":[-80.9407727,44.5723707]}},{"type":"Feature","properties":{"review_id":"address_bae75d7e7f28b4166c68","address_id":"address_bae75d7e7f28b4166c68","external_source":"openstreetmap","external_id":"n11985866236","label":"9861","queue_flags":["unmatched_street"],"within_boundary":true},"geometry":{"type":"Point","coordinates":[-80.9433329,44.5673372]}},{"type":"Feature","properties":{"review_id":"address_39f32ef373013d07e930","address_id":"address_39f32ef373013d07e930","external_source":"openstreetmap","external_id":"n11985875891","label":"908","queue_flags":["unmatched_street"],"within_boundary":true},"geometry":{"type":"Point","coordinates":[-80.9430381,44.5659272]}},{"type":"Feature","properties":{"review_id":"address_819212437f6d7022cbe8","address_id":"address_819212437f6d7022cbe8","external_source":"openstreetmap","external_id":"n11985875892","label":"947","queue_flags":["unmatched_street"],"within_boundary":true},"geometry":{"type":"Point","coordinates":[-80.9428922,44.5667597]}},{"type":"Feature","properties":{"review_id":"address_86b60f479f2defd0e21d","address_id":"address_86b60f479f2defd0e21d","external_source":"openstreetmap","external_id":"n11986051857","label":"800 1st Avenue East","queue_flags":["duplicate_normalized","apparent_multi_unit"],"within_boundary":true},"geometry":{"type":"Point","coordinates":[-80.9439842,44.5638372]}},{"type":"Feature","properties":{"review_id":"address_3ac0cfc38cf6d3e98894","address_id":"address_3ac0cfc38cf6d3e98894","external_source":"openstreetmap","external_id":"n11986064521","label":"874","queue_flags":["unmatched_street"],"within_boundary":true},"geometry":{"type":"Point","coordinates":[-80.9429135,44.5652534]}},{"type":"Feature","properties":{"review_id":"address_4f1da26ec399ce2b1491","address_id":"address_4f1da26ec399ce2b1491","external_source":"openstreetmap","external_id":"n11991909547","label":"100 10th Street West","queue_flags":["duplicate_normalized","apparent_multi_unit"],"within_boundary":true},"geometry":{"type":"Point","coordinates":[-80.9447512,44.56849]}},{"type":"Feature","properties":{"review_id":"address_36d54b48c85ec14c41a0","address_id":"address_36d54b48c85ec14c41a0","external_source":"openstreetmap","external_id":"n11991909548","label":"901 3rd Avenue East","queue_flags":["duplicate_normalized","apparent_multi_unit"],"within_boundary":true},"geometry":{"type":"Point","coordinates":[-80.9408242,44.5664279]}},{"type":"Feature","properties":{"review_id":"address_49b0ea2d4ecafd55bab2","address_id":"address_49b0ea2d4ecafd55bab2","external_source":"openstreetmap","external_id":"n12290245023","label":"299 8th Street West","queue_flags":["duplicate_normalized","apparent_multi_unit"],"within_boundary":true},"geometry":{"type":"Point","coordinates":[-80.9469246,44.5633674]}},{"type":"Feature","properties":{"review_id":"address_7a37ec92d3130c06787b","address_id":"address_7a37ec92d3130c06787b","external_source":"openstreetmap","external_id":"n12326954148","label":"946 3rd Avenue East Unit 2","queue_flags":["apparent_multi_unit"],"within_boundary":true},"geometry":{"type":"Point","coordinates":[-80.942482,44.5668913]}},{"type":"Feature","properties":{"review_id":"address_c6259815ac7c44527583","address_id":"address_c6259815ac7c44527583","external_source":"openstreetmap","external_id":"n12327172590","label":"809","queue_flags":["unmatched_street"],"within_boundary":true},"geometry":{"type":"Point","coordinates":[-80.9423174,44.5642778]}},{"type":"Feature","properties":{"review_id":"address_aa7ba8c1a4be029104f8","address_id":"address_aa7ba8c1a4be029104f8","external_source":"openstreetmap","external_id":"n12521232128","label":"950;949 19th Street East","queue_flags":["duplicate_normalized","apparent_multi_unit"],"within_boundary":true},"geometry":{"type":"Point","coordinates":[-80.9238967,44.579394]}},{"type":"Feature","properties":{"review_id":"address_e10a63c1213dfc6d1282","address_id":"address_e10a63c1213dfc6d1282","external_source":"openstreetmap","external_id":"n12572447816","label":"625 6th Street East","queue_flags":["duplicate_normalized","apparent_multi_unit","distant_from_road"],"within_boundary":true},"geometry":{"type":"Point","coordinates":[-80.9331637,44.5601325]}},{"type":"Feature","properties":{"review_id":"address_f26efc684c74a2ed5e04","address_id":"address_f26efc684c74a2ed5e04","external_source":"openstreetmap","external_id":"n12703675021","label":"1209 16th Street East Unit 2","queue_flags":["apparent_multi_unit"],"within_boundary":true},"geometry":{"type":"Point","coordinates":[-80.9224036,44.5736117]}},{"type":"Feature","properties":{"review_id":"address_297dfb7d330c66ce3d91","address_id":"address_297dfb7d330c66ce3d91","external_source":"openstreetmap","external_id":"n12815755678","label":"218216 Concession 3 Derby","queue_flags":["unmatched_street"],"within_boundary":true},"geometry":{"type":"Point","coordinates":[-80.9590518,44.5530199]}},{"type":"Feature","properties":{"review_id":"address_a106b611639b0919022e","address_id":"address_a106b611639b0919022e","external_source":"openstreetmap","external_id":"n12906117326","label":"200 2nd Street West","queue_flags":["duplicate_normalized","apparent_multi_unit"],"within_boundary":true},"geometry":{"type":"Point","coordinates":[-80.9429714,44.5522404]}},{"type":"Feature","properties":{"review_id":"address_2f91c2ffd75a741e0eae","address_id":"address_2f91c2ffd75a741e0eae","external_source":"openstreetmap","external_id":"n12906117328","label":"201 2nd Street West","queue_flags":["duplicate_normalized","apparent_multi_unit"],"within_boundary":true},"geometry":{"type":"Point","coordinates":[-80.9428366,44.5520858]}},{"type":"Feature","properties":{"review_id":"address_9b55b24d133936c06a1f","address_id":"address_9b55b24d133936c06a1f","external_source":"openstreetmap","external_id":"w113201819","label":"1115 10th Street East","queue_flags":["duplicate_normalized","apparent_multi_unit"],"within_boundary":true},"geometry":{"type":"Point","coordinates":[-80.9227363,44.56934266666667]}},{"type":"Feature","properties":{"review_id":"address_407875c2fe67737fb621","address_id":"address_407875c2fe67737fb621","external_source":"openstreetmap","external_id":"w113202008","label":"1450 8th Street East","queue_flags":["duplicate_normalized","apparent_multi_unit"],"within_boundary":true},"geometry":{"type":"Point","coordinates":[-80.9189507392857,44.56814695714285]}},{"type":"Feature","properties":{"review_id":"address_2f03d1200a5b54bd6feb","address_id":"address_2f03d1200a5b54bd6feb","external_source":"openstreetmap","external_id":"w113215311","label":"1900 3rd Avenue East","queue_flags":["duplicate_normalized","apparent_multi_unit"],"within_boundary":true},"geometry":{"type":"Point","coordinates":[-80.935095775,44.5799678125]}},{"type":"Feature","properties":{"review_id":"address_4870d0f19de6aad0e605","address_id":"address_4870d0f19de6aad0e605","external_source":"openstreetmap","external_id":"w113215324","label":"1070 2nd Avenue East","queue_flags":["duplicate_normalized","apparent_multi_unit"],"within_boundary":true},"geometry":{"type":"Point","coordinates":[-80.94256284,44.57010264]}},{"type":"Feature","properties":{"review_id":"address_f5b2190876f41fcafc44","address_id":"address_f5b2190876f41fcafc44","external_source":"openstreetmap","external_id":"w113215328","label":"1735 4th Ave W","queue_flags":["duplicate_normalized","apparent_multi_unit"],"within_boundary":true},"geometry":{"type":"Point","coordinates":[-80.95012761818182,44.57791749090909]}},{"type":"Feature","properties":{"review_id":"address_0e25d1c05c5c54bc3d95","address_id":"address_0e25d1c05c5c54bc3d95","external_source":"openstreetmap","external_id":"w113215413","label":"858 10th Street East","queue_flags":["duplicate_normalized","apparent_multi_unit"],"within_boundary":true},"geometry":{"type":"Point","coordinates":[-80.93073596923077,44.56990334615385]}},{"type":"Feature","properties":{"review_id":"address_7d7f8d6665898d707e02","address_id":"address_7d7f8d6665898d707e02","external_source":"openstreetmap","external_id":"w113215445","label":"1045 3rd Avenue West","queue_flags":["duplicate_normalized","apparent_multi_unit"],"within_boundary":true},"geometry":{"type":"Point","coordinates":[-80.94751424090909,44.56810147727273]}},{"type":"Feature","properties":{"review_id":"address_9865bb4c15f6006cffc2","address_id":"address_9865bb4c15f6006cffc2","external_source":"openstreetmap","external_id":"w113215448","label":"1900 20th Street East","queue_flags":["duplicate_normalized","apparent_multi_unit"],"within_boundary":true},"geometry":{"type":"Point","coordinates":[-80.91764212000001,44.58224516]}},{"type":"Feature","properties":{"review_id":"address_8507f93efa1ef5ea1e12","address_id":"address_8507f93efa1ef5ea1e12","external_source":"openstreetmap","external_id":"w113215455","label":"250 14th Street W","queue_flags":["duplicate_normalized","apparent_multi_unit","unmatched_street"],"within_boundary":true},"geometry":{"type":"Point","coordinates":[-80.94945322,44.57412394000001]}},{"type":"Feature","properties":{"review_id":"address_e35dc3faf8a3ad195ab5","address_id":"address_e35dc3faf8a3ad195ab5","external_source":"openstreetmap","external_id":"w113215467","label":"1350 16th Street East","queue_flags":["duplicate_normalized","apparent_multi_unit"],"within_boundary":true},"geometry":{"type":"Point","coordinates":[-80.92033453260869,44.57648985434783]}},{"type":"Feature","properties":{"review_id":"address_01a61ba22e8e8406c6a3","address_id":"address_01a61ba22e8e8406c6a3","external_source":"openstreetmap","external_id":"w113215495","label":"997 4th Avenue East","queue_flags":["duplicate_normalized","apparent_multi_unit"],"within_boundary":true},"geometry":{"type":"Point","coordinates":[-80.93876610999999,44.56780556]}},{"type":"Feature","properties":{"review_id":"address_c3125cbcf5f6985c1aaa","address_id":"address_c3125cbcf5f6985c1aaa","external_source":"openstreetmap","external_id":"w113215503","label":"1029 4th Avenue West","queue_flags":["duplicate_normalized","apparent_multi_unit"],"within_boundary":true},"geometry":{"type":"Point","coordinates":[-80.94891535714285,44.567403642857144]}},{"type":"Feature","properties":{"review_id":"address_4dd13f399eef456cdce1","address_id":"address_4dd13f399eef456cdce1","external_source":"openstreetmap","external_id":"w113215561","label":"808 2nd Avenue East","queue_flags":["duplicate_normalized","apparent_multi_unit"],"within_boundary":true},"geometry":{"type":"Point","coordinates":[-80.94285740000001,44.564192180000006]}},{"type":"Feature","properties":{"review_id":"address_629dfd8be48833356334","address_id":"address_629dfd8be48833356334","external_source":"openstreetmap","external_id":"w113605033","label":"875 Sixth Street East","queue_flags":["duplicate_normalized","apparent_multi_unit","unmatched_street"],"within_boundary":true},"geometry":{"type":"Point","coordinates":[-80.92778226875002,44.56081364062499]}},{"type":"Feature","properties":{"review_id":"address_540067e78fd53c77d1d1","address_id":"address_540067e78fd53c77d1d1","external_source":"openstreetmap","external_id":"w113605134","label":"240 9th Avenue East","queue_flags":["duplicate_normalized","apparent_multi_unit","distant_from_road"],"within_boundary":true},"geometry":{"type":"Point","coordinates":[-80.92612698181819,44.55518825454545]}},{"type":"Feature","properties":{"review_id":"address_4fb101e1e5e7417435b0","address_id":"address_4fb101e1e5e7417435b0","external_source":"openstreetmap","external_id":"w113605177","label":"595 9th Avenue East","queue_flags":["duplicate_normalized","apparent_multi_unit"],"within_boundary":true},"geometry":{"type":"Point","coordinates":[-80.92534375833334,44.56124861666667]}},{"type":"Feature","properties":{"review_id":"address_4386da78886ff0dd7e33","address_id":"address_4386da78886ff0dd7e33","external_source":"openstreetmap","external_id":"w113605428","label":"850 4th Street East","queue_flags":["duplicate_normalized","apparent_multi_unit"],"within_boundary":true},"geometry":{"type":"Point","coordinates":[-80.92757564594594,44.55873081081081]}},{"type":"Feature","properties":{"review_id":"address_2752e7d4cf766444693b","address_id":"address_2752e7d4cf766444693b","external_source":"openstreetmap","external_id":"w174797173","label":"1590 20th Avenue East","queue_flags":["duplicate_normalized","apparent_multi_unit"],"within_boundary":true},"geometry":{"type":"Point","coordinates":[-80.90906055416666,44.57368455416667]}},{"type":"Feature","properties":{"review_id":"address_d0f720820b813250d879","address_id":"address_d0f720820b813250d879","external_source":"openstreetmap","external_id":"w175362782","label":"925 16 Street East","queue_flags":["duplicate_normalized","apparent_multi_unit","unmatched_street"],"within_boundary":true},"geometry":{"type":"Point","coordinates":[-80.92661694,44.57348852]}},{"type":"Feature","properties":{"review_id":"address_2b3e2e60a3b38f103746","address_id":"address_2b3e2e60a3b38f103746","external_source":"openstreetmap","external_id":"w175364541","label":"137 2nd Avenue East","queue_flags":["duplicate_normalized","apparent_multi_unit"],"within_boundary":true},"geometry":{"type":"Point","coordinates":[-80.9377484125,44.545213100000005]}},{"type":"Feature","properties":{"review_id":"address_657b960dd6e8cd805cf1","address_id":"address_657b960dd6e8cd805cf1","external_source":"openstreetmap","external_id":"w175892693","label":"1315 16th Street East","queue_flags":["duplicate_normalized","apparent_multi_unit"],"within_boundary":true},"geometry":{"type":"Point","coordinates":[-80.919987,44.5740346111111]}},{"type":"Feature","properties":{"review_id":"address_18a5d1314d2d5fcd680a","address_id":"address_18a5d1314d2d5fcd680a","external_source":"openstreetmap","external_id":"w179074050","label":"1598 16 Street East","queue_flags":["duplicate_normalized","apparent_multi_unit","unmatched_street"],"within_boundary":true},"geometry":{"type":"Point","coordinates":[-80.91642436,44.574429859999995]}},{"type":"Feature","properties":{"review_id":"address_6e5178d5578e3e018b5e","address_id":"address_6e5178d5578e3e018b5e","external_source":"openstreetmap","external_id":"w179074080","label":"1150 16 Street East","queue_flags":["duplicate_normalized","apparent_multi_unit","unmatched_street"],"within_boundary":true},"geometry":{"type":"Point","coordinates":[-80.9249593,44.57421442]}},{"type":"Feature","properties":{"review_id":"address_bb328667a545d52f8260","address_id":"address_bb328667a545d52f8260","external_source":"openstreetmap","external_id":"w179074084","label":"1605 16 Street East","queue_flags":["duplicate_normalized","apparent_multi_unit","unmatched_street"],"within_boundary":true},"geometry":{"type":"Point","coordinates":[-80.91561684,44.574428780000005]}},{"type":"Feature","properties":{"review_id":"address_6ffc0d463982abfcadb4","address_id":"address_6ffc0d463982abfcadb4","external_source":"openstreetmap","external_id":"w183026059","label":"201 4th Avenue West","queue_flags":["duplicate_normalized","apparent_multi_unit"],"within_boundary":true},"geometry":{"type":"Point","coordinates":[-80.94549243846154,44.551901046153844]}},{"type":"Feature","properties":{"review_id":"address_0ca20c8a2e4c6beac9e2","address_id":"address_0ca20c8a2e4c6beac9e2","external_source":"openstreetmap","external_id":"w183032799","label":"700 10th Street East","queue_flags":["duplicate_normalized","apparent_multi_unit"],"within_boundary":true},"geometry":{"type":"Point","coordinates":[-80.93242772666667,44.569909960000004]}},{"type":"Feature","properties":{"review_id":"address_e2c30542fa4bb015778e","address_id":"address_e2c30542fa4bb015778e","external_source":"openstreetmap","external_id":"w279669668","label":"672 10th Street West","queue_flags":["duplicate_normalized","apparent_multi_unit"],"within_boundary":true},"geometry":{"type":"Point","coordinates":[-80.95568632,44.56714082]}},{"type":"Feature","properties":{"review_id":"address_d07bc9d27120cb1cee3d","address_id":"address_d07bc9d27120cb1cee3d","external_source":"openstreetmap","external_id":"w279672069","label":"640 10th Street West","queue_flags":["duplicate_normalized","apparent_multi_unit"],"within_boundary":true},"geometry":{"type":"Point","coordinates":[-80.95480726666666,44.56737553333334]}},{"type":"Feature","properties":{"review_id":"address_dfa63c7da01893561838","address_id":"address_dfa63c7da01893561838","external_source":"openstreetmap","external_id":"w368753810","label":"825 2nd Avenue E","queue_flags":["duplicate_normalized","apparent_multi_unit","unmatched_street"],"within_boundary":true},"geometry":{"type":"Point","coordinates":[-80.94217475999999,44.56421569999999]}},{"type":"Feature","properties":{"review_id":"address_f5f8851b927e2ab6d53b","address_id":"address_f5f8851b927e2ab6d53b","external_source":"openstreetmap","external_id":"w369448581","label":"114 8th Street East","queue_flags":["duplicate_normalized","apparent_multi_unit"],"within_boundary":true},"geometry":{"type":"Point","coordinates":[-80.94351248461538,44.56412179230769]}},{"type":"Feature","properties":{"review_id":"address_d39be2124ad212279d8d","address_id":"address_d39be2124ad212279d8d","external_source":"openstreetmap","external_id":"w369522913","label":"195 24th Street West","queue_flags":["duplicate_normalized","apparent_multi_unit","distant_from_road"],"within_boundary":true},"geometry":{"type":"Point","coordinates":[-80.94438283,44.584619319999995]}},{"type":"Feature","properties":{"review_id":"address_ba7993237a8c0fdf989a","address_id":"address_ba7993237a8c0fdf989a","external_source":"openstreetmap","external_id":"w369946726","label":"917 2nd Avenue E","queue_flags":["duplicate_normalized","apparent_multi_unit","unmatched_street"],"within_boundary":true},"geometry":{"type":"Point","coordinates":[-80.94268362,44.56617764]}},{"type":"Feature","properties":{"review_id":"address_dd7a55dc73eea7ae8e0b","address_id":"address_dd7a55dc73eea7ae8e0b","external_source":"openstreetmap","external_id":"w371938060","label":"900 1st Avenue West","queue_flags":["duplicate_normalized","apparent_multi_unit"],"within_boundary":true},"geometry":{"type":"Point","coordinates":[-80.94489336000001,44.56544866]}},{"type":"Feature","properties":{"review_id":"address_2fb1c191f656aff5c5d1","address_id":"address_2fb1c191f656aff5c5d1","external_source":"openstreetmap","external_id":"w371986374","label":"1852 3rd Avenue E","queue_flags":["duplicate_normalized","apparent_multi_unit","unmatched_street"],"within_boundary":true},"geometry":{"type":"Point","coordinates":[-80.93425136,44.57968397999999]}},{"type":"Feature","properties":{"review_id":"address_ce854ce2d1ee5390d9e2","address_id":"address_ce854ce2d1ee5390d9e2","external_source":"openstreetmap","external_id":"w372076221","label":"922 2nd Avenue W","queue_flags":["duplicate_normalized","apparent_multi_unit","unmatched_street"],"within_boundary":true},"geometry":{"type":"Point","coordinates":[-80.9463127111111,44.56607196666666]}},{"type":"Feature","properties":{"review_id":"address_bd5dd91bffb196d8c5e2","address_id":"address_bd5dd91bffb196d8c5e2","external_source":"openstreetmap","external_id":"w373350845","label":"824 1st Avenue W","queue_flags":["duplicate_normalized","apparent_multi_unit","unmatched_street"],"within_boundary":true},"geometry":{"type":"Point","coordinates":[-80.94500134666666,44.564060233333336]}},{"type":"Feature","properties":{"review_id":"address_0b5c1e5c02a509813015","address_id":"address_0b5c1e5c02a509813015","external_source":"openstreetmap","external_id":"w373350846","label":"840 1st Avenue West","queue_flags":["duplicate_normalized","apparent_multi_unit"],"within_boundary":true},"geometry":{"type":"Point","coordinates":[-80.94507905714285,44.56447884285715]}},{"type":"Feature","properties":{"review_id":"address_435df69e2317a202842c","address_id":"address_435df69e2317a202842c","external_source":"openstreetmap","external_id":"w373350847","label":"848 1st Avenue W","queue_flags":["duplicate_normalized","apparent_multi_unit","unmatched_street"],"within_boundary":true},"geometry":{"type":"Point","coordinates":[-80.94506435384616,44.5646991076923]}},{"type":"Feature","properties":{"review_id":"address_cacf72538c1d8d8c989d","address_id":"address_cacf72538c1d8d8c989d","external_source":"openstreetmap","external_id":"w376414603","label":"1138 3rd Avenue West","queue_flags":["duplicate_normalized","apparent_multi_unit"],"within_boundary":true},"geometry":{"type":"Point","coordinates":[-80.94867996666666,44.569851766666666]}},{"type":"Feature","properties":{"review_id":"address_5e19831fe31807fb4406","address_id":"address_5e19831fe31807fb4406","external_source":"openstreetmap","external_id":"w382785382","label":"880 10th Street East","queue_flags":["duplicate_normalized","apparent_multi_unit"],"within_boundary":true},"geometry":{"type":"Point","coordinates":[-80.92914989999998,44.56982033333333]}},{"type":"Feature","properties":{"review_id":"address_6a746874e279f1f86510","address_id":"address_6a746874e279f1f86510","external_source":"openstreetmap","external_id":"w392705531","label":"945 2nd Avenue East","queue_flags":["duplicate_normalized","apparent_multi_unit"],"within_boundary":true},"geometry":{"type":"Point","coordinates":[-80.94265523333333,44.566699050000004]}},{"type":"Feature","properties":{"review_id":"address_bec61a1e8d994b6ede7e","address_id":"address_bec61a1e8d994b6ede7e","external_source":"openstreetmap","external_id":"w393550074","label":"1138 3rd Avenue West","queue_flags":["duplicate_normalized","apparent_multi_unit"],"within_boundary":true},"geometry":{"type":"Point","coordinates":[-80.94874024,44.56983442]}},{"type":"Feature","properties":{"review_id":"address_a0656f4e3bd473302ad5","address_id":"address_a0656f4e3bd473302ad5","external_source":"openstreetmap","external_id":"w403664063","label":"101 17th Street East","queue_flags":["duplicate_normalized","apparent_multi_unit"],"within_boundary":true},"geometry":{"type":"Point","coordinates":[-80.94065608888887,44.57628814444444]}},{"type":"Feature","properties":{"review_id":"address_20e169bd3073cf7c2ab2","address_id":"address_20e169bd3073cf7c2ab2","external_source":"openstreetmap","external_id":"w406672751","label":"1415 1st Avenue W","queue_flags":["duplicate_normalized","apparent_multi_unit","unmatched_street","distant_from_road"],"within_boundary":true},"geometry":{"type":"Point","coordinates":[-80.94482535,44.5731850125]}},{"type":"Feature","properties":{"review_id":"address_e9512e1df6b445554728","address_id":"address_e9512e1df6b445554728","external_source":"openstreetmap","external_id":"w406673557","label":"1455 1st Avenue W","queue_flags":["duplicate_normalized","apparent_multi_unit","unmatched_street"],"within_boundary":true},"geometry":{"type":"Point","coordinates":[-80.94440484,44.57466646]}},{"type":"Feature","properties":{"review_id":"address_7538cd98189c6c0986e0","address_id":"address_7538cd98189c6c0986e0","external_source":"openstreetmap","external_id":"w406773069","label":"1002 2nd Avenue E","queue_flags":["duplicate_normalized","apparent_multi_unit","unmatched_street"],"within_boundary":true},"geometry":{"type":"Point","coordinates":[-80.94360056000001,44.56789182]}},{"type":"Feature","properties":{"review_id":"address_d6215eff7af622a38040","address_id":"address_d6215eff7af622a38040","external_source":"openstreetmap","external_id":"w406774940","label":"999 2nd Avenue E","queue_flags":["duplicate_normalized","apparent_multi_unit","unmatched_street"],"within_boundary":true},"geometry":{"type":"Point","coordinates":[-80.9429933,44.56762641818182]}},{"type":"Feature","properties":{"review_id":"address_8e7f9c7804fe02def9a0","address_id":"address_8e7f9c7804fe02def9a0","external_source":"openstreetmap","external_id":"w406775851","label":"269 10th Street East","queue_flags":["duplicate_normalized","apparent_multi_unit"],"within_boundary":true},"geometry":{"type":"Point","coordinates":[-80.94200704,44.567655]}},{"type":"Feature","properties":{"review_id":"address_aed15bc14557584d6f72","address_id":"address_aed15bc14557584d6f72","external_source":"openstreetmap","external_id":"w414825838","label":"750 9th Street West","queue_flags":["duplicate_normalized","apparent_multi_unit"],"within_boundary":true},"geometry":{"type":"Point","coordinates":[-80.95622736363636,44.56533560909091]}},{"type":"Feature","properties":{"review_id":"address_32616a61ed05d93c85f8","address_id":"address_32616a61ed05d93c85f8","external_source":"openstreetmap","external_id":"w414826020","label":"688 10th Street West","queue_flags":["duplicate_normalized","apparent_multi_unit"],"within_boundary":true},"geometry":{"type":"Point","coordinates":[-80.95639732,44.567104640000004]}},{"type":"Feature","properties":{"review_id":"address_0930f65a07e523673f3f","address_id":"address_0930f65a07e523673f3f","external_source":"openstreetmap","external_id":"w473616223","label":"1655 3rd Avenue W","queue_flags":["duplicate_normalized","apparent_multi_unit","unmatched_street"],"within_boundary":true},"geometry":{"type":"Point","coordinates":[-80.94860412222222,44.576635611111115]}},{"type":"Feature","properties":{"review_id":"address_7034f938ae87db30cb36","address_id":"address_7034f938ae87db30cb36","external_source":"openstreetmap","external_id":"w473623037","label":"1595 3rd Avenue W","queue_flags":["duplicate_normalized","apparent_multi_unit","unmatched_street"],"within_boundary":true},"geometry":{"type":"Point","coordinates":[-80.94949007142858,44.5759016]}},{"type":"Feature","properties":{"review_id":"address_235ef935297ee78a4ea1","address_id":"address_235ef935297ee78a4ea1","external_source":"openstreetmap","external_id":"w473623956","label":"1475 Eddy Sargeant Parkway","queue_flags":["duplicate_normalized","apparent_multi_unit"],"within_boundary":true},"geometry":{"type":"Point","coordinates":[-80.94687268749999,44.57564862500001]}},{"type":"Feature","properties":{"review_id":"address_119efba93cef9ea57f3a","address_id":"address_119efba93cef9ea57f3a","external_source":"openstreetmap","external_id":"w488105838","label":"948 3rd Avenue West","queue_flags":["duplicate_normalized","apparent_multi_unit"],"within_boundary":true},"geometry":{"type":"Point","coordinates":[-80.94793758,44.56617858]}},{"type":"Feature","properties":{"review_id":"address_8a6255d3ab24a49eab94","address_id":"address_8a6255d3ab24a49eab94","external_source":"openstreetmap","external_id":"w492688730","label":"1800 8th Street East","queue_flags":["duplicate_normalized","apparent_multi_unit"],"within_boundary":true},"geometry":{"type":"Point","coordinates":[-80.91162459090911,44.57024007272727]}},{"type":"Feature","properties":{"review_id":"address_f449550237edfcac6bb6","address_id":"address_f449550237edfcac6bb6","external_source":"openstreetmap","external_id":"w510825187","label":"137 2nd Avenue East","queue_flags":["duplicate_normalized","apparent_multi_unit"],"within_boundary":true},"geometry":{"type":"Point","coordinates":[-80.93747330000001,44.54383788]}},{"type":"Feature","properties":{"review_id":"address_f2722a2d936da32b0f02","address_id":"address_f2722a2d936da32b0f02","external_source":"openstreetmap","external_id":"w525161626","label":"1510 9 Avenue East","queue_flags":["duplicate_normalized","apparent_multi_unit","unmatched_street"],"within_boundary":true},"geometry":{"type":"Point","coordinates":[-80.9284085,44.57032448]}},{"type":"Feature","properties":{"review_id":"address_7b8f5b92306c8576eb0d","address_id":"address_7b8f5b92306c8576eb0d","external_source":"openstreetmap","external_id":"w525161628","label":"180 10 Street West","queue_flags":["duplicate_normalized","apparent_multi_unit","unmatched_street"],"within_boundary":true},"geometry":{"type":"Point","coordinates":[-80.94580289999999,44.5677256]}},{"type":"Feature","properties":{"review_id":"address_6c7012c435fc8a9c1cb8","address_id":"address_6c7012c435fc8a9c1cb8","external_source":"openstreetmap","external_id":"w525161629","label":"280 10 Street East","queue_flags":["duplicate_normalized","apparent_multi_unit","unmatched_street"],"within_boundary":true},"geometry":{"type":"Point","coordinates":[-80.94180946000002,44.5680381]}},{"type":"Feature","properties":{"review_id":"address_49ec0e7486907e1bb9ba","address_id":"address_49ec0e7486907e1bb9ba","external_source":"openstreetmap","external_id":"w525161630","label":"1612 16 Street East","queue_flags":["duplicate_normalized","apparent_multi_unit","unmatched_street"],"within_boundary":true},"geometry":{"type":"Point","coordinates":[-80.91508716,44.575369259999995]}},{"type":"Feature","properties":{"review_id":"address_c69d69c206658c20e103","address_id":"address_c69d69c206658c20e103","external_source":"openstreetmap","external_id":"w533170236","label":"625 6th Street East","queue_flags":["duplicate_normalized","apparent_multi_unit"],"within_boundary":true},"geometry":{"type":"Point","coordinates":[-80.93333325555555,44.56065444444445]}},{"type":"Feature","properties":{"review_id":"address_9d7b39275730ed1f2bb6","address_id":"address_9d7b39275730ed1f2bb6","external_source":"openstreetmap","external_id":"w533170835","label":"677 6th Street East","queue_flags":["duplicate_normalized","apparent_multi_unit"],"within_boundary":true},"geometry":{"type":"Point","coordinates":[-80.93243857777779,44.56098352222222]}},{"type":"Feature","properties":{"review_id":"address_f1327d4fc4c3d77f8ece","address_id":"address_f1327d4fc4c3d77f8ece","external_source":"openstreetmap","external_id":"w549067022","label":"2501 3rd Avenue West","queue_flags":["duplicate_normalized","apparent_multi_unit"],"within_boundary":true},"geometry":{"type":"Point","coordinates":[-80.94542340000001,44.5881086]}},{"type":"Feature","properties":{"review_id":"address_2a38a5f683c06b8e7c18","address_id":"address_2a38a5f683c06b8e7c18","external_source":"openstreetmap","external_id":"w549067024","label":"2555 3rd Avenue West","queue_flags":["duplicate_normalized","apparent_multi_unit","distant_from_road"],"within_boundary":true},"geometry":{"type":"Point","coordinates":[-80.94465215555556,44.5886004]}},{"type":"Feature","properties":{"review_id":"address_da5b2938a549e225052d","address_id":"address_da5b2938a549e225052d","external_source":"openstreetmap","external_id":"w607526716","label":"1198 1st Avenue East","queue_flags":["duplicate_normalized","apparent_multi_unit"],"within_boundary":true},"geometry":{"type":"Point","coordinates":[-80.94232106,44.57226602]}},{"type":"Feature","properties":{"review_id":"address_bc7d136073daf36c4ebb","address_id":"address_bc7d136073daf36c4ebb","external_source":"openstreetmap","external_id":"w631629215","label":"340-350 10 Street East","queue_flags":["duplicate_normalized","apparent_multi_unit","unmatched_street"],"within_boundary":true},"geometry":{"type":"Point","coordinates":[-80.9405501,44.568259160000004]}},{"type":"Feature","properties":{"review_id":"address_3b226f655513b4da2278","address_id":"address_3b226f655513b4da2278","external_source":"openstreetmap","external_id":"w688261228","label":"1280 12th Street West","queue_flags":["duplicate_normalized","apparent_multi_unit"],"within_boundary":true},"geometry":{"type":"Point","coordinates":[-80.94675918,44.57191211999999]}},{"type":"Feature","properties":{"review_id":"address_eb74e39d8a8bb1e31511","address_id":"address_eb74e39d8a8bb1e31511","external_source":"openstreetmap","external_id":"w711884071","label":"555 15th Street East","queue_flags":["duplicate_normalized","apparent_multi_unit"],"within_boundary":true},"geometry":{"type":"Point","coordinates":[-80.93401122857142,44.57346194285714]}},{"type":"Feature","properties":{"review_id":"address_779d8420e8058c3abe33","address_id":"address_779d8420e8058c3abe33","external_source":"openstreetmap","external_id":"w711884074","label":"1556 8th Avenue East","queue_flags":["duplicate_normalized","apparent_multi_unit"],"within_boundary":true},"geometry":{"type":"Point","coordinates":[-80.93048854999999,44.5727254375]}},{"type":"Feature","properties":{"review_id":"address_58da1dcbf8a51e75a448","address_id":"address_58da1dcbf8a51e75a448","external_source":"openstreetmap","external_id":"w711884081","label":"1130 8th Street East","queue_flags":["duplicate_normalized","apparent_multi_unit"],"within_boundary":true},"geometry":{"type":"Point","coordinates":[-80.92100621176472,44.5672687764706]}},{"type":"Feature","properties":{"review_id":"address_4e3669cfb599a405c1d1","address_id":"address_4e3669cfb599a405c1d1","external_source":"openstreetmap","external_id":"w711886599","label":"925 9th Avenue West","queue_flags":["duplicate_normalized","apparent_multi_unit"],"within_boundary":true},"geometry":{"type":"Point","coordinates":[-80.9608700625,44.564529375000006]}},{"type":"Feature","properties":{"review_id":"address_7a523ffe28eac70ebdc8","address_id":"address_7a523ffe28eac70ebdc8","external_source":"openstreetmap","external_id":"w711886600","label":"885 25th Street East","queue_flags":["duplicate_normalized","apparent_multi_unit"],"within_boundary":true},"geometry":{"type":"Point","coordinates":[-80.92184607142858,44.58845054285714]}},{"type":"Feature","properties":{"review_id":"address_4e00f7c6c377a7a8880f","address_id":"address_4e00f7c6c377a7a8880f","external_source":"openstreetmap","external_id":"w711886606","label":"1735 4th Avenue West","queue_flags":["duplicate_normalized","apparent_multi_unit"],"within_boundary":true},"geometry":{"type":"Point","coordinates":[-80.95015008,44.57801782]}},{"type":"Feature","properties":{"review_id":"address_f602dc1b399de738356e","address_id":"address_f602dc1b399de738356e","external_source":"openstreetmap","external_id":"w711886610","label":"501 8th Street West","queue_flags":["duplicate_normalized","apparent_multi_unit"],"within_boundary":true},"geometry":{"type":"Point","coordinates":[-80.94980309166665,44.56244885]}},{"type":"Feature","properties":{"review_id":"address_4a829c296f12edb7e3f3","address_id":"address_4a829c296f12edb7e3f3","external_source":"openstreetmap","external_id":"w712670541","label":"800 23rd Street East","queue_flags":["duplicate_normalized","apparent_multi_unit","distant_from_road"],"within_boundary":true},"geometry":{"type":"Point","coordinates":[-80.92350031666668,44.587388049999994]}},{"type":"Feature","properties":{"review_id":"address_468fa303d3bfb2854b7e","address_id":"address_468fa303d3bfb2854b7e","external_source":"openstreetmap","external_id":"w716989946","label":"890 4th Avenue East","queue_flags":["duplicate_normalized","apparent_multi_unit"],"within_boundary":true},"geometry":{"type":"Point","coordinates":[-80.9395511857143,44.56598172857143]}},{"type":"Feature","properties":{"review_id":"address_7e0b2121b226054897dd","address_id":"address_7e0b2121b226054897dd","external_source":"openstreetmap","external_id":"w900534984","label":"217 4th Avenue West","queue_flags":["duplicate_normalized","apparent_multi_unit"],"within_boundary":true},"geometry":{"type":"Point","coordinates":[-80.94516071428572,44.55241797142857]}},{"type":"Feature","properties":{"review_id":"address_0a48d8a84e1f7f5a66b7","address_id":"address_0a48d8a84e1f7f5a66b7","external_source":"openstreetmap","external_id":"w900534985","label":"225 4th Avenue West","queue_flags":["duplicate_normalized","apparent_multi_unit"],"within_boundary":true},"geometry":{"type":"Point","coordinates":[-80.94580144285715,44.55248862857143]}},{"type":"Feature","properties":{"review_id":"address_853168122774220da9ca","address_id":"address_853168122774220da9ca","external_source":"openstreetmap","external_id":"w1010250583","label":"1450 8th Street East","queue_flags":["duplicate_normalized","apparent_multi_unit"],"within_boundary":true},"geometry":{"type":"Point","coordinates":[-80.91971195833334,44.569145608333336]}},{"type":"Feature","properties":{"review_id":"address_c3e6d79e7556f0c912a5","address_id":"address_c3e6d79e7556f0c912a5","external_source":"openstreetmap","external_id":"w1010250584","label":"1550 8th Street East","queue_flags":["duplicate_normalized","apparent_multi_unit","distant_from_road"],"within_boundary":true},"geometry":{"type":"Point","coordinates":[-80.91731438333333,44.56929996666667]}},{"type":"Feature","properties":{"review_id":"address_01db2abda01e0c5a2e05","address_id":"address_01db2abda01e0c5a2e05","external_source":"openstreetmap","external_id":"w1212404165","label":"895 7th Street East","queue_flags":["duplicate_normalized","apparent_multi_unit"],"within_boundary":true},"geometry":{"type":"Point","coordinates":[-80.92731236,44.563421600000005]}},{"type":"Feature","properties":{"review_id":"address_67203630829ccab64dbd","address_id":"address_67203630829ccab64dbd","external_source":"openstreetmap","external_id":"w1275367368","label":"1055 1st Avenue West","queue_flags":["duplicate_normalized","apparent_multi_unit"],"within_boundary":true},"geometry":{"type":"Point","coordinates":[-80.94433870000002,44.568841500000005]}},{"type":"Feature","properties":{"review_id":"address_606bdb3ba94867d36eb2","address_id":"address_606bdb3ba94867d36eb2","external_source":"openstreetmap","external_id":"w1275367400","label":"1025 2nd Avenue West","queue_flags":["duplicate_normalized","apparent_multi_unit"],"within_boundary":true},"geometry":{"type":"Point","coordinates":[-80.94600898333334,44.56797716666666]}},{"type":"Feature","properties":{"review_id":"address_99664a0e1a35bebd3c7a","address_id":"address_99664a0e1a35bebd3c7a","external_source":"openstreetmap","external_id":"w1275367404","label":"142 10th Street West","queue_flags":["duplicate_normalized","apparent_multi_unit"],"within_boundary":true},"geometry":{"type":"Point","coordinates":[-80.94541792,44.567744059999995]}},{"type":"Feature","properties":{"review_id":"address_cb1c362f8fde7f48554f","address_id":"address_cb1c362f8fde7f48554f","external_source":"openstreetmap","external_id":"w1292900027","label":"994","queue_flags":["duplicate_normalized","unmatched_street"],"within_boundary":true},"geometry":{"type":"Point","coordinates":[-80.9435314,44.567436533333336]}},{"type":"Feature","properties":{"review_id":"address_a901bc5d5141a3585b8c","address_id":"address_a901bc5d5141a3585b8c","external_source":"openstreetmap","external_id":"w1292900030","label":"992","queue_flags":["duplicate_normalized","unmatched_street"],"within_boundary":true},"geometry":{"type":"Point","coordinates":[-80.94350191999999,44.567368419999994]}},{"type":"Feature","properties":{"review_id":"address_b2f55a4c61090d150fd0","address_id":"address_b2f55a4c61090d150fd0","external_source":"openstreetmap","external_id":"w1292900034","label":"958","queue_flags":["duplicate_normalized","unmatched_street"],"within_boundary":true},"geometry":{"type":"Point","coordinates":[-80.94343275,44.56690295000001]}},{"type":"Feature","properties":{"review_id":"address_3ad9efaa3c04436a5c4b","address_id":"address_3ad9efaa3c04436a5c4b","external_source":"openstreetmap","external_id":"w1292916319","label":"946 3rd Avenue East","queue_flags":["duplicate_normalized","apparent_multi_unit"],"within_boundary":true},"geometry":{"type":"Point","coordinates":[-80.94195404000001,44.56677328000001]}},{"type":"Feature","properties":{"review_id":"address_f528dc432be6fa38670e","address_id":"address_f528dc432be6fa38670e","external_source":"openstreetmap","external_id":"w1292921914","label":"882","queue_flags":["duplicate_normalized","unmatched_street"],"within_boundary":true},"geometry":{"type":"Point","coordinates":[-80.94302746666666,44.56534953333334]}},{"type":"Feature","properties":{"review_id":"address_2feeead4117deb825686","address_id":"address_2feeead4117deb825686","external_source":"openstreetmap","external_id":"w1303919844","label":"270 9th Avenue East","queue_flags":["duplicate_normalized","apparent_multi_unit"],"within_boundary":true},"geometry":{"type":"Point","coordinates":[-80.92577072222224,44.556042544444445]}},{"type":"Feature","properties":{"review_id":"address_7b81914ef904fbc7d37e","address_id":"address_7b81914ef904fbc7d37e","external_source":"openstreetmap","external_id":"w1348756474","label":"806 16th Street East","queue_flags":["duplicate_normalized","apparent_multi_unit"],"within_boundary":true},"geometry":{"type":"Point","coordinates":[-80.92816218,44.574339339999995]}},{"type":"Feature","properties":{"review_id":"address_633025b5a555790c8015","address_id":"address_633025b5a555790c8015","external_source":"openstreetmap","external_id":"a226403638","label":"1115 10th Street East","queue_flags":["duplicate_normalized","apparent_multi_unit"],"within_boundary":true},"geometry":{"type":"Point","coordinates":[-80.92276004444444,44.569390122222224]}},{"type":"Feature","properties":{"review_id":"address_e84902e1e57f4256e30c","address_id":"address_e84902e1e57f4256e30c","external_source":"openstreetmap","external_id":"a226404016","label":"1450 8th Street East","queue_flags":["duplicate_normalized","apparent_multi_unit"],"within_boundary":true},"geometry":{"type":"Point","coordinates":[-80.91896193928571,44.56816584642858]}},{"type":"Feature","properties":{"review_id":"address_43f6852298b8679c78f2","address_id":"address_43f6852298b8679c78f2","external_source":"openstreetmap","external_id":"a226430622","label":"1900 3rd Avenue East","queue_flags":["duplicate_normalized","apparent_multi_unit"],"within_boundary":true},"geometry":{"type":"Point","coordinates":[-80.93513841249998,44.5799916375]}},{"type":"Feature","properties":{"review_id":"address_1e4a9e7fc811e7c3bcc9","address_id":"address_1e4a9e7fc811e7c3bcc9","external_source":"openstreetmap","external_id":"a226430648","label":"1070 2nd Avenue East","queue_flags":["duplicate_normalized","apparent_multi_unit"],"within_boundary":true},"geometry":{"type":"Point","coordinates":[-80.94262871,44.57012405]}},{"type":"Feature","properties":{"review_id":"address_1f4572ff223259266f5f","address_id":"address_1f4572ff223259266f5f","external_source":"openstreetmap","external_id":"a226430656","label":"1735 4th Ave W","queue_flags":["duplicate_normalized","apparent_multi_unit"],"within_boundary":true},"geometry":{"type":"Point","coordinates":[-80.95020224545455,44.57792535454546]}},{"type":"Feature","properties":{"review_id":"address_6babc89b298c5514ab4f","address_id":"address_6babc89b298c5514ab4f","external_source":"openstreetmap","external_id":"a226430826","label":"858 10th Street East","queue_flags":["duplicate_normalized","apparent_multi_unit"],"within_boundary":true},"geometry":{"type":"Point","coordinates":[-80.93074793076923,44.56991969230769]}},{"type":"Feature","properties":{"review_id":"address_b0a8169c2063ff93aec1","address_id":"address_b0a8169c2063ff93aec1","external_source":"openstreetmap","external_id":"a226430890","label":"1045 3rd Avenue West","queue_flags":["duplicate_normalized","apparent_multi_unit"],"within_boundary":true},"geometry":{"type":"Point","coordinates":[-80.94752144545454,44.56811577727273]}},{"type":"Feature","properties":{"review_id":"address_fc8240dd50549cef7d19","address_id":"address_fc8240dd50549cef7d19","external_source":"openstreetmap","external_id":"a226430896","label":"1900 20th Street East","queue_flags":["duplicate_normalized","apparent_multi_unit"],"within_boundary":true},"geometry":{"type":"Point","coordinates":[-80.9176625,44.582330739999996]}},{"type":"Feature","properties":{"review_id":"address_ecc01c5bbb2a8ea65555","address_id":"address_ecc01c5bbb2a8ea65555","external_source":"openstreetmap","external_id":"a226430910","label":"250 14th Street W","queue_flags":["duplicate_normalized","apparent_multi_unit","unmatched_street"],"within_boundary":true},"geometry":{"type":"Point","coordinates":[-80.9494653,44.57419826]}},{"type":"Feature","properties":{"review_id":"address_6b243e2005780a4fdd19","address_id":"address_6b243e2005780a4fdd19","external_source":"openstreetmap","external_id":"a226430934","label":"1350 16th Street East","queue_flags":["duplicate_normalized","apparent_multi_unit"],"within_boundary":true},"geometry":{"type":"Point","coordinates":[-80.92036842608695,44.5765183173913]}},{"type":"Feature","properties":{"review_id":"address_19d5fc857d202e6055f2","address_id":"address_19d5fc857d202e6055f2","external_source":"openstreetmap","external_id":"a226430990","label":"997 4th Avenue East","queue_flags":["duplicate_normalized","apparent_multi_unit"],"within_boundary":true},"geometry":{"type":"Point","coordinates":[-80.93880246,44.567826780000004]}},{"type":"Feature","properties":{"review_id":"address_af547be594a7506bfe11","address_id":"address_af547be594a7506bfe11","external_source":"openstreetmap","external_id":"a226431006","label":"1029 4th Avenue West","queue_flags":["duplicate_normalized","apparent_multi_unit"],"within_boundary":true},"geometry":{"type":"Point","coordinates":[-80.94891992857141,44.56742597142857]}},{"type":"Feature","properties":{"review_id":"address_2f2097d959f380b6160e","address_id":"address_2f2097d959f380b6160e","external_source":"openstreetmap","external_id":"a226431122","label":"808 2nd Avenue East","queue_flags":["duplicate_normalized","apparent_multi_unit"],"within_boundary":true},"geometry":{"type":"Point","coordinates":[-80.9428732,44.564270699999994]}},{"type":"Feature","properties":{"review_id":"address_a33a64264891c448bb8a","address_id":"address_a33a64264891c448bb8a","external_source":"openstreetmap","external_id":"a227210066","label":"875 Sixth Street East","queue_flags":["duplicate_normalized","apparent_multi_unit","unmatched_street"],"within_boundary":true},"geometry":{"type":"Point","coordinates":[-80.92779178125002,44.560802025]}},{"type":"Feature","properties":{"review_id":"address_2b4cb0a96ffa68790efc","address_id":"address_2b4cb0a96ffa68790efc","external_source":"openstreetmap","external_id":"a227210268","label":"240 9th Avenue East","queue_flags":["duplicate_normalized","apparent_multi_unit","distant_from_road"],"within_boundary":true},"geometry":{"type":"Point","coordinates":[-80.92613949999999,44.55521740909091]}},{"type":"Feature","properties":{"review_id":"address_2359949a3e26f9b3850b","address_id":"address_2359949a3e26f9b3850b","external_source":"openstreetmap","external_id":"a227210354","label":"595 9th Avenue East","queue_flags":["duplicate_normalized","apparent_multi_unit"],"within_boundary":true},"geometry":{"type":"Point","coordinates":[-80.92539236666669,44.56127026666667]}},{"type":"Feature","properties":{"review_id":"address_ba8b6e9e3996dd7a8f87","address_id":"address_ba8b6e9e3996dd7a8f87","external_source":"openstreetmap","external_id":"a227210856","label":"850 4th Street East","queue_flags":["duplicate_normalized","apparent_multi_unit"],"within_boundary":true},"geometry":{"type":"Point","coordinates":[-80.92758934324324,44.55875575135135]}},{"type":"Feature","properties":{"review_id":"address_6ca7447913d5c07c29dc","address_id":"address_6ca7447913d5c07c29dc","external_source":"openstreetmap","external_id":"a349594346","label":"1590 20th Avenue East","queue_flags":["duplicate_normalized","apparent_multi_unit"],"within_boundary":true},"geometry":{"type":"Point","coordinates":[-80.90913055416665,44.573676687500004]}},{"type":"Feature","properties":{"review_id":"address_c12a6e96d7bbe9ae58b0","address_id":"address_c12a6e96d7bbe9ae58b0","external_source":"openstreetmap","external_id":"a350725564","label":"925 16 Street East","queue_flags":["duplicate_normalized","apparent_multi_unit","unmatched_street"],"within_boundary":true},"geometry":{"type":"Point","coordinates":[-80.92661694,44.57348852]}},{"type":"Feature","properties":{"review_id":"address_5a6c26e87107bfe7ccbe","address_id":"address_5a6c26e87107bfe7ccbe","external_source":"openstreetmap","external_id":"a350729082","label":"137 2nd Avenue East","queue_flags":["duplicate_normalized","apparent_multi_unit"],"within_boundary":true},"geometry":{"type":"Point","coordinates":[-80.9377521,44.5452013875]}},{"type":"Feature","properties":{"review_id":"address_aee070fe4a5d3420959e","address_id":"address_aee070fe4a5d3420959e","external_source":"openstreetmap","external_id":"a351785386","label":"1315 16th Street East","queue_flags":["duplicate_normalized","apparent_multi_unit"],"within_boundary":true},"geometry":{"type":"Point","coordinates":[-80.9200166,44.57402504444445]}},{"type":"Feature","properties":{"review_id":"address_fff7a32322d039157229","address_id":"address_fff7a32322d039157229","external_source":"openstreetmap","external_id":"a358148100","label":"1598 16 Street East","queue_flags":["duplicate_normalized","apparent_multi_unit","unmatched_street"],"within_boundary":true},"geometry":{"type":"Point","coordinates":[-80.91642436,44.574429859999995]}},{"type":"Feature","properties":{"review_id":"address_09896ba42d5dc856a466","address_id":"address_09896ba42d5dc856a466","external_source":"openstreetmap","external_id":"a358148160","label":"1150 16 Street East","queue_flags":["duplicate_normalized","apparent_multi_unit","unmatched_street"],"within_boundary":true},"geometry":{"type":"Point","coordinates":[-80.9249593,44.57421441999999]}},{"type":"Feature","properties":{"review_id":"address_f3c8f17c9baaf50b9062","address_id":"address_f3c8f17c9baaf50b9062","external_source":"openstreetmap","external_id":"a358148168","label":"1605 16 Street East","queue_flags":["duplicate_normalized","apparent_multi_unit","unmatched_street"],"within_boundary":true},"geometry":{"type":"Point","coordinates":[-80.9156213,44.57444428]}},{"type":"Feature","properties":{"review_id":"address_839bff24c2768e728827","address_id":"address_839bff24c2768e728827","external_source":"openstreetmap","external_id":"a366052118","label":"201 4th Avenue West","queue_flags":["duplicate_normalized","apparent_multi_unit"],"within_boundary":true},"geometry":{"type":"Point","coordinates":[-80.94549243846154,44.551901046153844]}},{"type":"Feature","properties":{"review_id":"address_0da20dd787f7907c8cef","address_id":"address_0da20dd787f7907c8cef","external_source":"openstreetmap","external_id":"a366065598","label":"700 10th Street East","queue_flags":["duplicate_normalized","apparent_multi_unit"],"within_boundary":true},"geometry":{"type":"Point","coordinates":[-80.93242772666667,44.569909960000004]}},{"type":"Feature","properties":{"review_id":"address_f8a0d0e85b1509aa6d1b","address_id":"address_f8a0d0e85b1509aa6d1b","external_source":"openstreetmap","external_id":"a559339336","label":"672 10th Street West","queue_flags":["duplicate_normalized","apparent_multi_unit"],"within_boundary":true},"geometry":{"type":"Point","coordinates":[-80.95568632,44.56714082]}},{"type":"Feature","properties":{"review_id":"address_7659cbcffe852113940a","address_id":"address_7659cbcffe852113940a","external_source":"openstreetmap","external_id":"a559344138","label":"640 10th Street West","queue_flags":["duplicate_normalized","apparent_multi_unit"],"within_boundary":true},"geometry":{"type":"Point","coordinates":[-80.95481378333334,44.56740618333333]}},{"type":"Feature","properties":{"review_id":"address_a4e9812a407ca1ae1d68","address_id":"address_a4e9812a407ca1ae1d68","external_source":"openstreetmap","external_id":"a737507620","label":"825 2nd Avenue E","queue_flags":["duplicate_normalized","apparent_multi_unit","unmatched_street"],"within_boundary":true},"geometry":{"type":"Point","coordinates":[-80.94217475999999,44.5642157]}},{"type":"Feature","properties":{"review_id":"address_50db30c6e63bea3f9a00","address_id":"address_50db30c6e63bea3f9a00","external_source":"openstreetmap","external_id":"a738897162","label":"114 8th Street East","queue_flags":["duplicate_normalized","apparent_multi_unit"],"within_boundary":true},"geometry":{"type":"Point","coordinates":[-80.9435360230769,44.56411884615385]}},{"type":"Feature","properties":{"review_id":"address_62cda347c0d6fdde3ca2","address_id":"address_62cda347c0d6fdde3ca2","external_source":"openstreetmap","external_id":"a739045826","label":"195 24th Street West","queue_flags":["duplicate_normalized","apparent_multi_unit","distant_from_road"],"within_boundary":true},"geometry":{"type":"Point","coordinates":[-80.94444613,44.58450087999999]}},{"type":"Feature","properties":{"review_id":"address_b99751a95c8683adb7ed","address_id":"address_b99751a95c8683adb7ed","external_source":"openstreetmap","external_id":"a739893452","label":"917 2nd Avenue E","queue_flags":["duplicate_normalized","apparent_multi_unit","unmatched_street"],"within_boundary":true},"geometry":{"type":"Point","coordinates":[-80.94268362,44.56617764]}},{"type":"Feature","properties":{"review_id":"address_3af24411f61aa5024918","address_id":"address_3af24411f61aa5024918","external_source":"openstreetmap","external_id":"a743876120","label":"900 1st Avenue West","queue_flags":["duplicate_normalized","apparent_multi_unit"],"within_boundary":true},"geometry":{"type":"Point","coordinates":[-80.94493092,44.56544446]}},{"type":"Feature","properties":{"review_id":"address_c05468025c9abf0680a3","address_id":"address_c05468025c9abf0680a3","external_source":"openstreetmap","external_id":"a743972748","label":"1852 3rd Avenue E","queue_flags":["duplicate_normalized","apparent_multi_unit","unmatched_street"],"within_boundary":true},"geometry":{"type":"Point","coordinates":[-80.93426422,44.57965608]}},{"type":"Feature","properties":{"review_id":"address_8b49ca007d2ab3a8571d","address_id":"address_8b49ca007d2ab3a8571d","external_source":"openstreetmap","external_id":"a744152442","label":"922 2nd Avenue W","queue_flags":["duplicate_normalized","apparent_multi_unit","unmatched_street"],"within_boundary":true},"geometry":{"type":"Point","coordinates":[-80.9463127111111,44.56607196666667]}},{"type":"Feature","properties":{"review_id":"address_9d4ca27a97a3fc8eb360","address_id":"address_9d4ca27a97a3fc8eb360","external_source":"openstreetmap","external_id":"a746701690","label":"824 1st Avenue W","queue_flags":["duplicate_normalized","apparent_multi_unit","unmatched_street"],"within_boundary":true},"geometry":{"type":"Point","coordinates":[-80.94500601333333,44.56407513333333]}},{"type":"Feature","properties":{"review_id":"address_777fc4382ddad1310ef6","address_id":"address_777fc4382ddad1310ef6","external_source":"openstreetmap","external_id":"a746701692","label":"840 1st Avenue West","queue_flags":["duplicate_normalized","apparent_multi_unit"],"within_boundary":true},"geometry":{"type":"Point","coordinates":[-80.94510702857143,44.56447584285714]}},{"type":"Feature","properties":{"review_id":"address_e9e865a64b5964a85f96","address_id":"address_e9e865a64b5964a85f96","external_source":"openstreetmap","external_id":"a746701694","label":"848 1st Avenue W","queue_flags":["duplicate_normalized","apparent_multi_unit","unmatched_street"],"within_boundary":true},"geometry":{"type":"Point","coordinates":[-80.94506435384616,44.564699107692306]}},{"type":"Feature","properties":{"review_id":"address_36239fcb6a04845e6631","address_id":"address_36239fcb6a04845e6631","external_source":"openstreetmap","external_id":"a752829206","label":"1138 3rd Avenue West","queue_flags":["duplicate_normalized","apparent_multi_unit"],"within_boundary":true},"geometry":{"type":"Point","coordinates":[-80.94868018333334,44.569852833333336]}},{"type":"Feature","properties":{"review_id":"address_a6a36451b996d1101149","address_id":"address_a6a36451b996d1101149","external_source":"openstreetmap","external_id":"a765570764","label":"880 10th Street East","queue_flags":["duplicate_normalized","apparent_multi_unit"],"within_boundary":true},"geometry":{"type":"Point","coordinates":[-80.92925048333332,44.5697576]}},{"type":"Feature","properties":{"review_id":"address_a79c18aa3beb072c4fb7","address_id":"address_a79c18aa3beb072c4fb7","external_source":"openstreetmap","external_id":"a785411062","label":"945 2nd Avenue East","queue_flags":["duplicate_normalized","apparent_multi_unit"],"within_boundary":true},"geometry":{"type":"Point","coordinates":[-80.94265523333333,44.566699050000004]}},{"type":"Feature","properties":{"review_id":"address_8256033826239ddd467b","address_id":"address_8256033826239ddd467b","external_source":"openstreetmap","external_id":"a787100148","label":"1138 3rd Avenue West","queue_flags":["duplicate_normalized","apparent_multi_unit"],"within_boundary":true},"geometry":{"type":"Point","coordinates":[-80.94875206,44.56984008]}},{"type":"Feature","properties":{"review_id":"address_7731291259b1a7162a4d","address_id":"address_7731291259b1a7162a4d","external_source":"openstreetmap","external_id":"a807328126","label":"101 17th Street East","queue_flags":["duplicate_normalized","apparent_multi_unit"],"within_boundary":true},"geometry":{"type":"Point","coordinates":[-80.94066562222221,44.57626055555555]}},{"type":"Feature","properties":{"review_id":"address_b522c18cc99a48831cfe","address_id":"address_b522c18cc99a48831cfe","external_source":"openstreetmap","external_id":"a813345502","label":"1415 1st Avenue W","queue_flags":["duplicate_normalized","apparent_multi_unit","unmatched_street","distant_from_road"],"within_boundary":true},"geometry":{"type":"Point","coordinates":[-80.9448548625,44.573178625]}},{"type":"Feature","properties":{"review_id":"address_fddff90e437a5bd5b2f2","address_id":"address_fddff90e437a5bd5b2f2","external_source":"openstreetmap","external_id":"a813347114","label":"1455 1st Avenue W","queue_flags":["duplicate_normalized","apparent_multi_unit","unmatched_street"],"within_boundary":true},"geometry":{"type":"Point","coordinates":[-80.94440484,44.574666459999996]}},{"type":"Feature","properties":{"review_id":"address_105700609fa523e4c381","address_id":"address_105700609fa523e4c381","external_source":"openstreetmap","external_id":"a813546138","label":"1002 2nd Avenue E","queue_flags":["duplicate_normalized","apparent_multi_unit","unmatched_street"],"within_boundary":true},"geometry":{"type":"Point","coordinates":[-80.94360906,44.56787926]}},{"type":"Feature","properties":{"review_id":"address_826041624c4eefd9e32d","address_id":"address_826041624c4eefd9e32d","external_source":"openstreetmap","external_id":"a813549880","label":"999 2nd Avenue E","queue_flags":["duplicate_normalized","apparent_multi_unit","unmatched_street"],"within_boundary":true},"geometry":{"type":"Point","coordinates":[-80.9429933,44.56762641818181]}},{"type":"Feature","properties":{"review_id":"address_ba020fdc206668f5086c","address_id":"address_ba020fdc206668f5086c","external_source":"openstreetmap","external_id":"a813551702","label":"269 10th Street East","queue_flags":["duplicate_normalized","apparent_multi_unit"],"within_boundary":true},"geometry":{"type":"Point","coordinates":[-80.94200704,44.567655]}},{"type":"Feature","properties":{"review_id":"address_a20e1649e76ab101dab1","address_id":"address_a20e1649e76ab101dab1","external_source":"openstreetmap","external_id":"a829651676","label":"750 9th Street West","queue_flags":["duplicate_normalized","apparent_multi_unit"],"within_boundary":true},"geometry":{"type":"Point","coordinates":[-80.95622736363636,44.5653356090909]}},{"type":"Feature","properties":{"review_id":"address_4a43ad870305beaac3e5","address_id":"address_4a43ad870305beaac3e5","external_source":"openstreetmap","external_id":"a829652040","label":"688 10th Street West","queue_flags":["duplicate_normalized","apparent_multi_unit"],"within_boundary":true},"geometry":{"type":"Point","coordinates":[-80.95641936000001,44.567102240000004]}},{"type":"Feature","properties":{"review_id":"address_6d3034e17c65c4bb92ad","address_id":"address_6d3034e17c65c4bb92ad","external_source":"openstreetmap","external_id":"a947232446","label":"1655 3rd Avenue W","queue_flags":["duplicate_normalized","apparent_multi_unit","unmatched_street"],"within_boundary":true},"geometry":{"type":"Point","coordinates":[-80.94871546666667,44.57658728888888]}},{"type":"Feature","properties":{"review_id":"address_e320a535b81bab916f09","address_id":"address_e320a535b81bab916f09","external_source":"openstreetmap","external_id":"a947246074","label":"1595 3rd Avenue W","queue_flags":["duplicate_normalized","apparent_multi_unit","unmatched_street"],"within_boundary":true},"geometry":{"type":"Point","coordinates":[-80.94950372857143,44.57586404285714]}},{"type":"Feature","properties":{"review_id":"address_7aec46bbc0e870606973","address_id":"address_7aec46bbc0e870606973","external_source":"openstreetmap","external_id":"a947247912","label":"1475 Eddy Sargeant Parkway","queue_flags":["duplicate_normalized","apparent_multi_unit"],"within_boundary":true},"geometry":{"type":"Point","coordinates":[-80.9469477875,44.575613875]}},{"type":"Feature","properties":{"review_id":"address_ce83d2757de5e10032d5","address_id":"address_ce83d2757de5e10032d5","external_source":"openstreetmap","external_id":"a976211676","label":"948 3rd Avenue West","queue_flags":["duplicate_normalized","apparent_multi_unit"],"within_boundary":true},"geometry":{"type":"Point","coordinates":[-80.94796391,44.566173739999996]}},{"type":"Feature","properties":{"review_id":"address_5b7e359b31665ee5319a","address_id":"address_5b7e359b31665ee5319a","external_source":"openstreetmap","external_id":"a985377460","label":"1800 8th Street East","queue_flags":["duplicate_normalized","apparent_multi_unit"],"within_boundary":true},"geometry":{"type":"Point","coordinates":[-80.91162459090911,44.57024007272727]}},{"type":"Feature","properties":{"review_id":"address_0cececc9f0980cbd84c5","address_id":"address_0cececc9f0980cbd84c5","external_source":"openstreetmap","external_id":"a1021650374","label":"137 2nd Avenue East","queue_flags":["duplicate_normalized","apparent_multi_unit"],"within_boundary":true},"geometry":{"type":"Point","coordinates":[-80.93747330000001,44.54383788]}},{"type":"Feature","properties":{"review_id":"address_322c78bf94aa7ea88ed9","address_id":"address_322c78bf94aa7ea88ed9","external_source":"openstreetmap","external_id":"a1050323252","label":"1510 9 Avenue East","queue_flags":["duplicate_normalized","apparent_multi_unit","unmatched_street"],"within_boundary":true},"geometry":{"type":"Point","coordinates":[-80.9284334,44.570311620000005]}},{"type":"Feature","properties":{"review_id":"address_b14123ca3420c8c5ed60","address_id":"address_b14123ca3420c8c5ed60","external_source":"openstreetmap","external_id":"a1050323256","label":"180 10 Street West","queue_flags":["duplicate_normalized","apparent_multi_unit","unmatched_street"],"within_boundary":true},"geometry":{"type":"Point","coordinates":[-80.94580778000001,44.5677469]}},{"type":"Feature","properties":{"review_id":"address_34c7cd1b4b31b0cd7361","address_id":"address_34c7cd1b4b31b0cd7361","external_source":"openstreetmap","external_id":"a1050323258","label":"280 10 Street East","queue_flags":["duplicate_normalized","apparent_multi_unit","unmatched_street"],"within_boundary":true},"geometry":{"type":"Point","coordinates":[-80.94183114,44.56803566]}},{"type":"Feature","properties":{"review_id":"address_62da855d979e5124745a","address_id":"address_62da855d979e5124745a","external_source":"openstreetmap","external_id":"a1050323260","label":"1612 16 Street East","queue_flags":["duplicate_normalized","apparent_multi_unit","unmatched_street"],"within_boundary":true},"geometry":{"type":"Point","coordinates":[-80.91509769999999,44.575368759999996]}},{"type":"Feature","properties":{"review_id":"address_092013ad4fb11be501c7","address_id":"address_092013ad4fb11be501c7","external_source":"openstreetmap","external_id":"a1066340472","label":"625 6th Street East","queue_flags":["duplicate_normalized","apparent_multi_unit"],"within_boundary":true},"geometry":{"type":"Point","coordinates":[-80.93346256666668,44.560646688888895]}},{"type":"Feature","properties":{"review_id":"address_8811f5b2a373f20ce6f8","address_id":"address_8811f5b2a373f20ce6f8","external_source":"openstreetmap","external_id":"a1066341670","label":"677 6th Street East","queue_flags":["duplicate_normalized","apparent_multi_unit"],"within_boundary":true},"geometry":{"type":"Point","coordinates":[-80.93243857777777,44.56098352222222]}},{"type":"Feature","properties":{"review_id":"address_896bde2ba953ed7f6080","address_id":"address_896bde2ba953ed7f6080","external_source":"openstreetmap","external_id":"a1098134044","label":"2501 3rd Avenue West","queue_flags":["duplicate_normalized","apparent_multi_unit"],"within_boundary":true},"geometry":{"type":"Point","coordinates":[-80.94543017999999,44.58808412]}},{"type":"Feature","properties":{"review_id":"address_930097e92f71c8489a0f","address_id":"address_930097e92f71c8489a0f","external_source":"openstreetmap","external_id":"a1098134048","label":"2555 3rd Avenue West","queue_flags":["duplicate_normalized","apparent_multi_unit","distant_from_road"],"within_boundary":true},"geometry":{"type":"Point","coordinates":[-80.94468654444444,44.58852533333334]}},{"type":"Feature","properties":{"review_id":"address_cb394c33d6ef66e3e530","address_id":"address_cb394c33d6ef66e3e530","external_source":"openstreetmap","external_id":"a1215053432","label":"1198 1st Avenue East","queue_flags":["duplicate_normalized","apparent_multi_unit"],"within_boundary":true},"geometry":{"type":"Point","coordinates":[-80.94237310000001,44.57219799999999]}},{"type":"Feature","properties":{"review_id":"address_cfddfdddaa222b877101","address_id":"address_cfddfdddaa222b877101","external_source":"openstreetmap","external_id":"a1263258430","label":"340-350 10 Street East","queue_flags":["duplicate_normalized","apparent_multi_unit","unmatched_street"],"within_boundary":true},"geometry":{"type":"Point","coordinates":[-80.94065750000001,44.5682453]}},{"type":"Feature","properties":{"review_id":"address_d0a86550e01d2cc4c19c","address_id":"address_d0a86550e01d2cc4c19c","external_source":"openstreetmap","external_id":"a1376522456","label":"1280 12th Street West","queue_flags":["duplicate_normalized","apparent_multi_unit"],"within_boundary":true},"geometry":{"type":"Point","coordinates":[-80.94675918,44.57191211999999]}},{"type":"Feature","properties":{"review_id":"address_29d50291903ec562fa1f","address_id":"address_29d50291903ec562fa1f","external_source":"openstreetmap","external_id":"a1423768142","label":"555 15th Street East","queue_flags":["duplicate_normalized","apparent_multi_unit"],"within_boundary":true},"geometry":{"type":"Point","coordinates":[-80.93409674285715,44.573333757142855]}},{"type":"Feature","properties":{"review_id":"address_e95541a7e3d4df4f745e","address_id":"address_e95541a7e3d4df4f745e","external_source":"openstreetmap","external_id":"a1423768148","label":"1556 8th Avenue East","queue_flags":["duplicate_normalized","apparent_multi_unit"],"within_boundary":true},"geometry":{"type":"Point","coordinates":[-80.93059493749999,44.5726169]}},{"type":"Feature","properties":{"review_id":"address_084d99af7ce32ce2526d","address_id":"address_084d99af7ce32ce2526d","external_source":"openstreetmap","external_id":"a1423768162","label":"1130 8th Street East","queue_flags":["duplicate_normalized","apparent_multi_unit"],"within_boundary":true},"geometry":{"type":"Point","coordinates":[-80.92109992941177,44.56724435882353]}},{"type":"Feature","properties":{"review_id":"address_411b1deeb62c769b3e93","address_id":"address_411b1deeb62c769b3e93","external_source":"openstreetmap","external_id":"a1423773198","label":"925 9th Avenue West","queue_flags":["duplicate_normalized","apparent_multi_unit"],"within_boundary":true},"geometry":{"type":"Point","coordinates":[-80.9610442125,44.564447775]}},{"type":"Feature","properties":{"review_id":"address_53f771a26a7071c413e2","address_id":"address_53f771a26a7071c413e2","external_source":"openstreetmap","external_id":"a1423773200","label":"885 25th Street East","queue_flags":["duplicate_normalized","apparent_multi_unit"],"within_boundary":true},"geometry":{"type":"Point","coordinates":[-80.92240868571427,44.588376971428566]}},{"type":"Feature","properties":{"review_id":"address_ecb05d8104e6ec6f5ab1","address_id":"address_ecb05d8104e6ec6f5ab1","external_source":"openstreetmap","external_id":"a1423773212","label":"1735 4th Avenue West","queue_flags":["duplicate_normalized","apparent_multi_unit"],"within_boundary":true},"geometry":{"type":"Point","coordinates":[-80.95018655999999,44.57790222]}},{"type":"Feature","properties":{"review_id":"address_ad85272ac21c4a78144e","address_id":"address_ad85272ac21c4a78144e","external_source":"openstreetmap","external_id":"a1423773220","label":"501 8th Street West","queue_flags":["duplicate_normalized","apparent_multi_unit"],"within_boundary":true},"geometry":{"type":"Point","coordinates":[-80.95010081666665,44.562482933333335]}},{"type":"Feature","properties":{"review_id":"address_35e0c1032ae2eae53303","address_id":"address_35e0c1032ae2eae53303","external_source":"openstreetmap","external_id":"a1425341082","label":"800 23rd Street East","queue_flags":["duplicate_normalized","apparent_multi_unit"],"within_boundary":true},"geometry":{"type":"Point","coordinates":[-80.92392415,44.58725139999999]}},{"type":"Feature","properties":{"review_id":"address_d41c2b7755ed99d7e897","address_id":"address_d41c2b7755ed99d7e897","external_source":"openstreetmap","external_id":"a1433979892","label":"890 4th Avenue East","queue_flags":["duplicate_normalized","apparent_multi_unit"],"within_boundary":true},"geometry":{"type":"Point","coordinates":[-80.93963394285713,44.565999471428576]}},{"type":"Feature","properties":{"review_id":"address_2a99c4b002f41d5bb0a1","address_id":"address_2a99c4b002f41d5bb0a1","external_source":"openstreetmap","external_id":"a1801069968","label":"217 4th Avenue West","queue_flags":["duplicate_normalized","apparent_multi_unit"],"within_boundary":true},"geometry":{"type":"Point","coordinates":[-80.94518655714286,44.552414185714284]}},{"type":"Feature","properties":{"review_id":"address_bf2d35ac5d0c217554dd","address_id":"address_bf2d35ac5d0c217554dd","external_source":"openstreetmap","external_id":"a1801069970","label":"225 4th Avenue West","queue_flags":["duplicate_normalized","apparent_multi_unit"],"within_boundary":true},"geometry":{"type":"Point","coordinates":[-80.94580144285715,44.55248862857143]}},{"type":"Feature","properties":{"review_id":"address_0d07aabee1037f0da601","address_id":"address_0d07aabee1037f0da601","external_source":"openstreetmap","external_id":"a2020501166","label":"1450 8th Street East","queue_flags":["duplicate_normalized","apparent_multi_unit"],"within_boundary":true},"geometry":{"type":"Point","coordinates":[-80.91971195833334,44.569145608333336]}},{"type":"Feature","properties":{"review_id":"address_4348059e5bed8a349fe4","address_id":"address_4348059e5bed8a349fe4","external_source":"openstreetmap","external_id":"a2020501168","label":"1550 8th Street East","queue_flags":["duplicate_normalized","apparent_multi_unit","distant_from_road"],"within_boundary":true},"geometry":{"type":"Point","coordinates":[-80.91748485833334,44.569316500000006]}},{"type":"Feature","properties":{"review_id":"address_d9a049db90cb545dfef5","address_id":"address_d9a049db90cb545dfef5","external_source":"openstreetmap","external_id":"a2424808330","label":"895 7th Street East","queue_flags":["duplicate_normalized","apparent_multi_unit"],"within_boundary":true},"geometry":{"type":"Point","coordinates":[-80.92731236,44.563421600000005]}},{"type":"Feature","properties":{"review_id":"address_f0307a6622d02db5a245","address_id":"address_f0307a6622d02db5a245","external_source":"openstreetmap","external_id":"a2550734736","label":"1055 1st Avenue West","queue_flags":["duplicate_normalized","apparent_multi_unit"],"within_boundary":true},"geometry":{"type":"Point","coordinates":[-80.94434306000001,44.568866400000005]}},{"type":"Feature","properties":{"review_id":"address_9a09e63a28c00c9a728b","address_id":"address_9a09e63a28c00c9a728b","external_source":"openstreetmap","external_id":"a2550734800","label":"1025 2nd Avenue West","queue_flags":["duplicate_normalized","apparent_multi_unit"],"within_boundary":true},"geometry":{"type":"Point","coordinates":[-80.94601408333334,44.56799425]}},{"type":"Feature","properties":{"review_id":"address_fc017bfa30ff953e640f","address_id":"address_fc017bfa30ff953e640f","external_source":"openstreetmap","external_id":"a2550734808","label":"142 10th Street West","queue_flags":["duplicate_normalized","apparent_multi_unit"],"within_boundary":true},"geometry":{"type":"Point","coordinates":[-80.94542874,44.56778534]}},{"type":"Feature","properties":{"review_id":"address_1a4d9efdfd6d54a6535c","address_id":"address_1a4d9efdfd6d54a6535c","external_source":"openstreetmap","external_id":"a2585800054","label":"994","queue_flags":["duplicate_normalized","unmatched_street"],"within_boundary":true},"geometry":{"type":"Point","coordinates":[-80.94361146666667,44.56742714999999]}},{"type":"Feature","properties":{"review_id":"address_722f1b97b288a0fb6eee","address_id":"address_722f1b97b288a0fb6eee","external_source":"openstreetmap","external_id":"a2585800060","label":"992","queue_flags":["duplicate_normalized","unmatched_street"],"within_boundary":true},"geometry":{"type":"Point","coordinates":[-80.94359798,44.56735734]}},{"type":"Feature","properties":{"review_id":"address_7421cf8385a27c9bec0b","address_id":"address_7421cf8385a27c9bec0b","external_source":"openstreetmap","external_id":"a2585800068","label":"958","queue_flags":["duplicate_normalized","unmatched_street"],"within_boundary":true},"geometry":{"type":"Point","coordinates":[-80.9435091,44.56689450000001]}},{"type":"Feature","properties":{"review_id":"address_1dd62a4b1a4eda5b628b","address_id":"address_1dd62a4b1a4eda5b628b","external_source":"openstreetmap","external_id":"a2585832638","label":"946 3rd Avenue East","queue_flags":["duplicate_normalized","apparent_multi_unit"],"within_boundary":true},"geometry":{"type":"Point","coordinates":[-80.94199842,44.56676844]}},{"type":"Feature","properties":{"review_id":"address_fed5c68a1a59b756c751","address_id":"address_fed5c68a1a59b756c751","external_source":"openstreetmap","external_id":"a2585843828","label":"882","queue_flags":["duplicate_normalized","unmatched_street"],"within_boundary":true},"geometry":{"type":"Point","coordinates":[-80.94309270000001,44.56534178333334]}},{"type":"Feature","properties":{"review_id":"address_fd02fbaf542f13dd688e","address_id":"address_fd02fbaf542f13dd688e","external_source":"openstreetmap","external_id":"a2607839688","label":"270 9th Avenue East","queue_flags":["duplicate_normalized","apparent_multi_unit"],"within_boundary":true},"geometry":{"type":"Point","coordinates":[-80.92580593333332,44.55603244444444]}},{"type":"Feature","properties":{"review_id":"address_8b1f03b4317c3029f634","address_id":"address_8b1f03b4317c3029f634","external_source":"openstreetmap","external_id":"a2697512948","label":"806 16th Street East","queue_flags":["duplicate_normalized","apparent_multi_unit"],"within_boundary":true},"geometry":{"type":"Point","coordinates":[-80.92821033999999,44.57434904]}},{"type":"Feature","properties":{"review_id":"address_57b43f37dc7a0152fb26","address_id":null,"external_source":"openstreetmap","external_id":"n2406462584","label":"218000 Concession 3 Derby","queue_flags":["outside_boundary"],"within_boundary":false},"geometry":{"type":"Point","coordinates":[-80.9554412,44.5364765]}},{"type":"Feature","properties":{"review_id":"address_c7867136cf30f90b7eb0","address_id":null,"external_source":"openstreetmap","external_id":"n2406462585","label":"218001 Concession 3 Derby","queue_flags":["outside_boundary"],"within_boundary":false},"geometry":{"type":"Point","coordinates":[-80.9551971,44.5365027]}},{"type":"Feature","properties":{"review_id":"address_a7d19e8b796a4e9b7cb6","address_id":null,"external_source":"openstreetmap","external_id":"n2406462586","label":"218174 Concession 3 Derby","queue_flags":["outside_boundary"],"within_boundary":false},"geometry":{"type":"Point","coordinates":[-80.9585154,44.5498348]}},{"type":"Feature","properties":{"review_id":"address_e6f6be8d21ef862a195a","address_id":null,"external_source":"openstreetmap","external_id":"n2406462648","label":"295 Forest Hill Drive","queue_flags":["outside_boundary"],"within_boundary":false},"geometry":{"type":"Point","coordinates":[-80.9385464,44.5405443]}},{"type":"Feature","properties":{"review_id":"address_14eb2befdf72f25ead4a","address_id":null,"external_source":"openstreetmap","external_id":"n2406485351","label":"159 Nicol's Gully Road","queue_flags":["outside_boundary"],"within_boundary":false},"geometry":{"type":"Point","coordinates":[-80.9658215,44.5698961]}},{"type":"Feature","properties":{"review_id":"address_f25d9baaf8ed126ca9ac","address_id":null,"external_source":"openstreetmap","external_id":"n2406486555","label":"909 14th Street West","queue_flags":["outside_boundary"],"within_boundary":false},"geometry":{"type":"Point","coordinates":[-80.9636537,44.5747574]}},{"type":"Feature","properties":{"review_id":"address_bb76fb61e274e208cb0b","address_id":null,"external_source":"openstreetmap","external_id":"n2407208252","label":"2999 3rd Avenue West","queue_flags":["outside_boundary"],"within_boundary":false},"geometry":{"type":"Point","coordinates":[-80.9441683,44.5943584]}},{"type":"Feature","properties":{"review_id":"address_15965c7e4a69effbe865","address_id":null,"external_source":"openstreetmap","external_id":"n2407329057","label":"203369 Highway 26","queue_flags":["outside_boundary"],"within_boundary":false},"geometry":{"type":"Point","coordinates":[-80.8876733,44.5777599]}},{"type":"Feature","properties":{"review_id":"address_e6e3fb30b5bdf2aad168","address_id":null,"external_source":"openstreetmap","external_id":"n2407329323","label":"398235 28th Avenue East","queue_flags":["outside_boundary"],"within_boundary":false},"geometry":{"type":"Point","coordinates":[-80.8922946,44.5646086]}},{"type":"Feature","properties":{"review_id":"address_e61d88917903d58d1552","address_id":null,"external_source":"openstreetmap","external_id":"n12815489203","label":"99 7th Avenue East","queue_flags":["outside_boundary"],"within_boundary":false},"geometry":{"type":"Point","coordinates":[-80.9299248,44.5443967]}},{"type":"Feature","properties":{"review_id":"address_209e56b2ca94d8f2f3f6","address_id":null,"external_source":"openstreetmap","external_id":"n12815489206","label":"98 7th Avenue East","queue_flags":["outside_boundary"],"within_boundary":false},"geometry":{"type":"Point","coordinates":[-80.9303836,44.5443452]}},{"type":"Feature","properties":{"review_id":"address_b1e2f71a3a9e8060dff1","address_id":null,"external_source":"openstreetmap","external_id":"n13351625372","label":"398355 28th Avenue East","queue_flags":["outside_boundary"],"within_boundary":false},"geometry":{"type":"Point","coordinates":[-80.8945398,44.5748007]}}]}
