{"type":"FeatureCollection","features":[{"type":"Feature","properties":{"address_id":"address_805f11770a1e0c89f83e","label":"198 5th Street A East","association_status":"probable_sourced","structure_id":"structure_436bc5e35eecbf706c49","nearest_sourced_footprint_m":22.6,"review_reason":"Sourced roof is beyond the high-confidence distance threshold"},"geometry":{"type":"Point","coordinates":[-80.942972,44.5587864]}},{"type":"Feature","properties":{"address_id":"address_2edd91800d8453033597","label":"100 1st Street East","association_status":"probable_sourced","structure_id":"structure_d6328dd49fe164a1d9cd","nearest_sourced_footprint_m":15.1,"review_reason":"Sourced roof is beyond the high-confidence distance threshold"},"geometry":{"type":"Point","coordinates":[-80.9393783,44.5515194]}},{"type":"Feature","properties":{"address_id":"address_48ece3e10bdd4307a9a1","label":"100 1st Street West","association_status":"probable_sourced","structure_id":"structure_ed121ba6fb323cfd2798","nearest_sourced_footprint_m":20.9,"review_reason":"Sourced roof is beyond the high-confidence distance threshold"},"geometry":{"type":"Point","coordinates":[-80.9400307,44.5521121]}},{"type":"Feature","properties":{"address_id":"address_33d5cf70fc82e2cb7c66","label":"100 2nd Avenue East","association_status":"probable_sourced","structure_id":"structure_8a0d8c8635d7523a874c","nearest_sourced_footprint_m":13.2,"review_reason":"Sourced roof is beyond the high-confidence distance threshold"},"geometry":{"type":"Point","coordinates":[-80.9398471,44.5516808]}},{"type":"Feature","properties":{"address_id":"address_c46fee7c67bf464c0b6b","label":"100 5th Avenue West","association_status":"probable_sourced","structure_id":"structure_47909cf07c44b52e485e","nearest_sourced_footprint_m":13.3,"review_reason":"Sourced roof is beyond the high-confidence distance threshold"},"geometry":{"type":"Point","coordinates":[-80.9466236,44.5488616]}},{"type":"Feature","properties":{"address_id":"address_558874f656da8f76ec02","label":"1 Sydenham Crescent","association_status":"probable_sourced","structure_id":"structure_1e3cc6e41f06d3d90b6a","nearest_sourced_footprint_m":22.4,"review_reason":"Sourced roof is beyond the high-confidence distance threshold"},"geometry":{"type":"Point","coordinates":[-80.9434578,44.5588875]}},{"type":"Feature","properties":{"address_id":"address_97ef1fa40db181d1b11f","label":"100 6th Avenue East","association_status":"probable_sourced","structure_id":"structure_32d220f498ea4510ab20","nearest_sourced_footprint_m":16.4,"review_reason":"Sourced roof is beyond the high-confidence distance threshold"},"geometry":{"type":"Point","coordinates":[-80.931135,44.5517511]}},{"type":"Feature","properties":{"address_id":"address_f6371a4d0549e86dc099","label":"101 1st Street West","association_status":"probable_sourced","structure_id":"structure_4e0dd1965cbb02113502","nearest_sourced_footprint_m":19.3,"review_reason":"Sourced roof is beyond the high-confidence distance threshold"},"geometry":{"type":"Point","coordinates":[-80.9399866,44.5519384]}},{"type":"Feature","properties":{"address_id":"address_3877bacb2a3c43298785","label":"101 2nd Avenue E R","association_status":"probable_sourced","structure_id":"structure_828acde86b844351f2ee","nearest_sourced_footprint_m":23.2,"review_reason":"Sourced roof is beyond the high-confidence distance threshold"},"geometry":{"type":"Point","coordinates":[-80.939858,44.5514254]}},{"type":"Feature","properties":{"address_id":"address_be99e60649529201dd1e","label":"101 2nd Avenue East","association_status":"probable_sourced","structure_id":"structure_757501318a8b0bcb128d","nearest_sourced_footprint_m":17.4,"review_reason":"Sourced roof is beyond the high-confidence distance threshold"},"geometry":{"type":"Point","coordinates":[-80.9394593,44.5516496]}},{"type":"Feature","properties":{"address_id":"address_7b851eb66a41938c4544","label":"101 3rd Avenue West","association_status":"probable_sourced","structure_id":"structure_72d92d28984f052fa4a1","nearest_sourced_footprint_m":15.9,"review_reason":"Sourced roof is beyond the high-confidence distance threshold"},"geometry":{"type":"Point","coordinates":[-80.9442236,44.5501512]}},{"type":"Feature","properties":{"address_id":"address_379fad1f730287840f87","label":"101 4th Street B East","association_status":"probable_sourced","structure_id":"structure_6f5fb8f22acc350f4d4f","nearest_sourced_footprint_m":22.7,"review_reason":"Sourced roof is beyond the high-confidence distance threshold"},"geometry":{"type":"Point","coordinates":[-80.9426394,44.5579181]}},{"type":"Feature","properties":{"address_id":"address_1c9b36a2ae8b059d3bc3","label":"101 5th Avenue West","association_status":"probable_sourced","structure_id":"structure_0c4ed2fe84333e33378b","nearest_sourced_footprint_m":13.2,"review_reason":"Sourced roof is beyond the high-confidence distance threshold"},"geometry":{"type":"Point","coordinates":[-80.9463796,44.5488886]}},{"type":"Feature","properties":{"address_id":"address_4eb3d2759381521d7937","label":"101 6th Avenue East","association_status":"probable_sourced","structure_id":"structure_4ecbec54126cb5d269a4","nearest_sourced_footprint_m":13.5,"review_reason":"Sourced roof is beyond the high-confidence distance threshold"},"geometry":{"type":"Point","coordinates":[-80.9308895,44.5517325]}},{"type":"Feature","properties":{"address_id":"address_badce62851f0da6c32dd","label":"101 7th Avenue East","association_status":"probable_sourced","structure_id":"structure_8f2c76206522d7de3cba","nearest_sourced_footprint_m":20.4,"review_reason":"Sourced roof is beyond the high-confidence distance threshold"},"geometry":{"type":"Point","coordinates":[-80.9294791,44.5506437]}},{"type":"Feature","properties":{"address_id":"address_58a4278ab917f6e53cc4","label":"101 7th Street East","association_status":"probable_sourced","structure_id":"structure_f8dc86257f0215ed164d","nearest_sourced_footprint_m":16.9,"review_reason":"Sourced roof is beyond the high-confidence distance threshold"},"geometry":{"type":"Point","coordinates":[-80.9430847,44.5619093]}},{"type":"Feature","properties":{"address_id":"address_11c69aecf9b98155907e","label":"102 5th Street A East","association_status":"probable_sourced","structure_id":"structure_b8e5fbb1f4eb80ee7678","nearest_sourced_footprint_m":24.7,"review_reason":"Sourced roof is beyond the high-confidence distance threshold"},"geometry":{"type":"Point","coordinates":[-80.9430034,44.5589174]}},{"type":"Feature","properties":{"address_id":"address_37adf463ab85a7115626","label":"103 5th Street A East","association_status":"probable_sourced","structure_id":"structure_620056d0490fdb402ced","nearest_sourced_footprint_m":25,"review_reason":"Sourced roof is beyond the high-confidence distance threshold"},"geometry":{"type":"Point","coordinates":[-80.9427946,44.5588794]}},{"type":"Feature","properties":{"address_id":"address_07484fdd4bb86b60eed3","label":"115 2nd Avenue West","association_status":"probable_sourced","structure_id":"structure_1cb8f9a522708bfdceab","nearest_sourced_footprint_m":25.9,"review_reason":"Sourced roof is beyond the high-confidence distance threshold"},"geometry":{"type":"Point","coordinates":[-80.9430732,44.5506375]}},{"type":"Feature","properties":{"address_id":"address_d1ea87dd8b293442a5dc","label":"119 3rd Avenue West","association_status":"probable_sourced","structure_id":"structure_b9cb71d19d16d392809d","nearest_sourced_footprint_m":19.4,"review_reason":"Sourced roof is beyond the high-confidence distance threshold"},"geometry":{"type":"Point","coordinates":[-80.9442831,44.5503959]}},{"type":"Feature","properties":{"address_id":"address_f567f2ad319fe9dc9c79","label":"1199 6th Street East","association_status":"probable_sourced","structure_id":"structure_1bba2c5c7559fcfacbc3","nearest_sourced_footprint_m":18.8,"review_reason":"Sourced roof is beyond the high-confidence distance threshold"},"geometry":{"type":"Point","coordinates":[-80.9214753,44.5623824]}},{"type":"Feature","properties":{"address_id":"address_0e36fc9d6864ff4b4d81","label":"154 Beattie Street","association_status":"probable_sourced","structure_id":"structure_e0de70f18a0c114422b7","nearest_sourced_footprint_m":13.7,"review_reason":"Sourced roof is beyond the high-confidence distance threshold"},"geometry":{"type":"Point","coordinates":[-80.9412517,44.5542561]}},{"type":"Feature","properties":{"address_id":"address_5636c3996a8ab6a461ad","label":"164 2nd Avenue East","association_status":"probable_sourced","structure_id":"structure_6c6862a592d9dd212ce6","nearest_sourced_footprint_m":29.4,"review_reason":"Sourced roof is beyond the high-confidence distance threshold"},"geometry":{"type":"Point","coordinates":[-80.9399749,44.552143]}},{"type":"Feature","properties":{"address_id":"address_391e7d1ffec0867f3617","label":"165 2nd Avenue East","association_status":"probable_sourced","structure_id":"structure_8e24473f1cb9e26a0972","nearest_sourced_footprint_m":21.6,"review_reason":"Sourced roof is beyond the high-confidence distance threshold"},"geometry":{"type":"Point","coordinates":[-80.9396404,44.5523279]}},{"type":"Feature","properties":{"address_id":"address_cd709728cb2f7a180adb","label":"169 4th Avenue West","association_status":"probable_sourced","structure_id":"structure_ff0a3c35806d686c3726","nearest_sourced_footprint_m":17.5,"review_reason":"Sourced roof is beyond the high-confidence distance threshold"},"geometry":{"type":"Point","coordinates":[-80.9458568,44.5515332]}},{"type":"Feature","properties":{"address_id":"address_ad8e338de2197a70099b","label":"198 1st Street Southwest","association_status":"probable_sourced","structure_id":"structure_caf158891331f40ff394","nearest_sourced_footprint_m":14.4,"review_reason":"Sourced roof is beyond the high-confidence distance threshold"},"geometry":{"type":"Point","coordinates":[-80.9425013,44.5461897]}},{"type":"Feature","properties":{"address_id":"address_06bfb20e92c20d74b6c8","label":"198 2nd Avenue West","association_status":"probable_sourced","structure_id":"structure_feb6ee029b31c16cad78","nearest_sourced_footprint_m":19.3,"review_reason":"Sourced roof is beyond the high-confidence distance threshold"},"geometry":{"type":"Point","coordinates":[-80.9433349,44.5510002]}},{"type":"Feature","properties":{"address_id":"address_581b04353b3d549823ba","label":"198 5th Street A East","association_status":"probable_sourced","structure_id":"structure_24e22ba663bff0da859a","nearest_sourced_footprint_m":21,"review_reason":"Sourced roof is beyond the high-confidence distance threshold"},"geometry":{"type":"Point","coordinates":[-80.9417458,44.5600429]}},{"type":"Feature","properties":{"address_id":"address_9a551e2b85fdbb03eab2","label":"198 6th Street West","association_status":"probable_sourced","structure_id":"structure_1bee2672bb73b85e7490","nearest_sourced_footprint_m":14.1,"review_reason":"Sourced roof is beyond the high-confidence distance threshold"},"geometry":{"type":"Point","coordinates":[-80.9443599,44.5602802]}},{"type":"Feature","properties":{"address_id":"address_d18312f2c97563d96210","label":"198 Beattie Street","association_status":"probable_sourced","structure_id":"structure_b2fce13d8a2e4413068b","nearest_sourced_footprint_m":13.1,"review_reason":"Sourced roof is beyond the high-confidence distance threshold"},"geometry":{"type":"Point","coordinates":[-80.943188,44.55405]}},{"type":"Feature","properties":{"address_id":"address_1328014076c275328237","label":"199 2nd Street East","association_status":"probable_sourced","structure_id":"structure_bfb920da311d322ac165","nearest_sourced_footprint_m":21.1,"review_reason":"Sourced roof is beyond the high-confidence distance threshold"},"geometry":{"type":"Point","coordinates":[-80.9389278,44.552205]}},{"type":"Feature","properties":{"address_id":"address_43995a1f92d186704fb3","label":"199 3rd Avenue East","association_status":"probable_sourced","structure_id":"structure_75acaae4ab4d77fc20bb","nearest_sourced_footprint_m":13.6,"review_reason":"Sourced roof is beyond the high-confidence distance threshold"},"geometry":{"type":"Point","coordinates":[-80.9386272,44.5522566]}},{"type":"Feature","properties":{"address_id":"address_3b64f20a84dc01307e66","label":"199 3rd Street A West","association_status":"probable_sourced","structure_id":"structure_1f320b05d180a180d2e4","nearest_sourced_footprint_m":12.1,"review_reason":"Sourced roof is beyond the high-confidence distance threshold"},"geometry":{"type":"Point","coordinates":[-80.9432064,44.5558018]}},{"type":"Feature","properties":{"address_id":"address_73533788295f150f6448","label":"199 3rd Street West","association_status":"probable_sourced","structure_id":"structure_a19f5f0c686d1cd778d4","nearest_sourced_footprint_m":28.2,"review_reason":"Sourced roof is beyond the high-confidence distance threshold"},"geometry":{"type":"Point","coordinates":[-80.9412214,44.5549219]}},{"type":"Feature","properties":{"address_id":"address_2851d7fbbb384c1c23b0","label":"199 4th Street B East","association_status":"probable_sourced","structure_id":"structure_5b5ca7289bc296c02d9a","nearest_sourced_footprint_m":14.3,"review_reason":"Sourced roof is beyond the high-confidence distance threshold"},"geometry":{"type":"Point","coordinates":[-80.9413511,44.5579444]}},{"type":"Feature","properties":{"address_id":"address_2555625ebaa975a16abf","label":"199 5th Avenue East","association_status":"probable_sourced","structure_id":"structure_1ea588de7287ecda257d","nearest_sourced_footprint_m":16.5,"review_reason":"Sourced roof is beyond the high-confidence distance threshold"},"geometry":{"type":"Point","coordinates":[-80.9335503,44.5509158]}},{"type":"Feature","properties":{"address_id":"address_71b8fa91a4bdbb2cbe22","label":"199 5th Street A East","association_status":"probable_sourced","structure_id":"structure_5ce7e132479508cc7eec","nearest_sourced_footprint_m":12.8,"review_reason":"Sourced roof is beyond the high-confidence distance threshold"},"geometry":{"type":"Point","coordinates":[-80.9416768,44.5599239]}},{"type":"Feature","properties":{"address_id":"address_75e27609eda4d6d30302","label":"199 6th Avenue East","association_status":"probable_sourced","structure_id":"structure_3a59164438b6ecc8fec1","nearest_sourced_footprint_m":12.7,"review_reason":"Sourced roof is beyond the high-confidence distance threshold"},"geometry":{"type":"Point","coordinates":[-80.9311974,44.5530889]}},{"type":"Feature","properties":{"address_id":"address_a9405f2c135dea0bfe30","label":"199 6th Street West","association_status":"probable_sourced","structure_id":"structure_4affe1e4ba5a57567029","nearest_sourced_footprint_m":25,"review_reason":"Sourced roof is beyond the high-confidence distance threshold"},"geometry":{"type":"Point","coordinates":[-80.944477,44.5600853]}},{"type":"Feature","properties":{"address_id":"address_9d8f7a742cb7e5c644da","label":"199 7th Street East","association_status":"probable_sourced","structure_id":"structure_52ae1b2fa5f9f33839d2","nearest_sourced_footprint_m":29.3,"review_reason":"Sourced roof is beyond the high-confidence distance threshold"},"geometry":{"type":"Point","coordinates":[-80.9421355,44.5619471]}},{"type":"Feature","properties":{"address_id":"address_63e28cccecae31f79222","label":"200 1st Street A West","association_status":"probable_sourced","structure_id":"structure_35b877aba9747dfb61dc","nearest_sourced_footprint_m":26.4,"review_reason":"Sourced roof is beyond the high-confidence distance threshold"},"geometry":{"type":"Point","coordinates":[-80.9434087,44.550724]}},{"type":"Feature","properties":{"address_id":"address_3a323a069e2076a2761b","label":"200 1st Street West","association_status":"probable_sourced","structure_id":"structure_bb3fb6f6ec3c8f242481","nearest_sourced_footprint_m":22.3,"review_reason":"Sourced roof is beyond the high-confidence distance threshold"},"geometry":{"type":"Point","coordinates":[-80.9432655,44.5502275]}},{"type":"Feature","properties":{"address_id":"address_fb6e7d1566d313873395","label":"200 2nd Street West","association_status":"probable_sourced","structure_id":"structure_7a9e4452371dc4acafe6","nearest_sourced_footprint_m":20.7,"review_reason":"Sourced roof is beyond the high-confidence distance threshold"},"geometry":{"type":"Point","coordinates":[-80.9432555,44.5532285]}},{"type":"Feature","properties":{"address_id":"address_8088c49a07061b4fcc32","label":"200 4th Street A East","association_status":"probable_sourced","structure_id":"structure_ac385931edceec4b1d67","nearest_sourced_footprint_m":19.9,"review_reason":"Sourced roof is beyond the high-confidence distance threshold"},"geometry":{"type":"Point","coordinates":[-80.9406882,44.5576097]}},{"type":"Feature","properties":{"address_id":"address_04aac1e13963a8c87c44","label":"200 4th Street East","association_status":"probable_sourced","structure_id":"structure_385d576d66cc16811a84","nearest_sourced_footprint_m":12.8,"review_reason":"Sourced roof is beyond the high-confidence distance threshold"},"geometry":{"type":"Point","coordinates":[-80.9405355,44.5566093]}},{"type":"Feature","properties":{"address_id":"address_a45ef8b963b9aba71e1c","label":"200 5th Avenue West","association_status":"probable_sourced","structure_id":"structure_0be5dbe95158018f8f82","nearest_sourced_footprint_m":12,"review_reason":"Sourced roof is beyond the high-confidence distance threshold"},"geometry":{"type":"Point","coordinates":[-80.9473283,44.5507798]}},{"type":"Feature","properties":{"address_id":"address_164bf1676e25fa5ed42d","label":"200 6th Street East","association_status":"probable_sourced","structure_id":"structure_d50dadc4cd3f8cd4b10a","nearest_sourced_footprint_m":16.8,"review_reason":"Sourced roof is beyond the high-confidence distance threshold"},"geometry":{"type":"Point","coordinates":[-80.9414221,44.5602287]}},{"type":"Feature","properties":{"address_id":"address_413c4a0d3b1dfc784364","label":"200 7th Street East","association_status":"probable_sourced","structure_id":"structure_6e85766dcd547ca4d9db","nearest_sourced_footprint_m":17.3,"review_reason":"Sourced roof is beyond the high-confidence distance threshold"},"geometry":{"type":"Point","coordinates":[-80.941856,44.5621507]}},{"type":"Feature","properties":{"address_id":"address_66007c841a83d55930db","label":"200 7th Street West","association_status":"probable_sourced","structure_id":"structure_dc5a0c33ca6101fd0985","nearest_sourced_footprint_m":16.1,"review_reason":"Sourced roof is beyond the high-confidence distance threshold"},"geometry":{"type":"Point","coordinates":[-80.9450284,44.5617383]}},{"type":"Feature","properties":{"address_id":"address_53969563daa3baaaed74","label":"200 8th Avenue East","association_status":"probable_sourced","structure_id":"structure_ae2a315ad5c84f124049","nearest_sourced_footprint_m":13.3,"review_reason":"Sourced roof is beyond the high-confidence distance threshold"},"geometry":{"type":"Point","coordinates":[-80.9295205,44.5556862]}},{"type":"Feature","properties":{"address_id":"address_f4cab5ef95e238b4cb36","label":"200 Beattie Street","association_status":"probable_sourced","structure_id":"structure_389476e118669b4979b2","nearest_sourced_footprint_m":14.1,"review_reason":"Sourced roof is beyond the high-confidence distance threshold"},"geometry":{"type":"Point","coordinates":[-80.9433098,44.5540358]}},{"type":"Feature","properties":{"address_id":"address_24863dbc8f373d6d03ff","label":"201 3rd Avenue East","association_status":"probable_sourced","structure_id":"structure_ac514e22c5aad83f17ce","nearest_sourced_footprint_m":13.8,"review_reason":"Sourced roof is beyond the high-confidence distance threshold"},"geometry":{"type":"Point","coordinates":[-80.9386053,44.5523376]}},{"type":"Feature","properties":{"address_id":"address_7d38ff22e8465febc09f","label":"201 6th Avenue East","association_status":"probable_sourced","structure_id":"structure_a3d96da9381409f25072","nearest_sourced_footprint_m":13.4,"review_reason":"Sourced roof is beyond the high-confidence distance threshold"},"geometry":{"type":"Point","coordinates":[-80.9314048,44.5533262]}},{"type":"Feature","properties":{"address_id":"address_7f6cbdfaa0e4f7a4fada","label":"201 6th Street West","association_status":"probable_sourced","structure_id":"structure_2e59b578e122efe99e65","nearest_sourced_footprint_m":23.7,"review_reason":"Sourced roof is beyond the high-confidence distance threshold"},"geometry":{"type":"Point","coordinates":[-80.9450628,44.5599996]}},{"type":"Feature","properties":{"address_id":"address_8625a985ccc4dec6271e","label":"201 7th Street West","association_status":"probable_sourced","structure_id":"structure_bc18e01c763e389cfa76","nearest_sourced_footprint_m":26.1,"review_reason":"Sourced roof is beyond the high-confidence distance threshold"},"geometry":{"type":"Point","coordinates":[-80.9450054,44.561639]}},{"type":"Feature","properties":{"address_id":"address_c403395a1529d41c87b6","label":"218217 Concession 3 Derby","association_status":"unresolved","structure_id":null,"nearest_sourced_footprint_m":null,"review_reason":"No usable roof geometry was generated"},"geometry":{"type":"Point","coordinates":[-80.9588941,44.5530412]}},{"type":"Feature","properties":{"address_id":"address_b72b42c3d8d90c698474","label":"221 3rd Avenue West","association_status":"probable_sourced","structure_id":"structure_7b7340f3b8929446e7a9","nearest_sourced_footprint_m":21,"review_reason":"Sourced roof is beyond the high-confidence distance threshold"},"geometry":{"type":"Point","coordinates":[-80.9450753,44.5530632]}},{"type":"Feature","properties":{"address_id":"address_633cb1b0b82da7815719","label":"244 2nd Avenue West","association_status":"probable_sourced","structure_id":"structure_7b9aaa2a8f70e2330187","nearest_sourced_footprint_m":17.5,"review_reason":"Sourced roof is beyond the high-confidence distance threshold"},"geometry":{"type":"Point","coordinates":[-80.9432042,44.5532793]}},{"type":"Feature","properties":{"address_id":"address_657993c41438c7181cb5","label":"251 5th Avenue West","association_status":"probable_sourced","structure_id":"structure_c61b1a59f25f45bc9ed3","nearest_sourced_footprint_m":15.5,"review_reason":"Sourced roof is beyond the high-confidence distance threshold"},"geometry":{"type":"Point","coordinates":[-80.9475664,44.5524944]}},{"type":"Feature","properties":{"address_id":"address_19865f28973e290c6262","label":"258 Beattie Street","association_status":"probable_sourced","structure_id":"structure_ede38e4c1ebb206b1815","nearest_sourced_footprint_m":21,"review_reason":"Sourced roof is beyond the high-confidence distance threshold"},"geometry":{"type":"Point","coordinates":[-80.9442666,44.5539327]}},{"type":"Feature","properties":{"address_id":"address_b066dd31effa5e333f3c","label":"260 Beattie Street","association_status":"probable_sourced","structure_id":"structure_753abd36a5430500b819","nearest_sourced_footprint_m":18.8,"review_reason":"Sourced roof is beyond the high-confidence distance threshold"},"geometry":{"type":"Point","coordinates":[-80.9446328,44.5538932]}},{"type":"Feature","properties":{"address_id":"address_e337cc25b116dcda7f41","label":"266 7th Avenue East","association_status":"probable_sourced","structure_id":"structure_53e981e6a84bb82934d0","nearest_sourced_footprint_m":21.3,"review_reason":"Sourced roof is beyond the high-confidence distance threshold"},"geometry":{"type":"Point","coordinates":[-80.9305303,44.5547519]}},{"type":"Feature","properties":{"address_id":"address_0826822fdf551a3a2e83","label":"290 2nd Avenue East","association_status":"probable_sourced","structure_id":"structure_9b7a03bbc9f93ec5c75d","nearest_sourced_footprint_m":14.3,"review_reason":"Sourced roof is beyond the high-confidence distance threshold"},"geometry":{"type":"Point","coordinates":[-80.9403742,44.5544793]}},{"type":"Feature","properties":{"address_id":"address_fa85b53a25dce41aeda9","label":"290 3rd Street A West","association_status":"probable_sourced","structure_id":"structure_620b5058442e9aebb1eb","nearest_sourced_footprint_m":19.7,"review_reason":"Sourced roof is beyond the high-confidence distance threshold"},"geometry":{"type":"Point","coordinates":[-80.9453125,44.5553]}},{"type":"Feature","properties":{"address_id":"address_0ffe6429ffe36fe4d8bf","label":"291 3rd Street A West","association_status":"probable_sourced","structure_id":"structure_9d9e4e8661267c64b515","nearest_sourced_footprint_m":12.9,"review_reason":"Sourced roof is beyond the high-confidence distance threshold"},"geometry":{"type":"Point","coordinates":[-80.9453362,44.5552104]}},{"type":"Feature","properties":{"address_id":"address_73a60529318bb262d0fd","label":"298 2nd Street West","association_status":"probable_sourced","structure_id":"structure_0d8d238c9032b2413bc8","nearest_sourced_footprint_m":15.5,"review_reason":"Sourced roof is beyond the high-confidence distance threshold"},"geometry":{"type":"Point","coordinates":[-80.9449957,44.553022]}},{"type":"Feature","properties":{"address_id":"address_39b2a5ba714fd0b801d1","label":"298 3rd Avenue East","association_status":"probable_sourced","structure_id":"structure_9e3860b04e87c2e0ddc6","nearest_sourced_footprint_m":19.9,"review_reason":"Sourced roof is beyond the high-confidence distance threshold"},"geometry":{"type":"Point","coordinates":[-80.9388723,44.5526778]}},{"type":"Feature","properties":{"address_id":"address_9a3f12eebc7fc87ba55d","label":"298 6th Avenue East","association_status":"probable_sourced","structure_id":"structure_e2ed68315ff6fa6008cd","nearest_sourced_footprint_m":14.4,"review_reason":"Sourced roof is beyond the high-confidence distance threshold"},"geometry":{"type":"Point","coordinates":[-80.9328735,44.5538434]}},{"type":"Feature","properties":{"address_id":"address_3c6eb761b50f2648fcef","label":"299 1st Street A West","association_status":"probable_sourced","structure_id":"structure_e11eb61c54726915aeb3","nearest_sourced_footprint_m":28.7,"review_reason":"Sourced roof is beyond the high-confidence distance threshold"},"geometry":{"type":"Point","coordinates":[-80.9442285,44.5504493]}},{"type":"Feature","properties":{"address_id":"address_d61eb76fbd341d4ead68","label":"299 2nd Avenue West","association_status":"probable_sourced","structure_id":"structure_90e1acc808e93a08e915","nearest_sourced_footprint_m":16.4,"review_reason":"Sourced roof is beyond the high-confidence distance threshold"},"geometry":{"type":"Point","coordinates":[-80.9429905,44.5537979]}},{"type":"Feature","properties":{"address_id":"address_6b73ac1578343d9be738","label":"299 3rd Avenue West","association_status":"probable_sourced","structure_id":"structure_b773193e820f171e8295","nearest_sourced_footprint_m":12.7,"review_reason":"Sourced roof is beyond the high-confidence distance threshold"},"geometry":{"type":"Point","coordinates":[-80.944464,44.5544252]}},{"type":"Feature","properties":{"address_id":"address_6d293966a0a5f50073e6","label":"299 6th Avenue East","association_status":"probable_sourced","structure_id":"structure_b67d2ec3a21bc0fed99b","nearest_sourced_footprint_m":20.1,"review_reason":"Sourced roof is beyond the high-confidence distance threshold"},"geometry":{"type":"Point","coordinates":[-80.9327964,44.5540111]}},{"type":"Feature","properties":{"address_id":"address_7afe9d6bc6b72efbdc44","label":"299 6th Street West","association_status":"probable_sourced","structure_id":"structure_ecf1beba09170c841a67","nearest_sourced_footprint_m":21.9,"review_reason":"Sourced roof is beyond the high-confidence distance threshold"},"geometry":{"type":"Point","coordinates":[-80.9452351,44.5598563]}},{"type":"Feature","properties":{"address_id":"address_4a3436dda031991c451c","label":"299 Beattie Street","association_status":"probable_sourced","structure_id":"structure_3b7f199fbd49f83d8f5c","nearest_sourced_footprint_m":16.1,"review_reason":"Sourced roof is beyond the high-confidence distance threshold"},"geometry":{"type":"Point","coordinates":[-80.9451095,44.5536633]}},{"type":"Feature","properties":{"address_id":"address_f11404c548d6b527fb7d","label":"300 1st Street West","association_status":"probable_sourced","structure_id":"structure_10a0598b99615f296b0f","nearest_sourced_footprint_m":13.2,"review_reason":"Sourced roof is beyond the high-confidence distance threshold"},"geometry":{"type":"Point","coordinates":[-80.944522,44.5500661]}},{"type":"Feature","properties":{"address_id":"address_4774e9e0ced97eceb1c7","label":"300 2nd Avenue West","association_status":"probable_sourced","structure_id":"structure_dc8bd2e6b74638744ee5","nearest_sourced_footprint_m":14.7,"review_reason":"Sourced roof is beyond the high-confidence distance threshold"},"geometry":{"type":"Point","coordinates":[-80.943314,44.555923]}},{"type":"Feature","properties":{"address_id":"address_39d592ca10b7ea4cc231","label":"300 3rd Avenue West","association_status":"probable_sourced","structure_id":"structure_ea2907b287db1ccec099","nearest_sourced_footprint_m":14.2,"review_reason":"Sourced roof is beyond the high-confidence distance threshold"},"geometry":{"type":"Point","coordinates":[-80.9447072,44.5545781]}},{"type":"Feature","properties":{"address_id":"address_ed298cf0efcdb7bdc4ba","label":"300 4th Street East","association_status":"probable_sourced","structure_id":"structure_324f35f1c5ec856702ec","nearest_sourced_footprint_m":17.4,"review_reason":"Sourced roof is beyond the high-confidence distance threshold"},"geometry":{"type":"Point","coordinates":[-80.9375726,44.5569304]}},{"type":"Feature","properties":{"address_id":"address_153aa3a87308c1f7e014","label":"300 5th Street East","association_status":"probable_sourced","structure_id":"structure_d740a6086e9d6796b842","nearest_sourced_footprint_m":21.9,"review_reason":"Sourced roof is beyond the high-confidence distance threshold"},"geometry":{"type":"Point","coordinates":[-80.9392149,44.5587593]}},{"type":"Feature","properties":{"address_id":"address_2cff18c1d93f9b791517","label":"300 6th Avenue East","association_status":"probable_sourced","structure_id":"structure_09fe69d60e908cade001","nearest_sourced_footprint_m":20,"review_reason":"Sourced roof is beyond the high-confidence distance threshold"},"geometry":{"type":"Point","coordinates":[-80.9327676,44.5566742]}},{"type":"Feature","properties":{"address_id":"address_3bf7b116fe499f6de63f","label":"300 6th Street East","association_status":"probable_sourced","structure_id":"structure_1ce0a3a3870a15e6d4d8","nearest_sourced_footprint_m":17.2,"review_reason":"Sourced roof is beyond the high-confidence distance threshold"},"geometry":{"type":"Point","coordinates":[-80.9395215,44.5604491]}},{"type":"Feature","properties":{"address_id":"address_d9323de8cc54a2504f31","label":"301 2nd Avenue West","association_status":"probable_sourced","structure_id":"structure_79dd46a35292e29c4491","nearest_sourced_footprint_m":16.9,"review_reason":"Sourced roof is beyond the high-confidence distance threshold"},"geometry":{"type":"Point","coordinates":[-80.9432937,44.5558122]}},{"type":"Feature","properties":{"address_id":"address_690129a30f65ad46c9e8","label":"301 3rd Avenue West","association_status":"probable_sourced","structure_id":"structure_fbe6c674226247c69ef2","nearest_sourced_footprint_m":18.3,"review_reason":"Sourced roof is beyond the high-confidence distance threshold"},"geometry":{"type":"Point","coordinates":[-80.9444902,44.5545114]}},{"type":"Feature","properties":{"address_id":"address_5bcc8186a2bff78fbb7c","label":"301 5th Avenue A West","association_status":"probable_sourced","structure_id":"structure_03e8813a6ffb41eeb5e7","nearest_sourced_footprint_m":18.7,"review_reason":"Sourced roof is beyond the high-confidence distance threshold"},"geometry":{"type":"Point","coordinates":[-80.9493141,44.5531635]}},{"type":"Feature","properties":{"address_id":"address_5a874291175a962d78d4","label":"301 6th Avenue East","association_status":"probable_sourced","structure_id":"structure_20bc313eab7928ea6041","nearest_sourced_footprint_m":25.5,"review_reason":"Sourced roof is beyond the high-confidence distance threshold"},"geometry":{"type":"Point","coordinates":[-80.9325859,44.5565548]}},{"type":"Feature","properties":{"address_id":"address_5475f01c4cc4c33b31ad","label":"312 2nd Avenue East","association_status":"probable_sourced","structure_id":"structure_c36581c543d4859a0080","nearest_sourced_footprint_m":24,"review_reason":"Sourced roof is beyond the high-confidence distance threshold"},"geometry":{"type":"Point","coordinates":[-80.9405244,44.5551008]}},{"type":"Feature","properties":{"address_id":"address_08716cb65663bb73765e","label":"313 3rd Street West","association_status":"probable_sourced","structure_id":"structure_3305253fbf921cadee2d","nearest_sourced_footprint_m":26.6,"review_reason":"Sourced roof is beyond the high-confidence distance threshold"},"geometry":{"type":"Point","coordinates":[-80.9446316,44.554457]}},{"type":"Feature","properties":{"address_id":"address_e9b352486e302891d5cc","label":"314 5th Avenue A West","association_status":"probable_sourced","structure_id":"structure_7d0b7ac9f5a373816f96","nearest_sourced_footprint_m":22.9,"review_reason":"Sourced roof is beyond the high-confidence distance threshold"},"geometry":{"type":"Point","coordinates":[-80.9491886,44.5535402]}},{"type":"Feature","properties":{"address_id":"address_05c408117bb8d75a13ef","label":"319 2nd Avenue East","association_status":"probable_sourced","structure_id":"structure_50fcca5e0a87fb5c0a84","nearest_sourced_footprint_m":22.8,"review_reason":"Sourced roof is beyond the high-confidence distance threshold"},"geometry":{"type":"Point","coordinates":[-80.9402225,44.5549998]}},{"type":"Feature","properties":{"address_id":"address_a1ed2d36f1224927e3e3","label":"326 3rd Street West","association_status":"probable_sourced","structure_id":"structure_a22f9b50f7e659025f7f","nearest_sourced_footprint_m":22.5,"review_reason":"Sourced roof is beyond the high-confidence distance threshold"},"geometry":{"type":"Point","coordinates":[-80.9448066,44.5545601]}},{"type":"Feature","properties":{"address_id":"address_3c009d9c6c586d77e77a","label":"349 3rd Avenue West","association_status":"probable_sourced","structure_id":"structure_404d59bb2f8eb69d5f1b","nearest_sourced_footprint_m":20.7,"review_reason":"Sourced roof is beyond the high-confidence distance threshold"},"geometry":{"type":"Point","coordinates":[-80.9450957,44.5552399]}},{"type":"Feature","properties":{"address_id":"address_f36b30d296dc5bcbfcd5","label":"350 3rd Avenue West","association_status":"probable_sourced","structure_id":"structure_0cd311b92d05d5a60806","nearest_sourced_footprint_m":20.7,"review_reason":"Sourced roof is beyond the high-confidence distance threshold"},"geometry":{"type":"Point","coordinates":[-80.9451951,44.5551475]}},{"type":"Feature","properties":{"address_id":"address_3a6bbe173925f7d618a1","label":"351 8th Avenue B East","association_status":"probable_sourced","structure_id":"structure_ad23b2a6414354cad3df","nearest_sourced_footprint_m":12.8,"review_reason":"Sourced roof is beyond the high-confidence distance threshold"},"geometry":{"type":"Point","coordinates":[-80.9272892,44.5572989]}},{"type":"Feature","properties":{"address_id":"address_413c3606092071761e44","label":"374 2nd Avenue East","association_status":"probable_sourced","structure_id":"structure_4d81c77f2ae9f70c8601","nearest_sourced_footprint_m":20.1,"review_reason":"Sourced roof is beyond the high-confidence distance threshold"},"geometry":{"type":"Point","coordinates":[-80.9407209,44.5560345]}},{"type":"Feature","properties":{"address_id":"address_6871e98441b1d1ca4ae5","label":"376 2nd Avenue East","association_status":"probable_sourced","structure_id":"structure_b44b0e99fdf136132234","nearest_sourced_footprint_m":17.6,"review_reason":"Sourced roof is beyond the high-confidence distance threshold"},"geometry":{"type":"Point","coordinates":[-80.9407924,44.5561912]}},{"type":"Feature","properties":{"address_id":"address_0cf1867399368def53c0","label":"386 3rd Street West","association_status":"probable_sourced","structure_id":"structure_cfa00bf2ee57759b7d78","nearest_sourced_footprint_m":15.3,"review_reason":"Sourced roof is beyond the high-confidence distance threshold"},"geometry":{"type":"Point","coordinates":[-80.9453394,44.5544916]}},{"type":"Feature","properties":{"address_id":"address_422510213088c8a4ba54","label":"393 3rd Street West","association_status":"probable_sourced","structure_id":"structure_bcb24202e96ce0eacb9d","nearest_sourced_footprint_m":12.2,"review_reason":"Sourced roof is beyond the high-confidence distance threshold"},"geometry":{"type":"Point","coordinates":[-80.945357,44.5543607]}},{"type":"Feature","properties":{"address_id":"address_9d7fc0467f073a8d9291","label":"395 2nd Avenue East","association_status":"probable_sourced","structure_id":"structure_b5efeccc1a4181c3e76b","nearest_sourced_footprint_m":29.5,"review_reason":"Sourced roof is beyond the high-confidence distance threshold"},"geometry":{"type":"Point","coordinates":[-80.9405458,44.5563843]}},{"type":"Feature","properties":{"address_id":"address_20849fdb9e0967895454","label":"397 2nd Avenue East","association_status":"probable_sourced","structure_id":"structure_b64779e9485a56268f60","nearest_sourced_footprint_m":20,"review_reason":"Sourced roof is beyond the high-confidence distance threshold"},"geometry":{"type":"Point","coordinates":[-80.9406064,44.5566455]}},{"type":"Feature","properties":{"address_id":"address_a57de8718bf72743da7d","label":"398 1st Street West","association_status":"probable_sourced","structure_id":"structure_006ffdb65a4e589b8f53","nearest_sourced_footprint_m":15.9,"review_reason":"Sourced roof is beyond the high-confidence distance threshold"},"geometry":{"type":"Point","coordinates":[-80.9454258,44.5499373]}},{"type":"Feature","properties":{"address_id":"address_09440d27095290e32391","label":"398 2nd Avenue West","association_status":"probable_sourced","structure_id":"structure_e52154dbf76d6eda26e8","nearest_sourced_footprint_m":21.6,"review_reason":"Sourced roof is beyond the high-confidence distance threshold"},"geometry":{"type":"Point","coordinates":[-80.9439626,44.5563346]}},{"type":"Feature","properties":{"address_id":"address_5d03ad4dd2f0c1cdddf7","label":"398 3rd Street A West","association_status":"probable_sourced","structure_id":"structure_8ec11e4f7212797e34db","nearest_sourced_footprint_m":13.5,"review_reason":"Sourced roof is beyond the high-confidence distance threshold"},"geometry":{"type":"Point","coordinates":[-80.9466064,44.5550711]}},{"type":"Feature","properties":{"address_id":"address_83b783e9e48afb3f8246","label":"398 4th Street East","association_status":"probable_sourced","structure_id":"structure_5c017ec5dfc13b50a0cd","nearest_sourced_footprint_m":24.1,"review_reason":"Sourced roof is beyond the high-confidence distance threshold"},"geometry":{"type":"Point","coordinates":[-80.9372698,44.5569617]}},{"type":"Feature","properties":{"address_id":"address_a8f03f251e884eeb8e56","label":"398 6th Avenue East","association_status":"probable_sourced","structure_id":"structure_92b87e049e193a52b833","nearest_sourced_footprint_m":12.5,"review_reason":"Sourced roof is beyond the high-confidence distance threshold"},"geometry":{"type":"Point","coordinates":[-80.9323967,44.5572639]}},{"type":"Feature","properties":{"address_id":"address_7f27297d5ea563f0db9f","label":"398 6th Street East","association_status":"probable_sourced","structure_id":"structure_14f8a7851fc4f256f690","nearest_sourced_footprint_m":18.8,"review_reason":"Sourced roof is beyond the high-confidence distance threshold"},"geometry":{"type":"Point","coordinates":[-80.9380987,44.5606075]}},{"type":"Feature","properties":{"address_id":"address_652faa8a7c8a677b0a71","label":"398 Beattie Street","association_status":"probable_sourced","structure_id":"structure_e38f25b30229409e51ad","nearest_sourced_footprint_m":12.1,"review_reason":"Sourced roof is beyond the high-confidence distance threshold"},"geometry":{"type":"Point","coordinates":[-80.9463145,44.5537201]}},{"type":"Feature","properties":{"address_id":"address_e24b6105395dd45364d0","label":"399 1st Street West","association_status":"probable_sourced","structure_id":"structure_b1e227c70fabad69f802","nearest_sourced_footprint_m":29.3,"review_reason":"Sourced roof is beyond the high-confidence distance threshold"},"geometry":{"type":"Point","coordinates":[-80.9453851,44.5497631]}},{"type":"Feature","properties":{"address_id":"address_8c875147aa3cc6868c20","label":"399 3rd Street A West","association_status":"probable_sourced","structure_id":"structure_7b1027b3581f84f00226","nearest_sourced_footprint_m":13.3,"review_reason":"Sourced roof is beyond the high-confidence distance threshold"},"geometry":{"type":"Point","coordinates":[-80.9465724,44.5549656]}},{"type":"Feature","properties":{"address_id":"address_81834815b416979f4b43","label":"399 4th Avenue West","association_status":"probable_sourced","structure_id":"structure_3754b88fdd2ecf4e2196","nearest_sourced_footprint_m":14.6,"review_reason":"Sourced roof is beyond the high-confidence distance threshold"},"geometry":{"type":"Point","coordinates":[-80.9463076,44.553396]}},{"type":"Feature","properties":{"address_id":"address_28daadac62383981a974","label":"399 4th Street East","association_status":"probable_sourced","structure_id":"structure_e746726d1c4951bc1fe9","nearest_sourced_footprint_m":20.7,"review_reason":"Sourced roof is beyond the high-confidence distance threshold"},"geometry":{"type":"Point","coordinates":[-80.9370877,44.5568022]}},{"type":"Feature","properties":{"address_id":"address_43994186559f22756b52","label":"399 8th Avenue B East","association_status":"probable_sourced","structure_id":"structure_25681134f8d5df15733d","nearest_sourced_footprint_m":22,"review_reason":"Sourced roof is beyond the high-confidence distance threshold"},"geometry":{"type":"Point","coordinates":[-80.9274519,44.5580548]}},{"type":"Feature","properties":{"address_id":"address_2eead49230ee1e81c60b","label":"399 Beattie Street","association_status":"probable_sourced","structure_id":"structure_2741cc4ff35f2f3c23a5","nearest_sourced_footprint_m":23.4,"review_reason":"Sourced roof is beyond the high-confidence distance threshold"},"geometry":{"type":"Point","coordinates":[-80.9462769,44.5535457]}},{"type":"Feature","properties":{"address_id":"address_0ecfe49244b6fc8df6c2","label":"35 7th Avenue East","association_status":"probable_sourced","structure_id":"structure_7a38a420b94362736edf","nearest_sourced_footprint_m":26.2,"review_reason":"Sourced roof is beyond the high-confidence distance threshold"},"geometry":{"type":"Point","coordinates":[-80.92949,44.5505559]}},{"type":"Feature","properties":{"address_id":"address_8520f9ea593df7b184fb","label":"400 1st Street Southwest","association_status":"probable_sourced","structure_id":"structure_6af4dcfb64cfa092365d","nearest_sourced_footprint_m":15.8,"review_reason":"Sourced roof is beyond the high-confidence distance threshold"},"geometry":{"type":"Point","coordinates":[-80.9453542,44.5480392]}},{"type":"Feature","properties":{"address_id":"address_2b017db81258acc5db5c","label":"400 1st Street West","association_status":"probable_sourced","structure_id":"structure_a0502a6e9f6abfd4ebcd","nearest_sourced_footprint_m":16.9,"review_reason":"Sourced roof is beyond the high-confidence distance threshold"},"geometry":{"type":"Point","coordinates":[-80.945565,44.5489878]}},{"type":"Feature","properties":{"address_id":"address_09f89cf80c07f5286ba5","label":"400 2nd Avenue East","association_status":"probable_sourced","structure_id":"structure_525212fe5f2a859226b0","nearest_sourced_footprint_m":20,"review_reason":"Sourced roof is beyond the high-confidence distance threshold"},"geometry":{"type":"Point","coordinates":[-80.9409516,44.5569858]}},{"type":"Feature","properties":{"address_id":"address_aae5b7be7d9d91157ac1","label":"400 2nd Avenue West","association_status":"probable_sourced","structure_id":"structure_6e55ac34799bce02e5d3","nearest_sourced_footprint_m":26.4,"review_reason":"Sourced roof is beyond the high-confidence distance threshold"},"geometry":{"type":"Point","coordinates":[-80.944275,44.5563994]}},{"type":"Feature","properties":{"address_id":"address_5b94287fd3bc3f610904","label":"400 2nd Street West","association_status":"probable_sourced","structure_id":"structure_583fadb4413e5ab544ee","nearest_sourced_footprint_m":22.9,"review_reason":"Sourced roof is beyond the high-confidence distance threshold"},"geometry":{"type":"Point","coordinates":[-80.9461924,44.5516275]}},{"type":"Feature","properties":{"address_id":"address_cec597976867c3388715","label":"400 4th Avenue West","association_status":"probable_sourced","structure_id":"structure_fc8b6a0f4181e7379163","nearest_sourced_footprint_m":24.1,"review_reason":"Sourced roof is beyond the high-confidence distance threshold"},"geometry":{"type":"Point","coordinates":[-80.9465845,44.5535249]}},{"type":"Feature","properties":{"address_id":"address_04744c704ca610650d3e","label":"400 4th Avenue West","association_status":"probable_sourced","structure_id":"structure_fc8b6a0f4181e7379163","nearest_sourced_footprint_m":20.8,"review_reason":"Sourced roof is beyond the high-confidence distance threshold"},"geometry":{"type":"Point","coordinates":[-80.9465946,44.5535759]}},{"type":"Feature","properties":{"address_id":"address_fd5f40dce7e065d6266e","label":"400 5th Street East","association_status":"probable_sourced","structure_id":"structure_a7089f34845450320e43","nearest_sourced_footprint_m":12.1,"review_reason":"Sourced roof is beyond the high-confidence distance threshold"},"geometry":{"type":"Point","coordinates":[-80.9373182,44.5587143]}},{"type":"Feature","properties":{"address_id":"address_6a290f46f5fc4f8f2178","label":"400 6th Street East","association_status":"probable_sourced","structure_id":"structure_5ea84cadf5715304376c","nearest_sourced_footprint_m":14.3,"review_reason":"Sourced roof is beyond the high-confidence distance threshold"},"geometry":{"type":"Point","coordinates":[-80.9377324,44.5606469]}},{"type":"Feature","properties":{"address_id":"address_f67374018d12c05361e2","label":"400 7th Avenue East","association_status":"probable_sourced","structure_id":"structure_79b990400315ddaa787d","nearest_sourced_footprint_m":25.7,"review_reason":"Sourced roof is beyond the high-confidence distance threshold"},"geometry":{"type":"Point","coordinates":[-80.9312027,44.5576665]}},{"type":"Feature","properties":{"address_id":"address_727423b12962d20f145a","label":"400 Moores Hill","association_status":"probable_sourced","structure_id":"structure_098ab62b60d61ddee5a4","nearest_sourced_footprint_m":26.7,"review_reason":"Sourced roof is beyond the high-confidence distance threshold"},"geometry":{"type":"Point","coordinates":[-80.9470824,44.5570793]}},{"type":"Feature","properties":{"address_id":"address_f32f2f991f6ef8a1d95c","label":"401 1st Street West","association_status":"probable_sourced","structure_id":"structure_1bb100c95a46f8459088","nearest_sourced_footprint_m":21,"review_reason":"Sourced roof is beyond the high-confidence distance threshold"},"geometry":{"type":"Point","coordinates":[-80.9455455,44.5488424]}},{"type":"Feature","properties":{"address_id":"address_bf7f102bc04d4668d07a","label":"401 2nd Avenue West","association_status":"probable_sourced","structure_id":"structure_4ab64a6e4f8c266d1e8a","nearest_sourced_footprint_m":27.7,"review_reason":"Sourced roof is beyond the high-confidence distance threshold"},"geometry":{"type":"Point","coordinates":[-80.94426,44.5565339]}},{"type":"Feature","properties":{"address_id":"address_a81e56cb03d32a3589bb","label":"401 4th Avenue West","association_status":"probable_sourced","structure_id":"structure_50772224d3576657e596","nearest_sourced_footprint_m":29.2,"review_reason":"Sourced roof is beyond the high-confidence distance threshold"},"geometry":{"type":"Point","coordinates":[-80.9463231,44.5534645]}},{"type":"Feature","properties":{"address_id":"address_783183f6acaa736f3f53","label":"401 5th Avenue East","association_status":"probable_sourced","structure_id":"structure_1ede73b6518947cde8e7","nearest_sourced_footprint_m":18.5,"review_reason":"Sourced roof is beyond the high-confidence distance threshold"},"geometry":{"type":"Point","coordinates":[-80.9361197,44.5569593]}},{"type":"Feature","properties":{"address_id":"address_21f5e3cdf7f3b1bf61ad","label":"401 5th Street A West","association_status":"probable_sourced","structure_id":"structure_ca9cb1922a7d1d88f3b0","nearest_sourced_footprint_m":12.9,"review_reason":"Sourced roof is beyond the high-confidence distance threshold"},"geometry":{"type":"Point","coordinates":[-80.9500944,44.5578809]}},{"type":"Feature","properties":{"address_id":"address_5c1311caa8898aa4f191","label":"401 8th Avenue East","association_status":"probable_sourced","structure_id":"structure_0b824a154aebc9c043d0","nearest_sourced_footprint_m":12.9,"review_reason":"Sourced roof is beyond the high-confidence distance threshold"},"geometry":{"type":"Point","coordinates":[-80.9298058,44.5578314]}},{"type":"Feature","properties":{"address_id":"address_5f606db9ae8fc1cc17d4","label":"401 Moores Hill","association_status":"probable_sourced","structure_id":"structure_608ab14d39a3e07355e6","nearest_sourced_footprint_m":25.2,"review_reason":"Sourced roof is beyond the high-confidence distance threshold"},"geometry":{"type":"Point","coordinates":[-80.947064,44.5569104]}},{"type":"Feature","properties":{"address_id":"address_86e948ebb23250cfc263","label":"402 4th Avenue West","association_status":"probable_sourced","structure_id":"structure_b20e5320df5abb6783d1","nearest_sourced_footprint_m":13.9,"review_reason":"Sourced roof is beyond the high-confidence distance threshold"},"geometry":{"type":"Point","coordinates":[-80.9466098,44.5536449]}},{"type":"Feature","properties":{"address_id":"address_1dbb59abb48d165d51fb","label":"403 4th Avenue West","association_status":"probable_sourced","structure_id":"structure_38bb3dbdfe607bc3736b","nearest_sourced_footprint_m":27.9,"review_reason":"Sourced roof is beyond the high-confidence distance threshold"},"geometry":{"type":"Point","coordinates":[-80.9463858,44.5537576]}},{"type":"Feature","properties":{"address_id":"address_6da0ea51087fb0371597","label":"36 7th Avenue East","association_status":"probable_sourced","structure_id":"structure_aacbb845f20c5f4ba84c","nearest_sourced_footprint_m":25.7,"review_reason":"Sourced roof is beyond the high-confidence distance threshold"},"geometry":{"type":"Point","coordinates":[-80.9297439,44.5504602]}},{"type":"Feature","properties":{"address_id":"address_b10d8ee162db8b05472a","label":"417 2nd Avenue East","association_status":"probable_sourced","structure_id":"structure_0e034eb8db642082a0ce","nearest_sourced_footprint_m":12.7,"review_reason":"Sourced roof is beyond the high-confidence distance threshold"},"geometry":{"type":"Point","coordinates":[-80.9406536,44.5568488]}},{"type":"Feature","properties":{"address_id":"address_52579dec7e62cf986945","label":"421 6th Avenue West","association_status":"probable_sourced","structure_id":"structure_ff658f0a99f4cd578e12","nearest_sourced_footprint_m":12.6,"review_reason":"Sourced roof is beyond the high-confidence distance threshold"},"geometry":{"type":"Point","coordinates":[-80.950698,44.555836]}},{"type":"Feature","properties":{"address_id":"address_64d7b252a2c04db3c601","label":"428 6th Avenue East","association_status":"probable_sourced","structure_id":"structure_fd53f04d7c0aa89c091a","nearest_sourced_footprint_m":15.1,"review_reason":"Sourced roof is beyond the high-confidence distance threshold"},"geometry":{"type":"Point","coordinates":[-80.9336498,44.5580648]}},{"type":"Feature","properties":{"address_id":"address_3907571bf02e2ac9bd1e","label":"428 6th Street East","association_status":"probable_sourced","structure_id":"structure_1ff2e0748f2c72ade718","nearest_sourced_footprint_m":18.7,"review_reason":"Sourced roof is beyond the high-confidence distance threshold"},"geometry":{"type":"Point","coordinates":[-80.9369407,44.5607294]}},{"type":"Feature","properties":{"address_id":"address_dc023f8aed68a6c0e57d","label":"429 6th Street East","association_status":"probable_sourced","structure_id":"structure_ccc67f3df8c9a9c36ccf","nearest_sourced_footprint_m":25.8,"review_reason":"Sourced roof is beyond the high-confidence distance threshold"},"geometry":{"type":"Point","coordinates":[-80.936993,44.5604563]}},{"type":"Feature","properties":{"address_id":"address_cc19bc7b45f710a1ccd1","label":"435 8th Avenue East","association_status":"probable_sourced","structure_id":"structure_57393d18fa9e89d75879","nearest_sourced_footprint_m":15.3,"review_reason":"Sourced roof is beyond the high-confidence distance threshold"},"geometry":{"type":"Point","coordinates":[-80.9300351,44.5586457]}},{"type":"Feature","properties":{"address_id":"address_1627c390f1dac76adc35","label":"441 2nd Avenue East","association_status":"probable_sourced","structure_id":"structure_5f819670856b107b5a27","nearest_sourced_footprint_m":29.4,"review_reason":"Sourced roof is beyond the high-confidence distance threshold"},"geometry":{"type":"Point","coordinates":[-80.9407473,44.5572657]}},{"type":"Feature","properties":{"address_id":"address_398b245d8ee21d2e5dd2","label":"448 5th Street West","association_status":"probable_sourced","structure_id":"structure_6cd7cad5aa65a79b5d2a","nearest_sourced_footprint_m":16.4,"review_reason":"Sourced roof is beyond the high-confidence distance threshold"},"geometry":{"type":"Point","coordinates":[-80.9482245,44.557567]}},{"type":"Feature","properties":{"address_id":"address_c4cd400e3288e3c0d219","label":"448 6th Street West","association_status":"probable_sourced","structure_id":"structure_c97bb99159478e757fd2","nearest_sourced_footprint_m":15.9,"review_reason":"Sourced roof is beyond the high-confidence distance threshold"},"geometry":{"type":"Point","coordinates":[-80.9500013,44.5591644]}},{"type":"Feature","properties":{"address_id":"address_b1852b32f60a35e60c82","label":"448 7th Street West","association_status":"probable_sourced","structure_id":"structure_57d701eb4941b972c035","nearest_sourced_footprint_m":12.8,"review_reason":"Sourced roof is beyond the high-confidence distance threshold"},"geometry":{"type":"Point","coordinates":[-80.9493993,44.5612631]}},{"type":"Feature","properties":{"address_id":"address_b46988cb1ecf73cf40cb","label":"449 7th Street West","association_status":"probable_sourced","structure_id":"structure_99ba89c6e787eab8fa08","nearest_sourced_footprint_m":13.5,"review_reason":"Sourced roof is beyond the high-confidence distance threshold"},"geometry":{"type":"Point","coordinates":[-80.9492483,44.5611007]}},{"type":"Feature","properties":{"address_id":"address_be01222e5545ea216978","label":"450 7th Street West","association_status":"probable_sourced","structure_id":"structure_f046abaafea04175d937","nearest_sourced_footprint_m":13.8,"review_reason":"Sourced roof is beyond the high-confidence distance threshold"},"geometry":{"type":"Point","coordinates":[-80.9495214,44.5612504]}},{"type":"Feature","properties":{"address_id":"address_378b86ac3ed50daff047","label":"458 2nd Avenue East","association_status":"probable_sourced","structure_id":"structure_7b5786d237038f03767b","nearest_sourced_footprint_m":12.4,"review_reason":"Sourced roof is beyond the high-confidence distance threshold"},"geometry":{"type":"Point","coordinates":[-80.9412659,44.5581014]}},{"type":"Feature","properties":{"address_id":"address_82f6480f785d9a1de61b","label":"458 4th Avenue West","association_status":"probable_sourced","structure_id":"structure_2826f6bd2d351e6db1af","nearest_sourced_footprint_m":23.9,"review_reason":"Sourced roof is beyond the high-confidence distance threshold"},"geometry":{"type":"Point","coordinates":[-80.9468799,44.5548051]}},{"type":"Feature","properties":{"address_id":"address_54f9ca87e0ce01afcdb6","label":"459 2nd Avenue East","association_status":"probable_sourced","structure_id":"structure_896000fd5cd11f03f363","nearest_sourced_footprint_m":25.2,"review_reason":"Sourced roof is beyond the high-confidence distance threshold"},"geometry":{"type":"Point","coordinates":[-80.9409125,44.5579629]}},{"type":"Feature","properties":{"address_id":"address_fb9ab4cf761485f7c50e","label":"459 4th Avenue West","association_status":"probable_sourced","structure_id":"structure_a139cc9e3a2b7d246d3f","nearest_sourced_footprint_m":23.6,"review_reason":"Sourced roof is beyond the high-confidence distance threshold"},"geometry":{"type":"Point","coordinates":[-80.9466165,44.5547484]}},{"type":"Feature","properties":{"address_id":"address_12d1334b1bf446346228","label":"461 4th Avenue West","association_status":"probable_sourced","structure_id":"structure_abcc4d0deff5852b31be","nearest_sourced_footprint_m":28.3,"review_reason":"Sourced roof is beyond the high-confidence distance threshold"},"geometry":{"type":"Point","coordinates":[-80.9471423,44.5569984]}},{"type":"Feature","properties":{"address_id":"address_6ea85dd83676b80dfc30","label":"467 2nd Avenue East","association_status":"probable_sourced","structure_id":"structure_c57c85655033a88832c0","nearest_sourced_footprint_m":14.8,"review_reason":"Sourced roof is beyond the high-confidence distance threshold"},"geometry":{"type":"Point","coordinates":[-80.9410077,44.5583761]}},{"type":"Feature","properties":{"address_id":"address_24d63dff8cf33a304cf6","label":"478 8th Avenue A East","association_status":"probable_sourced","structure_id":"structure_3aad1f9703e810d343bb","nearest_sourced_footprint_m":16.4,"review_reason":"Sourced roof is beyond the high-confidence distance threshold"},"geometry":{"type":"Point","coordinates":[-80.9295552,44.5592704]}},{"type":"Feature","properties":{"address_id":"address_acce4ca325a1994865ed","label":"495 8th Avenue A East","association_status":"probable_sourced","structure_id":"structure_5d139dc2301849406641","nearest_sourced_footprint_m":14.8,"review_reason":"Sourced roof is beyond the high-confidence distance threshold"},"geometry":{"type":"Point","coordinates":[-80.9294699,44.5594573]}},{"type":"Feature","properties":{"address_id":"address_6f5f3d490105c8eff355","label":"498 1st Street West","association_status":"probable_sourced","structure_id":"structure_5f8a005bf6c8b29aded8","nearest_sourced_footprint_m":25.2,"review_reason":"Sourced roof is beyond the high-confidence distance threshold"},"geometry":{"type":"Point","coordinates":[-80.946308,44.5489037]}},{"type":"Feature","properties":{"address_id":"address_bf55a11c867847e5ee14","label":"498 2nd Avenue West","association_status":"probable_sourced","structure_id":"structure_68a05cd208796eece4bf","nearest_sourced_footprint_m":14,"review_reason":"Sourced roof is beyond the high-confidence distance threshold"},"geometry":{"type":"Point","coordinates":[-80.9454419,44.5578517]}},{"type":"Feature","properties":{"address_id":"address_e8822d7205f6657304f8","label":"498 2nd Street West","association_status":"probable_sourced","structure_id":"structure_95ed976042a09ea1e58e","nearest_sourced_footprint_m":20,"review_reason":"Sourced roof is beyond the high-confidence distance threshold"},"geometry":{"type":"Point","coordinates":[-80.9472008,44.5515088]}},{"type":"Feature","properties":{"address_id":"address_77e7b88891efc1f06dc7","label":"400 5th Avenue East","association_status":"probable_sourced","structure_id":"structure_a310c192477b4d82873e","nearest_sourced_footprint_m":17.7,"review_reason":"Sourced roof is beyond the high-confidence distance threshold"},"geometry":{"type":"Point","coordinates":[-80.9367046,44.5585893]}},{"type":"Feature","properties":{"address_id":"address_2ca3e481a3bece081cec","label":"498 7th Avenue East","association_status":"probable_sourced","structure_id":"structure_49e415c7a88591d44015","nearest_sourced_footprint_m":28.9,"review_reason":"Sourced roof is beyond the high-confidence distance threshold"},"geometry":{"type":"Point","coordinates":[-80.9317547,44.5600641]}},{"type":"Feature","properties":{"address_id":"address_7704745f5415d1de0f9a","label":"498 7th Avenue East","association_status":"probable_sourced","structure_id":"structure_49e415c7a88591d44015","nearest_sourced_footprint_m":29.7,"review_reason":"Sourced roof is beyond the high-confidence distance threshold"},"geometry":{"type":"Point","coordinates":[-80.9317586,44.5600837]}},{"type":"Feature","properties":{"address_id":"address_61aef08e3b7af1452faf","label":"498 8th Avenue East","association_status":"probable_sourced","structure_id":"structure_53092ebbed2b7b08f3e2","nearest_sourced_footprint_m":17.7,"review_reason":"Sourced roof is beyond the high-confidence distance threshold"},"geometry":{"type":"Point","coordinates":[-80.9298365,44.5594201]}},{"type":"Feature","properties":{"address_id":"address_99585dcc37f44d61c84b","label":"498 Moores Hill","association_status":"probable_sourced","structure_id":"structure_e1f5ab5265bd576a36d0","nearest_sourced_footprint_m":29.2,"review_reason":"Sourced roof is beyond the high-confidence distance threshold"},"geometry":{"type":"Point","coordinates":[-80.9455853,44.5580797]}},{"type":"Feature","properties":{"address_id":"address_d4fcf3e3fda36fae9cef","label":"499 2nd Avenue West","association_status":"probable_sourced","structure_id":"structure_c5205e830442b057db2b","nearest_sourced_footprint_m":16,"review_reason":"Sourced roof is beyond the high-confidence distance threshold"},"geometry":{"type":"Point","coordinates":[-80.9452839,44.5580611]}},{"type":"Feature","properties":{"address_id":"address_18805b79c9d5e35b8ebd","label":"499 2nd Street West","association_status":"probable_sourced","structure_id":"structure_0528166272cae47004bb","nearest_sourced_footprint_m":13.5,"review_reason":"Sourced roof is beyond the high-confidence distance threshold"},"geometry":{"type":"Point","coordinates":[-80.9471562,44.5513352]}},{"type":"Feature","properties":{"address_id":"address_24a0c76a1598835961d4","label":"499 4th Avenue East","association_status":"probable_sourced","structure_id":"structure_69e4d357e26f490714e2","nearest_sourced_footprint_m":23.3,"review_reason":"Sourced roof is beyond the high-confidence distance threshold"},"geometry":{"type":"Point","coordinates":[-80.937335,44.5584891]}},{"type":"Feature","properties":{"address_id":"address_ecc8a0492915f8ceba76","label":"499 4th Avenue West","association_status":"probable_sourced","structure_id":"structure_02592beca3b61e2a102e","nearest_sourced_footprint_m":16.5,"review_reason":"Sourced roof is beyond the high-confidence distance threshold"},"geometry":{"type":"Point","coordinates":[-80.9472736,44.5575386]}},{"type":"Feature","properties":{"address_id":"address_15b00e4f5d35a2279f56","label":"499 5th Street A West","association_status":"probable_sourced","structure_id":"structure_487770fb78127fcda372","nearest_sourced_footprint_m":18.7,"review_reason":"Sourced roof is beyond the high-confidence distance threshold"},"geometry":{"type":"Point","coordinates":[-80.9486352,44.558496]}},{"type":"Feature","properties":{"address_id":"address_8c9eaf48cc7c271e51ac","label":"499 7th Avenue East","association_status":"probable_sourced","structure_id":"structure_4ea8191c8efdbda1768c","nearest_sourced_footprint_m":26,"review_reason":"Sourced roof is beyond the high-confidence distance threshold"},"geometry":{"type":"Point","coordinates":[-80.9314934,44.5600038]}},{"type":"Feature","properties":{"address_id":"address_caa9c4fab27f07ae8eab","label":"499 7th Avenue East","association_status":"probable_sourced","structure_id":"structure_af3a7ce328609f1179ed","nearest_sourced_footprint_m":25.4,"review_reason":"Sourced roof is beyond the high-confidence distance threshold"},"geometry":{"type":"Point","coordinates":[-80.9314973,44.5600235]}},{"type":"Feature","properties":{"address_id":"address_9464c154f397c7977e3d","label":"499 8th Avenue East","association_status":"probable_sourced","structure_id":"structure_30741ffe178e20ed6604","nearest_sourced_footprint_m":19.7,"review_reason":"Sourced roof is beyond the high-confidence distance threshold"},"geometry":{"type":"Point","coordinates":[-80.9299132,44.558393]}},{"type":"Feature","properties":{"address_id":"address_1a895f54ab460de09882","label":"500 1st Street East","association_status":"probable_sourced","structure_id":"structure_137097fa6ae4d2132146","nearest_sourced_footprint_m":16.4,"review_reason":"Sourced roof is beyond the high-confidence distance threshold"},"geometry":{"type":"Point","coordinates":[-80.9326605,44.550893]}},{"type":"Feature","properties":{"address_id":"address_42a047d2016cbfb72b0c","label":"500 1st Street West","association_status":"probable_sourced","structure_id":"structure_356eeb9db12ba75d6cf1","nearest_sourced_footprint_m":14.9,"review_reason":"Sourced roof is beyond the high-confidence distance threshold"},"geometry":{"type":"Point","coordinates":[-80.9467008,44.5488651]}},{"type":"Feature","properties":{"address_id":"address_4e6a4fca75e8c5cc4fd1","label":"500 2nd Avenue East","association_status":"probable_sourced","structure_id":"structure_de8a23b6a82b28864ec9","nearest_sourced_footprint_m":22.1,"review_reason":"Sourced roof is beyond the high-confidence distance threshold"},"geometry":{"type":"Point","coordinates":[-80.9413248,44.5587216]}},{"type":"Feature","properties":{"address_id":"address_eed725c2242ac9cf3e22","label":"500 2nd Street A West","association_status":"probable_sourced","structure_id":"structure_b6dff4ad537f4d2f8fd9","nearest_sourced_footprint_m":13.9,"review_reason":"Sourced roof is beyond the high-confidence distance threshold"},"geometry":{"type":"Point","coordinates":[-80.9490521,44.5523457]}},{"type":"Feature","properties":{"address_id":"address_1adad9bc4d2a6a26c2be","label":"500 2nd Street A West","association_status":"probable_sourced","structure_id":"structure_874591543a50a33be179","nearest_sourced_footprint_m":29.3,"review_reason":"Sourced roof is beyond the high-confidence distance threshold"},"geometry":{"type":"Point","coordinates":[-80.9476859,44.5525004]}},{"type":"Feature","properties":{"address_id":"address_bbf09c6e2cc33fcddb4f","label":"500 2nd Street West","association_status":"probable_sourced","structure_id":"structure_dcba4accda00a337abe3","nearest_sourced_footprint_m":17.9,"review_reason":"Sourced roof is beyond the high-confidence distance threshold"},"geometry":{"type":"Point","coordinates":[-80.9473783,44.5507301]}},{"type":"Feature","properties":{"address_id":"address_7f10bc5353521b1df01c","label":"500 3rd Avenue East","association_status":"probable_sourced","structure_id":"structure_d135c064ddb93873ceb1","nearest_sourced_footprint_m":12.7,"review_reason":"Sourced roof is beyond the high-confidence distance threshold"},"geometry":{"type":"Point","coordinates":[-80.9395336,44.5588095]}},{"type":"Feature","properties":{"address_id":"address_4521cc39e5caec664a12","label":"500 4th Avenue A West","association_status":"probable_sourced","structure_id":"structure_925164dd011b6e97d7a2","nearest_sourced_footprint_m":23.9,"review_reason":"Sourced roof is beyond the high-confidence distance threshold"},"geometry":{"type":"Point","coordinates":[-80.9485391,44.5575765]}},{"type":"Feature","properties":{"address_id":"address_79eac70206c73ee0c7a0","label":"500 4th Avenue East","association_status":"probable_sourced","structure_id":"structure_2495a6a84c7ca0602b21","nearest_sourced_footprint_m":17.1,"review_reason":"Sourced roof is beyond the high-confidence distance threshold"},"geometry":{"type":"Point","coordinates":[-80.9376326,44.5587248]}},{"type":"Feature","properties":{"address_id":"address_a315d4376c4ca380fd9e","label":"500 4th Avenue West","association_status":"probable_sourced","structure_id":"structure_c063a143422608a2a720","nearest_sourced_footprint_m":23.2,"review_reason":"Sourced roof is beyond the high-confidence distance threshold"},"geometry":{"type":"Point","coordinates":[-80.9475578,44.5576847]}},{"type":"Feature","properties":{"address_id":"address_ad83986f9879bff42c62","label":"500 4th Street A West","association_status":"probable_sourced","structure_id":"structure_d3889d97ca3fe8c78145","nearest_sourced_footprint_m":20.2,"review_reason":"Sourced roof is beyond the high-confidence distance threshold"},"geometry":{"type":"Point","coordinates":[-80.9482691,44.556151]}},{"type":"Feature","properties":{"address_id":"address_d8adb81c5e0497466838","label":"501 1st Street A West","association_status":"probable_sourced","structure_id":"structure_f42b7ec10c08beae63b2","nearest_sourced_footprint_m":15.7,"review_reason":"Sourced roof is beyond the high-confidence distance threshold"},"geometry":{"type":"Point","coordinates":[-80.9470468,44.5495505]}},{"type":"Feature","properties":{"address_id":"address_89bcdd20f74905d4b966","label":"501 2nd Street A West","association_status":"probable_sourced","structure_id":"structure_085af4dc66463d922030","nearest_sourced_footprint_m":14.3,"review_reason":"Sourced roof is beyond the high-confidence distance threshold"},"geometry":{"type":"Point","coordinates":[-80.949134,44.5521577]}},{"type":"Feature","properties":{"address_id":"address_f3c8bc3ca6fcc43a4604","label":"501 2nd Street A West","association_status":"probable_sourced","structure_id":"structure_4da68e59231803b2a5e3","nearest_sourced_footprint_m":26.5,"review_reason":"Sourced roof is beyond the high-confidence distance threshold"},"geometry":{"type":"Point","coordinates":[-80.9477849,44.5523105]}},{"type":"Feature","properties":{"address_id":"address_65415a4ee5e82f353a45","label":"501 2nd Street West","association_status":"probable_sourced","structure_id":"structure_1a88194a6e76a942a9f3","nearest_sourced_footprint_m":21.3,"review_reason":"Sourced roof is beyond the high-confidence distance threshold"},"geometry":{"type":"Point","coordinates":[-80.9472158,44.5505686]}},{"type":"Feature","properties":{"address_id":"address_e4414f55db380c9b9db3","label":"501 4th Avenue East","association_status":"probable_sourced","structure_id":"structure_dbf84ae6148a60760a2b","nearest_sourced_footprint_m":28.4,"review_reason":"Sourced roof is beyond the high-confidence distance threshold"},"geometry":{"type":"Point","coordinates":[-80.9373885,44.5587512]}},{"type":"Feature","properties":{"address_id":"address_0aeb9341d5cd66239cf3","label":"501 4th Street A West","association_status":"probable_sourced","structure_id":"structure_7a8a12af002bd446c0e9","nearest_sourced_footprint_m":17.3,"review_reason":"Sourced roof is beyond the high-confidence distance threshold"},"geometry":{"type":"Point","coordinates":[-80.9480241,44.5561728]}},{"type":"Feature","properties":{"address_id":"address_fb06d62febc1e9bb47cc","label":"501 5th Avenue East","association_status":"probable_sourced","structure_id":"structure_b0883f39b881d1e4c438","nearest_sourced_footprint_m":14,"review_reason":"Sourced roof is beyond the high-confidence distance threshold"},"geometry":{"type":"Point","coordinates":[-80.9365232,44.5587258]}},{"type":"Feature","properties":{"address_id":"address_04c906c28e75587f6ea7","label":"501 6th Avenue West","association_status":"probable_sourced","structure_id":"structure_67c70c1f568404103f98","nearest_sourced_footprint_m":17.4,"review_reason":"Sourced roof is beyond the high-confidence distance threshold"},"geometry":{"type":"Point","coordinates":[-80.9513057,44.557255]}},{"type":"Feature","properties":{"address_id":"address_334539d73220ff9173d2","label":"501 7th Avenue East","association_status":"probable_sourced","structure_id":"structure_e135dcd526482ba09bf7","nearest_sourced_footprint_m":13,"review_reason":"Sourced roof is beyond the high-confidence distance threshold"},"geometry":{"type":"Point","coordinates":[-80.9315466,44.5602513]}},{"type":"Feature","properties":{"address_id":"address_6c0973134c90fd7b28f0","label":"502 2nd Avenue East","association_status":"probable_sourced","structure_id":"structure_6b2feaebdc791790c1dd","nearest_sourced_footprint_m":21.9,"review_reason":"Sourced roof is beyond the high-confidence distance threshold"},"geometry":{"type":"Point","coordinates":[-80.9413638,44.5589664]}},{"type":"Feature","properties":{"address_id":"address_75731abf470b83eb1c7c","label":"509 5th Avenue West","association_status":"probable_sourced","structure_id":"structure_3ee06b2a55700eb43cba","nearest_sourced_footprint_m":27.1,"review_reason":"Sourced roof is beyond the high-confidence distance threshold"},"geometry":{"type":"Point","coordinates":[-80.9499283,44.557699]}},{"type":"Feature","properties":{"address_id":"address_3ffebb0e4e66f7186169","label":"510 5th Avenue West","association_status":"probable_sourced","structure_id":"structure_289d2b0299a24b43c947","nearest_sourced_footprint_m":19.4,"review_reason":"Sourced roof is beyond the high-confidence distance threshold"},"geometry":{"type":"Point","coordinates":[-80.9501865,44.5577289]}},{"type":"Feature","properties":{"address_id":"address_44b20b7eb6cc206ec5fd","label":"530 7th Street West","association_status":"probable_sourced","structure_id":"structure_20f64e484869f9790238","nearest_sourced_footprint_m":14.1,"review_reason":"Sourced roof is beyond the high-confidence distance threshold"},"geometry":{"type":"Point","coordinates":[-80.9510948,44.5610896]}},{"type":"Feature","properties":{"address_id":"address_95c6740806206e6e4f5e","label":"531 2nd Avenue East","association_status":"probable_sourced","structure_id":"structure_56917e07a32f9e8dcc7f","nearest_sourced_footprint_m":26.1,"review_reason":"Sourced roof is beyond the high-confidence distance threshold"},"geometry":{"type":"Point","coordinates":[-80.9411249,44.5589073]}},{"type":"Feature","properties":{"address_id":"address_09cb5438356d52729231","label":"538 5th Street West","association_status":"probable_sourced","structure_id":"structure_3e270e78eedfcc7d4421","nearest_sourced_footprint_m":29.8,"review_reason":"Sourced roof is beyond the high-confidence distance threshold"},"geometry":{"type":"Point","coordinates":[-80.9497884,44.5573883]}},{"type":"Feature","properties":{"address_id":"address_91c647d0ca17196dc1dd","label":"540 5th Street West","association_status":"probable_sourced","structure_id":"structure_77e837f984d19ace7137","nearest_sourced_footprint_m":28.3,"review_reason":"Sourced roof is beyond the high-confidence distance threshold"},"geometry":{"type":"Point","coordinates":[-80.9501539,44.5573458]}},{"type":"Feature","properties":{"address_id":"address_35b6aaaf13aec083ac15","label":"541 5th Street West","association_status":"probable_sourced","structure_id":"structure_6241fb2f91704f331b97","nearest_sourced_footprint_m":20,"review_reason":"Sourced roof is beyond the high-confidence distance threshold"},"geometry":{"type":"Point","coordinates":[-80.9501127,44.5571718]}},{"type":"Feature","properties":{"address_id":"address_758928c01d6db05f9052","label":"550 2nd Street A West","association_status":"probable_sourced","structure_id":"structure_37499269f131f62861e7","nearest_sourced_footprint_m":12.9,"review_reason":"Sourced roof is beyond the high-confidence distance threshold"},"geometry":{"type":"Point","coordinates":[-80.9489302,44.5523596]}},{"type":"Feature","properties":{"address_id":"address_b3f958789eabad09bd07","label":"551 2nd Street A West","association_status":"probable_sourced","structure_id":"structure_045cec3ed6416e0f2ca0","nearest_sourced_footprint_m":14.1,"review_reason":"Sourced roof is beyond the high-confidence distance threshold"},"geometry":{"type":"Point","coordinates":[-80.9487683,44.5521992]}},{"type":"Feature","properties":{"address_id":"address_200c3cb35926fc8bb0a9","label":"595 2nd Avenue West","association_status":"probable_sourced","structure_id":"structure_879749c28d68fe0e6154","nearest_sourced_footprint_m":17.5,"review_reason":"Sourced roof is beyond the high-confidence distance threshold"},"geometry":{"type":"Point","coordinates":[-80.9452997,44.5591255]}},{"type":"Feature","properties":{"address_id":"address_2af5dda6f21c3f6d40e2","label":"596 2nd Avenue West","association_status":"probable_sourced","structure_id":"structure_b85ebda1deb56fe1f645","nearest_sourced_footprint_m":23.8,"review_reason":"Sourced roof is beyond the high-confidence distance threshold"},"geometry":{"type":"Point","coordinates":[-80.9451968,44.5598454]}},{"type":"Feature","properties":{"address_id":"address_5d9565d2c170d1f2d44a","label":"597 2nd Avenue West","association_status":"probable_sourced","structure_id":"structure_c4046663d0114eec9fd7","nearest_sourced_footprint_m":28.2,"review_reason":"Sourced roof is beyond the high-confidence distance threshold"},"geometry":{"type":"Point","coordinates":[-80.945214,44.5595102]}},{"type":"Feature","properties":{"address_id":"address_dcd4c46a8cb9baa9d4b5","label":"598 1st Street A West","association_status":"probable_sourced","structure_id":"structure_2b59f55f88d36766ce6a","nearest_sourced_footprint_m":20.6,"review_reason":"Sourced roof is beyond the high-confidence distance threshold"},"geometry":{"type":"Point","coordinates":[-80.9490863,44.5495176]}},{"type":"Feature","properties":{"address_id":"address_a4d26cfb93064869d858","label":"598 1st Street Southwest","association_status":"probable_sourced","structure_id":"structure_0a9ecd71445109a3afda","nearest_sourced_footprint_m":22.9,"review_reason":"Sourced roof is beyond the high-confidence distance threshold"},"geometry":{"type":"Point","coordinates":[-80.947718,44.5477719]}},{"type":"Feature","properties":{"address_id":"address_55390915a9d1cfc0f19f","label":"598 1st Street West","association_status":"probable_sourced","structure_id":"structure_978d4d11546230fe94aa","nearest_sourced_footprint_m":20,"review_reason":"Sourced roof is beyond the high-confidence distance threshold"},"geometry":{"type":"Point","coordinates":[-80.948515,44.5486223]}},{"type":"Feature","properties":{"address_id":"address_af07b76a2a7ad21c0056","label":"598 2nd Avenue East","association_status":"probable_sourced","structure_id":"structure_2a89b13d8dab010ac615","nearest_sourced_footprint_m":21.2,"review_reason":"Sourced roof is beyond the high-confidence distance threshold"},"geometry":{"type":"Point","coordinates":[-80.941555,44.559951]}},{"type":"Feature","properties":{"address_id":"address_490794c684bae88f1520","label":"598 2nd Avenue West","association_status":"probable_sourced","structure_id":"structure_173a8d44794b19e2193b","nearest_sourced_footprint_m":28.9,"review_reason":"Sourced roof is beyond the high-confidence distance threshold"},"geometry":{"type":"Point","coordinates":[-80.9450422,44.5599722]}},{"type":"Feature","properties":{"address_id":"address_e99b6ea2cc96cf47c948","label":"598 2nd Street A West","association_status":"probable_sourced","structure_id":"structure_31036c7b2aa9f52bcf1c","nearest_sourced_footprint_m":28.8,"review_reason":"Sourced roof is beyond the high-confidence distance threshold"},"geometry":{"type":"Point","coordinates":[-80.9499937,44.5522387]}},{"type":"Feature","properties":{"address_id":"address_2630a409eb59b0c82b54","label":"598 2nd Street West","association_status":"probable_sourced","structure_id":"structure_1864f349132b6a7acf7d","nearest_sourced_footprint_m":17,"review_reason":"Sourced roof is beyond the high-confidence distance threshold"},"geometry":{"type":"Point","coordinates":[-80.9483953,44.5506248]}},{"type":"Feature","properties":{"address_id":"address_64ad079e9b1ab150227d","label":"598 3rd Avenue East","association_status":"probable_sourced","structure_id":"structure_60545684aeecfb8d24e0","nearest_sourced_footprint_m":15.7,"review_reason":"Sourced roof is beyond the high-confidence distance threshold"},"geometry":{"type":"Point","coordinates":[-80.9398179,44.560101]}},{"type":"Feature","properties":{"address_id":"address_5138a0067a11e208d3e6","label":"598 3rd Street West","association_status":"probable_sourced","structure_id":"structure_98c4bb8a0af74eac1605","nearest_sourced_footprint_m":24.4,"review_reason":"Sourced roof is beyond the high-confidence distance threshold"},"geometry":{"type":"Point","coordinates":[-80.9490185,44.5532274]}},{"type":"Feature","properties":{"address_id":"address_9752ddbfd5da2528227c","label":"598 4th Avenue A West","association_status":"probable_sourced","structure_id":"structure_d2f9070f8fa3385f50e3","nearest_sourced_footprint_m":26.6,"review_reason":"Sourced roof is beyond the high-confidence distance threshold"},"geometry":{"type":"Point","coordinates":[-80.9486943,44.5582732]}},{"type":"Feature","properties":{"address_id":"address_dc78098596d0d4fd8196","label":"598 4th Street East","association_status":"probable_sourced","structure_id":"structure_5c55771749c1e35da879","nearest_sourced_footprint_m":28.1,"review_reason":"Sourced roof is beyond the high-confidence distance threshold"},"geometry":{"type":"Point","coordinates":[-80.933534,44.5573551]}},{"type":"Feature","properties":{"address_id":"address_6a50d30429506805891f","label":"598 5th Avenue East","association_status":"probable_sourced","structure_id":"structure_d4a8ac4d6e6500b764a1","nearest_sourced_footprint_m":27,"review_reason":"Sourced roof is beyond the high-confidence distance threshold"},"geometry":{"type":"Point","coordinates":[-80.9369181,44.5604197]}},{"type":"Feature","properties":{"address_id":"address_4516eb4ee26e1e270848","label":"598 5th Street East","association_status":"probable_sourced","structure_id":"structure_fba74e61e790e87f1039","nearest_sourced_footprint_m":21,"review_reason":"Sourced roof is beyond the high-confidence distance threshold"},"geometry":{"type":"Point","coordinates":[-80.9340729,44.5594599]}},{"type":"Feature","properties":{"address_id":"address_ebed918a256551de93b6","label":"598 6th Street East","association_status":"probable_sourced","structure_id":"structure_0b1940e4e533b85d11fc","nearest_sourced_footprint_m":17,"review_reason":"Sourced roof is beyond the high-confidence distance threshold"},"geometry":{"type":"Point","coordinates":[-80.9339738,44.561082]}},{"type":"Feature","properties":{"address_id":"address_5bcc15d05e9b4ffa6b45","label":"598 6th Street West","association_status":"probable_sourced","structure_id":"structure_0023ece7aca121519edf","nearest_sourced_footprint_m":17.5,"review_reason":"Sourced roof is beyond the high-confidence distance threshold"},"geometry":{"type":"Point","coordinates":[-80.9515848,44.5587558]}},{"type":"Feature","properties":{"address_id":"address_324996cbd5889e5f7c9a","label":"599 1st Street A West","association_status":"probable_sourced","structure_id":"structure_e554a83b64dc067dd6f3","nearest_sourced_footprint_m":18.2,"review_reason":"Sourced roof is beyond the high-confidence distance threshold"},"geometry":{"type":"Point","coordinates":[-80.9489862,44.5493505]}},{"type":"Feature","properties":{"address_id":"address_1c42e35bc274efcdbb56","label":"599 2nd Avenue East","association_status":"probable_sourced","structure_id":"structure_2611f27a36bce699f49c","nearest_sourced_footprint_m":20.6,"review_reason":"Sourced roof is beyond the high-confidence distance threshold"},"geometry":{"type":"Point","coordinates":[-80.9413516,44.559899]}},{"type":"Feature","properties":{"address_id":"address_a713a0c54b27eac41f36","label":"599 2nd Street West","association_status":"probable_sourced","structure_id":"structure_fa681ebb41fc35e0f95b","nearest_sourced_footprint_m":23,"review_reason":"Sourced roof is beyond the high-confidence distance threshold"},"geometry":{"type":"Point","coordinates":[-80.9484835,44.5504373]}},{"type":"Feature","properties":{"address_id":"address_a4d3b6506d34e3c6615f","label":"599 3rd Street West","association_status":"probable_sourced","structure_id":"structure_1acbf9a3fea7cd9e87b2","nearest_sourced_footprint_m":16.4,"review_reason":"Sourced roof is beyond the high-confidence distance threshold"},"geometry":{"type":"Point","coordinates":[-80.9492792,44.5530791]}},{"type":"Feature","properties":{"address_id":"address_04e6820e62a6833eee56","label":"599 4th Avenue A West","association_status":"probable_sourced","structure_id":"structure_42ea6cb14159d101cdec","nearest_sourced_footprint_m":22.5,"review_reason":"Sourced roof is beyond the high-confidence distance threshold"},"geometry":{"type":"Point","coordinates":[-80.9485366,44.558443]}},{"type":"Feature","properties":{"address_id":"address_db5b1c7e66493e19bbe8","label":"599 4th Avenue East","association_status":"probable_sourced","structure_id":"structure_e41fc6e90289a2aa5b40","nearest_sourced_footprint_m":13.3,"review_reason":"Sourced roof is beyond the high-confidence distance threshold"},"geometry":{"type":"Point","coordinates":[-80.9377245,44.5603356]}},{"type":"Feature","properties":{"address_id":"address_346f118422deedb3def1","label":"599 4th Street A West","association_status":"probable_sourced","structure_id":"structure_bf058b99d26ab596a553","nearest_sourced_footprint_m":15.9,"review_reason":"Sourced roof is beyond the high-confidence distance threshold"},"geometry":{"type":"Point","coordinates":[-80.950592,44.5556218]}},{"type":"Feature","properties":{"address_id":"address_774b3a2a60ea2effbed1","label":"599 4th Street East","association_status":"probable_sourced","structure_id":"structure_a49f557a1c69a2665078","nearest_sourced_footprint_m":29.6,"review_reason":"Sourced roof is beyond the high-confidence distance threshold"},"geometry":{"type":"Point","coordinates":[-80.9333709,44.5571941]}},{"type":"Feature","properties":{"address_id":"address_0afa18c4e9ff820a0f33","label":"599 5th Avenue East","association_status":"probable_sourced","structure_id":"structure_ce34364dde47ee951475","nearest_sourced_footprint_m":18.1,"review_reason":"Sourced roof is beyond the high-confidence distance threshold"},"geometry":{"type":"Point","coordinates":[-80.9366736,44.5604472]}},{"type":"Feature","properties":{"address_id":"address_e37d7e801f46bbe08d08","label":"599 5th Street East","association_status":"probable_sourced","structure_id":"structure_2b793a6f5da036800685","nearest_sourced_footprint_m":15.2,"review_reason":"Sourced roof is beyond the high-confidence distance threshold"},"geometry":{"type":"Point","coordinates":[-80.9340313,44.5592847]}},{"type":"Feature","properties":{"address_id":"address_545e917dd7dc8e2226af","label":"599 6th Street West","association_status":"probable_sourced","structure_id":"structure_28d00708d2de0d99967b","nearest_sourced_footprint_m":23.3,"review_reason":"Sourced roof is beyond the high-confidence distance threshold"},"geometry":{"type":"Point","coordinates":[-80.9515458,44.5585814]}},{"type":"Feature","properties":{"address_id":"address_9f5d230feb098fda4acf","label":"599 7th Avenue East","association_status":"probable_sourced","structure_id":"structure_85bca367cb8c2deb8d40","nearest_sourced_footprint_m":18.3,"review_reason":"Sourced roof is beyond the high-confidence distance threshold"},"geometry":{"type":"Point","coordinates":[-80.9317282,44.5610405]}},{"type":"Feature","properties":{"address_id":"address_f45458076b6b7c8d4b01","label":"600 2nd Avenue East","association_status":"probable_sourced","structure_id":"structure_b8f1d44dadc707cad0aa","nearest_sourced_footprint_m":22.5,"review_reason":"Sourced roof is beyond the high-confidence distance threshold"},"geometry":{"type":"Point","coordinates":[-80.9417152,44.5601196]}},{"type":"Feature","properties":{"address_id":"address_d3be8bd1988e6b53ef9b","label":"600 2nd Street East","association_status":"probable_sourced","structure_id":"structure_b7188579be4e65ce4d96","nearest_sourced_footprint_m":22.8,"review_reason":"Sourced roof is beyond the high-confidence distance threshold"},"geometry":{"type":"Point","coordinates":[-80.9313108,44.5532959]}},{"type":"Feature","properties":{"address_id":"address_79862caaa063147af662","label":"600 3rd Avenue East","association_status":"probable_sourced","structure_id":"structure_65267359007365fac2f4","nearest_sourced_footprint_m":20.1,"review_reason":"Sourced roof is beyond the high-confidence distance threshold"},"geometry":{"type":"Point","coordinates":[-80.9398406,44.5604616]}},{"type":"Feature","properties":{"address_id":"address_068fca82c03bd2ee07a4","label":"600 3rd Street East","association_status":"probable_sourced","structure_id":"structure_e4648294ab3e0295c1f2","nearest_sourced_footprint_m":16.7,"review_reason":"Sourced roof is beyond the high-confidence distance threshold"},"geometry":{"type":"Point","coordinates":[-80.9315785,44.5560289]}},{"type":"Feature","properties":{"address_id":"address_9c7c92824189ffd12a88","label":"600 4th Street A East","association_status":"probable_sourced","structure_id":"structure_97371dd93d3ea428002e","nearest_sourced_footprint_m":25.7,"review_reason":"Sourced roof is beyond the high-confidence distance threshold"},"geometry":{"type":"Point","coordinates":[-80.9333566,44.5581441]}},{"type":"Feature","properties":{"address_id":"address_d99c4a76a55f0619dbb7","label":"600 4th Street East","association_status":"probable_sourced","structure_id":"structure_0413a55a4a53e141ce4a","nearest_sourced_footprint_m":22.3,"review_reason":"Sourced roof is beyond the high-confidence distance threshold"},"geometry":{"type":"Point","coordinates":[-80.9331682,44.5573963]}},{"type":"Feature","properties":{"address_id":"address_5883f7dfd3706f3e7587","label":"600 5th Avenue West","association_status":"probable_sourced","structure_id":"structure_f27e18b11be77812ba35","nearest_sourced_footprint_m":29.8,"review_reason":"Sourced roof is beyond the high-confidence distance threshold"},"geometry":{"type":"Point","coordinates":[-80.9499948,44.5592507]}},{"type":"Feature","properties":{"address_id":"address_c2b9752b106fbe478f78","label":"600 5th Street East","association_status":"probable_sourced","structure_id":"structure_ac76cefe2e1e279c0861","nearest_sourced_footprint_m":17.7,"review_reason":"Sourced roof is beyond the high-confidence distance threshold"},"geometry":{"type":"Point","coordinates":[-80.9323436,44.5597942]}},{"type":"Feature","properties":{"address_id":"address_6f82a9929d575d52cfb6","label":"600 6th Street A East","association_status":"probable_sourced","structure_id":"structure_c23f7f123a1550c698ea","nearest_sourced_footprint_m":16.5,"review_reason":"Sourced roof is beyond the high-confidence distance threshold"},"geometry":{"type":"Point","coordinates":[-80.9340869,44.5620116]}},{"type":"Feature","properties":{"address_id":"address_32e7babd5e202c2e96be","label":"600 6th Street East","association_status":"probable_sourced","structure_id":"structure_a5f407629f54427c4889","nearest_sourced_footprint_m":16.3,"review_reason":"Sourced roof is beyond the high-confidence distance threshold"},"geometry":{"type":"Point","coordinates":[-80.9338521,44.5610965]}},{"type":"Feature","properties":{"address_id":"address_dcae716f49d7aee3b32e","label":"600 7th Avenue East","association_status":"probable_sourced","structure_id":"structure_f7a0910a7e9b856406ef","nearest_sourced_footprint_m":19.2,"review_reason":"Sourced roof is beyond the high-confidence distance threshold"},"geometry":{"type":"Point","coordinates":[-80.9315821,44.561424]}},{"type":"Feature","properties":{"address_id":"address_02cf6ae1e877df28fdfd","label":"600 7th Street West","association_status":"probable_sourced","structure_id":"structure_0e374c9111d6461ca00b","nearest_sourced_footprint_m":13.7,"review_reason":"Sourced roof is beyond the high-confidence distance threshold"},"geometry":{"type":"Point","coordinates":[-80.9524407,44.5609593]}},{"type":"Feature","properties":{"address_id":"address_074dc984f1a0f9051652","label":"601 2nd Avenue East","association_status":"probable_sourced","structure_id":"structure_985cf7daec05af726a9a","nearest_sourced_footprint_m":19.9,"review_reason":"Sourced roof is beyond the high-confidence distance threshold"},"geometry":{"type":"Point","coordinates":[-80.941493,44.5602394]}},{"type":"Feature","properties":{"address_id":"address_f4ef451e8476e23c28bb","label":"601 2nd Avenue West","association_status":"probable_sourced","structure_id":"structure_cd8f39021d0d4adf4f32","nearest_sourced_footprint_m":22.8,"review_reason":"Sourced roof is beyond the high-confidence distance threshold"},"geometry":{"type":"Point","coordinates":[-80.9444197,44.5603372]}},{"type":"Feature","properties":{"address_id":"address_ebafb131c00c36842227","label":"601 2nd Street East","association_status":"probable_sourced","structure_id":"structure_f656b0aaa78dcdeca7d0","nearest_sourced_footprint_m":19.9,"review_reason":"Sourced roof is beyond the high-confidence distance threshold"},"geometry":{"type":"Point","coordinates":[-80.9311689,44.5531333]}},{"type":"Feature","properties":{"address_id":"address_3a5e7f81bedb11c67ef8","label":"601 3rd Avenue East","association_status":"probable_sourced","structure_id":"structure_42256f4bedcf97edc641","nearest_sourced_footprint_m":28.2,"review_reason":"Sourced roof is beyond the high-confidence distance threshold"},"geometry":{"type":"Point","coordinates":[-80.9395927,44.5604859]}},{"type":"Feature","properties":{"address_id":"address_765d02d565ef5bbd4296","label":"601 3rd Street East","association_status":"probable_sourced","structure_id":"structure_88e9ee48e6b1db90d890","nearest_sourced_footprint_m":15.2,"review_reason":"Sourced roof is beyond the high-confidence distance threshold"},"geometry":{"type":"Point","coordinates":[-80.931702,44.5558761]}},{"type":"Feature","properties":{"address_id":"address_d5ffa48deaece0837473","label":"601 4th Avenue East","association_status":"probable_sourced","structure_id":"structure_88753ac3ca2f6a0251eb","nearest_sourced_footprint_m":25.6,"review_reason":"Sourced roof is beyond the high-confidence distance threshold"},"geometry":{"type":"Point","coordinates":[-80.9378042,44.560684]}},{"type":"Feature","properties":{"address_id":"address_01c32b7cea4ee09c7c2c","label":"601 4th Street A East","association_status":"probable_sourced","structure_id":"structure_4f7e68b105def7210b15","nearest_sourced_footprint_m":15.5,"review_reason":"Sourced roof is beyond the high-confidence distance threshold"},"geometry":{"type":"Point","coordinates":[-80.9333121,44.5579704]}},{"type":"Feature","properties":{"address_id":"address_2a2bb4d55a0cd20939b2","label":"601 5th Avenue A West","association_status":"probable_sourced","structure_id":"structure_0744cfcf4a122a1ac68b","nearest_sourced_footprint_m":21.1,"review_reason":"Sourced roof is beyond the high-confidence distance threshold"},"geometry":{"type":"Point","coordinates":[-80.9501038,44.5597252]}},{"type":"Feature","properties":{"address_id":"address_9567b49cb9fd7c892efa","label":"601 5th Avenue West","association_status":"probable_sourced","structure_id":"structure_6c3384c890b84a099fc6","nearest_sourced_footprint_m":12.6,"review_reason":"Sourced roof is beyond the high-confidence distance threshold"},"geometry":{"type":"Point","coordinates":[-80.9497386,44.5592091]}},{"type":"Feature","properties":{"address_id":"address_bd50bcb6075082d0befc","label":"601 6th Street A East","association_status":"probable_sourced","structure_id":"structure_935aeaa70e66dd093f55","nearest_sourced_footprint_m":28.7,"review_reason":"Sourced roof is beyond the high-confidence distance threshold"},"geometry":{"type":"Point","coordinates":[-80.9340502,44.5618371]}},{"type":"Feature","properties":{"address_id":"address_b84844b58c2b1fe6fdc7","label":"601 9th Avenue East","association_status":"probable_sourced","structure_id":"structure_638953ba42be45ed5b00","nearest_sourced_footprint_m":12.1,"review_reason":"Sourced roof is beyond the high-confidence distance threshold"},"geometry":{"type":"Point","coordinates":[-80.9265096,44.5619767]}},{"type":"Feature","properties":{"address_id":"address_cc97e4155b9d6506b8a8","label":"616 4th Street East","association_status":"probable_sourced","structure_id":"structure_58839d6a4b883ddb4c64","nearest_sourced_footprint_m":12,"review_reason":"Sourced roof is beyond the high-confidence distance threshold"},"geometry":{"type":"Point","coordinates":[-80.9323545,44.5574919]}},{"type":"Feature","properties":{"address_id":"address_c49e48bbce93a3bff871","label":"618 4th Street East","association_status":"probable_sourced","structure_id":"structure_8a58d461001846e13bda","nearest_sourced_footprint_m":29.6,"review_reason":"Sourced roof is beyond the high-confidence distance threshold"},"geometry":{"type":"Point","coordinates":[-80.9322326,44.5575059]}},{"type":"Feature","properties":{"address_id":"address_8a622d251fa8e6d3ca32","label":"630 5th Avenue West","association_status":"probable_sourced","structure_id":"structure_164d1f7b4891342ead3e","nearest_sourced_footprint_m":25.5,"review_reason":"Sourced roof is beyond the high-confidence distance threshold"},"geometry":{"type":"Point","coordinates":[-80.9500163,44.5597701]}},{"type":"Feature","properties":{"address_id":"address_0638b806183c9d45c265","label":"631 5th Avenue West","association_status":"probable_sourced","structure_id":"structure_4ae2b186de75c45784dd","nearest_sourced_footprint_m":26.2,"review_reason":"Sourced roof is beyond the high-confidence distance threshold"},"geometry":{"type":"Point","coordinates":[-80.9498059,44.5596752]}},{"type":"Feature","properties":{"address_id":"address_c1a10814065f6e361dde","label":"653 7th Avenue East","association_status":"probable_sourced","structure_id":"structure_7e224dce635af0872fb5","nearest_sourced_footprint_m":16.6,"review_reason":"Sourced roof is beyond the high-confidence distance threshold"},"geometry":{"type":"Point","coordinates":[-80.9314921,44.5621566]}},{"type":"Feature","properties":{"address_id":"address_6c13d052897eb952c9c2","label":"655 7th Avenue East","association_status":"probable_sourced","structure_id":"structure_dfcd490aae994d881009","nearest_sourced_footprint_m":16.8,"review_reason":"Sourced roof is beyond the high-confidence distance threshold"},"geometry":{"type":"Point","coordinates":[-80.9315114,44.5622438]}},{"type":"Feature","properties":{"address_id":"address_c312e24cab84dd958b66","label":"685 6th Street East","association_status":"probable_sourced","structure_id":"structure_1cca8b2901662cd5add7","nearest_sourced_footprint_m":18.7,"review_reason":"Sourced roof is beyond the high-confidence distance threshold"},"geometry":{"type":"Point","coordinates":[-80.9316778,44.5610933]}},{"type":"Feature","properties":{"address_id":"address_ce522623c5e93f1f7ff5","label":"698 1st Street East","association_status":"probable_sourced","structure_id":"structure_4c845a086ea896c32608","nearest_sourced_footprint_m":29.7,"review_reason":"Sourced roof is beyond the high-confidence distance threshold"},"geometry":{"type":"Point","coordinates":[-80.9297815,44.5506784]}},{"type":"Feature","properties":{"address_id":"address_e4275f93a31cb07efb7c","label":"698 2nd Avenue West","association_status":"probable_sourced","structure_id":"structure_e936c20dca8b1705516d","nearest_sourced_footprint_m":28.4,"review_reason":"Sourced roof is beyond the high-confidence distance threshold"},"geometry":{"type":"Point","coordinates":[-80.944949,44.5615816]}},{"type":"Feature","properties":{"address_id":"address_d08479e0fc551ea2c75c","label":"698 2nd Street East","association_status":"probable_sourced","structure_id":"structure_1c1eabafc7ae8a18ecbb","nearest_sourced_footprint_m":22,"review_reason":"Sourced roof is beyond the high-confidence distance threshold"},"geometry":{"type":"Point","coordinates":[-80.9302997,44.5534112]}},{"type":"Feature","properties":{"address_id":"address_556b19c6e37cf7b56403","label":"698 3rd Avenue East","association_status":"probable_sourced","structure_id":"structure_cab2abee30de879df92e","nearest_sourced_footprint_m":19.9,"review_reason":"Sourced roof is beyond the high-confidence distance threshold"},"geometry":{"type":"Point","coordinates":[-80.9401963,44.5621528]}},{"type":"Feature","properties":{"address_id":"address_2ecc9d792063f2a14f1e","label":"698 3rd Street East","association_status":"probable_sourced","structure_id":"structure_97048d57cee7a6e67f88","nearest_sourced_footprint_m":23.6,"review_reason":"Sourced roof is beyond the high-confidence distance threshold"},"geometry":{"type":"Point","coordinates":[-80.9308776,44.5559726]}},{"type":"Feature","properties":{"address_id":"address_c13e4f4fa50d155ac473","label":"698 4th Avenue East","association_status":"probable_sourced","structure_id":"structure_639c951500d2dd6c1509","nearest_sourced_footprint_m":15,"review_reason":"Sourced roof is beyond the high-confidence distance threshold"},"geometry":{"type":"Point","coordinates":[-80.9383791,44.5623646]}},{"type":"Feature","properties":{"address_id":"address_4dd5d0fa6321708f2e47","label":"698 4th Street A East","association_status":"probable_sourced","structure_id":"structure_67b673bb6aadaf9f6f92","nearest_sourced_footprint_m":27.2,"review_reason":"Sourced roof is beyond the high-confidence distance threshold"},"geometry":{"type":"Point","coordinates":[-80.9314281,44.5583551]}},{"type":"Feature","properties":{"address_id":"address_3e9347dea149497006d0","label":"698 5th Avenue A West","association_status":"probable_sourced","structure_id":"structure_2db39a3c57af68764cf7","nearest_sourced_footprint_m":20.2,"review_reason":"Sourced roof is beyond the high-confidence distance threshold"},"geometry":{"type":"Point","coordinates":[-80.9511125,44.5608653]}},{"type":"Feature","properties":{"address_id":"address_dfed0611fb779c534dca","label":"698 5th Avenue West","association_status":"probable_sourced","structure_id":"structure_90528e57edfdbaab7d1b","nearest_sourced_footprint_m":13.8,"review_reason":"Sourced roof is beyond the high-confidence distance threshold"},"geometry":{"type":"Point","coordinates":[-80.9495487,44.5610247]}},{"type":"Feature","properties":{"address_id":"address_76df2d96a0dccba80b21","label":"698 6th Avenue West","association_status":"probable_sourced","structure_id":"structure_edd99f1b86b38944269e","nearest_sourced_footprint_m":13.8,"review_reason":"Sourced roof is beyond the high-confidence distance threshold"},"geometry":{"type":"Point","coordinates":[-80.9523318,44.5607478]}},{"type":"Feature","properties":{"address_id":"address_d5eba9cefa3d932bb28d","label":"698 6th Street A East","association_status":"probable_sourced","structure_id":"structure_3b9196a1616e306476e9","nearest_sourced_footprint_m":25.1,"review_reason":"Sourced roof is beyond the high-confidence distance threshold"},"geometry":{"type":"Point","coordinates":[-80.9318263,44.5622539]}},{"type":"Feature","properties":{"address_id":"address_c8bd26e5af3bc07f8317","label":"698 7th Street West","association_status":"probable_sourced","structure_id":"structure_b3fbdc2c00c119c7643f","nearest_sourced_footprint_m":17.3,"review_reason":"Sourced roof is beyond the high-confidence distance threshold"},"geometry":{"type":"Point","coordinates":[-80.953495,44.5608478]}},{"type":"Feature","properties":{"address_id":"address_16e3ba249dbdad9609a0","label":"699 2nd Avenue East","association_status":"probable_sourced","structure_id":"structure_cc6e650506e6fd8a0b81","nearest_sourced_footprint_m":28.5,"review_reason":"Sourced roof is beyond the high-confidence distance threshold"},"geometry":{"type":"Point","coordinates":[-80.9418527,44.561927]}},{"type":"Feature","properties":{"address_id":"address_fd19f3df3dd7ae0ec504","label":"699 2nd Street East","association_status":"probable_sourced","structure_id":"structure_b3b7a4a77159178faf86","nearest_sourced_footprint_m":18.8,"review_reason":"Sourced roof is beyond the high-confidence distance threshold"},"geometry":{"type":"Point","coordinates":[-80.9302605,44.553237]}},{"type":"Feature","properties":{"address_id":"address_ad029902303b0cafe1f8","label":"699 3rd Avenue East","association_status":"probable_sourced","structure_id":"structure_2238c5294812392dac4b","nearest_sourced_footprint_m":14,"review_reason":"Sourced roof is beyond the high-confidence distance threshold"},"geometry":{"type":"Point","coordinates":[-80.9399571,44.5621818]}},{"type":"Feature","properties":{"address_id":"address_d9f67c93896621067ed8","label":"699 3rd Street East","association_status":"probable_sourced","structure_id":"structure_804c71c0cd32bbfc81ca","nearest_sourced_footprint_m":27.1,"review_reason":"Sourced roof is beyond the high-confidence distance threshold"},"geometry":{"type":"Point","coordinates":[-80.9308373,44.5557983]}},{"type":"Feature","properties":{"address_id":"address_3e4ecf4e981d3ae18beb","label":"699 4th Avenue East","association_status":"probable_sourced","structure_id":"structure_5375555084915ad83372","nearest_sourced_footprint_m":18.9,"review_reason":"Sourced roof is beyond the high-confidence distance threshold"},"geometry":{"type":"Point","coordinates":[-80.9381356,44.5623939]}},{"type":"Feature","properties":{"address_id":"address_4e104947b058f1a61e59","label":"699 4th Avenue West","association_status":"probable_sourced","structure_id":"structure_66209eb5905e1debaafd","nearest_sourced_footprint_m":28.5,"review_reason":"Sourced roof is beyond the high-confidence distance threshold"},"geometry":{"type":"Point","coordinates":[-80.9481271,44.5612658]}},{"type":"Feature","properties":{"address_id":"address_405d39509481ee83f0bf","label":"699 4th Street East","association_status":"probable_sourced","structure_id":"structure_68cc38fb67dffd5863ac","nearest_sourced_footprint_m":17.5,"review_reason":"Sourced roof is beyond the high-confidence distance threshold"},"geometry":{"type":"Point","coordinates":[-80.9312127,44.557442]}},{"type":"Feature","properties":{"address_id":"address_7a9bc0fc0d3e19151064","label":"699 5th Avenue A West","association_status":"probable_sourced","structure_id":"structure_5a854cf48fda279b6952","nearest_sourced_footprint_m":23.7,"review_reason":"Sourced roof is beyond the high-confidence distance threshold"},"geometry":{"type":"Point","coordinates":[-80.9508679,44.5608895]}},{"type":"Feature","properties":{"address_id":"address_8395a88b6b15093106bd","label":"699 5th Avenue West","association_status":"probable_sourced","structure_id":"structure_4237a735ba1084eca8d9","nearest_sourced_footprint_m":20.4,"review_reason":"Sourced roof is beyond the high-confidence distance threshold"},"geometry":{"type":"Point","coordinates":[-80.949304,44.5610502]}},{"type":"Feature","properties":{"address_id":"address_93b0fa33f2e86c75b14a","label":"699 5th Street East","association_status":"probable_sourced","structure_id":"structure_7679263fa2a68bdfc595","nearest_sourced_footprint_m":28.3,"review_reason":"Sourced roof is beyond the high-confidence distance threshold"},"geometry":{"type":"Point","coordinates":[-80.9317281,44.5597201]}},{"type":"Feature","properties":{"address_id":"address_21856d85219cf9190f39","label":"699 6th Avenue West","association_status":"probable_sourced","structure_id":"structure_371848e91aceaaf9c051","nearest_sourced_footprint_m":25.7,"review_reason":"Sourced roof is beyond the high-confidence distance threshold"},"geometry":{"type":"Point","coordinates":[-80.9520873,44.5607723]}},{"type":"Feature","properties":{"address_id":"address_3c8408b4a3cda0fcf398","label":"699 7th Street West","association_status":"probable_sourced","structure_id":"structure_18e1b6bb5755f31b0c77","nearest_sourced_footprint_m":15.3,"review_reason":"Sourced roof is beyond the high-confidence distance threshold"},"geometry":{"type":"Point","coordinates":[-80.9534927,44.5606696]}},{"type":"Feature","properties":{"address_id":"address_5c8662c8590b829857c6","label":"700 2nd Avenue West","association_status":"probable_sourced","structure_id":"structure_b2ea01e3c0a1786e9d60","nearest_sourced_footprint_m":18.6,"review_reason":"Sourced roof is beyond the high-confidence distance threshold"},"geometry":{"type":"Point","coordinates":[-80.9449222,44.5618461]}},{"type":"Feature","properties":{"address_id":"address_050ec7a4b07bd1047aac","label":"700 2nd Street A East","association_status":"probable_sourced","structure_id":"structure_9d7f19acbdbab2bbb7fc","nearest_sourced_footprint_m":19.6,"review_reason":"Sourced roof is beyond the high-confidence distance threshold"},"geometry":{"type":"Point","coordinates":[-80.9302362,44.5548319]}},{"type":"Feature","properties":{"address_id":"address_6b9a1a340d434821566d","label":"700 3rd Avenue West","association_status":"probable_sourced","structure_id":"structure_ca0c0f3432c800477e43","nearest_sourced_footprint_m":17.6,"review_reason":"Sourced roof is beyond the high-confidence distance threshold"},"geometry":{"type":"Point","coordinates":[-80.9464753,44.5617214]}},{"type":"Feature","properties":{"address_id":"address_bd34fc888c608df87300","label":"700 4th Avenue West","association_status":"probable_sourced","structure_id":"structure_c5aa91ab1164f3768429","nearest_sourced_footprint_m":26.8,"review_reason":"Sourced roof is beyond the high-confidence distance threshold"},"geometry":{"type":"Point","coordinates":[-80.9484121,44.5614124]}},{"type":"Feature","properties":{"address_id":"address_dad102922a4a8719f204","label":"700 4th Street East","association_status":"probable_sourced","structure_id":"structure_77ab58823097980f4475","nearest_sourced_footprint_m":28.5,"review_reason":"Sourced roof is beyond the high-confidence distance threshold"},"geometry":{"type":"Point","coordinates":[-80.9308877,44.5576584]}},{"type":"Feature","properties":{"address_id":"address_db69976d81abe58334a8","label":"700 5th Street East","association_status":"probable_sourced","structure_id":"structure_d585da32270493ad62af","nearest_sourced_footprint_m":26.9,"review_reason":"Sourced roof is beyond the high-confidence distance threshold"},"geometry":{"type":"Point","coordinates":[-80.9314757,44.5602147]}},{"type":"Feature","properties":{"address_id":"address_8fddb0eac0be5dfb4be9","label":"700 6th Avenue West","association_status":"probable_sourced","structure_id":"structure_7ad4c37c84f7d7d484fd","nearest_sourced_footprint_m":28.2,"review_reason":"Sourced roof is beyond the high-confidence distance threshold"},"geometry":{"type":"Point","coordinates":[-80.9523893,44.5610094]}},{"type":"Feature","properties":{"address_id":"address_b743b6ebd56980285c9b","label":"700 6th Street A East","association_status":"probable_sourced","structure_id":"structure_3f93f22dae9b6a2032a0","nearest_sourced_footprint_m":13.9,"review_reason":"Sourced roof is beyond the high-confidence distance threshold"},"geometry":{"type":"Point","coordinates":[-80.9301814,44.5624681]}},{"type":"Feature","properties":{"address_id":"address_b198bda983f8309f11f1","label":"701 2nd Avenue West","association_status":"probable_sourced","structure_id":"structure_975b1e30559810cda3ee","nearest_sourced_footprint_m":14.6,"review_reason":"Sourced roof is beyond the high-confidence distance threshold"},"geometry":{"type":"Point","coordinates":[-80.9447429,44.5617834]}},{"type":"Feature","properties":{"address_id":"address_4571bc964cbd5b0e612b","label":"701 3rd Avenue West","association_status":"probable_sourced","structure_id":"structure_49f50e324117428f370c","nearest_sourced_footprint_m":20.4,"review_reason":"Sourced roof is beyond the high-confidence distance threshold"},"geometry":{"type":"Point","coordinates":[-80.9463306,44.5616446]}},{"type":"Feature","properties":{"address_id":"address_0578aa60f6f908c99b33","label":"701 4th Street East","association_status":"probable_sourced","structure_id":"structure_745e31f4c06de9be490b","nearest_sourced_footprint_m":18.1,"review_reason":"Sourced roof is beyond the high-confidence distance threshold"},"geometry":{"type":"Point","coordinates":[-80.9308472,44.5574842]}},{"type":"Feature","properties":{"address_id":"address_6db690e9f4647f80b7a2","label":"701 6th Avenue West","association_status":"probable_sourced","structure_id":"structure_bc4ee3c87a99ead48c9a","nearest_sourced_footprint_m":22,"review_reason":"Sourced roof is beyond the high-confidence distance threshold"},"geometry":{"type":"Point","coordinates":[-80.9521448,44.561034]}},{"type":"Feature","properties":{"address_id":"address_88e5770f3586fe267ee9","label":"701 6th Street East","association_status":"probable_sourced","structure_id":"structure_5e6480bd2e6e3f84a4df","nearest_sourced_footprint_m":15.4,"review_reason":"Sourced roof is beyond the high-confidence distance threshold"},"geometry":{"type":"Point","coordinates":[-80.9313272,44.5611454]}},{"type":"Feature","properties":{"address_id":"address_29d3c8fcc31fda2fadde","label":"701 7th Avenue West","association_status":"probable_sourced","structure_id":"structure_c3527aa8c85e2b66807f","nearest_sourced_footprint_m":17.5,"review_reason":"Sourced roof is beyond the high-confidence distance threshold"},"geometry":{"type":"Point","coordinates":[-80.9536082,44.560865]}},{"type":"Feature","properties":{"address_id":"address_f0bae6546d7ee3bee12a","label":"718 5th Street East","association_status":"probable_sourced","structure_id":"structure_46f7bf27228666b75b74","nearest_sourced_footprint_m":17.4,"review_reason":"Sourced roof is beyond the high-confidence distance threshold"},"geometry":{"type":"Point","coordinates":[-80.9308749,44.5602831]}},{"type":"Feature","properties":{"address_id":"address_bbb43bbbe8011dd6562f","label":"718 6th Street East","association_status":"probable_sourced","structure_id":"structure_6e90b2357fc44ad588db","nearest_sourced_footprint_m":28,"review_reason":"Sourced roof is beyond the high-confidence distance threshold"},"geometry":{"type":"Point","coordinates":[-80.9308762,44.5614684]}},{"type":"Feature","properties":{"address_id":"address_bcc10fefee6afedeb133","label":"719 5th Street East","association_status":"probable_sourced","structure_id":"structure_b6472daaf9e894a9116f","nearest_sourced_footprint_m":15.9,"review_reason":"Sourced roof is beyond the high-confidence distance threshold"},"geometry":{"type":"Point","coordinates":[-80.930832,44.5601093]}},{"type":"Feature","properties":{"address_id":"address_e5f9f14e0c40c523a946","label":"735 5th Street East","association_status":"probable_sourced","structure_id":"structure_de2ba19a9a2265b84e24","nearest_sourced_footprint_m":12.4,"review_reason":"Sourced roof is beyond the high-confidence distance threshold"},"geometry":{"type":"Point","coordinates":[-80.9299431,44.5599447]}},{"type":"Feature","properties":{"address_id":"address_60d37255ee48b1dab5e6","label":"741 5th Street East","association_status":"probable_sourced","structure_id":"structure_3f5b5641a5e516bb794f","nearest_sourced_footprint_m":12.3,"review_reason":"Sourced roof is beyond the high-confidence distance threshold"},"geometry":{"type":"Point","coordinates":[-80.9295775,44.5599871]}},{"type":"Feature","properties":{"address_id":"address_e51c70a5486477629cb5","label":"79 4th Avenue West","association_status":"probable_sourced","structure_id":"structure_714108d4b5c023d4c181","nearest_sourced_footprint_m":24.6,"review_reason":"Sourced roof is beyond the high-confidence distance threshold"},"geometry":{"type":"Point","coordinates":[-80.9454353,44.549711]}},{"type":"Feature","properties":{"address_id":"address_8254956b42cc2b60d61c","label":"796 6th Street East","association_status":"probable_sourced","structure_id":"structure_182f607893616b6de7fc","nearest_sourced_footprint_m":17.1,"review_reason":"Sourced roof is beyond the high-confidence distance threshold"},"geometry":{"type":"Point","coordinates":[-80.9289554,44.5616908]}},{"type":"Feature","properties":{"address_id":"address_367a550a97a8ff907df1","label":"798 2nd Street A East","association_status":"probable_sourced","structure_id":"structure_3344261864e93f24edca","nearest_sourced_footprint_m":15,"review_reason":"Sourced roof is beyond the high-confidence distance threshold"},"geometry":{"type":"Point","coordinates":[-80.9287971,44.5550086]}},{"type":"Feature","properties":{"address_id":"address_0f80a9a45fb065f5c134","label":"798 4th Street East","association_status":"probable_sourced","structure_id":"structure_856ed4c94c613a417a89","nearest_sourced_footprint_m":23.7,"review_reason":"Sourced roof is beyond the high-confidence distance threshold"},"geometry":{"type":"Point","coordinates":[-80.9301075,44.5577508]}},{"type":"Feature","properties":{"address_id":"address_7f70a77b9b823ed51c47","label":"799 4th Street East","association_status":"probable_sourced","structure_id":"structure_0a7812196bb630e45d62","nearest_sourced_footprint_m":12.6,"review_reason":"Sourced roof is beyond the high-confidence distance threshold"},"geometry":{"type":"Point","coordinates":[-80.9300777,44.5575754]}},{"type":"Feature","properties":{"address_id":"address_0a06d500ba7f252e0418","label":"799 7th Avenue West","association_status":"probable_sourced","structure_id":"structure_1dbe54508e4278abf1ae","nearest_sourced_footprint_m":21.7,"review_reason":"Sourced roof is beyond the high-confidence distance threshold"},"geometry":{"type":"Point","coordinates":[-80.9542534,44.5623949]}},{"type":"Feature","properties":{"address_id":"address_5a308f2c4f135db4ca56","label":"80 4th Avenue West","association_status":"probable_sourced","structure_id":"structure_512cc5709e9c9521531e","nearest_sourced_footprint_m":23.7,"review_reason":"Sourced roof is beyond the high-confidence distance threshold"},"geometry":{"type":"Point","coordinates":[-80.9457191,44.5498533]}},{"type":"Feature","properties":{"address_id":"address_83cf7652a8b6c5c84d5c","label":"800 4th Street East","association_status":"probable_sourced","structure_id":"structure_91812b9548e942251e77","nearest_sourced_footprint_m":23.9,"review_reason":"Sourced roof is beyond the high-confidence distance threshold"},"geometry":{"type":"Point","coordinates":[-80.929741,44.5577947]}},{"type":"Feature","properties":{"address_id":"address_d17791fa8c398cbd9bc9","label":"800 6th Street East","association_status":"probable_sourced","structure_id":"structure_575d7881390a52fc192a","nearest_sourced_footprint_m":20.9,"review_reason":"Sourced roof is beyond the high-confidence distance threshold"},"geometry":{"type":"Point","coordinates":[-80.9285899,44.5617337]}},{"type":"Feature","properties":{"address_id":"address_6139443f33afcee7b1b6","label":"801 4th Street East","association_status":"probable_sourced","structure_id":"structure_1f30262d5814567f3450","nearest_sourced_footprint_m":24.2,"review_reason":"Sourced roof is beyond the high-confidence distance threshold"},"geometry":{"type":"Point","coordinates":[-80.9297125,44.5576191]}},{"type":"Feature","properties":{"address_id":"address_5ef6979aeef856aa7f01","label":"848 4th Street East","association_status":"probable_sourced","structure_id":"structure_23c5bc8c94de71449fde","nearest_sourced_footprint_m":12.2,"review_reason":"Sourced roof is beyond the high-confidence distance threshold"},"geometry":{"type":"Point","coordinates":[-80.9287372,44.5579161]}},{"type":"Feature","properties":{"address_id":"address_7f47edaeab1f0cfed0f0","label":"850 3rd Street A East","association_status":"probable_sourced","structure_id":"structure_e9138c0ea839fdc86819","nearest_sourced_footprint_m":18.1,"review_reason":"Sourced roof is beyond the high-confidence distance threshold"},"geometry":{"type":"Point","coordinates":[-80.928287,44.5572335]}},{"type":"Feature","properties":{"address_id":"address_4e5492a43cb7cea1f5de","label":"850 4th Street East","association_status":"probable_sourced","structure_id":"structure_c4b337abe54b7e0c9f5d","nearest_sourced_footprint_m":15.1,"review_reason":"Sourced roof is beyond the high-confidence distance threshold"},"geometry":{"type":"Point","coordinates":[-80.9286153,44.55793]}},{"type":"Feature","properties":{"address_id":"address_851a7ca784dec748fb3a","label":"850 4th Street East","association_status":"probable_sourced","structure_id":"structure_c4b337abe54b7e0c9f5d","nearest_sourced_footprint_m":18.1,"review_reason":"Sourced roof is beyond the high-confidence distance threshold"},"geometry":{"type":"Point","coordinates":[-80.9283632,44.5579574]}},{"type":"Feature","properties":{"address_id":"address_f6472d74dde0164a4291","label":"851 3rd Street A East","association_status":"probable_sourced","structure_id":"structure_dd594a526e3bf353ae64","nearest_sourced_footprint_m":17.3,"review_reason":"Sourced roof is beyond the high-confidence distance threshold"},"geometry":{"type":"Point","coordinates":[-80.9282362,44.5570606]}},{"type":"Feature","properties":{"address_id":"address_fd54b553cc3f0dc081ec","label":"851 4th Street East","association_status":"probable_sourced","structure_id":"structure_03166907a71366b0b5cf","nearest_sourced_footprint_m":23.8,"review_reason":"Sourced roof is beyond the high-confidence distance threshold"},"geometry":{"type":"Point","coordinates":[-80.9284781,44.5577661]}},{"type":"Feature","properties":{"address_id":"address_b96029a2c0563b1c58c8","label":"859 4th Street East","association_status":"probable_sourced","structure_id":"structure_f2ef3c7da0d40d9a2b6e","nearest_sourced_footprint_m":14.4,"review_reason":"Sourced roof is beyond the high-confidence distance threshold"},"geometry":{"type":"Point","coordinates":[-80.9288138,44.5577278]}},{"type":"Feature","properties":{"address_id":"address_a97d1c36f9c5aa53aedd","label":"898 3rd Street A East","association_status":"probable_sourced","structure_id":"structure_6173404796f0babd9476","nearest_sourced_footprint_m":14.6,"review_reason":"Sourced roof is beyond the high-confidence distance threshold"},"geometry":{"type":"Point","coordinates":[-80.9275977,44.5573172]}},{"type":"Feature","properties":{"address_id":"address_fe53ae40a83ae36817d8","label":"898 4th Street East","association_status":"probable_sourced","structure_id":"structure_25681134f8d5df15733d","nearest_sourced_footprint_m":23.3,"review_reason":"Sourced roof is beyond the high-confidence distance threshold"},"geometry":{"type":"Point","coordinates":[-80.9275689,44.5580503]}},{"type":"Feature","properties":{"address_id":"address_8bf1268d0061d005a937","label":"899 4th Street East","association_status":"probable_sourced","structure_id":"structure_ac8cde039740b90112d3","nearest_sourced_footprint_m":14,"review_reason":"Sourced roof is beyond the high-confidence distance threshold"},"geometry":{"type":"Point","coordinates":[-80.9276507,44.5578619]}},{"type":"Feature","properties":{"address_id":"address_3de43737817ad0818ca0","label":"99 6th Avenue West","association_status":"probable_sourced","structure_id":"structure_336ee79baa3e50590a1b","nearest_sourced_footprint_m":23.3,"review_reason":"Sourced roof is beyond the high-confidence distance threshold"},"geometry":{"type":"Point","coordinates":[-80.9483919,44.5483537]}},{"type":"Feature","properties":{"address_id":"address_e42a4b72926f79b63fc2","label":"701 3rd Avenue East","association_status":"probable_sourced","structure_id":"structure_d710488ab7a8855ec636","nearest_sourced_footprint_m":19.9,"review_reason":"Sourced roof is beyond the high-confidence distance threshold"},"geometry":{"type":"Point","coordinates":[-80.9400316,44.5623831]}},{"type":"Feature","properties":{"address_id":"address_36288af9812a6e080f54","label":"1 9th Street East","association_status":"probable_sourced","structure_id":"structure_964938f0c4aa426cec76","nearest_sourced_footprint_m":28.3,"review_reason":"Sourced roof is beyond the high-confidence distance threshold"},"geometry":{"type":"Point","coordinates":[-80.9441698,44.5655068]}},{"type":"Feature","properties":{"address_id":"address_166cadfc74479df123ec","label":"100 10th Street West","association_status":"probable_sourced","structure_id":"structure_18e9b12e60e41f32d8fd","nearest_sourced_footprint_m":23.4,"review_reason":"Sourced roof is beyond the high-confidence distance threshold"},"geometry":{"type":"Point","coordinates":[-80.9447027,44.56764]}},{"type":"Feature","properties":{"address_id":"address_d0798c52cc1e39954e3c","label":"100 11th Street West","association_status":"probable_sourced","structure_id":"structure_1951cd2f8bee05c2496e","nearest_sourced_footprint_m":18.6,"review_reason":"Sourced roof is beyond the high-confidence distance threshold"},"geometry":{"type":"Point","coordinates":[-80.9449885,44.5695067]}},{"type":"Feature","properties":{"address_id":"address_fc3e768a48f806927656","label":"1000 1st Avenue East","association_status":"probable_sourced","structure_id":"structure_b93b5453a83f4c9d84a9","nearest_sourced_footprint_m":23.2,"review_reason":"Sourced roof is beyond the high-confidence distance threshold"},"geometry":{"type":"Point","coordinates":[-80.944054,44.5677172]}},{"type":"Feature","properties":{"address_id":"address_98462d0970a6cb13c56c","label":"1000 2nd Avenue West","association_status":"probable_sourced","structure_id":"structure_0bd24b5ddb4bf27f15db","nearest_sourced_footprint_m":16.8,"review_reason":"Sourced roof is beyond the high-confidence distance threshold"},"geometry":{"type":"Point","coordinates":[-80.9462545,44.5674784]}},{"type":"Feature","properties":{"address_id":"address_071d2b096b1f5dcc6035","label":"1000 3rd Avenue East","association_status":"probable_sourced","structure_id":"structure_63d94d740fd45a60a62a","nearest_sourced_footprint_m":24.7,"review_reason":"Sourced roof is beyond the high-confidence distance threshold"},"geometry":{"type":"Point","coordinates":[-80.94161,44.5680366]}},{"type":"Feature","properties":{"address_id":"address_ff1d2622271b14239b18","label":"1000 4th Avenue East","association_status":"probable_sourced","structure_id":"structure_5de758afc565e80ac249","nearest_sourced_footprint_m":12.2,"review_reason":"Sourced roof is beyond the high-confidence distance threshold"},"geometry":{"type":"Point","coordinates":[-80.9396551,44.5682683]}},{"type":"Feature","properties":{"address_id":"address_0da3b2a343fdf2ae950f","label":"1000 6th Avenue West","association_status":"probable_sourced","structure_id":"structure_1502b0a76049e6a72885","nearest_sourced_footprint_m":20,"review_reason":"Sourced roof is beyond the high-confidence distance threshold"},"geometry":{"type":"Point","coordinates":[-80.9537528,44.5671073]}},{"type":"Feature","properties":{"address_id":"address_c23b7fcc7b7d6f703e8e","label":"1001 1st Avenue A West","association_status":"probable_sourced","structure_id":"structure_64acbf4bd1822dc4be6b","nearest_sourced_footprint_m":28.1,"review_reason":"Sourced roof is beyond the high-confidence distance threshold"},"geometry":{"type":"Point","coordinates":[-80.9453945,44.5682224]}},{"type":"Feature","properties":{"address_id":"address_63b6853fd3d00373f511","label":"1001 1st Avenue East","association_status":"probable_sourced","structure_id":"structure_8ee86222c840aecae613","nearest_sourced_footprint_m":19.7,"review_reason":"Sourced roof is beyond the high-confidence distance threshold"},"geometry":{"type":"Point","coordinates":[-80.9437953,44.5677472]}},{"type":"Feature","properties":{"address_id":"address_2cc79488fc8085012085","label":"1001 3rd Avenue East","association_status":"probable_sourced","structure_id":"structure_aac3dc2b711b1558649e","nearest_sourced_footprint_m":13.7,"review_reason":"Sourced roof is beyond the high-confidence distance threshold"},"geometry":{"type":"Point","coordinates":[-80.9412314,44.5680957]}},{"type":"Feature","properties":{"address_id":"address_1b707717be897643e909","label":"1001 3rd Avenue West","association_status":"probable_sourced","structure_id":"structure_e1c10e77901125194731","nearest_sourced_footprint_m":28.2,"review_reason":"Sourced roof is beyond the high-confidence distance threshold"},"geometry":{"type":"Point","coordinates":[-80.9477569,44.5673065]}},{"type":"Feature","properties":{"address_id":"address_419d95a6daaf03bdec24","label":"1001 4th Avenue East","association_status":"probable_sourced","structure_id":"structure_5c5d8be538c9b720f9d5","nearest_sourced_footprint_m":29.7,"review_reason":"Sourced roof is beyond the high-confidence distance threshold"},"geometry":{"type":"Point","coordinates":[-80.9393379,44.5683061]}},{"type":"Feature","properties":{"address_id":"address_0a0377b258dc54f3efc1","label":"1001 4th Avenue West","association_status":"probable_sourced","structure_id":"structure_3f5ea90808d5d87ce20d","nearest_sourced_footprint_m":18.1,"review_reason":"Sourced roof is beyond the high-confidence distance threshold"},"geometry":{"type":"Point","coordinates":[-80.9494002,44.5671532]}},{"type":"Feature","properties":{"address_id":"address_ab27acd5f60e838f132e","label":"1001 6th Avenue West","association_status":"probable_sourced","structure_id":"structure_c28ab4af6e3c126c0ce7","nearest_sourced_footprint_m":20.2,"review_reason":"Sourced roof is beyond the high-confidence distance threshold"},"geometry":{"type":"Point","coordinates":[-80.9534942,44.5670828]}},{"type":"Feature","properties":{"address_id":"address_12d9f797b7d363e71af5","label":"101 10th Street West","association_status":"probable_sourced","structure_id":"structure_d458532e5779f99adef3","nearest_sourced_footprint_m":29,"review_reason":"Sourced roof is beyond the high-confidence distance threshold"},"geometry":{"type":"Point","coordinates":[-80.9447409,44.5675154]}},{"type":"Feature","properties":{"address_id":"address_ff205d51f15e4b7bbe2e","label":"101 11th Street West","association_status":"probable_sourced","structure_id":"structure_9038ce4a8b5dce208c0a","nearest_sourced_footprint_m":23.6,"review_reason":"Sourced roof is beyond the high-confidence distance threshold"},"geometry":{"type":"Point","coordinates":[-80.9447919,44.5694024]}},{"type":"Feature","properties":{"address_id":"address_9814b99034dbee680251","label":"101 8th Street East","association_status":"probable_sourced","structure_id":"structure_dcfc960e7a45abaf5489","nearest_sourced_footprint_m":25.2,"review_reason":"Sourced roof is beyond the high-confidence distance threshold"},"geometry":{"type":"Point","coordinates":[-80.943648,44.5637112]}},{"type":"Feature","properties":{"address_id":"address_bfadfe4ca495f5a92716","label":"900 1st Avenue W","association_status":"probable_sourced","structure_id":"structure_df3fdbef4b81101ad9a7","nearest_sourced_footprint_m":17.8,"review_reason":"Sourced roof is beyond the high-confidence distance threshold"},"geometry":{"type":"Point","coordinates":[-80.944921,44.5654998]}},{"type":"Feature","properties":{"address_id":"address_cf2f3bf7d92d6917deca","label":"1010 6th Avenue West","association_status":"probable_sourced","structure_id":"structure_902191019e365be33419","nearest_sourced_footprint_m":24.8,"review_reason":"Sourced roof is beyond the high-confidence distance threshold"},"geometry":{"type":"Point","coordinates":[-80.9537695,44.5671669]}},{"type":"Feature","properties":{"address_id":"address_1bf627b7fe15c7c5def0","label":"1098 1st Avenue West","association_status":"probable_sourced","structure_id":"structure_20dcef82b293880d8fb7","nearest_sourced_footprint_m":22.5,"review_reason":"Sourced roof is beyond the high-confidence distance threshold"},"geometry":{"type":"Point","coordinates":[-80.9447681,44.5693049]}},{"type":"Feature","properties":{"address_id":"address_53917dd2f5c86a037c6e","label":"1098 2nd Avenue East","association_status":"probable_sourced","structure_id":"structure_74cfba2e22fd1be1f3a6","nearest_sourced_footprint_m":22.7,"review_reason":"Sourced roof is beyond the high-confidence distance threshold"},"geometry":{"type":"Point","coordinates":[-80.9418827,44.5701111]}},{"type":"Feature","properties":{"address_id":"address_cb3942bf9d3bc992fbe4","label":"1099 3rd Avenue West","association_status":"probable_sourced","structure_id":"structure_42cdfed0f6e4a078663d","nearest_sourced_footprint_m":25.8,"review_reason":"Sourced roof is beyond the high-confidence distance threshold"},"geometry":{"type":"Point","coordinates":[-80.9481118,44.5689133]}},{"type":"Feature","properties":{"address_id":"address_7149f74cc58dda1dda54","label":"1099 4th Avenue A West","association_status":"probable_sourced","structure_id":"structure_80b8ff919b82b4287d17","nearest_sourced_footprint_m":21.1,"review_reason":"Sourced roof is beyond the high-confidence distance threshold"},"geometry":{"type":"Point","coordinates":[-80.9506133,44.5686425]}},{"type":"Feature","properties":{"address_id":"address_2c99270b28be5966fd06","label":"1099 4th Avenue East","association_status":"probable_sourced","structure_id":"structure_b22b3760aca6bf4a9c6d","nearest_sourced_footprint_m":14.2,"review_reason":"Sourced roof is beyond the high-confidence distance threshold"},"geometry":{"type":"Point","coordinates":[-80.9388256,44.5690758]}},{"type":"Feature","properties":{"address_id":"address_eeabcceb9927a4c9ce0d","label":"1099 4th Avenue West","association_status":"probable_sourced","structure_id":"structure_2b3648898eaf347dd36e","nearest_sourced_footprint_m":21.3,"review_reason":"Sourced roof is beyond the high-confidence distance threshold"},"geometry":{"type":"Point","coordinates":[-80.9497227,44.5687436]}},{"type":"Feature","properties":{"address_id":"address_575f3e3a57f8bbd61c23","label":"1100 3rd Avenue East","association_status":"probable_sourced","structure_id":"structure_53ddaa4c3ed884bd4d8e","nearest_sourced_footprint_m":28.5,"review_reason":"Sourced roof is beyond the high-confidence distance threshold"},"geometry":{"type":"Point","coordinates":[-80.9404143,44.5699109]}},{"type":"Feature","properties":{"address_id":"address_637fec7c9fcc41051084","label":"1100 4th Avenue A West","association_status":"probable_sourced","structure_id":"structure_38648906ce7be939f145","nearest_sourced_footprint_m":14.9,"review_reason":"Sourced roof is beyond the high-confidence distance threshold"},"geometry":{"type":"Point","coordinates":[-80.9508296,44.5687705]}},{"type":"Feature","properties":{"address_id":"address_a46190ebbaab92222394","label":"1100 6th Avenue West","association_status":"probable_sourced","structure_id":"structure_afc14642537176118a2f","nearest_sourced_footprint_m":12.1,"review_reason":"Sourced roof is beyond the high-confidence distance threshold"},"geometry":{"type":"Point","coordinates":[-80.9539978,44.5684823]}},{"type":"Feature","properties":{"address_id":"address_fbfebe8722b3b52c129d","label":"1101 1st Avenue West","association_status":"probable_sourced","structure_id":"structure_10dda00c826335ec27df","nearest_sourced_footprint_m":20.8,"review_reason":"Sourced roof is beyond the high-confidence distance threshold"},"geometry":{"type":"Point","coordinates":[-80.9445884,44.5695069]}},{"type":"Feature","properties":{"address_id":"address_468261912e5e31210f89","label":"1101 2nd Avenue East","association_status":"probable_sourced","structure_id":"structure_a71f76912a7d899470ef","nearest_sourced_footprint_m":20,"review_reason":"Sourced roof is beyond the high-confidence distance threshold"},"geometry":{"type":"Point","coordinates":[-80.9415043,44.5702759]}},{"type":"Feature","properties":{"address_id":"address_bc0b5ba4533a8574d670","label":"1101 2nd Avenue West","association_status":"probable_sourced","structure_id":"structure_f1178505348369eb0547","nearest_sourced_footprint_m":24.1,"review_reason":"Sourced roof is beyond the high-confidence distance threshold"},"geometry":{"type":"Point","coordinates":[-80.946435,44.5693676]}},{"type":"Feature","properties":{"address_id":"address_dc1a5d9466b9fa1068f8","label":"1101 3rd Avenue West","association_status":"probable_sourced","structure_id":"structure_448eda7e3cbb3d245ad0","nearest_sourced_footprint_m":19.9,"review_reason":"Sourced roof is beyond the high-confidence distance threshold"},"geometry":{"type":"Point","coordinates":[-80.9481726,44.5690733]}},{"type":"Feature","properties":{"address_id":"address_8ce37d1dc0ad9227b40c","label":"1101 4th Avenue West","association_status":"probable_sourced","structure_id":"structure_d7638f039faeea23e6a1","nearest_sourced_footprint_m":15.9,"review_reason":"Sourced roof is beyond the high-confidence distance threshold"},"geometry":{"type":"Point","coordinates":[-80.9498125,44.568948]}},{"type":"Feature","properties":{"address_id":"address_5a353c9270ad6d19afcf","label":"1122 6th Avenue West","association_status":"probable_sourced","structure_id":"structure_e7e56eff0eb3619821dd","nearest_sourced_footprint_m":16.4,"review_reason":"Sourced roof is beyond the high-confidence distance threshold"},"geometry":{"type":"Point","coordinates":[-80.9540626,44.5687741]}},{"type":"Feature","properties":{"address_id":"address_e60870dc7ef9d052fcd2","label":"1124 6th Avenue West","association_status":"probable_sourced","structure_id":"structure_0d69ee5368d04cf6c804","nearest_sourced_footprint_m":16.1,"review_reason":"Sourced roof is beyond the high-confidence distance threshold"},"geometry":{"type":"Point","coordinates":[-80.9540969,44.5688461]}},{"type":"Feature","properties":{"address_id":"address_3cb2110365d8bb91a8ba","label":"1158 4th Avenue West","association_status":"probable_sourced","structure_id":"structure_eff5ea07a267f00342da","nearest_sourced_footprint_m":25.3,"review_reason":"Sourced roof is beyond the high-confidence distance threshold"},"geometry":{"type":"Point","coordinates":[-80.9503346,44.5701011]}},{"type":"Feature","properties":{"address_id":"address_47e4366a6a368d6e24ef","label":"1159 1st Avenue East","association_status":"probable_sourced","structure_id":"structure_2cf6880ffe80411a1b89","nearest_sourced_footprint_m":16.3,"review_reason":"Sourced roof is beyond the high-confidence distance threshold"},"geometry":{"type":"Point","coordinates":[-80.9423728,44.5715932]}},{"type":"Feature","properties":{"address_id":"address_c09dfd5673ed0e1cf629","label":"1159 4th Avenue West","association_status":"probable_sourced","structure_id":"structure_286a0e932fee3e661459","nearest_sourced_footprint_m":13.8,"review_reason":"Sourced roof is beyond the high-confidence distance threshold"},"geometry":{"type":"Point","coordinates":[-80.9501093,44.5702148]}},{"type":"Feature","properties":{"address_id":"address_45d3f4d3d094162c3330","label":"1160 4th Avenue West","association_status":"probable_sourced","structure_id":"structure_0728fbe455c4a11dc0c6","nearest_sourced_footprint_m":13.9,"review_reason":"Sourced roof is beyond the high-confidence distance threshold"},"geometry":{"type":"Point","coordinates":[-80.950394,44.5703625]}},{"type":"Feature","properties":{"address_id":"address_6f0770a3dfabbed7c51e","label":"1161 4th Avenue West","association_status":"probable_sourced","structure_id":"structure_a33b9ec506db20a44892","nearest_sourced_footprint_m":15.1,"review_reason":"Sourced roof is beyond the high-confidence distance threshold"},"geometry":{"type":"Point","coordinates":[-80.9501291,44.570302]}},{"type":"Feature","properties":{"address_id":"address_0c18971ae45163887eb4","label":"1172 6th Avenue West","association_status":"probable_sourced","structure_id":"structure_1f14d98b7f7645bb3144","nearest_sourced_footprint_m":25.3,"review_reason":"Sourced roof is beyond the high-confidence distance threshold"},"geometry":{"type":"Point","coordinates":[-80.954241,44.5695816]}},{"type":"Feature","properties":{"address_id":"address_71effda9801d9d3c8290","label":"1173 6th Avenue West","association_status":"probable_sourced","structure_id":"structure_dcd64a74dd7f8a0af7af","nearest_sourced_footprint_m":24.6,"review_reason":"Sourced roof is beyond the high-confidence distance threshold"},"geometry":{"type":"Point","coordinates":[-80.9540264,44.56955]}},{"type":"Feature","properties":{"address_id":"address_9c07e72202de0f1e2780","label":"1199 3rd Avenue East","association_status":"probable_sourced","structure_id":"structure_7c0d415b997b932bf795","nearest_sourced_footprint_m":16.1,"review_reason":"Sourced roof is beyond the high-confidence distance threshold"},"geometry":{"type":"Point","coordinates":[-80.9391145,44.5712891]}},{"type":"Feature","properties":{"address_id":"address_68dd81242083dbff8f5e","label":"1199 4th Avenue A West","association_status":"probable_sourced","structure_id":"structure_3abbfb4b4327caf37376","nearest_sourced_footprint_m":19.4,"review_reason":"Sourced roof is beyond the high-confidence distance threshold"},"geometry":{"type":"Point","coordinates":[-80.9516256,44.569244]}},{"type":"Feature","properties":{"address_id":"address_b42ce0d19ac222cbd806","label":"1199 4th Avenue East","association_status":"probable_sourced","structure_id":"structure_3461a25fe294f0fc896a","nearest_sourced_footprint_m":28.5,"review_reason":"Sourced roof is beyond the high-confidence distance threshold"},"geometry":{"type":"Point","coordinates":[-80.9376332,44.5708841]}},{"type":"Feature","properties":{"address_id":"address_0f9bd97b7ec972d828c9","label":"1200 1st Avenue West","association_status":"probable_sourced","structure_id":"structure_f6e26fda171803a4b3a8","nearest_sourced_footprint_m":13.1,"review_reason":"Sourced roof is beyond the high-confidence distance threshold"},"geometry":{"type":"Point","coordinates":[-80.9454504,44.571808]}},{"type":"Feature","properties":{"address_id":"address_f9f82d88ae2754cc244f","label":"1201 3rd Avenue East","association_status":"probable_sourced","structure_id":"structure_af5a9f8bd3f4de09356d","nearest_sourced_footprint_m":15.6,"review_reason":"Sourced roof is beyond the high-confidence distance threshold"},"geometry":{"type":"Point","coordinates":[-80.9389591,44.5715295]}},{"type":"Feature","properties":{"address_id":"address_85eee38cb83b1b954e14","label":"1201 4th Avenue East","association_status":"probable_sourced","structure_id":"structure_0c6db5b1f464f912b1ae","nearest_sourced_footprint_m":24.7,"review_reason":"Sourced roof is beyond the high-confidence distance threshold"},"geometry":{"type":"Point","coordinates":[-80.937581,44.5709641]}},{"type":"Feature","properties":{"address_id":"address_65045a8bec2d405d7cc6","label":"1258 2nd Avenue East","association_status":"probable_sourced","structure_id":"structure_046f052a6db4f14c3bcf","nearest_sourced_footprint_m":24.6,"review_reason":"Sourced roof is beyond the high-confidence distance threshold"},"geometry":{"type":"Point","coordinates":[-80.9399676,44.5730043]}},{"type":"Feature","properties":{"address_id":"address_45092a8e227da937c3ff","label":"1298 1st Avenue West","association_status":"probable_sourced","structure_id":"structure_941decab8b9f340e838d","nearest_sourced_footprint_m":12.6,"review_reason":"Sourced roof is beyond the high-confidence distance threshold"},"geometry":{"type":"Point","coordinates":[-80.9454924,44.5720195]}},{"type":"Feature","properties":{"address_id":"address_15a3bd14171162f469ee","label":"1298 2nd Avenue E R","association_status":"probable_sourced","structure_id":"structure_ed755c3acab613d44f15","nearest_sourced_footprint_m":12.2,"review_reason":"Sourced roof is beyond the high-confidence distance threshold"},"geometry":{"type":"Point","coordinates":[-80.939206,44.5728974]}},{"type":"Feature","properties":{"address_id":"address_3ef6492f02eb78d77f4e","label":"1298 2nd Avenue East","association_status":"probable_sourced","structure_id":"structure_2c3b1cd682f8ef790ac5","nearest_sourced_footprint_m":18.1,"review_reason":"Sourced roof is beyond the high-confidence distance threshold"},"geometry":{"type":"Point","coordinates":[-80.9396211,44.5735337]}},{"type":"Feature","properties":{"address_id":"address_eb8f16fef1466772c21b","label":"1298 3rd Avenue East","association_status":"probable_sourced","structure_id":"structure_5b8a38369fdd94ef63b7","nearest_sourced_footprint_m":21.8,"review_reason":"Sourced roof is beyond the high-confidence distance threshold"},"geometry":{"type":"Point","coordinates":[-80.9383425,44.5731008]}},{"type":"Feature","properties":{"address_id":"address_deb41fc8feb7a851d343","label":"1300 1st Avenue West","association_status":"probable_sourced","structure_id":"structure_e454692ee839cdd0906e","nearest_sourced_footprint_m":21.5,"review_reason":"Sourced roof is beyond the high-confidence distance threshold"},"geometry":{"type":"Point","coordinates":[-80.9454737,44.5723442]}},{"type":"Feature","properties":{"address_id":"address_056b2ed92caf833acbc2","label":"1300 2nd Avenue West","association_status":"probable_sourced","structure_id":"structure_d175bea6a36130285e47","nearest_sourced_footprint_m":24.5,"review_reason":"Sourced roof is beyond the high-confidence distance threshold"},"geometry":{"type":"Point","coordinates":[-80.9475007,44.5724549]}},{"type":"Feature","properties":{"address_id":"address_90ca81cfdb68c9e9fb02","label":"1300 2nd Avenue West","association_status":"probable_sourced","structure_id":"structure_d175bea6a36130285e47","nearest_sourced_footprint_m":21.3,"review_reason":"Sourced roof is beyond the high-confidence distance threshold"},"geometry":{"type":"Point","coordinates":[-80.9475081,44.5724835]}},{"type":"Feature","properties":{"address_id":"address_0366ff63e60f25a92395","label":"1300 5th Avenue West","association_status":"probable_sourced","structure_id":"structure_0fef1841eb9d6489f995","nearest_sourced_footprint_m":22.3,"review_reason":"Sourced roof is beyond the high-confidence distance threshold"},"geometry":{"type":"Point","coordinates":[-80.9530481,44.5718566]}},{"type":"Feature","properties":{"address_id":"address_71e2530621055a850649","label":"1300 7th Avenue A West","association_status":"probable_sourced","structure_id":"structure_2f2d7a8dae28aaf15dab","nearest_sourced_footprint_m":12.7,"review_reason":"Sourced roof is beyond the high-confidence distance threshold"},"geometry":{"type":"Point","coordinates":[-80.957401,44.5702419]}},{"type":"Feature","properties":{"address_id":"address_405b14536406148d60ce","label":"1300 7th Avenue West","association_status":"probable_sourced","structure_id":"structure_708ae69124ce8279cdd7","nearest_sourced_footprint_m":15.8,"review_reason":"Sourced roof is beyond the high-confidence distance threshold"},"geometry":{"type":"Point","coordinates":[-80.9578466,44.5707685]}},{"type":"Feature","properties":{"address_id":"address_a4e6c8fcbe0c81100377","label":"1300 8th Avenue West","association_status":"probable_sourced","structure_id":"structure_9018df1a45d2deeebc74","nearest_sourced_footprint_m":16.4,"review_reason":"Sourced roof is beyond the high-confidence distance threshold"},"geometry":{"type":"Point","coordinates":[-80.9580272,44.5697011]}},{"type":"Feature","properties":{"address_id":"address_c5da1db18a8b092af178","label":"1318 7th Avenue A West","association_status":"probable_sourced","structure_id":"structure_971eb310736dc51c626f","nearest_sourced_footprint_m":16.6,"review_reason":"Sourced roof is beyond the high-confidence distance threshold"},"geometry":{"type":"Point","coordinates":[-80.9578363,44.5705991]}},{"type":"Feature","properties":{"address_id":"address_6164a5a01277ed917a23","label":"1319 7th Avenue A West","association_status":"probable_sourced","structure_id":"structure_3444e10dad8223923015","nearest_sourced_footprint_m":27.2,"review_reason":"Sourced roof is beyond the high-confidence distance threshold"},"geometry":{"type":"Point","coordinates":[-80.9576712,44.5706241]}},{"type":"Feature","properties":{"address_id":"address_29d5127c4691d4c8fcae","label":"1320 7th Avenue A West","association_status":"probable_sourced","structure_id":"structure_6fd9a8cacb0f56670a8e","nearest_sourced_footprint_m":15.9,"review_reason":"Sourced roof is beyond the high-confidence distance threshold"},"geometry":{"type":"Point","coordinates":[-80.9579038,44.5706446]}},{"type":"Feature","properties":{"address_id":"address_90e09f1cd25a532b6696","label":"1321 7th Avenue A West","association_status":"probable_sourced","structure_id":"structure_3644f8a3668ae6f738a5","nearest_sourced_footprint_m":26.4,"review_reason":"Sourced roof is beyond the high-confidence distance threshold"},"geometry":{"type":"Point","coordinates":[-80.957882,44.5707896]}},{"type":"Feature","properties":{"address_id":"address_e731d39cfa4c009f65ef","label":"1330 6th Avenue West","association_status":"probable_sourced","structure_id":"structure_63b36b658112d86912f2","nearest_sourced_footprint_m":29.8,"review_reason":"Sourced roof is beyond the high-confidence distance threshold"},"geometry":{"type":"Point","coordinates":[-80.9549224,44.5719498]}},{"type":"Feature","properties":{"address_id":"address_335e98a1caa5995e6528","label":"1349 4th Avenue West","association_status":"probable_sourced","structure_id":"structure_6ffb424bc087b0bcda6d","nearest_sourced_footprint_m":15.2,"review_reason":"Sourced roof is beyond the high-confidence distance threshold"},"geometry":{"type":"Point","coordinates":[-80.9507495,44.5730069]}},{"type":"Feature","properties":{"address_id":"address_33fd489042e4ba382f66","label":"1360 7th Avenue West","association_status":"probable_sourced","structure_id":"structure_7f83eb672be167af0c5c","nearest_sourced_footprint_m":20.1,"review_reason":"Sourced roof is beyond the high-confidence distance threshold"},"geometry":{"type":"Point","coordinates":[-80.9580016,44.5719404]}},{"type":"Feature","properties":{"address_id":"address_09cf129802e68d2f79a6","label":"1362 7th Avenue West","association_status":"probable_sourced","structure_id":"structure_7eb164d788b84f60f0fa","nearest_sourced_footprint_m":18.9,"review_reason":"Sourced roof is beyond the high-confidence distance threshold"},"geometry":{"type":"Point","coordinates":[-80.9581507,44.5720343]}},{"type":"Feature","properties":{"address_id":"address_cef215db5e22d6471161","label":"1398 2nd Avenue East","association_status":"probable_sourced","structure_id":"structure_4a01ddfa1eeb0eada867","nearest_sourced_footprint_m":22.8,"review_reason":"Sourced roof is beyond the high-confidence distance threshold"},"geometry":{"type":"Point","coordinates":[-80.9384467,44.5753314]}},{"type":"Feature","properties":{"address_id":"address_48010bad3e5f77fe72bb","label":"1398 7th Avenue A West","association_status":"probable_sourced","structure_id":"structure_fe64fab4885736f291d7","nearest_sourced_footprint_m":25.1,"review_reason":"Sourced roof is beyond the high-confidence distance threshold"},"geometry":{"type":"Point","coordinates":[-80.9582212,44.5719751]}},{"type":"Feature","properties":{"address_id":"address_9e9c55b1148284299a7b","label":"1398 7th Avenue West","association_status":"probable_sourced","structure_id":"structure_2db7f5474e06d0a75ad6","nearest_sourced_footprint_m":15.9,"review_reason":"Sourced roof is beyond the high-confidence distance threshold"},"geometry":{"type":"Point","coordinates":[-80.9587452,44.572416]}},{"type":"Feature","properties":{"address_id":"address_9e5e1405de750c24603b","label":"1398 8th Avenue West","association_status":"probable_sourced","structure_id":"structure_a1cf6b5f7e921ef2bcc2","nearest_sourced_footprint_m":23.5,"review_reason":"Sourced roof is beyond the high-confidence distance threshold"},"geometry":{"type":"Point","coordinates":[-80.9588656,44.5725094]}},{"type":"Feature","properties":{"address_id":"address_a832c4d505d9614c8c06","label":"1399 4th Avenue West","association_status":"probable_sourced","structure_id":"structure_1d576cff1800b451f3b7","nearest_sourced_footprint_m":23.7,"review_reason":"Sourced roof is beyond the high-confidence distance threshold"},"geometry":{"type":"Point","coordinates":[-80.9508646,44.5738887]}},{"type":"Feature","properties":{"address_id":"address_300afad38fcefb970bbf","label":"1399 7th Avenue A West","association_status":"probable_sourced","structure_id":"structure_8a4df542f5bfca6cc871","nearest_sourced_footprint_m":27.5,"review_reason":"Sourced roof is beyond the high-confidence distance threshold"},"geometry":{"type":"Point","coordinates":[-80.9580735,44.5718984]}},{"type":"Feature","properties":{"address_id":"address_868d0400bfb63427b2d3","label":"1399 7th Avenue West","association_status":"probable_sourced","structure_id":"structure_1418983389583cae41f3","nearest_sourced_footprint_m":24.9,"review_reason":"Sourced roof is beyond the high-confidence distance threshold"},"geometry":{"type":"Point","coordinates":[-80.9587353,44.5725124]}},{"type":"Feature","properties":{"address_id":"address_91cd63b0f5ca9ac71f00","label":"1399 8th Avenue West","association_status":"probable_sourced","structure_id":"structure_c0f286b9a298f37c2c95","nearest_sourced_footprint_m":20,"review_reason":"Sourced roof is beyond the high-confidence distance threshold"},"geometry":{"type":"Point","coordinates":[-80.9588328,44.5723976]}},{"type":"Feature","properties":{"address_id":"address_9a8b522e29131d2dae60","label":"1400 4th Avenue West","association_status":"probable_sourced","structure_id":"structure_77a7cb1f1c3b1c115a15","nearest_sourced_footprint_m":16.4,"review_reason":"Sourced roof is beyond the high-confidence distance threshold"},"geometry":{"type":"Point","coordinates":[-80.9512305,44.5741841]}},{"type":"Feature","properties":{"address_id":"address_abe2fabaafb69c2367ca","label":"1400 Eddie Sargent Parkway","association_status":"probable_sourced","structure_id":"structure_16c8a37e7d5d608f388d","nearest_sourced_footprint_m":26.8,"review_reason":"Sourced roof is beyond the high-confidence distance threshold"},"geometry":{"type":"Point","coordinates":[-80.9477436,44.5735152]}},{"type":"Feature","properties":{"address_id":"address_f07c04ad01a4a209b73c","label":"148 11th Street West","association_status":"probable_sourced","structure_id":"structure_64f3b7d8c740118e5809","nearest_sourced_footprint_m":28.5,"review_reason":"Sourced roof is beyond the high-confidence distance threshold"},"geometry":{"type":"Point","coordinates":[-80.9456864,44.5694403]}},{"type":"Feature","properties":{"address_id":"address_5dca4b973bb04f5bd6a4","label":"149 11th Street West","association_status":"probable_sourced","structure_id":"structure_048c0292e1dfafb34da4","nearest_sourced_footprint_m":18.9,"review_reason":"Sourced roof is beyond the high-confidence distance threshold"},"geometry":{"type":"Point","coordinates":[-80.945634,44.569295]}},{"type":"Feature","properties":{"address_id":"address_736675abd152196ab6c6","label":"1498 7th Avenue West","association_status":"probable_sourced","structure_id":"structure_c048e118570957e7cf9a","nearest_sourced_footprint_m":17.1,"review_reason":"Sourced roof is beyond the high-confidence distance threshold"},"geometry":{"type":"Point","coordinates":[-80.9599701,44.5741825]}},{"type":"Feature","properties":{"address_id":"address_bd30945fe795b8ccecb1","label":"1499 7th Avenue West","association_status":"probable_sourced","structure_id":"structure_08c3f66f0e31e7b11bdc","nearest_sourced_footprint_m":15.5,"review_reason":"Sourced roof is beyond the high-confidence distance threshold"},"geometry":{"type":"Point","coordinates":[-80.9597923,44.5742882]}},{"type":"Feature","properties":{"address_id":"address_bae4bf1245613b6a5bc1","label":"150 11th Street West","association_status":"probable_sourced","structure_id":"structure_49158c523b2679284e30","nearest_sourced_footprint_m":22.7,"review_reason":"Sourced roof is beyond the high-confidence distance threshold"},"geometry":{"type":"Point","coordinates":[-80.9458458,44.5693613]}},{"type":"Feature","properties":{"address_id":"address_4131e46cb1f44446f8b5","label":"1500 5th Avenue A West","association_status":"probable_sourced","structure_id":"structure_acdf7909dd3cb2fdde87","nearest_sourced_footprint_m":15,"review_reason":"Sourced roof is beyond the high-confidence distance threshold"},"geometry":{"type":"Point","coordinates":[-80.9543042,44.5747954]}},{"type":"Feature","properties":{"address_id":"address_b6bfc42cddd9b380cb97","label":"1500 7th Avenue West","association_status":"probable_sourced","structure_id":"structure_4c61e541496ae677b288","nearest_sourced_footprint_m":20.8,"review_reason":"Sourced roof is beyond the high-confidence distance threshold"},"geometry":{"type":"Point","coordinates":[-80.9564335,44.5751225]}},{"type":"Feature","properties":{"address_id":"address_4b8412f624f04b4426eb","label":"1501 7th Avenue West","association_status":"probable_sourced","structure_id":"structure_6041f3934dffd968b1ff","nearest_sourced_footprint_m":23.4,"review_reason":"Sourced roof is beyond the high-confidence distance threshold"},"geometry":{"type":"Point","coordinates":[-80.95625,44.5752381]}},{"type":"Feature","properties":{"address_id":"address_d1fa9f8f70c1e19452fd","label":"151 11th Street West","association_status":"probable_sourced","structure_id":"structure_dc374b60e260dbc9153e","nearest_sourced_footprint_m":14.6,"review_reason":"Sourced roof is beyond the high-confidence distance threshold"},"geometry":{"type":"Point","coordinates":[-80.9458039,44.5692848]}},{"type":"Feature","properties":{"address_id":"address_492a90a1bfb8a8fa1f94","label":"1548 Eddie Sargent Parkway","association_status":"probable_sourced","structure_id":"structure_44faace66bb32c25d6e3","nearest_sourced_footprint_m":19.2,"review_reason":"Sourced roof is beyond the high-confidence distance threshold"},"geometry":{"type":"Point","coordinates":[-80.9479807,44.5751033]}},{"type":"Feature","properties":{"address_id":"address_8792e5a2f499161b8332","label":"1598 7th Avenue West","association_status":"probable_sourced","structure_id":"structure_4bef3da13a41df36fd0e","nearest_sourced_footprint_m":19.7,"review_reason":"Sourced roof is beyond the high-confidence distance threshold"},"geometry":{"type":"Point","coordinates":[-80.9561031,44.5764807]}},{"type":"Feature","properties":{"address_id":"address_6d6390694587d6fcc582","label":"1599 3rd Avenue West","association_status":"probable_sourced","structure_id":"structure_e2beed51e9180ed013b8","nearest_sourced_footprint_m":18.5,"review_reason":"Sourced roof is beyond the high-confidence distance threshold"},"geometry":{"type":"Point","coordinates":[-80.9497599,44.5762054]}},{"type":"Feature","properties":{"address_id":"address_4602bd230b7c464b7426","label":"1599 4th Avenue West","association_status":"probable_sourced","structure_id":"structure_650b8204f15da3348562","nearest_sourced_footprint_m":23.2,"review_reason":"Sourced roof is beyond the high-confidence distance threshold"},"geometry":{"type":"Point","coordinates":[-80.9511573,44.5763637]}},{"type":"Feature","properties":{"address_id":"address_c2512aefdc03610f9e8f","label":"1599 5th Avenue A West","association_status":"probable_sourced","structure_id":"structure_616ed22758e6bcf8f38d","nearest_sourced_footprint_m":24.3,"review_reason":"Sourced roof is beyond the high-confidence distance threshold"},"geometry":{"type":"Point","coordinates":[-80.9534483,44.5767402]}},{"type":"Feature","properties":{"address_id":"address_b7d140ccea5d6af28dd1","label":"1599 7th Avenue West","association_status":"probable_sourced","structure_id":"structure_c37d944807a354e6fa39","nearest_sourced_footprint_m":25.1,"review_reason":"Sourced roof is beyond the high-confidence distance threshold"},"geometry":{"type":"Point","coordinates":[-80.9558367,44.576513]}},{"type":"Feature","properties":{"address_id":"address_dd73da9ea0341be26204","label":"1600 4th Avenue West","association_status":"probable_sourced","structure_id":"structure_e0224bb4669888b7391d","nearest_sourced_footprint_m":17.6,"review_reason":"Sourced roof is beyond the high-confidence distance threshold"},"geometry":{"type":"Point","coordinates":[-80.9513446,44.5766877]}},{"type":"Feature","properties":{"address_id":"address_a10b89547745112c6439","label":"1601 3rd Avenue West","association_status":"probable_sourced","structure_id":"structure_dfcb00ee25e4464d1382","nearest_sourced_footprint_m":25.3,"review_reason":"Sourced roof is beyond the high-confidence distance threshold"},"geometry":{"type":"Point","coordinates":[-80.9497156,44.5763373]}},{"type":"Feature","properties":{"address_id":"address_6e3c074566680985060c","label":"1601 4th Avenue West","association_status":"probable_sourced","structure_id":"structure_82a47dd584df803babc3","nearest_sourced_footprint_m":14.5,"review_reason":"Sourced roof is beyond the high-confidence distance threshold"},"geometry":{"type":"Point","coordinates":[-80.9511256,44.5766609]}},{"type":"Feature","properties":{"address_id":"address_e024f228edd5851cc9f6","label":"1698 5th Avenue West","association_status":"probable_sourced","structure_id":"structure_c49198e1b2620ea290a6","nearest_sourced_footprint_m":12.4,"review_reason":"Sourced roof is beyond the high-confidence distance threshold"},"geometry":{"type":"Point","coordinates":[-80.9525124,44.5778784]}},{"type":"Feature","properties":{"address_id":"address_69277f86acddfdc1f6ea","label":"1698 7th Avenue West","association_status":"probable_sourced","structure_id":"structure_c155510368dcece16d54","nearest_sourced_footprint_m":12.7,"review_reason":"Sourced roof is beyond the high-confidence distance threshold"},"geometry":{"type":"Point","coordinates":[-80.9554047,44.5784272]}},{"type":"Feature","properties":{"address_id":"address_4dffab85a9c0dbfa529b","label":"1699 3rd Avenue West","association_status":"probable_sourced","structure_id":"structure_e07b1949106e36b16567","nearest_sourced_footprint_m":18.6,"review_reason":"Sourced roof is beyond the high-confidence distance threshold"},"geometry":{"type":"Point","coordinates":[-80.9493814,44.5773328]}},{"type":"Feature","properties":{"address_id":"address_ec95bd6dac15ec8b2581","label":"1700 5th Avenue West","association_status":"probable_sourced","structure_id":"structure_56810dd3eebd3359c99e","nearest_sourced_footprint_m":13,"review_reason":"Sourced roof is beyond the high-confidence distance threshold"},"geometry":{"type":"Point","coordinates":[-80.95243,44.5781558]}},{"type":"Feature","properties":{"address_id":"address_21af37f7fe4a4ba0045b","label":"1700 7th Avenue West","association_status":"probable_sourced","structure_id":"structure_ad7b8dad2a8a856fd59f","nearest_sourced_footprint_m":14.6,"review_reason":"Sourced roof is beyond the high-confidence distance threshold"},"geometry":{"type":"Point","coordinates":[-80.9554135,44.5785154]}},{"type":"Feature","properties":{"address_id":"address_43307eadc5080453c944","label":"1798 5th Avenue West","association_status":"probable_sourced","structure_id":"structure_c82328f8efcc837c6ca0","nearest_sourced_footprint_m":19.2,"review_reason":"Sourced roof is beyond the high-confidence distance threshold"},"geometry":{"type":"Point","coordinates":[-80.9520781,44.5792029]}},{"type":"Feature","properties":{"address_id":"address_07aae8837247e0a08f44","label":"1798 7th Avenue West","association_status":"probable_sourced","structure_id":"structure_55c7661456af92ec2639","nearest_sourced_footprint_m":30,"review_reason":"Sourced roof is beyond the high-confidence distance threshold"},"geometry":{"type":"Point","coordinates":[-80.9552009,44.5791854]}},{"type":"Feature","properties":{"address_id":"address_7f5ad7f97ea3928a25e7","label":"1799 3rd Avenue West","association_status":"probable_sourced","structure_id":"structure_22cc2ef301611890cc87","nearest_sourced_footprint_m":13.1,"review_reason":"Sourced roof is beyond the high-confidence distance threshold"},"geometry":{"type":"Point","coordinates":[-80.9489557,44.5785734]}},{"type":"Feature","properties":{"address_id":"address_cd65bf4520db8c36cc0b","label":"1800 4th Avenue West","association_status":"probable_sourced","structure_id":"structure_c2abf7e2f84c25915abe","nearest_sourced_footprint_m":12.5,"review_reason":"Sourced roof is beyond the high-confidence distance threshold"},"geometry":{"type":"Point","coordinates":[-80.9505132,44.5791873]}},{"type":"Feature","properties":{"address_id":"address_4c1312bb765f512f4f78","label":"1800 5th Avenue West","association_status":"probable_sourced","structure_id":"structure_497f88a261562cb98847","nearest_sourced_footprint_m":23.2,"review_reason":"Sourced roof is beyond the high-confidence distance threshold"},"geometry":{"type":"Point","coordinates":[-80.9520347,44.5793253]}},{"type":"Feature","properties":{"address_id":"address_78af6de83afcc256138c","label":"1800 6th Avenue West","association_status":"probable_sourced","structure_id":"structure_6bf7858e5f63cc0ee7f3","nearest_sourced_footprint_m":12.6,"review_reason":"Sourced roof is beyond the high-confidence distance threshold"},"geometry":{"type":"Point","coordinates":[-80.9535226,44.5795884]}},{"type":"Feature","properties":{"address_id":"address_dcb1de35d3a5f16eb34e","label":"1800 7th Avenue West","association_status":"probable_sourced","structure_id":"structure_7f2c5e9a5452908dd4e6","nearest_sourced_footprint_m":18.3,"review_reason":"Sourced roof is beyond the high-confidence distance threshold"},"geometry":{"type":"Point","coordinates":[-80.9549574,44.5797216]}},{"type":"Feature","properties":{"address_id":"address_2cc45f2bd72d2e5a3b7c","label":"1801 5th Avenue West","association_status":"probable_sourced","structure_id":"structure_6db74c31e1346c2e2d36","nearest_sourced_footprint_m":15.1,"review_reason":"Sourced roof is beyond the high-confidence distance threshold"},"geometry":{"type":"Point","coordinates":[-80.9517967,44.5793595]}},{"type":"Feature","properties":{"address_id":"address_bc4df0fe2da2de6d61e4","label":"1801 6th Avenue West","association_status":"probable_sourced","structure_id":"structure_69eabfc263918054ad6c","nearest_sourced_footprint_m":14.4,"review_reason":"Sourced roof is beyond the high-confidence distance threshold"},"geometry":{"type":"Point","coordinates":[-80.9533305,44.5795502]}},{"type":"Feature","properties":{"address_id":"address_984f3c6fdeefca19ae74","label":"1898 4th Avenue West","association_status":"probable_sourced","structure_id":"structure_752cdcd52c0dfdabf488","nearest_sourced_footprint_m":26.9,"review_reason":"Sourced roof is beyond the high-confidence distance threshold"},"geometry":{"type":"Point","coordinates":[-80.9502021,44.5801194]}},{"type":"Feature","properties":{"address_id":"address_7de6e8bf16a57ecc90aa","label":"1898 5th Avenue West","association_status":"probable_sourced","structure_id":"structure_f501159ffa164ee5dab6","nearest_sourced_footprint_m":13,"review_reason":"Sourced roof is beyond the high-confidence distance threshold"},"geometry":{"type":"Point","coordinates":[-80.9516482,44.5803855]}},{"type":"Feature","properties":{"address_id":"address_7fd884d265015fc2f2fe","label":"1898 6th Avenue West","association_status":"probable_sourced","structure_id":"structure_b0a257bc04c591c9cc2e","nearest_sourced_footprint_m":17.1,"review_reason":"Sourced roof is beyond the high-confidence distance threshold"},"geometry":{"type":"Point","coordinates":[-80.9531539,44.5806332]}},{"type":"Feature","properties":{"address_id":"address_e7c510537001d01eb5ea","label":"1898 Eddie Sargent Parkway","association_status":"probable_sourced","structure_id":"structure_1de788a09d073f57bcc6","nearest_sourced_footprint_m":26.4,"review_reason":"Sourced roof is beyond the high-confidence distance threshold"},"geometry":{"type":"Point","coordinates":[-80.9478543,44.5796919]}},{"type":"Feature","properties":{"address_id":"address_080eef538b3f7ec42b15","label":"1899 4th Avenue West","association_status":"probable_sourced","structure_id":"structure_7a317f1e76666aeb36dd","nearest_sourced_footprint_m":27.1,"review_reason":"Sourced roof is beyond the high-confidence distance threshold"},"geometry":{"type":"Point","coordinates":[-80.9499668,44.5800721]}},{"type":"Feature","properties":{"address_id":"address_0a4ba1c131387e9c6145","label":"1899 5th Avenue West","association_status":"probable_sourced","structure_id":"structure_25ac3df66ed4b42f5f5d","nearest_sourced_footprint_m":22.9,"review_reason":"Sourced roof is beyond the high-confidence distance threshold"},"geometry":{"type":"Point","coordinates":[-80.9515027,44.5803643]}},{"type":"Feature","properties":{"address_id":"address_0a15265b9a1a741a11d8","label":"1899 6th Avenue West","association_status":"probable_sourced","structure_id":"structure_dd4172e0802988b816ca","nearest_sourced_footprint_m":14.1,"review_reason":"Sourced roof is beyond the high-confidence distance threshold"},"geometry":{"type":"Point","coordinates":[-80.9529689,44.5806155]}},{"type":"Feature","properties":{"address_id":"address_6a1163370d8a003c01b3","label":"1899 7th Avenue West","association_status":"probable_sourced","structure_id":"structure_100b8f752f68e39f5307","nearest_sourced_footprint_m":13.7,"review_reason":"Sourced roof is beyond the high-confidence distance threshold"},"geometry":{"type":"Point","coordinates":[-80.9544556,44.5808232]}},{"type":"Feature","properties":{"address_id":"address_b3daeca9e92d1b36a1a8","label":"1899 8th Avenue West","association_status":"probable_sourced","structure_id":"structure_d04bab6c8156eb6dcef3","nearest_sourced_footprint_m":14.1,"review_reason":"Sourced roof is beyond the high-confidence distance threshold"},"geometry":{"type":"Point","coordinates":[-80.9559516,44.5810828]}},{"type":"Feature","properties":{"address_id":"address_e47b2ac4e0ba34f370ee","label":"190 24th Street West","association_status":"probable_sourced","structure_id":"structure_082095b1e2783f385095","nearest_sourced_footprint_m":23.6,"review_reason":"Sourced roof is beyond the high-confidence distance threshold"},"geometry":{"type":"Point","coordinates":[-80.9455569,44.5849818]}},{"type":"Feature","properties":{"address_id":"address_0e0479de88f27967b3bf","label":"1900 4th Avenue West","association_status":"probable_sourced","structure_id":"structure_32a842f0b3dc4aed58f9","nearest_sourced_footprint_m":23.2,"review_reason":"Sourced roof is beyond the high-confidence distance threshold"},"geometry":{"type":"Point","coordinates":[-80.9501727,44.5803315]}},{"type":"Feature","properties":{"address_id":"address_41dda8df67e303304bb9","label":"1900 Eddie Sargent Parkway","association_status":"probable_sourced","structure_id":"structure_1a98c3d0fd3b82a2e248","nearest_sourced_footprint_m":21,"review_reason":"Sourced roof is beyond the high-confidence distance threshold"},"geometry":{"type":"Point","coordinates":[-80.9479387,44.5799591]}},{"type":"Feature","properties":{"address_id":"address_10936ab14161bc1e5954","label":"1901 4th Avenue West","association_status":"probable_sourced","structure_id":"structure_89377990eda1cd6d2d06","nearest_sourced_footprint_m":18.8,"review_reason":"Sourced roof is beyond the high-confidence distance threshold"},"geometry":{"type":"Point","coordinates":[-80.949916,44.5802919]}},{"type":"Feature","properties":{"address_id":"address_4c4e05749b2190f152ae","label":"198 10th Street East","association_status":"probable_sourced","structure_id":"structure_97f5d30b5ccef6cea6da","nearest_sourced_footprint_m":27.2,"review_reason":"Sourced roof is beyond the high-confidence distance threshold"},"geometry":{"type":"Point","coordinates":[-80.9434193,44.5677506]}},{"type":"Feature","properties":{"address_id":"address_8e2a51872832a6d41f6d","label":"198 10th Street West","association_status":"probable_sourced","structure_id":"structure_c26d14bb6048272d6fb7","nearest_sourced_footprint_m":25.7,"review_reason":"Sourced roof is beyond the high-confidence distance threshold"},"geometry":{"type":"Point","coordinates":[-80.9459552,44.5674897]}},{"type":"Feature","properties":{"address_id":"address_29d59bc5b21b5d3b7911","label":"198 11th Street West","association_status":"probable_sourced","structure_id":"structure_25c354bbaade107a1983","nearest_sourced_footprint_m":23.6,"review_reason":"Sourced roof is beyond the high-confidence distance threshold"},"geometry":{"type":"Point","coordinates":[-80.9463569,44.5692994]}},{"type":"Feature","properties":{"address_id":"address_f44ed4aef6eaeecb41f1","label":"198 12th Street East","association_status":"probable_sourced","structure_id":"structure_78447fa8a287f2f50c01","nearest_sourced_footprint_m":17.5,"review_reason":"Sourced roof is beyond the high-confidence distance threshold"},"geometry":{"type":"Point","coordinates":[-80.9406541,44.5720629]}},{"type":"Feature","properties":{"address_id":"address_e820cb6b5398b486f4fd","label":"198 13th Street East","association_status":"probable_sourced","structure_id":"structure_a061a9f5613fb9abcd67","nearest_sourced_footprint_m":15.9,"review_reason":"Sourced roof is beyond the high-confidence distance threshold"},"geometry":{"type":"Point","coordinates":[-80.9395459,44.5737529]}},{"type":"Feature","properties":{"address_id":"address_5b9a990c48cd3394e0fd","label":"198 13th Street West","association_status":"probable_sourced","structure_id":"structure_d926d04c304793bc9bef","nearest_sourced_footprint_m":18,"review_reason":"Sourced roof is beyond the high-confidence distance threshold"},"geometry":{"type":"Point","coordinates":[-80.9470685,44.5726553]}},{"type":"Feature","properties":{"address_id":"address_996430ea47c9272079d1","label":"199 10th Street East","association_status":"probable_sourced","structure_id":"structure_b618f985c9a35c7c0f2e","nearest_sourced_footprint_m":26.6,"review_reason":"Sourced roof is beyond the high-confidence distance threshold"},"geometry":{"type":"Point","coordinates":[-80.9434005,44.5676304]}},{"type":"Feature","properties":{"address_id":"address_f5251d884e1292d0f17f","label":"199 11th Street West","association_status":"probable_sourced","structure_id":"structure_8a530ecef00537114348","nearest_sourced_footprint_m":23.4,"review_reason":"Sourced roof is beyond the high-confidence distance threshold"},"geometry":{"type":"Point","coordinates":[-80.9463979,44.5692143]}},{"type":"Feature","properties":{"address_id":"address_ff303722b5c9270bafa3","label":"199 13th Street West","association_status":"probable_sourced","structure_id":"structure_e71b7ddc829197535ab9","nearest_sourced_footprint_m":16.1,"review_reason":"Sourced roof is beyond the high-confidence distance threshold"},"geometry":{"type":"Point","coordinates":[-80.9470465,44.5723724]}},{"type":"Feature","properties":{"address_id":"address_13b3bc6b63428e2099a4","label":"199 9th Street West","association_status":"probable_sourced","structure_id":"structure_ecf8bf50f9a80c849b8a","nearest_sourced_footprint_m":17.6,"review_reason":"Sourced roof is beyond the high-confidence distance threshold"},"geometry":{"type":"Point","coordinates":[-80.9455222,44.565424]}},{"type":"Feature","properties":{"address_id":"address_1641816d80ed41500724","label":"1998 6th Avenue West","association_status":"probable_sourced","structure_id":"structure_d91cb251e7adcf97f682","nearest_sourced_footprint_m":20.8,"review_reason":"Sourced roof is beyond the high-confidence distance threshold"},"geometry":{"type":"Point","coordinates":[-80.952758,44.5818445]}},{"type":"Feature","properties":{"address_id":"address_30d3b76a3be4fc0757ca","label":"1999 6th Avenue West","association_status":"probable_sourced","structure_id":"structure_b66853b13812dde42d4c","nearest_sourced_footprint_m":29.5,"review_reason":"Sourced roof is beyond the high-confidence distance threshold"},"geometry":{"type":"Point","coordinates":[-80.9525986,44.5817889]}},{"type":"Feature","properties":{"address_id":"address_e0af7cf109932ee77367","label":"200 10th Street West","association_status":"probable_sourced","structure_id":"structure_e4e2bcb77717da8c1389","nearest_sourced_footprint_m":27.7,"review_reason":"Sourced roof is beyond the high-confidence distance threshold"},"geometry":{"type":"Point","coordinates":[-80.9462692,44.5674396]}},{"type":"Feature","properties":{"address_id":"address_0e3f0c56b4fc3be350e8","label":"200 12th Street East","association_status":"probable_sourced","structure_id":"structure_03eb371f56030c87c263","nearest_sourced_footprint_m":14.5,"review_reason":"Sourced roof is beyond the high-confidence distance threshold"},"geometry":{"type":"Point","coordinates":[-80.9403199,44.5719487]}},{"type":"Feature","properties":{"address_id":"address_d8a1ce278353f3afd15a","label":"200 12th Street West","association_status":"probable_sourced","structure_id":"structure_417ee8c97df3d55207f9","nearest_sourced_footprint_m":22.1,"review_reason":"Sourced roof is beyond the high-confidence distance threshold"},"geometry":{"type":"Point","coordinates":[-80.9473543,44.5715353]}},{"type":"Feature","properties":{"address_id":"address_c1f1de38360e838da8b3","label":"200 13th Street West","association_status":"probable_sourced","structure_id":"structure_fc54f6bfff5543c9097a","nearest_sourced_footprint_m":23.7,"review_reason":"Sourced roof is beyond the high-confidence distance threshold"},"geometry":{"type":"Point","coordinates":[-80.9475578,44.572433]}},{"type":"Feature","properties":{"address_id":"address_65907fa354807fbf5dde","label":"200 14th Street West","association_status":"probable_sourced","structure_id":"structure_59cc4f1d0e79fce973c6","nearest_sourced_footprint_m":27.6,"review_reason":"Sourced roof is beyond the high-confidence distance threshold"},"geometry":{"type":"Point","coordinates":[-80.9477938,44.5734828]}},{"type":"Feature","properties":{"address_id":"address_64609d445a9b04dae5e6","label":"200 27th Street West","association_status":"probable_sourced","structure_id":"structure_679a0e35ef07184d02ed","nearest_sourced_footprint_m":12.5,"review_reason":"Sourced roof is beyond the high-confidence distance threshold"},"geometry":{"type":"Point","coordinates":[-80.9439128,44.5903833]}},{"type":"Feature","properties":{"address_id":"address_31629c6c6ac71e8a49e0","label":"2000 3rd Avenue West","association_status":"probable_sourced","structure_id":"structure_5a678b6cb511aab7fda5","nearest_sourced_footprint_m":14.4,"review_reason":"Sourced roof is beyond the high-confidence distance threshold"},"geometry":{"type":"Point","coordinates":[-80.9482937,44.581362]}},{"type":"Feature","properties":{"address_id":"address_cc61a78ec3ebc38a6610","label":"2001 4th Avenue West","association_status":"probable_sourced","structure_id":"structure_91fbc540c01244733e42","nearest_sourced_footprint_m":13.3,"review_reason":"Sourced roof is beyond the high-confidence distance threshold"},"geometry":{"type":"Point","coordinates":[-80.9495221,44.5815817]}},{"type":"Feature","properties":{"address_id":"address_06dd3860d06f5e5d5d97","label":"2001 5th Avenue West","association_status":"probable_sourced","structure_id":"structure_94293abbe6f2ffc085df","nearest_sourced_footprint_m":18.1,"review_reason":"Sourced roof is beyond the high-confidence distance threshold"},"geometry":{"type":"Point","coordinates":[-80.9509904,44.5818065]}},{"type":"Feature","properties":{"address_id":"address_3481ec500b03cd06e1e6","label":"201 11th Street West","association_status":"probable_sourced","structure_id":"structure_1a564ed68f3ce49d5759","nearest_sourced_footprint_m":13.9,"review_reason":"Sourced roof is beyond the high-confidence distance threshold"},"geometry":{"type":"Point","coordinates":[-80.946799,44.569118]}},{"type":"Feature","properties":{"address_id":"address_cacd22a9e4fe6699e4d4","label":"201 19th Street West","association_status":"probable_sourced","structure_id":"structure_df3d36901023adf052ee","nearest_sourced_footprint_m":27.6,"review_reason":"Sourced roof is beyond the high-confidence distance threshold"},"geometry":{"type":"Point","coordinates":[-80.9478776,44.5797506]}},{"type":"Feature","properties":{"address_id":"address_6543e8a6a48e4998a9b3","label":"201 26th Street West","association_status":"probable_sourced","structure_id":"structure_bb4fd33fc2ebc0c58590","nearest_sourced_footprint_m":22.1,"review_reason":"Sourced roof is beyond the high-confidence distance threshold"},"geometry":{"type":"Point","coordinates":[-80.9442504,44.5890231]}},{"type":"Feature","properties":{"address_id":"address_c1d67d21da11e60ffc5f","label":"2098 4th Avenue West","association_status":"probable_sourced","structure_id":"structure_02be2320eeb96da79318","nearest_sourced_footprint_m":18.3,"review_reason":"Sourced roof is beyond the high-confidence distance threshold"},"geometry":{"type":"Point","coordinates":[-80.9494429,44.5826046]}},{"type":"Feature","properties":{"address_id":"address_e8024f3f3c75277bf396","label":"2098 6th Avenue West","association_status":"probable_sourced","structure_id":"structure_86aa470fa5a5c49c9810","nearest_sourced_footprint_m":24,"review_reason":"Sourced roof is beyond the high-confidence distance threshold"},"geometry":{"type":"Point","coordinates":[-80.9524152,44.5830464]}},{"type":"Feature","properties":{"address_id":"address_4d42c696e3128fc942e8","label":"2099 4th Avenue West","association_status":"probable_sourced","structure_id":"structure_944b43e469674ffe220b","nearest_sourced_footprint_m":17,"review_reason":"Sourced roof is beyond the high-confidence distance threshold"},"geometry":{"type":"Point","coordinates":[-80.949203,44.5825626]}},{"type":"Feature","properties":{"address_id":"address_56a0d9d3cafef7b4517c","label":"2099 6th Avenue West","association_status":"probable_sourced","structure_id":"structure_f3fc430c46f5e644a8e8","nearest_sourced_footprint_m":12.7,"review_reason":"Sourced roof is beyond the high-confidence distance threshold"},"geometry":{"type":"Point","coordinates":[-80.9521757,44.5830031]}},{"type":"Feature","properties":{"address_id":"address_53996f2ce7c00dc57857","label":"2101 4th Avenue West","association_status":"probable_sourced","structure_id":"structure_7eb60cc1f1d178b429a2","nearest_sourced_footprint_m":14.2,"review_reason":"Sourced roof is beyond the high-confidence distance threshold"},"geometry":{"type":"Point","coordinates":[-80.9491086,44.5827996]}},{"type":"Feature","properties":{"address_id":"address_c2ba2f4116613ea9167b","label":"2198 Eddie Sargent Parkway","association_status":"probable_sourced","structure_id":"structure_f9f21cc683f81a4bbad9","nearest_sourced_footprint_m":22.7,"review_reason":"Sourced roof is beyond the high-confidence distance threshold"},"geometry":{"type":"Point","coordinates":[-80.9475054,44.5835906]}},{"type":"Feature","properties":{"address_id":"address_a512c3cafbf590726f3e","label":"2201 4th Avenue West","association_status":"probable_sourced","structure_id":"structure_92a21c21804f1b675bc9","nearest_sourced_footprint_m":18.4,"review_reason":"Sourced roof is beyond the high-confidence distance threshold"},"geometry":{"type":"Point","coordinates":[-80.9487557,44.5839719]}},{"type":"Feature","properties":{"address_id":"address_b4d72956240fe582737e","label":"2201 6th Avenue West","association_status":"probable_sourced","structure_id":"structure_b89fd984a731ad8162c1","nearest_sourced_footprint_m":15.8,"review_reason":"Sourced roof is beyond the high-confidence distance threshold"},"geometry":{"type":"Point","coordinates":[-80.9517178,44.5844696]}},{"type":"Feature","properties":{"address_id":"address_0302fa40c933de781818","label":"2201 7th Avenue West","association_status":"probable_sourced","structure_id":"structure_69d3c60af3d3674f7ca7","nearest_sourced_footprint_m":12.6,"review_reason":"Sourced roof is beyond the high-confidence distance threshold"},"geometry":{"type":"Point","coordinates":[-80.9531806,44.5847225]}},{"type":"Feature","properties":{"address_id":"address_38cc2ceca2f745b9f639","label":"2201 8th Avenue West","association_status":"probable_sourced","structure_id":"structure_12d7302f70d3b4d636c5","nearest_sourced_footprint_m":22,"review_reason":"Sourced roof is beyond the high-confidence distance threshold"},"geometry":{"type":"Point","coordinates":[-80.9546793,44.5848805]}},{"type":"Feature","properties":{"address_id":"address_a69907ba8398fdd9af85","label":"2291 4th Avenue West","association_status":"probable_sourced","structure_id":"structure_31f4a7b40a59ce2fc371","nearest_sourced_footprint_m":21.3,"review_reason":"Sourced roof is beyond the high-confidence distance threshold"},"geometry":{"type":"Point","coordinates":[-80.9484256,44.5849485]}},{"type":"Feature","properties":{"address_id":"address_c4ccdcd6a79fea8e609f","label":"2299 3rd Avenue West","association_status":"probable_sourced","structure_id":"structure_eef150ce6d9cec3fde11","nearest_sourced_footprint_m":26.8,"review_reason":"Sourced roof is beyond the high-confidence distance threshold"},"geometry":{"type":"Point","coordinates":[-80.9468571,44.5847751]}},{"type":"Feature","properties":{"address_id":"address_1a929dfe3acf543297c6","label":"2299 5th Avenue West","association_status":"probable_sourced","structure_id":"structure_10f7ba41ee962d37e8f9","nearest_sourced_footprint_m":27.4,"review_reason":"Sourced roof is beyond the high-confidence distance threshold"},"geometry":{"type":"Point","coordinates":[-80.9499567,44.5852012]}},{"type":"Feature","properties":{"address_id":"address_b01779662de84351d88b","label":"2300 5th Avenue West","association_status":"probable_sourced","structure_id":"structure_319964f397072bfcb4c1","nearest_sourced_footprint_m":18.2,"review_reason":"Sourced roof is beyond the high-confidence distance threshold"},"geometry":{"type":"Point","coordinates":[-80.9501474,44.5854118]}},{"type":"Feature","properties":{"address_id":"address_655bfcb045246d19512a","label":"2398 4th Avenue West","association_status":"probable_sourced","structure_id":"structure_4f06f53500ca2c10312b","nearest_sourced_footprint_m":16.5,"review_reason":"Sourced roof is beyond the high-confidence distance threshold"},"geometry":{"type":"Point","coordinates":[-80.9480217,44.5868892]}},{"type":"Feature","properties":{"address_id":"address_d9ad56851778d97824cf","label":"2399 5th Avenue West","association_status":"probable_sourced","structure_id":"structure_f481cd63583476225d27","nearest_sourced_footprint_m":13.5,"review_reason":"Sourced roof is beyond the high-confidence distance threshold"},"geometry":{"type":"Point","coordinates":[-80.9497281,44.5859919]}},{"type":"Feature","properties":{"address_id":"address_39ea0770aecc6e1903a9","label":"2400 3rd Avenue West","association_status":"probable_sourced","structure_id":"structure_e22e6fc77c8f90b565d7","nearest_sourced_footprint_m":23.5,"review_reason":"Sourced roof is beyond the high-confidence distance threshold"},"geometry":{"type":"Point","coordinates":[-80.9465133,44.5869848]}},{"type":"Feature","properties":{"address_id":"address_725f923397e90eb9427f","label":"248 12th Street West","association_status":"probable_sourced","structure_id":"structure_d552c081a8d58742e388","nearest_sourced_footprint_m":18.3,"review_reason":"Sourced roof is beyond the high-confidence distance threshold"},"geometry":{"type":"Point","coordinates":[-80.9479355,44.571468]}},{"type":"Feature","properties":{"address_id":"address_12d1d6519ad78cfd67f2","label":"250 12th Street West","association_status":"probable_sourced","structure_id":"structure_a1abeb41f238c5bd0b5b","nearest_sourced_footprint_m":12.3,"review_reason":"Sourced roof is beyond the high-confidence distance threshold"},"geometry":{"type":"Point","coordinates":[-80.9483012,44.5714259]}},{"type":"Feature","properties":{"address_id":"address_8e36dad103b37de6f3ad","label":"2599 3rd Avenue West","association_status":"probable_sourced","structure_id":"structure_efcd9ed05f7c772f19cd","nearest_sourced_footprint_m":22.3,"review_reason":"Sourced roof is beyond the high-confidence distance threshold"},"geometry":{"type":"Point","coordinates":[-80.9455113,44.5890603]}},{"type":"Feature","properties":{"address_id":"address_a0771d8281ddde12ab53","label":"2599 5th Avenue West","association_status":"probable_sourced","structure_id":"structure_516182b1a46aca29286b","nearest_sourced_footprint_m":12.9,"review_reason":"Sourced roof is beyond the high-confidence distance threshold"},"geometry":{"type":"Point","coordinates":[-80.9484935,44.5896546]}},{"type":"Feature","properties":{"address_id":"address_1ff473607a5962231dfc","label":"2599 8th Avenue West","association_status":"probable_sourced","structure_id":"structure_89264227f23f8578a4dd","nearest_sourced_footprint_m":18.8,"review_reason":"Sourced roof is beyond the high-confidence distance threshold"},"geometry":{"type":"Point","coordinates":[-80.9529782,44.5903243]}},{"type":"Feature","properties":{"address_id":"address_9ce02a875aac1c17d4f3","label":"2600 2nd Avenue West","association_status":"probable_sourced","structure_id":"structure_86d351954b2ad294dce3","nearest_sourced_footprint_m":17.7,"review_reason":"Sourced roof is beyond the high-confidence distance threshold"},"geometry":{"type":"Point","coordinates":[-80.9443723,44.5891959]}},{"type":"Feature","properties":{"address_id":"address_c384ba63cc82964a1a45","label":"2601 3rd Avenue West","association_status":"probable_sourced","structure_id":"structure_ac109d1df58245889ce8","nearest_sourced_footprint_m":12.5,"review_reason":"Sourced roof is beyond the high-confidence distance threshold"},"geometry":{"type":"Point","coordinates":[-80.9454228,44.5893534]}},{"type":"Feature","properties":{"address_id":"address_96e6ad963cffa87fcb79","label":"2601 8th Avenue West","association_status":"probable_sourced","structure_id":"structure_7a8098ccf0c202bb797b","nearest_sourced_footprint_m":23.1,"review_reason":"Sourced roof is beyond the high-confidence distance threshold"},"geometry":{"type":"Point","coordinates":[-80.9528966,44.5905827]}},{"type":"Feature","properties":{"address_id":"address_d5b6408c4532bd8d1bfc","label":"2698 2nd Avenue West","association_status":"probable_sourced","structure_id":"structure_a4ce4ded6c31fd2f3f49","nearest_sourced_footprint_m":21.7,"review_reason":"Sourced roof is beyond the high-confidence distance threshold"},"geometry":{"type":"Point","coordinates":[-80.9440102,44.5902273]}},{"type":"Feature","properties":{"address_id":"address_008cbd1acbe46cd17676","label":"2698 3rd Avenue West","association_status":"probable_sourced","structure_id":"structure_03dd4216ae529af7859b","nearest_sourced_footprint_m":14.1,"review_reason":"Sourced roof is beyond the high-confidence distance threshold"},"geometry":{"type":"Point","coordinates":[-80.9454691,44.5903882]}},{"type":"Feature","properties":{"address_id":"address_8074910960410aa6f62a","label":"2699 3rd Avenue West","association_status":"probable_sourced","structure_id":"structure_984b696d54bdb2562f24","nearest_sourced_footprint_m":12.6,"review_reason":"Sourced roof is beyond the high-confidence distance threshold"},"geometry":{"type":"Point","coordinates":[-80.9451093,44.5903246]}},{"type":"Feature","properties":{"address_id":"address_25cdf58af9cb95e11095","label":"2699 8th Avenue West","association_status":"probable_sourced","structure_id":"structure_e18ad7da9e459ee5632b","nearest_sourced_footprint_m":15.3,"review_reason":"Sourced roof is beyond the high-confidence distance threshold"},"geometry":{"type":"Point","coordinates":[-80.9525752,44.5915849]}},{"type":"Feature","properties":{"address_id":"address_9abf4d29fb4eebb7614e","label":"2700 4th Avenue West","association_status":"probable_sourced","structure_id":"structure_1f299b6ddf440e96f28d","nearest_sourced_footprint_m":15.3,"review_reason":"Sourced roof is beyond the high-confidence distance threshold"},"geometry":{"type":"Point","coordinates":[-80.9467606,44.5908639]}},{"type":"Feature","properties":{"address_id":"address_54297f140c25ac0cb93d","label":"2700 5th Avenue West","association_status":"probable_sourced","structure_id":"structure_cc089c404dafc0fee6f8","nearest_sourced_footprint_m":25.2,"review_reason":"Sourced roof is beyond the high-confidence distance threshold"},"geometry":{"type":"Point","coordinates":[-80.948247,44.5911168]}},{"type":"Feature","properties":{"address_id":"address_fcb78fd2ec87c54d8149","label":"2701 4th Avenue West","association_status":"probable_sourced","structure_id":"structure_bb3484c055f53692a9ce","nearest_sourced_footprint_m":15.5,"review_reason":"Sourced roof is beyond the high-confidence distance threshold"},"geometry":{"type":"Point","coordinates":[-80.9465198,44.5908245]}},{"type":"Feature","properties":{"address_id":"address_20e0480d38e13c84ac3f","label":"2701 5th Avenue West","association_status":"probable_sourced","structure_id":"structure_d1cf12be0a0f270dcfc8","nearest_sourced_footprint_m":28.6,"review_reason":"Sourced roof is beyond the high-confidence distance threshold"},"geometry":{"type":"Point","coordinates":[-80.9480067,44.5910758]}},{"type":"Feature","properties":{"address_id":"address_6f629b9cd23e93a24e99","label":"2701 8th Avenue West","association_status":"probable_sourced","structure_id":"structure_ae5edd528fd1b68b9ef5","nearest_sourced_footprint_m":20.8,"review_reason":"Sourced roof is beyond the high-confidence distance threshold"},"geometry":{"type":"Point","coordinates":[-80.9524894,44.5918425]}},{"type":"Feature","properties":{"address_id":"address_9342c65c195ca8a95611","label":"2798 4th Avenue West","association_status":"probable_sourced","structure_id":"structure_9a32b05d417eb571c597","nearest_sourced_footprint_m":27,"review_reason":"Sourced roof is beyond the high-confidence distance threshold"},"geometry":{"type":"Point","coordinates":[-80.9464289,44.5918664]}},{"type":"Feature","properties":{"address_id":"address_bd47289dbf0c72af1dd6","label":"2798 5th Avenue West","association_status":"probable_sourced","structure_id":"structure_cc089c404dafc0fee6f8","nearest_sourced_footprint_m":14.2,"review_reason":"Sourced roof is beyond the high-confidence distance threshold"},"geometry":{"type":"Point","coordinates":[-80.9479154,44.5921192]}},{"type":"Feature","properties":{"address_id":"address_502fdbc7fdd17f894342","label":"2799 3rd Avenue West","association_status":"probable_sourced","structure_id":"structure_030e4305e577ba8cda02","nearest_sourced_footprint_m":26.6,"review_reason":"Sourced roof is beyond the high-confidence distance threshold"},"geometry":{"type":"Point","coordinates":[-80.944688,44.5916591]}},{"type":"Feature","properties":{"address_id":"address_dba9ab3f7a9f206b5849","label":"2799 5th Avenue West","association_status":"probable_sourced","structure_id":"structure_d1cf12be0a0f270dcfc8","nearest_sourced_footprint_m":19.7,"review_reason":"Sourced roof is beyond the high-confidence distance threshold"},"geometry":{"type":"Point","coordinates":[-80.9476751,44.5920782]}},{"type":"Feature","properties":{"address_id":"address_f789060d24e8abbfafb5","label":"2800 4th Avenue West","association_status":"probable_sourced","structure_id":"structure_246a9e5a82a2ee301e5b","nearest_sourced_footprint_m":23.5,"review_reason":"Sourced roof is beyond the high-confidence distance threshold"},"geometry":{"type":"Point","coordinates":[-80.9463446,44.5921243]}},{"type":"Feature","properties":{"address_id":"address_1713847e8faab4a1ed01","label":"2801 4th Avenue West","association_status":"probable_sourced","structure_id":"structure_375f9e4c6fcbd47a40e3","nearest_sourced_footprint_m":13,"review_reason":"Sourced roof is beyond the high-confidence distance threshold"},"geometry":{"type":"Point","coordinates":[-80.9461043,44.5920831]}},{"type":"Feature","properties":{"address_id":"address_49b2df4e42bef1141c58","label":"2801 6th Avenue West","association_status":"probable_sourced","structure_id":"structure_0fce7071e19ee7217fc5","nearest_sourced_footprint_m":25.8,"review_reason":"Sourced roof is beyond the high-confidence distance threshold"},"geometry":{"type":"Point","coordinates":[-80.9490637,44.5925886]}},{"type":"Feature","properties":{"address_id":"address_c13cec33729877a39c0a","label":"2898 6th Avenue West","association_status":"probable_sourced","structure_id":"structure_e918bad8519da0b51139","nearest_sourced_footprint_m":13.1,"review_reason":"Sourced roof is beyond the high-confidence distance threshold"},"geometry":{"type":"Point","coordinates":[-80.9489556,44.5936849]}},{"type":"Feature","properties":{"address_id":"address_b2bc3804db78be3f0fbb","label":"2899 3rd Avenue West","association_status":"probable_sourced","structure_id":"structure_9880dcc67c3d58a8fbbd","nearest_sourced_footprint_m":17.5,"review_reason":"Sourced roof is beyond the high-confidence distance threshold"},"geometry":{"type":"Point","coordinates":[-80.9442966,44.592926]}},{"type":"Feature","properties":{"address_id":"address_42f0398a94fbc1e74bd0","label":"2901 3rd Avenue West","association_status":"probable_sourced","structure_id":"structure_0077afba002c570c4a88","nearest_sourced_footprint_m":12.8,"review_reason":"Sourced roof is beyond the high-confidence distance threshold"},"geometry":{"type":"Point","coordinates":[-80.9442676,44.5930118]}},{"type":"Feature","properties":{"address_id":"address_7db08e5000216b46ec18","label":"2901 4th Avenue West","association_status":"probable_sourced","structure_id":"structure_ca5eabc84a111263a7d1","nearest_sourced_footprint_m":12.2,"review_reason":"Sourced roof is beyond the high-confidence distance threshold"},"geometry":{"type":"Point","coordinates":[-80.9456986,44.5933353]}},{"type":"Feature","properties":{"address_id":"address_55523d8c1785e2039d0c","label":"298 10th Street East","association_status":"probable_sourced","structure_id":"structure_65cc13ffbf329fee8db2","nearest_sourced_footprint_m":29.3,"review_reason":"Sourced roof is beyond the high-confidence distance threshold"},"geometry":{"type":"Point","coordinates":[-80.9416654,44.5679988]}},{"type":"Feature","properties":{"address_id":"address_52431c0126a0a2d449de","label":"298 10th Street West","association_status":"probable_sourced","structure_id":"structure_f1b63b6e2e266f7b66e4","nearest_sourced_footprint_m":22.5,"review_reason":"Sourced roof is beyond the high-confidence distance threshold"},"geometry":{"type":"Point","coordinates":[-80.94765,44.5672768]}},{"type":"Feature","properties":{"address_id":"address_910e1c1d68fdaec5955d","label":"298 11th Street East","association_status":"probable_sourced","structure_id":"structure_9be5ef2dc41fcc21c46f","nearest_sourced_footprint_m":26,"review_reason":"Sourced roof is beyond the high-confidence distance threshold"},"geometry":{"type":"Point","coordinates":[-80.9404958,44.5698896]}},{"type":"Feature","properties":{"address_id":"address_f83078618431eba036c6","label":"298 12th Street East","association_status":"probable_sourced","structure_id":"structure_5e0aef21676004107ee7","nearest_sourced_footprint_m":15.2,"review_reason":"Sourced roof is beyond the high-confidence distance threshold"},"geometry":{"type":"Point","coordinates":[-80.939375,44.571623]}},{"type":"Feature","properties":{"address_id":"address_c0c280c577d7ba208608","label":"298 27th Street West","association_status":"probable_sourced","structure_id":"structure_9f8464975c229162006d","nearest_sourced_footprint_m":27.3,"review_reason":"Sourced roof is beyond the high-confidence distance threshold"},"geometry":{"type":"Point","coordinates":[-80.9449814,44.5905437]}},{"type":"Feature","properties":{"address_id":"address_db34a9ddc2b3fb778414","label":"298 8th Street West","association_status":"probable_sourced","structure_id":"structure_8cd16d6a845e83b031da","nearest_sourced_footprint_m":24.3,"review_reason":"Sourced roof is beyond the high-confidence distance threshold"},"geometry":{"type":"Point","coordinates":[-80.9468281,44.5635477]}},{"type":"Feature","properties":{"address_id":"address_92e11207240deb992fec","label":"298 8th Street West","association_status":"probable_sourced","structure_id":"structure_8cd16d6a845e83b031da","nearest_sourced_footprint_m":24.8,"review_reason":"Sourced roof is beyond the high-confidence distance threshold"},"geometry":{"type":"Point","coordinates":[-80.9468007,44.5635505]}},{"type":"Feature","properties":{"address_id":"address_2c8b0d7637600ec2e042","label":"298 9th Street West","association_status":"probable_sourced","structure_id":"structure_00bd0b05895af6682725","nearest_sourced_footprint_m":18,"review_reason":"Sourced roof is beyond the high-confidence distance threshold"},"geometry":{"type":"Point","coordinates":[-80.9472828,44.56535]}},{"type":"Feature","properties":{"address_id":"address_7acf4bda64a473b6868a","label":"299 10th Street West","association_status":"probable_sourced","structure_id":"structure_f1ed8bdbdd0a1e9f2a49","nearest_sourced_footprint_m":26.2,"review_reason":"Sourced roof is beyond the high-confidence distance threshold"},"geometry":{"type":"Point","coordinates":[-80.9476368,44.5671443]}},{"type":"Feature","properties":{"address_id":"address_c13556ac5900a74f5384","label":"299 11th Street East","association_status":"probable_sourced","structure_id":"structure_be3c574122640f1a0fd2","nearest_sourced_footprint_m":17.1,"review_reason":"Sourced roof is beyond the high-confidence distance threshold"},"geometry":{"type":"Point","coordinates":[-80.9405973,44.5697287]}},{"type":"Feature","properties":{"address_id":"address_7dee512c6b4765717f7e","label":"299 11th Street West","association_status":"probable_sourced","structure_id":"structure_52703143ef6b521b6f13","nearest_sourced_footprint_m":25.2,"review_reason":"Sourced roof is beyond the high-confidence distance threshold"},"geometry":{"type":"Point","coordinates":[-80.9480715,44.568983]}},{"type":"Feature","properties":{"address_id":"address_24a1001385f890b641b2","label":"299 12th Street East","association_status":"probable_sourced","structure_id":"structure_a33d3954bf1000e91546","nearest_sourced_footprint_m":28.4,"review_reason":"Sourced roof is beyond the high-confidence distance threshold"},"geometry":{"type":"Point","coordinates":[-80.9394786,44.5714627]}},{"type":"Feature","properties":{"address_id":"address_4070f39d4d52be4751de","label":"299 19th Street West","association_status":"probable_sourced","structure_id":"structure_d363ed540802681393dd","nearest_sourced_footprint_m":25.2,"review_reason":"Sourced roof is beyond the high-confidence distance threshold"},"geometry":{"type":"Point","coordinates":[-80.9485527,44.5798674]}},{"type":"Feature","properties":{"address_id":"address_2f398833ee91c62ee402","label":"299 8th Street West","association_status":"probable_sourced","structure_id":"structure_40c3c1b27dcc158aca69","nearest_sourced_footprint_m":15,"review_reason":"Sourced roof is beyond the high-confidence distance threshold"},"geometry":{"type":"Point","coordinates":[-80.9468242,44.563379]}},{"type":"Feature","properties":{"address_id":"address_8c93b7b6a21c7506088a","label":"300 10th Street East","association_status":"probable_sourced","structure_id":"structure_f5a659b6a3f6a5998d8d","nearest_sourced_footprint_m":22.8,"review_reason":"Sourced roof is beyond the high-confidence distance threshold"},"geometry":{"type":"Point","coordinates":[-80.9411955,44.5680625]}},{"type":"Feature","properties":{"address_id":"address_9d95b236807223802ee4","label":"300 13th Street East","association_status":"probable_sourced","structure_id":"structure_399c1be33bba5f94688c","nearest_sourced_footprint_m":24.2,"review_reason":"Sourced roof is beyond the high-confidence distance threshold"},"geometry":{"type":"Point","coordinates":[-80.9378199,44.5731678]}},{"type":"Feature","properties":{"address_id":"address_a0fbd321453efeb1d005","label":"300 21st Street West","association_status":"probable_sourced","structure_id":"structure_e3949f63c51e5e871a52","nearest_sourced_footprint_m":24.1,"review_reason":"Sourced roof is beyond the high-confidence distance threshold"},"geometry":{"type":"Point","coordinates":[-80.9480551,44.5825454]}},{"type":"Feature","properties":{"address_id":"address_cebef2efc8d5836d4e6c","label":"300 22nd Street West","association_status":"probable_sourced","structure_id":"structure_18ae87bb768863874326","nearest_sourced_footprint_m":21.3,"review_reason":"Sourced roof is beyond the high-confidence distance threshold"},"geometry":{"type":"Point","coordinates":[-80.9475361,44.5837859]}},{"type":"Feature","properties":{"address_id":"address_641399327da37dbb13f5","label":"300 23rd Street West","association_status":"probable_sourced","structure_id":"structure_9abcd139c3cd23f5a96f","nearest_sourced_footprint_m":23.8,"review_reason":"Sourced roof is beyond the high-confidence distance threshold"},"geometry":{"type":"Point","coordinates":[-80.9472264,44.584995]}},{"type":"Feature","properties":{"address_id":"address_33d6834b0cd6b1ee5fc0","label":"300 26th Street West","association_status":"probable_sourced","structure_id":"structure_a012cf83a379e9bb5956","nearest_sourced_footprint_m":23.4,"review_reason":"Sourced roof is beyond the high-confidence distance threshold"},"geometry":{"type":"Point","coordinates":[-80.9457756,44.5893994]}},{"type":"Feature","properties":{"address_id":"address_2aa4fc07bff59f78c91f","label":"300 28th Street West","association_status":"probable_sourced","structure_id":"structure_656486922c3975c85807","nearest_sourced_footprint_m":15.4,"review_reason":"Sourced roof is beyond the high-confidence distance threshold"},"geometry":{"type":"Point","coordinates":[-80.9450689,44.5918587]}},{"type":"Feature","properties":{"address_id":"address_f3f76b9c83cfb398d0ec","label":"300 9th Street West","association_status":"probable_sourced","structure_id":"structure_a90933a7d67ccb176dee","nearest_sourced_footprint_m":16.7,"review_reason":"Sourced roof is beyond the high-confidence distance threshold"},"geometry":{"type":"Point","coordinates":[-80.947452,44.5653733]}},{"type":"Feature","properties":{"address_id":"address_1a5d404bb52eb936c1a4","label":"301 10th Street East","association_status":"probable_sourced","structure_id":"structure_3caf87b08d04a0455bff","nearest_sourced_footprint_m":29,"review_reason":"Sourced roof is beyond the high-confidence distance threshold"},"geometry":{"type":"Point","coordinates":[-80.9411995,44.5678359]}},{"type":"Feature","properties":{"address_id":"address_1114cea4610b613b3e7e","label":"301 10th Street West","association_status":"probable_sourced","structure_id":"structure_a2e47a475bf1dfa538f6","nearest_sourced_footprint_m":12,"review_reason":"Sourced roof is beyond the high-confidence distance threshold"},"geometry":{"type":"Point","coordinates":[-80.9479054,44.5670648]}},{"type":"Feature","properties":{"address_id":"address_b9d1d6f0243a2c48eec9","label":"301 11th Street East","association_status":"probable_sourced","structure_id":"structure_e0fe5f9e459c33f884a1","nearest_sourced_footprint_m":16.9,"review_reason":"Sourced roof is beyond the high-confidence distance threshold"},"geometry":{"type":"Point","coordinates":[-80.9401521,44.5695755]}},{"type":"Feature","properties":{"address_id":"address_76cc74f6635ed08a28e7","label":"301 12th Street East","association_status":"probable_sourced","structure_id":"structure_73662baaa7ce66e753f6","nearest_sourced_footprint_m":23.7,"review_reason":"Sourced roof is beyond the high-confidence distance threshold"},"geometry":{"type":"Point","coordinates":[-80.939033,44.5713103]}},{"type":"Feature","properties":{"address_id":"address_3a93d79f74b6d9cd0815","label":"301 13th Street East","association_status":"probable_sourced","structure_id":"structure_34b996db6771b40e9e23","nearest_sourced_footprint_m":17.2,"review_reason":"Sourced roof is beyond the high-confidence distance threshold"},"geometry":{"type":"Point","coordinates":[-80.937926,44.5730084]}},{"type":"Feature","properties":{"address_id":"address_3df9a03a8ddd1e6d926d","label":"301 16th Street West","association_status":"probable_sourced","structure_id":"structure_d1e6268aa7df9b2ad4e5","nearest_sourced_footprint_m":24.7,"review_reason":"Sourced roof is beyond the high-confidence distance threshold"},"geometry":{"type":"Point","coordinates":[-80.9500504,44.5762323]}},{"type":"Feature","properties":{"address_id":"address_dac4e5620502a63001b2","label":"301 17th Street West","association_status":"probable_sourced","structure_id":"structure_c840588353e00c6d1731","nearest_sourced_footprint_m":16.4,"review_reason":"Sourced roof is beyond the high-confidence distance threshold"},"geometry":{"type":"Point","coordinates":[-80.949625,44.5774643]}},{"type":"Feature","properties":{"address_id":"address_595eb264de5261238122","label":"301 18th Street West","association_status":"probable_sourced","structure_id":"structure_71087c783ce3d0d5f794","nearest_sourced_footprint_m":15.8,"review_reason":"Sourced roof is beyond the high-confidence distance threshold"},"geometry":{"type":"Point","coordinates":[-80.9492523,44.5786959]}},{"type":"Feature","properties":{"address_id":"address_c77ba0079cdb85fbcf4b","label":"301 19th Street West","association_status":"probable_sourced","structure_id":"structure_f938ab5bf26c9b9a1113","nearest_sourced_footprint_m":23,"review_reason":"Sourced roof is beyond the high-confidence distance threshold"},"geometry":{"type":"Point","coordinates":[-80.9488246,44.5799239]}},{"type":"Feature","properties":{"address_id":"address_c3a08e9fbe30e28c7f57","label":"301 23rd Street West","association_status":"probable_sourced","structure_id":"structure_11499ba2324930c34457","nearest_sourced_footprint_m":13,"review_reason":"Sourced roof is beyond the high-confidence distance threshold"},"geometry":{"type":"Point","coordinates":[-80.9472897,44.5847991]}},{"type":"Feature","properties":{"address_id":"address_8b891e81e68f50fb8386","label":"301 26th Street West","association_status":"probable_sourced","structure_id":"structure_5a4c1740c6f73553b1b5","nearest_sourced_footprint_m":21.1,"review_reason":"Sourced roof is beyond the high-confidence distance threshold"},"geometry":{"type":"Point","coordinates":[-80.9458893,44.5892579]}},{"type":"Feature","properties":{"address_id":"address_b61d89b7ed3e8f3c8e0c","label":"301 29th Street West","association_status":"probable_sourced","structure_id":"structure_19129d3df05ec7100de9","nearest_sourced_footprint_m":17.3,"review_reason":"Sourced roof is beyond the high-confidence distance threshold"},"geometry":{"type":"Point","coordinates":[-80.9447311,44.5929529]}},{"type":"Feature","properties":{"address_id":"address_c7228bd657d12b9213c7","label":"301 8th Street East","association_status":"probable_sourced","structure_id":"structure_40622c613716e55a2943","nearest_sourced_footprint_m":17.9,"review_reason":"Sourced roof is beyond the high-confidence distance threshold"},"geometry":{"type":"Point","coordinates":[-80.9403387,44.5641002]}},{"type":"Feature","properties":{"address_id":"address_898d570efcacc26d9dc6","label":"329 11th Street East","association_status":"probable_sourced","structure_id":"structure_7dad25a3697f32ff9b33","nearest_sourced_footprint_m":20.2,"review_reason":"Sourced roof is beyond the high-confidence distance threshold"},"geometry":{"type":"Point","coordinates":[-80.9400031,44.5695234]}},{"type":"Feature","properties":{"address_id":"address_86ed87b96db28f3c940e","label":"330 8th Street West","association_status":"probable_sourced","structure_id":"structure_d26695d579149ad94fd4","nearest_sourced_footprint_m":18,"review_reason":"Sourced roof is beyond the high-confidence distance threshold"},"geometry":{"type":"Point","coordinates":[-80.9474021,44.5634431]}},{"type":"Feature","properties":{"address_id":"address_973498a62c97d6b36304","label":"332 8th Street West","association_status":"probable_sourced","structure_id":"structure_d6b5b3f2d35c03690d72","nearest_sourced_footprint_m":24.8,"review_reason":"Sourced roof is beyond the high-confidence distance threshold"},"geometry":{"type":"Point","coordinates":[-80.9475034,44.5634273]}},{"type":"Feature","properties":{"address_id":"address_19f55dcbd3f18b975ad1","label":"334 22nd Street West","association_status":"probable_sourced","structure_id":"structure_1bd8a2ab032c77cbd501","nearest_sourced_footprint_m":13.5,"review_reason":"Sourced roof is beyond the high-confidence distance threshold"},"geometry":{"type":"Point","coordinates":[-80.9480039,44.5838519]}},{"type":"Feature","properties":{"address_id":"address_6eada39137bebb168467","label":"349 22nd Street West","association_status":"probable_sourced","structure_id":"structure_739125dee2858b4a3e3a","nearest_sourced_footprint_m":26.9,"review_reason":"Sourced roof is beyond the high-confidence distance threshold"},"geometry":{"type":"Point","coordinates":[-80.9482043,44.5837721]}},{"type":"Feature","properties":{"address_id":"address_19cee4af1dc196a0a230","label":"354 12th Street West","association_status":"probable_sourced","structure_id":"structure_8befb22ed77ae94542e8","nearest_sourced_footprint_m":12.3,"review_reason":"Sourced roof is beyond the high-confidence distance threshold"},"geometry":{"type":"Point","coordinates":[-80.9496638,44.5712725]}},{"type":"Feature","properties":{"address_id":"address_384d15cfc5c662a535c8","label":"398 10th Street West","association_status":"probable_sourced","structure_id":"structure_8696aa5c56383d5fb9b4","nearest_sourced_footprint_m":29.3,"review_reason":"Sourced roof is beyond the high-confidence distance threshold"},"geometry":{"type":"Point","coordinates":[-80.9493289,44.5671153]}},{"type":"Feature","properties":{"address_id":"address_36971d313bf61e3c304e","label":"398 11th Street East","association_status":"probable_sourced","structure_id":"structure_e481bbd9a45353794315","nearest_sourced_footprint_m":13.4,"review_reason":"Sourced roof is beyond the high-confidence distance threshold"},"geometry":{"type":"Point","coordinates":[-80.9389671,44.5693734]}},{"type":"Feature","properties":{"address_id":"address_65a7cdc58d6bed6f2409","label":"398 12th Street West","association_status":"probable_sourced","structure_id":"structure_66c6c82729b0904e601c","nearest_sourced_footprint_m":23.4,"review_reason":"Sourced roof is beyond the high-confidence distance threshold"},"geometry":{"type":"Point","coordinates":[-80.9502794,44.5711994]}},{"type":"Feature","properties":{"address_id":"address_9e4d411c8c34d70a6191","label":"398 12th Street West","association_status":"probable_sourced","structure_id":"structure_fa907a7934b4fd3cfb32","nearest_sourced_footprint_m":14.8,"review_reason":"Sourced roof is beyond the high-confidence distance threshold"},"geometry":{"type":"Point","coordinates":[-80.9492979,44.5713142]}},{"type":"Feature","properties":{"address_id":"address_e52d3365caeb27ce1ff3","label":"398 13th Street West","association_status":"probable_sourced","structure_id":"structure_1c50ebf096176fa72bd4","nearest_sourced_footprint_m":20.9,"review_reason":"Sourced roof is beyond the high-confidence distance threshold"},"geometry":{"type":"Point","coordinates":[-80.9504906,44.5720985]}},{"type":"Feature","properties":{"address_id":"address_0214b425244e6025f02e","label":"398 16th Street West","association_status":"probable_sourced","structure_id":"structure_b3bb1c65db381374a531","nearest_sourced_footprint_m":20.6,"review_reason":"Sourced roof is beyond the high-confidence distance threshold"},"geometry":{"type":"Point","coordinates":[-80.951069,44.5765867]}},{"type":"Feature","properties":{"address_id":"address_e7d14a65c7471ea0c797","label":"398 20th Street West","association_status":"probable_sourced","structure_id":"structure_ab817c2f327a1e6ad709","nearest_sourced_footprint_m":27.7,"review_reason":"Sourced roof is beyond the high-confidence distance threshold"},"geometry":{"type":"Point","coordinates":[-80.949441,44.5815268]}},{"type":"Feature","properties":{"address_id":"address_80b549d66c84063c4941","label":"398 21st Street West","association_status":"probable_sourced","structure_id":"structure_9712fb944d57690e064a","nearest_sourced_footprint_m":24.9,"review_reason":"Sourced roof is beyond the high-confidence distance threshold"},"geometry":{"type":"Point","coordinates":[-80.9490843,44.5827451]}},{"type":"Feature","properties":{"address_id":"address_8987df7e5e344380344d","label":"398 23rd Street West","association_status":"probable_sourced","structure_id":"structure_d089253471cdbd848b75","nearest_sourced_footprint_m":28.6,"review_reason":"Sourced roof is beyond the high-confidence distance threshold"},"geometry":{"type":"Point","coordinates":[-80.9482795,44.5851756]}},{"type":"Feature","properties":{"address_id":"address_6f7be2176b3923ec7eac","label":"398 27th Street West","association_status":"probable_sourced","structure_id":"structure_b5fe5b1096c853bf6a4e","nearest_sourced_footprint_m":19.6,"review_reason":"Sourced roof is beyond the high-confidence distance threshold"},"geometry":{"type":"Point","coordinates":[-80.9464737,44.5907721]}},{"type":"Feature","properties":{"address_id":"address_3d4bcdedb4258d5bef20","label":"398 28th Street West","association_status":"probable_sourced","structure_id":"structure_c8973fe88b3772c135f8","nearest_sourced_footprint_m":25.8,"review_reason":"Sourced roof is beyond the high-confidence distance threshold"},"geometry":{"type":"Point","coordinates":[-80.9460582,44.5920297]}},{"type":"Feature","properties":{"address_id":"address_80719939bbf2b3d31fbb","label":"398 29th Street West","association_status":"probable_sourced","structure_id":"structure_22216a67c7b2b025e82d","nearest_sourced_footprint_m":26.3,"review_reason":"Sourced roof is beyond the high-confidence distance threshold"},"geometry":{"type":"Point","coordinates":[-80.9456526,44.5932826]}},{"type":"Feature","properties":{"address_id":"address_a599e863c68430a669ab","label":"399 10th Street West","association_status":"probable_sourced","structure_id":"structure_3b87ff80278d33e07bea","nearest_sourced_footprint_m":13.8,"review_reason":"Sourced roof is beyond the high-confidence distance threshold"},"geometry":{"type":"Point","coordinates":[-80.9492673,44.5669148]}},{"type":"Feature","properties":{"address_id":"address_5b97f00143c51d410e9f","label":"399 11th Street East","association_status":"probable_sourced","structure_id":"structure_7d33c397a40067bc5de9","nearest_sourced_footprint_m":15.2,"review_reason":"Sourced roof is beyond the high-confidence distance threshold"},"geometry":{"type":"Point","coordinates":[-80.9390736,44.5692141]}},{"type":"Feature","properties":{"address_id":"address_723f8e0dddc47cf0be68","label":"399 11th Street West","association_status":"probable_sourced","structure_id":"structure_788235f7043d47d3f469","nearest_sourced_footprint_m":23.9,"review_reason":"Sourced roof is beyond the high-confidence distance threshold"},"geometry":{"type":"Point","coordinates":[-80.9497015,44.5687839]}},{"type":"Feature","properties":{"address_id":"address_aad15b7aec67597c2099","label":"399 12th Street West","association_status":"probable_sourced","structure_id":"structure_f6e1ed3ee96780ce82e6","nearest_sourced_footprint_m":20.2,"review_reason":"Sourced roof is beyond the high-confidence distance threshold"},"geometry":{"type":"Point","coordinates":[-80.9502381,44.5710254]}},{"type":"Feature","properties":{"address_id":"address_a8737cdb43af3d21686d","label":"399 13th Street West","association_status":"probable_sourced","structure_id":"structure_fdfaf5b63f0845fa017f","nearest_sourced_footprint_m":16.3,"review_reason":"Sourced roof is beyond the high-confidence distance threshold"},"geometry":{"type":"Point","coordinates":[-80.9504511,44.5719243]}},{"type":"Feature","properties":{"address_id":"address_f622ad6ffc3271b9ef3e","label":"399 17th Street West","association_status":"probable_sourced","structure_id":"structure_4148a45a72e302a00297","nearest_sourced_footprint_m":15.9,"review_reason":"Sourced roof is beyond the high-confidence distance threshold"},"geometry":{"type":"Point","coordinates":[-80.9507002,44.5776468]}},{"type":"Feature","properties":{"address_id":"address_518a68fd8a9f47c2e528","label":"399 18th Street West","association_status":"probable_sourced","structure_id":"structure_a96a776bf1c0f4105d59","nearest_sourced_footprint_m":15.1,"review_reason":"Sourced roof is beyond the high-confidence distance threshold"},"geometry":{"type":"Point","coordinates":[-80.950328,44.5788852]}},{"type":"Feature","properties":{"address_id":"address_34ba72e7aa8bffb765c5","label":"399 19th Street West","association_status":"probable_sourced","structure_id":"structure_559e9f3a088d81871bec","nearest_sourced_footprint_m":29.2,"review_reason":"Sourced roof is beyond the high-confidence distance threshold"},"geometry":{"type":"Point","coordinates":[-80.9499036,44.5801107]}},{"type":"Feature","properties":{"address_id":"address_76768acc0bf523198740","label":"399 20th Street West","association_status":"probable_sourced","structure_id":"structure_31491225adbc89b3c7b4","nearest_sourced_footprint_m":22.8,"review_reason":"Sourced roof is beyond the high-confidence distance threshold"},"geometry":{"type":"Point","coordinates":[-80.9494968,44.5813548]}},{"type":"Feature","properties":{"address_id":"address_e385c1ead8277c418592","label":"399 21st Street West","association_status":"probable_sourced","structure_id":"structure_7dee3a38c3a693c3b50a","nearest_sourced_footprint_m":19.8,"review_reason":"Sourced roof is beyond the high-confidence distance threshold"},"geometry":{"type":"Point","coordinates":[-80.9491184,44.5825801]}},{"type":"Feature","properties":{"address_id":"address_621ff77ba6b9a00cc622","label":"399 28th Street West","association_status":"probable_sourced","structure_id":"structure_de4469e3686b777c24b8","nearest_sourced_footprint_m":15.8,"review_reason":"Sourced roof is beyond the high-confidence distance threshold"},"geometry":{"type":"Point","coordinates":[-80.9461144,44.5918578]}},{"type":"Feature","properties":{"address_id":"address_5240934fa317673cca1f","label":"399 29th Street West","association_status":"probable_sourced","structure_id":"structure_a81f168c1fc9c6f09fa8","nearest_sourced_footprint_m":23.3,"review_reason":"Sourced roof is beyond the high-confidence distance threshold"},"geometry":{"type":"Point","coordinates":[-80.9457088,44.5931107]}},{"type":"Feature","properties":{"address_id":"address_21792ed65ee68126c376","label":"399 8th Street West","association_status":"probable_sourced","structure_id":"structure_c3f8f56c5c1451ad0edf","nearest_sourced_footprint_m":29.7,"review_reason":"Sourced roof is beyond the high-confidence distance threshold"},"geometry":{"type":"Point","coordinates":[-80.9479057,44.5632492]}},{"type":"Feature","properties":{"address_id":"address_a3866087ade4e47beb41","label":"400 10th Street West","association_status":"probable_sourced","structure_id":"structure_e4b5d18f15d68831fd53","nearest_sourced_footprint_m":27.9,"review_reason":"Sourced roof is beyond the high-confidence distance threshold"},"geometry":{"type":"Point","coordinates":[-80.9496961,44.5670801]}},{"type":"Feature","properties":{"address_id":"address_bfe146674d01d5e10df2","label":"400 11th Street A West","association_status":"probable_sourced","structure_id":"structure_7aed47b46a1dfa6274f1","nearest_sourced_footprint_m":18.8,"review_reason":"Sourced roof is beyond the high-confidence distance threshold"},"geometry":{"type":"Point","coordinates":[-80.9502928,44.569621]}},{"type":"Feature","properties":{"address_id":"address_f524a827f32d57789cf1","label":"400 11th Street East","association_status":"probable_sourced","structure_id":"structure_5894a224fa0f94d58dd6","nearest_sourced_footprint_m":23.2,"review_reason":"Sourced roof is beyond the high-confidence distance threshold"},"geometry":{"type":"Point","coordinates":[-80.938666,44.5692573]}},{"type":"Feature","properties":{"address_id":"address_1d57c64f17ca4e517211","label":"400 11th Street West","association_status":"probable_sourced","structure_id":"structure_b3af201dad567477520f","nearest_sourced_footprint_m":18,"review_reason":"Sourced roof is beyond the high-confidence distance threshold"},"geometry":{"type":"Point","coordinates":[-80.9501331,44.5688871]}},{"type":"Feature","properties":{"address_id":"address_1f3de5d55e8dfcb4c695","label":"400 13th Street A West","association_status":"probable_sourced","structure_id":"structure_d5c8748294e048d738e7","nearest_sourced_footprint_m":12.4,"review_reason":"Sourced roof is beyond the high-confidence distance threshold"},"geometry":{"type":"Point","coordinates":[-80.9510877,44.5731045]}},{"type":"Feature","properties":{"address_id":"address_f27aa1893dba00b9df4a","label":"400 13th Street West","association_status":"probable_sourced","structure_id":"structure_067bc2f2b16c4bfc1fdf","nearest_sourced_footprint_m":22.3,"review_reason":"Sourced roof is beyond the high-confidence distance threshold"},"geometry":{"type":"Point","coordinates":[-80.9508567,44.5720577]}},{"type":"Feature","properties":{"address_id":"address_1b2833804d53ebdd4d99","label":"400 15th Street West","association_status":"probable_sourced","structure_id":"structure_50de3c2769518ab5be1e","nearest_sourced_footprint_m":21.1,"review_reason":"Sourced roof is beyond the high-confidence distance threshold"},"geometry":{"type":"Point","coordinates":[-80.9520303,44.5748793]}},{"type":"Feature","properties":{"address_id":"address_7bb243694b30fda29e4f","label":"400 16th Street West","association_status":"probable_sourced","structure_id":"structure_2b86c840db4c69e1c560","nearest_sourced_footprint_m":24.6,"review_reason":"Sourced roof is beyond the high-confidence distance threshold"},"geometry":{"type":"Point","coordinates":[-80.9514298,44.5766469]}},{"type":"Feature","properties":{"address_id":"address_376d9305a0dd79313da4","label":"400 20th Street West","association_status":"probable_sourced","structure_id":"structure_bdccd5f4525ae21f1c23","nearest_sourced_footprint_m":20.5,"review_reason":"Sourced roof is beyond the high-confidence distance threshold"},"geometry":{"type":"Point","coordinates":[-80.9498021,44.5815862]}},{"type":"Feature","properties":{"address_id":"address_4ccd19149e11ba3c3f46","label":"400 21st Street West","association_status":"probable_sourced","structure_id":"structure_3b28d2074f3306cc638f","nearest_sourced_footprint_m":21.4,"review_reason":"Sourced roof is beyond the high-confidence distance threshold"},"geometry":{"type":"Point","coordinates":[-80.9494442,44.5828081]}},{"type":"Feature","properties":{"address_id":"address_3e64cecbd3b03da855bf","label":"400 27th Street West","association_status":"probable_sourced","structure_id":"structure_7fcbe57f310e27bdc6bc","nearest_sourced_footprint_m":26.3,"review_reason":"Sourced roof is beyond the high-confidence distance threshold"},"geometry":{"type":"Point","coordinates":[-80.9468349,44.5908312]}},{"type":"Feature","properties":{"address_id":"address_f8c6b763a41196f04896","label":"400 28th Street West","association_status":"probable_sourced","structure_id":"structure_246a9e5a82a2ee301e5b","nearest_sourced_footprint_m":28,"review_reason":"Sourced roof is beyond the high-confidence distance threshold"},"geometry":{"type":"Point","coordinates":[-80.9464186,44.5920915]}},{"type":"Feature","properties":{"address_id":"address_aecc2289f249fd66d929","label":"400 29th Street West","association_status":"probable_sourced","structure_id":"structure_3726e379cf3ec9446a56","nearest_sourced_footprint_m":19.6,"review_reason":"Sourced roof is beyond the high-confidence distance threshold"},"geometry":{"type":"Point","coordinates":[-80.9460141,44.593341]}},{"type":"Feature","properties":{"address_id":"address_5fa48e913b2947f1deda","label":"400 8th Street East","association_status":"probable_sourced","structure_id":"structure_af3e708e76556906b150","nearest_sourced_footprint_m":20.9,"review_reason":"Sourced roof is beyond the high-confidence distance threshold"},"geometry":{"type":"Point","coordinates":[-80.9385485,44.5644772]}},{"type":"Feature","properties":{"address_id":"address_f0addecea00725361ac8","label":"400 8th Street West","association_status":"probable_sourced","structure_id":"structure_33ccc880c019029b7d35","nearest_sourced_footprint_m":12.5,"review_reason":"Sourced roof is beyond the high-confidence distance threshold"},"geometry":{"type":"Point","coordinates":[-80.9489011,44.5631996]}},{"type":"Feature","properties":{"address_id":"address_35c0d07bfd57a43cea47","label":"401 10th Street West","association_status":"probable_sourced","structure_id":"structure_696ca633f727a77c3e4c","nearest_sourced_footprint_m":13.7,"review_reason":"Sourced roof is beyond the high-confidence distance threshold"},"geometry":{"type":"Point","coordinates":[-80.9496062,44.5669202]}},{"type":"Feature","properties":{"address_id":"address_a474b81a2853bf1c0374","label":"401 12th Street West","association_status":"probable_sourced","structure_id":"structure_669c2ff1f9e6743ffa41","nearest_sourced_footprint_m":13.3,"review_reason":"Sourced roof is beyond the high-confidence distance threshold"},"geometry":{"type":"Point","coordinates":[-80.9506037,44.5709823]}},{"type":"Feature","properties":{"address_id":"address_9b8a922e36fd7808080c","label":"401 14th Street West","association_status":"probable_sourced","structure_id":"structure_814486c1f50ebe83ae4d","nearest_sourced_footprint_m":28.2,"review_reason":"Sourced roof is beyond the high-confidence distance threshold"},"geometry":{"type":"Point","coordinates":[-80.951236,44.5739634]}},{"type":"Feature","properties":{"address_id":"address_d10a8a286ccef4fb341a","label":"401 16th Street West","association_status":"probable_sourced","structure_id":"structure_aeb13cd6f4bb9b338da7","nearest_sourced_footprint_m":17.9,"review_reason":"Sourced roof is beyond the high-confidence distance threshold"},"geometry":{"type":"Point","coordinates":[-80.9515441,44.5764845]}},{"type":"Feature","properties":{"address_id":"address_ddb87749a5f8bd200474","label":"401 18th Street West","association_status":"probable_sourced","structure_id":"structure_b5771a45e0fd7516eb8d","nearest_sourced_footprint_m":24.9,"review_reason":"Sourced roof is beyond the high-confidence distance threshold"},"geometry":{"type":"Point","coordinates":[-80.9506879,44.5789483]}},{"type":"Feature","properties":{"address_id":"address_e2177f902092e89925e0","label":"401 19th Street West","association_status":"probable_sourced","structure_id":"structure_1360e78aa832f346e19c","nearest_sourced_footprint_m":28.6,"review_reason":"Sourced roof is beyond the high-confidence distance threshold"},"geometry":{"type":"Point","coordinates":[-80.9502646,44.5801702]}},{"type":"Feature","properties":{"address_id":"address_26c0084601ae211aafd4","label":"401 20th Street West","association_status":"probable_sourced","structure_id":"structure_5b088cc8eb9370d18ad6","nearest_sourced_footprint_m":23.4,"review_reason":"Sourced roof is beyond the high-confidence distance threshold"},"geometry":{"type":"Point","coordinates":[-80.9498579,44.5814142]}},{"type":"Feature","properties":{"address_id":"address_dff7b01e5abddf2bb878","label":"401 21st Street West","association_status":"probable_sourced","structure_id":"structure_8d9f9ebd66c850fe9d43","nearest_sourced_footprint_m":26.4,"review_reason":"Sourced roof is beyond the high-confidence distance threshold"},"geometry":{"type":"Point","coordinates":[-80.9494783,44.5826432]}},{"type":"Feature","properties":{"address_id":"address_79c40b9084f798487b8c","label":"401 24th Street West","association_status":"probable_sourced","structure_id":"structure_94c9677545fe459d08d8","nearest_sourced_footprint_m":21.9,"review_reason":"Sourced roof is beyond the high-confidence distance threshold"},"geometry":{"type":"Point","coordinates":[-80.9480672,44.5869425]}},{"type":"Feature","properties":{"address_id":"address_bf814033436ec7fa409c","label":"401 8th Street East","association_status":"probable_sourced","structure_id":"structure_3c98db7b013c755312e4","nearest_sourced_footprint_m":14.6,"review_reason":"Sourced roof is beyond the high-confidence distance threshold"},"geometry":{"type":"Point","coordinates":[-80.9385089,44.5643029]}},{"type":"Feature","properties":{"address_id":"address_15f276383e02f5a73e0f","label":"401 8th Street West","association_status":"probable_sourced","structure_id":"structure_89ef96744fe04c87a088","nearest_sourced_footprint_m":22.3,"review_reason":"Sourced roof is beyond the high-confidence distance threshold"},"geometry":{"type":"Point","coordinates":[-80.9487349,44.5631327]}},{"type":"Feature","properties":{"address_id":"address_3856b5011db4ebe0ef3e","label":"448 14th Street West","association_status":"probable_sourced","structure_id":"structure_13f4baaff8cd31081429","nearest_sourced_footprint_m":16.2,"review_reason":"Sourced roof is beyond the high-confidence distance threshold"},"geometry":{"type":"Point","coordinates":[-80.9526784,44.5740039]}},{"type":"Feature","properties":{"address_id":"address_a915ea3988d05280762f","label":"450 14th Street West","association_status":"probable_sourced","structure_id":"structure_9130ed4e67bf76e25ee3","nearest_sourced_footprint_m":25,"review_reason":"Sourced roof is beyond the high-confidence distance threshold"},"geometry":{"type":"Point","coordinates":[-80.9528885,44.574002]}},{"type":"Feature","properties":{"address_id":"address_8bb348599460136e8d66","label":"451 14th Street West","association_status":"probable_sourced","structure_id":"structure_e1fa883a0421ae35a40f","nearest_sourced_footprint_m":15.5,"review_reason":"Sourced roof is beyond the high-confidence distance threshold"},"geometry":{"type":"Point","coordinates":[-80.953197,44.5738286]}},{"type":"Feature","properties":{"address_id":"address_c62bc9bf953be2767915","label":"454 8th Street West","association_status":"probable_sourced","structure_id":"structure_b309beb4395780ed7555","nearest_sourced_footprint_m":14.9,"review_reason":"Sourced roof is beyond the high-confidence distance threshold"},"geometry":{"type":"Point","coordinates":[-80.9494785,44.5631393]}},{"type":"Feature","properties":{"address_id":"address_d2141b7fc0ba3d4aa917","label":"456 8th Street West","association_status":"probable_sourced","structure_id":"structure_671b9a88e334e8908f74","nearest_sourced_footprint_m":15.8,"review_reason":"Sourced roof is beyond the high-confidence distance threshold"},"geometry":{"type":"Point","coordinates":[-80.9498449,44.5631004]}},{"type":"Feature","properties":{"address_id":"address_fd025fa2bd7c93d513a0","label":"498 11th Street B West","association_status":"probable_sourced","structure_id":"structure_d8449b8152ca78604105","nearest_sourced_footprint_m":14.9,"review_reason":"Sourced roof is beyond the high-confidence distance threshold"},"geometry":{"type":"Point","coordinates":[-80.9523193,44.5702328]}},{"type":"Feature","properties":{"address_id":"address_b54ccb59f2cad85cc1dc","label":"498 11th Street West","association_status":"probable_sourced","structure_id":"structure_1ab5010cd157f98139f7","nearest_sourced_footprint_m":26,"review_reason":"Sourced roof is beyond the high-confidence distance threshold"},"geometry":{"type":"Point","coordinates":[-80.9506003,44.5688371]}},{"type":"Feature","properties":{"address_id":"address_6ac08cc53500a9a95474","label":"498 16th Street West","association_status":"probable_sourced","structure_id":"structure_c82b15ab24f8dc008e39","nearest_sourced_footprint_m":23.1,"review_reason":"Sourced roof is beyond the high-confidence distance threshold"},"geometry":{"type":"Point","coordinates":[-80.9525556,44.5768315]}},{"type":"Feature","properties":{"address_id":"address_d81ba5af86d4ca55e8e1","label":"498 21st Street West","association_status":"probable_sourced","structure_id":"structure_45c2b45980db011fbcb2","nearest_sourced_footprint_m":27.9,"review_reason":"Sourced roof is beyond the high-confidence distance threshold"},"geometry":{"type":"Point","coordinates":[-80.9505804,44.582986]}},{"type":"Feature","properties":{"address_id":"address_cc73479e31925a369355","label":"498 24th Street West","association_status":"probable_sourced","structure_id":"structure_ee142f23bf30665aca7d","nearest_sourced_footprint_m":16.7,"review_reason":"Sourced roof is beyond the high-confidence distance threshold"},"geometry":{"type":"Point","coordinates":[-80.9491387,44.5873807]}},{"type":"Feature","properties":{"address_id":"address_5803720c8bdf2148a755","label":"498 26th Street West","association_status":"probable_sourced","structure_id":"structure_2c88cdd984380aaa60a5","nearest_sourced_footprint_m":20.5,"review_reason":"Sourced roof is beyond the high-confidence distance threshold"},"geometry":{"type":"Point","coordinates":[-80.9484374,44.5898475]}},{"type":"Feature","properties":{"address_id":"address_74b7fc16e80f3175ed08","label":"498 28th Street West","association_status":"probable_sourced","structure_id":"structure_246a9e5a82a2ee301e5b","nearest_sourced_footprint_m":21.9,"review_reason":"Sourced roof is beyond the high-confidence distance threshold"},"geometry":{"type":"Point","coordinates":[-80.9476638,44.5923031]}},{"type":"Feature","properties":{"address_id":"address_27a992580529f4d3e846","label":"499 11th Street West","association_status":"probable_sourced","structure_id":"structure_f15c9a8de58810beb3e6","nearest_sourced_footprint_m":27.7,"review_reason":"Sourced roof is beyond the high-confidence distance threshold"},"geometry":{"type":"Point","coordinates":[-80.9505733,44.5687032]}},{"type":"Feature","properties":{"address_id":"address_e42c3235bb9234be185b","label":"499 12th Street West","association_status":"probable_sourced","structure_id":"structure_830a457609d743960137","nearest_sourced_footprint_m":20.9,"review_reason":"Sourced roof is beyond the high-confidence distance threshold"},"geometry":{"type":"Point","coordinates":[-80.9524701,44.5707999]}},{"type":"Feature","properties":{"address_id":"address_91be59773664625b689e","label":"499 15th Street West","association_status":"probable_sourced","structure_id":"structure_e779dc5e6899b432cdf0","nearest_sourced_footprint_m":29.3,"review_reason":"Sourced roof is beyond the high-confidence distance threshold"},"geometry":{"type":"Point","coordinates":[-80.9534028,44.5743762]}},{"type":"Feature","properties":{"address_id":"address_58b84dddcb62ea6e7e27","label":"499 18th Street West","association_status":"probable_sourced","structure_id":"structure_782317bf2bfc668b51ab","nearest_sourced_footprint_m":25.4,"review_reason":"Sourced roof is beyond the high-confidence distance threshold"},"geometry":{"type":"Point","coordinates":[-80.9518262,44.5791472]}},{"type":"Feature","properties":{"address_id":"address_edc2c0aa3ba287f79d68","label":"499 20th Street West","association_status":"probable_sourced","structure_id":"structure_5ba3dab7448e1337bc72","nearest_sourced_footprint_m":15.9,"review_reason":"Sourced roof is beyond the high-confidence distance threshold"},"geometry":{"type":"Point","coordinates":[-80.9511025,44.5816183]}},{"type":"Feature","properties":{"address_id":"address_b323164576b284178556","label":"499 21st Street West","association_status":"probable_sourced","structure_id":"structure_da8968f8cf8fa7f49d88","nearest_sourced_footprint_m":23.3,"review_reason":"Sourced roof is beyond the high-confidence distance threshold"},"geometry":{"type":"Point","coordinates":[-80.9506145,44.5828211]}},{"type":"Feature","properties":{"address_id":"address_163c2c43ecabdfc00eaa","label":"499 24th Street West","association_status":"probable_sourced","structure_id":"structure_a10bf9d710015704fb3b","nearest_sourced_footprint_m":18.9,"review_reason":"Sourced roof is beyond the high-confidence distance threshold"},"geometry":{"type":"Point","coordinates":[-80.9493379,44.5871625]}},{"type":"Feature","properties":{"address_id":"address_74365acd4a601b34ffc0","label":"499 26th Street West","association_status":"probable_sourced","structure_id":"structure_188840b8b5063976cdd2","nearest_sourced_footprint_m":23.7,"review_reason":"Sourced roof is beyond the high-confidence distance threshold"},"geometry":{"type":"Point","coordinates":[-80.948455,44.5896971]}},{"type":"Feature","properties":{"address_id":"address_4ace1886bfc9f49b13bb","label":"499 28th Street West","association_status":"probable_sourced","structure_id":"structure_d1cf12be0a0f270dcfc8","nearest_sourced_footprint_m":20.3,"review_reason":"Sourced roof is beyond the high-confidence distance threshold"},"geometry":{"type":"Point","coordinates":[-80.9476007,44.5921109]}},{"type":"Feature","properties":{"address_id":"address_42f6e3f499524351f61c","label":"499 8th Street West","association_status":"probable_sourced","structure_id":"structure_8f0f41e12aac157d55f0","nearest_sourced_footprint_m":27.4,"review_reason":"Sourced roof is beyond the high-confidence distance threshold"},"geometry":{"type":"Point","coordinates":[-80.9505692,44.5629205]}},{"type":"Feature","properties":{"address_id":"address_fb3e76ebf3e72cb55eef","label":"500 10th Street A West","association_status":"probable_sourced","structure_id":"structure_935bbc634032f79d5b07","nearest_sourced_footprint_m":24.4,"review_reason":"Sourced roof is beyond the high-confidence distance threshold"},"geometry":{"type":"Point","coordinates":[-80.9514989,44.5675343]}},{"type":"Feature","properties":{"address_id":"address_8a717d6f384deea5c8a2","label":"500 12th Street West","association_status":"probable_sourced","structure_id":"structure_846be0d91d815dd9a35b","nearest_sourced_footprint_m":13,"review_reason":"Sourced roof is beyond the high-confidence distance threshold"},"geometry":{"type":"Point","coordinates":[-80.9528019,44.5710042]}},{"type":"Feature","properties":{"address_id":"address_52951e541c1f5ec0bc28","label":"500 13th Street West","association_status":"probable_sourced","structure_id":"structure_45cc0129239b707f54f9","nearest_sourced_footprint_m":19,"review_reason":"Sourced roof is beyond the high-confidence distance threshold"},"geometry":{"type":"Point","coordinates":[-80.9531238,44.5718583]}},{"type":"Feature","properties":{"address_id":"address_7224915beb88980af3ae","label":"500 15th Street West","association_status":"probable_sourced","structure_id":"structure_0ace89999d43cb22d1f3","nearest_sourced_footprint_m":20.8,"review_reason":"Sourced roof is beyond the high-confidence distance threshold"},"geometry":{"type":"Point","coordinates":[-80.9536029,44.5745704]}},{"type":"Feature","properties":{"address_id":"address_54a7e042db0c9feed74e","label":"500 16th Street West","association_status":"probable_sourced","structure_id":"structure_5b30565d1d8fff42de49","nearest_sourced_footprint_m":21,"review_reason":"Sourced roof is beyond the high-confidence distance threshold"},"geometry":{"type":"Point","coordinates":[-80.9528869,44.5768612]}},{"type":"Feature","properties":{"address_id":"address_85a4621134e0f4ddc321","label":"500 17th Street West","association_status":"probable_sourced","structure_id":"structure_cf5c83e090c72d080610","nearest_sourced_footprint_m":26.3,"review_reason":"Sourced roof is beyond the high-confidence distance threshold"},"geometry":{"type":"Point","coordinates":[-80.9525588,44.5779505]}},{"type":"Feature","properties":{"address_id":"address_d91dda4b7404bb29fc26","label":"500 20th Street West","association_status":"probable_sourced","structure_id":"structure_e5f9200318ba5b760b26","nearest_sourced_footprint_m":19.1,"review_reason":"Sourced roof is beyond the high-confidence distance threshold"},"geometry":{"type":"Point","coordinates":[-80.9512786,44.5818173]}},{"type":"Feature","properties":{"address_id":"address_6ed10c6c45f7aa69d3b1","label":"500 21st Street West","association_status":"probable_sourced","structure_id":"structure_58db6d638589abcf769a","nearest_sourced_footprint_m":24.8,"review_reason":"Sourced roof is beyond the high-confidence distance threshold"},"geometry":{"type":"Point","coordinates":[-80.9509426,44.5830421]}},{"type":"Feature","properties":{"address_id":"address_2b333e333296cc419e78","label":"500 22nd Street West","association_status":"probable_sourced","structure_id":"structure_a9406b50a7299fb53188","nearest_sourced_footprint_m":21,"review_reason":"Sourced roof is beyond the high-confidence distance threshold"},"geometry":{"type":"Point","coordinates":[-80.9505599,44.5842257]}},{"type":"Feature","properties":{"address_id":"address_9b3989180fb774e103db","label":"500 24th Street West","association_status":"probable_sourced","structure_id":"structure_25b15bb12d80b683ad47","nearest_sourced_footprint_m":26.4,"review_reason":"Sourced roof is beyond the high-confidence distance threshold"},"geometry":{"type":"Point","coordinates":[-80.9494778,44.5874723]}},{"type":"Feature","properties":{"address_id":"address_5c88789eba76202737b9","label":"500 26th Street West","association_status":"probable_sourced","structure_id":"structure_a3f37e874647b378bac4","nearest_sourced_footprint_m":28.3,"review_reason":"Sourced roof is beyond the high-confidence distance threshold"},"geometry":{"type":"Point","coordinates":[-80.9486247,44.5898657]}},{"type":"Feature","properties":{"address_id":"address_896876c7bd55eca0fbec","label":"500 27th Street West","association_status":"probable_sourced","structure_id":"structure_cc089c404dafc0fee6f8","nearest_sourced_footprint_m":26.8,"review_reason":"Sourced roof is beyond the high-confidence distance threshold"},"geometry":{"type":"Point","coordinates":[-80.948332,44.591107]}},{"type":"Feature","properties":{"address_id":"address_38588b8bc9a56419766d","label":"500 8th Street West","association_status":"probable_sourced","structure_id":"structure_8caa7cfe01d4da0622a1","nearest_sourced_footprint_m":26.3,"review_reason":"Sourced roof is beyond the high-confidence distance threshold"},"geometry":{"type":"Point","coordinates":[-80.9508407,44.562992]}},{"type":"Feature","properties":{"address_id":"address_233ab3011ac8c34df0ff","label":"500 9th Street A West","association_status":"probable_sourced","structure_id":"structure_6419a8ca020bf8cc510a","nearest_sourced_footprint_m":23.6,"review_reason":"Sourced roof is beyond the high-confidence distance threshold"},"geometry":{"type":"Point","coordinates":[-80.9514638,44.5658925]}},{"type":"Feature","properties":{"address_id":"address_ee09984e8f170f108638","label":"500 9th Street West","association_status":"probable_sourced","structure_id":"structure_6ca34c8ddbcff43c30ff","nearest_sourced_footprint_m":18.9,"review_reason":"Sourced roof is beyond the high-confidence distance threshold"},"geometry":{"type":"Point","coordinates":[-80.9512475,44.5649452]}},{"type":"Feature","properties":{"address_id":"address_4cda7b4558e8e1057384","label":"501 12th Street West","association_status":"probable_sourced","structure_id":"structure_b125ecc304aa931e774c","nearest_sourced_footprint_m":20.1,"review_reason":"Sourced roof is beyond the high-confidence distance threshold"},"geometry":{"type":"Point","coordinates":[-80.952826,44.5708235]}},{"type":"Feature","properties":{"address_id":"address_ed90f4e562fd85df5674","label":"501 13th Street A West","association_status":"probable_sourced","structure_id":"structure_6f1482837ae052e79e9a","nearest_sourced_footprint_m":16.3,"review_reason":"Sourced roof is beyond the high-confidence distance threshold"},"geometry":{"type":"Point","coordinates":[-80.9544908,44.5727767]}},{"type":"Feature","properties":{"address_id":"address_edfca9053e6e95143006","label":"501 13th Street West","association_status":"probable_sourced","structure_id":"structure_27aa32d9c4ac64ed0425","nearest_sourced_footprint_m":17.6,"review_reason":"Sourced roof is beyond the high-confidence distance threshold"},"geometry":{"type":"Point","coordinates":[-80.9530483,44.571726]}},{"type":"Feature","properties":{"address_id":"address_66690f708a77d9ff2521","label":"501 19th Street West","association_status":"probable_sourced","structure_id":"structure_728c6ad4185e5a46098a","nearest_sourced_footprint_m":29.5,"review_reason":"Sourced roof is beyond the high-confidence distance threshold"},"geometry":{"type":"Point","coordinates":[-80.9516787,44.5804175]}},{"type":"Feature","properties":{"address_id":"address_dbac74a69f69a5e05cbb","label":"501 21st Street West","association_status":"probable_sourced","structure_id":"structure_6ce98630a7e6477a6a24","nearest_sourced_footprint_m":26.9,"review_reason":"Sourced roof is beyond the high-confidence distance threshold"},"geometry":{"type":"Point","coordinates":[-80.9509766,44.5828772]}},{"type":"Feature","properties":{"address_id":"address_3de78df37441d332db43","label":"501 22nd Street West","association_status":"probable_sourced","structure_id":"structure_04f7af55558b3fee8fa3","nearest_sourced_footprint_m":24.1,"review_reason":"Sourced roof is beyond the high-confidence distance threshold"},"geometry":{"type":"Point","coordinates":[-80.9505498,44.5841152]}},{"type":"Feature","properties":{"address_id":"address_3add48fd1f33b6cb3b94","label":"501 23rd Street West","association_status":"probable_sourced","structure_id":"structure_b09ff7baaf3b98877098","nearest_sourced_footprint_m":13.7,"review_reason":"Sourced roof is beyond the high-confidence distance threshold"},"geometry":{"type":"Point","coordinates":[-80.950012,44.5860463]}},{"type":"Feature","properties":{"address_id":"address_cc1b08bda7af7de71b86","label":"501 24th Street West","association_status":"probable_sourced","structure_id":"structure_a740a295fabf6453d1bc","nearest_sourced_footprint_m":28.7,"review_reason":"Sourced roof is beyond the high-confidence distance threshold"},"geometry":{"type":"Point","coordinates":[-80.9494581,44.5871829]}},{"type":"Feature","properties":{"address_id":"address_50734649b0b3806e024e","label":"501 28th Street West","association_status":"probable_sourced","structure_id":"structure_cc089c404dafc0fee6f8","nearest_sourced_footprint_m":17.2,"review_reason":"Sourced roof is beyond the high-confidence distance threshold"},"geometry":{"type":"Point","coordinates":[-80.9479612,44.5921725]}},{"type":"Feature","properties":{"address_id":"address_67b88deec5fbcc30d334","label":"501 8th Street West","association_status":"probable_sourced","structure_id":"structure_8811dfbb44245651fd01","nearest_sourced_footprint_m":18.8,"review_reason":"Sourced roof is beyond the high-confidence distance threshold"},"geometry":{"type":"Point","coordinates":[-80.9506803,44.5629102]}},{"type":"Feature","properties":{"address_id":"address_6cf43ea14df2637f9766","label":"501 9th Street West","association_status":"probable_sourced","structure_id":"structure_07f431ab87e334a4118d","nearest_sourced_footprint_m":13.9,"review_reason":"Sourced roof is beyond the high-confidence distance threshold"},"geometry":{"type":"Point","coordinates":[-80.9512065,44.5647711]}},{"type":"Feature","properties":{"address_id":"address_c29642f992f487aeb5b6","label":"548 16th Street West","association_status":"probable_sourced","structure_id":"structure_99bd776df42c30209317","nearest_sourced_footprint_m":22.4,"review_reason":"Sourced roof is beyond the high-confidence distance threshold"},"geometry":{"type":"Point","coordinates":[-80.9534056,44.5769447]}},{"type":"Feature","properties":{"address_id":"address_b9a51a1d963321fa1859","label":"550 16th Street West","association_status":"probable_sourced","structure_id":"structure_7502f7cd1aa1b53f7162","nearest_sourced_footprint_m":26.5,"review_reason":"Sourced roof is beyond the high-confidence distance threshold"},"geometry":{"type":"Point","coordinates":[-80.9535395,44.576974]}},{"type":"Feature","properties":{"address_id":"address_ebb564c9e2d801e1be4d","label":"551 16th Street West","association_status":"probable_sourced","structure_id":"structure_984110bd8bba9b95a8f0","nearest_sourced_footprint_m":29.8,"review_reason":"Sourced roof is beyond the high-confidence distance threshold"},"geometry":{"type":"Point","coordinates":[-80.9537146,44.5768435]}},{"type":"Feature","properties":{"address_id":"address_40ce40c58f63b8ba433c","label":"586 14th Street West","association_status":"probable_sourced","structure_id":"structure_caf24d4fab220c3ecd52","nearest_sourced_footprint_m":28.2,"review_reason":"Sourced roof is beyond the high-confidence distance threshold"},"geometry":{"type":"Point","coordinates":[-80.9572155,44.5738677]}},{"type":"Feature","properties":{"address_id":"address_c43a10d33c3070028622","label":"598 10th Street A West","association_status":"probable_sourced","structure_id":"structure_d59388fc58b4ce2d22d9","nearest_sourced_footprint_m":20.7,"review_reason":"Sourced roof is beyond the high-confidence distance threshold"},"geometry":{"type":"Point","coordinates":[-80.9534915,44.5673201]}},{"type":"Feature","properties":{"address_id":"address_ba571eb1e4567675a68f","label":"598 11th Street A West","association_status":"probable_sourced","structure_id":"structure_39ae5b95bbcbbbf46fb7","nearest_sourced_footprint_m":22.2,"review_reason":"Sourced roof is beyond the high-confidence distance threshold"},"geometry":{"type":"Point","coordinates":[-80.9537937,44.5689285]}},{"type":"Feature","properties":{"address_id":"address_a599b8eb6a4505cbffff","label":"598 13th Street A West","association_status":"probable_sourced","structure_id":"structure_7eda0ac50bf95ab6b46c","nearest_sourced_footprint_m":19.7,"review_reason":"Sourced roof is beyond the high-confidence distance threshold"},"geometry":{"type":"Point","coordinates":[-80.9567157,44.5728346]}},{"type":"Feature","properties":{"address_id":"address_d830947e2813bea29e80","label":"598 20th Street West","association_status":"probable_sourced","structure_id":"structure_3529c19beb62d58518c0","nearest_sourced_footprint_m":27.3,"review_reason":"Sourced roof is beyond the high-confidence distance threshold"},"geometry":{"type":"Point","coordinates":[-80.9524136,44.581995]}},{"type":"Feature","properties":{"address_id":"address_02a5a8a96f7d1b1bce31","label":"598 21st Street West","association_status":"probable_sourced","structure_id":"structure_19db82d44c2e2c2eea47","nearest_sourced_footprint_m":16.9,"review_reason":"Sourced roof is beyond the high-confidence distance threshold"},"geometry":{"type":"Point","coordinates":[-80.9520519,44.583212]}},{"type":"Feature","properties":{"address_id":"address_6198e48028b5aeacb7e1","label":"598 22nd Street West","association_status":"probable_sourced","structure_id":"structure_4d3db30ee3d26d86d632","nearest_sourced_footprint_m":18.4,"review_reason":"Sourced roof is beyond the high-confidence distance threshold"},"geometry":{"type":"Point","coordinates":[-80.9516714,44.5844163]}},{"type":"Feature","properties":{"address_id":"address_906e9a46565d8c53b532","label":"598 23rd Street West","association_status":"probable_sourced","structure_id":"structure_4be5604b1ae7268c7a95","nearest_sourced_footprint_m":20.4,"review_reason":"Sourced roof is beyond the high-confidence distance threshold"},"geometry":{"type":"Point","coordinates":[-80.9511405,44.586404]}},{"type":"Feature","properties":{"address_id":"address_440b327b38b0aba8432a","label":"598 26th Street West","association_status":"probable_sourced","structure_id":"structure_857b74f26e70628d7ad3","nearest_sourced_footprint_m":14.3,"review_reason":"Sourced roof is beyond the high-confidence distance threshold"},"geometry":{"type":"Point","coordinates":[-80.9498767,44.590095]}},{"type":"Feature","properties":{"address_id":"address_38070b79b8e2b1da1172","label":"598 28th Street West","association_status":"probable_sourced","structure_id":"structure_0fce7071e19ee7217fc5","nearest_sourced_footprint_m":28.5,"review_reason":"Sourced roof is beyond the high-confidence distance threshold"},"geometry":{"type":"Point","coordinates":[-80.9490178,44.5925353]}},{"type":"Feature","properties":{"address_id":"address_2fbb3d62b8df12c860b7","label":"599 10th Street West","association_status":"probable_sourced","structure_id":"structure_5d70af33837e6dd7e5f9","nearest_sourced_footprint_m":17.8,"review_reason":"Sourced roof is beyond the high-confidence distance threshold"},"geometry":{"type":"Point","coordinates":[-80.9529327,44.5666914]}},{"type":"Feature","properties":{"address_id":"address_0f2d68c7f6161aec1ce6","label":"599 11th Street A West","association_status":"probable_sourced","structure_id":"structure_196a03d8ecb04f2de3a8","nearest_sourced_footprint_m":15.8,"review_reason":"Sourced roof is beyond the high-confidence distance threshold"},"geometry":{"type":"Point","coordinates":[-80.953757,44.5687539]}},{"type":"Feature","properties":{"address_id":"address_750992393188d3fe7304","label":"599 13th Street A West","association_status":"probable_sourced","structure_id":"structure_3ff6d42e34b2c83bdd6f","nearest_sourced_footprint_m":18.5,"review_reason":"Sourced roof is beyond the high-confidence distance threshold"},"geometry":{"type":"Point","coordinates":[-80.9566013,44.5726568]}},{"type":"Feature","properties":{"address_id":"address_5cb70c6e737860284ba5","label":"599 14th Street West","association_status":"probable_sourced","structure_id":"structure_93d7fdff6d5b9abae1b3","nearest_sourced_footprint_m":26.4,"review_reason":"Sourced roof is beyond the high-confidence distance threshold"},"geometry":{"type":"Point","coordinates":[-80.9577062,44.5736472]}},{"type":"Feature","properties":{"address_id":"address_2b071a8cf16046963043","label":"599 19th Street West","association_status":"probable_sourced","structure_id":"structure_ccd8bde104ce32183842","nearest_sourced_footprint_m":26.8,"review_reason":"Sourced roof is beyond the high-confidence distance threshold"},"geometry":{"type":"Point","coordinates":[-80.9529222,44.5806275]}},{"type":"Feature","properties":{"address_id":"address_86b7fd02072cee6c7d95","label":"599 23rd Street West","association_status":"probable_sourced","structure_id":"structure_e9c1875d56fe95967343","nearest_sourced_footprint_m":17,"review_reason":"Sourced roof is beyond the high-confidence distance threshold"},"geometry":{"type":"Point","coordinates":[-80.9510978,44.5861817]}},{"type":"Feature","properties":{"address_id":"address_c74d6422143417f771f9","label":"599 26th Street West","association_status":"probable_sourced","structure_id":"structure_c6041f738a22194d4116","nearest_sourced_footprint_m":29.1,"review_reason":"Sourced roof is beyond the high-confidence distance threshold"},"geometry":{"type":"Point","coordinates":[-80.9498871,44.5899669]}},{"type":"Feature","properties":{"address_id":"address_ca7fad343fcbe68d128b","label":"599 28th Street West","association_status":"probable_sourced","structure_id":"structure_2d418f9f9cd7b63642ef","nearest_sourced_footprint_m":21.8,"review_reason":"Sourced roof is beyond the high-confidence distance threshold"},"geometry":{"type":"Point","coordinates":[-80.9491997,44.5923849]}},{"type":"Feature","properties":{"address_id":"address_7f55bd7c8c8c9a541e95","label":"599 29th Street West","association_status":"probable_sourced","structure_id":"structure_9a4ce18b9ed829ce7285","nearest_sourced_footprint_m":13.8,"review_reason":"Sourced roof is beyond the high-confidence distance threshold"},"geometry":{"type":"Point","coordinates":[-80.9486698,44.5935893]}},{"type":"Feature","properties":{"address_id":"address_75c771dd8586b6bd4582","label":"599 8th Street West","association_status":"probable_sourced","structure_id":"structure_0df8525f25cf9d5cf712","nearest_sourced_footprint_m":28.6,"review_reason":"Sourced roof is beyond the high-confidence distance threshold"},"geometry":{"type":"Point","coordinates":[-80.9524641,44.562706]}},{"type":"Feature","properties":{"address_id":"address_6862dcbc772d0f5d2d2a","label":"600 11th Street West","association_status":"probable_sourced","structure_id":"structure_67487928bb4aadde57a2","nearest_sourced_footprint_m":23.6,"review_reason":"Sourced roof is beyond the high-confidence distance threshold"},"geometry":{"type":"Point","coordinates":[-80.9540796,44.5683992]}},{"type":"Feature","properties":{"address_id":"address_97d7e7018fd71c2602a4","label":"600 15th Street West","association_status":"probable_sourced","structure_id":"structure_1067a343796f8a1a06f2","nearest_sourced_footprint_m":25.7,"review_reason":"Sourced roof is beyond the high-confidence distance threshold"},"geometry":{"type":"Point","coordinates":[-80.9550734,44.5749999]}},{"type":"Feature","properties":{"address_id":"address_642d568d8ae346ac1220","label":"600 18th Street West","association_status":"probable_sourced","structure_id":"structure_ba1222aec3277c190fed","nearest_sourced_footprint_m":27.2,"review_reason":"Sourced roof is beyond the high-confidence distance threshold"},"geometry":{"type":"Point","coordinates":[-80.9536293,44.5795803]}},{"type":"Feature","properties":{"address_id":"address_2d83144b9529f9b0b46d","label":"600 20th Street West","association_status":"probable_sourced","structure_id":"structure_c44420822418ccc2c4e2","nearest_sourced_footprint_m":24,"review_reason":"Sourced roof is beyond the high-confidence distance threshold"},"geometry":{"type":"Point","coordinates":[-80.9527991,44.5820535]}},{"type":"Feature","properties":{"address_id":"address_eebd46f7725812396c13","label":"600 21st Street West","association_status":"probable_sourced","structure_id":"structure_93ad48a561534f87be01","nearest_sourced_footprint_m":27.7,"review_reason":"Sourced roof is beyond the high-confidence distance threshold"},"geometry":{"type":"Point","coordinates":[-80.952411,44.583277]}},{"type":"Feature","properties":{"address_id":"address_bf7a10d76a9f39fdaecf","label":"600 22nd Street West","association_status":"probable_sourced","structure_id":"structure_933dac606ebd3b428663","nearest_sourced_footprint_m":20.5,"review_reason":"Sourced roof is beyond the high-confidence distance threshold"},"geometry":{"type":"Point","coordinates":[-80.9520317,44.5844783]}},{"type":"Feature","properties":{"address_id":"address_f56d57a787007489dcca","label":"600 23rd Street West","association_status":"probable_sourced","structure_id":"structure_e9e063f8453284d6dd34","nearest_sourced_footprint_m":26.9,"review_reason":"Sourced roof is beyond the high-confidence distance threshold"},"geometry":{"type":"Point","coordinates":[-80.9512614,44.5864218]}},{"type":"Feature","properties":{"address_id":"address_3d4f5c190849beb29adc","label":"600 24th Street West","association_status":"probable_sourced","structure_id":"structure_ff8cca74d09f58901e79","nearest_sourced_footprint_m":21.9,"review_reason":"Sourced roof is beyond the high-confidence distance threshold"},"geometry":{"type":"Point","coordinates":[-80.9508895,44.5876875]}},{"type":"Feature","properties":{"address_id":"address_ac43720ae4b5b32e1796","label":"600 26th Street West","association_status":"probable_sourced","structure_id":"structure_4ef64dcdd00815bd622d","nearest_sourced_footprint_m":18.4,"review_reason":"Sourced roof is beyond the high-confidence distance threshold"},"geometry":{"type":"Point","coordinates":[-80.9500345,44.5901249]}},{"type":"Feature","properties":{"address_id":"address_4dcbd1e34d69640021ed","label":"600 8th Street West","association_status":"probable_sourced","structure_id":"structure_db4b14a16b8128cd2b96","nearest_sourced_footprint_m":13,"review_reason":"Sourced roof is beyond the high-confidence distance threshold"},"geometry":{"type":"Point","coordinates":[-80.9528426,44.5627688]}},{"type":"Feature","properties":{"address_id":"address_2258ffb3c1260b5ecb93","label":"601 11th Street West","association_status":"probable_sourced","structure_id":"structure_8271df664e71972b637f","nearest_sourced_footprint_m":16,"review_reason":"Sourced roof is beyond the high-confidence distance threshold"},"geometry":{"type":"Point","coordinates":[-80.9540431,44.5682721]}},{"type":"Feature","properties":{"address_id":"address_fff5cc46bd0537e57268","label":"601 14th Street West","association_status":"probable_sourced","structure_id":"structure_bb7ccc9dfce377ba2c27","nearest_sourced_footprint_m":19.8,"review_reason":"Sourced roof is beyond the high-confidence distance threshold"},"geometry":{"type":"Point","coordinates":[-80.9580695,44.5736468]}},{"type":"Feature","properties":{"address_id":"address_fd39377c1d8b41990479","label":"601 21st Street West","association_status":"probable_sourced","structure_id":"structure_e09d25a02bf5d7366088","nearest_sourced_footprint_m":28,"review_reason":"Sourced roof is beyond the high-confidence distance threshold"},"geometry":{"type":"Point","coordinates":[-80.9524488,44.5831126]}},{"type":"Feature","properties":{"address_id":"address_5875cc1a7658ab2e2810","label":"601 23rd Street West","association_status":"probable_sourced","structure_id":"structure_45e1f44fe46c964aaa90","nearest_sourced_footprint_m":19.4,"review_reason":"Sourced roof is beyond the high-confidence distance threshold"},"geometry":{"type":"Point","coordinates":[-80.9514607,44.5862353]}},{"type":"Feature","properties":{"address_id":"address_cc45ef0b3758457d27b9","label":"601 24th Street West","association_status":"probable_sourced","structure_id":"structure_c416715332307f9078c0","nearest_sourced_footprint_m":19.4,"review_reason":"Sourced roof is beyond the high-confidence distance threshold"},"geometry":{"type":"Point","coordinates":[-80.9509314,44.5874266]}},{"type":"Feature","properties":{"address_id":"address_3fedbf6bde0949fac879","label":"601 26th Street West","association_status":"probable_sourced","structure_id":"structure_677a42a3b69571031993","nearest_sourced_footprint_m":25.4,"review_reason":"Sourced roof is beyond the high-confidence distance threshold"},"geometry":{"type":"Point","coordinates":[-80.9501552,44.5899917]}},{"type":"Feature","properties":{"address_id":"address_fa8e41c9471eaff305f7","label":"601 8th Street West","association_status":"probable_sourced","structure_id":"structure_be5dd26254cee189ebd9","nearest_sourced_footprint_m":13.3,"review_reason":"Sourced roof is beyond the high-confidence distance threshold"},"geometry":{"type":"Point","coordinates":[-80.9528035,44.5625945]}},{"type":"Feature","properties":{"address_id":"address_8cc8452af09eda1b18b1","label":"601 Alpha Street","association_status":"probable_sourced","structure_id":"structure_c23b34939cabeca4ce6a","nearest_sourced_footprint_m":26.5,"review_reason":"Sourced roof is beyond the high-confidence distance threshold"},"geometry":{"type":"Point","coordinates":[-80.954974,44.5719595]}},{"type":"Feature","properties":{"address_id":"address_62e9b77aab1c77891e96","label":"653 14th Street West","association_status":"probable_sourced","structure_id":"structure_6a716e19ddd2a6c55dcd","nearest_sourced_footprint_m":16,"review_reason":"Sourced roof is beyond the high-confidence distance threshold"},"geometry":{"type":"Point","coordinates":[-80.9593206,44.5734962]}},{"type":"Feature","properties":{"address_id":"address_ee921dd8fc74504c850c","label":"698 16th Street West","association_status":"probable_sourced","structure_id":"structure_e268ce17e4a2d915578f","nearest_sourced_footprint_m":27.4,"review_reason":"Sourced roof is beyond the high-confidence distance threshold"},"geometry":{"type":"Point","coordinates":[-80.9555221,44.5773139]}},{"type":"Feature","properties":{"address_id":"address_ed41c642bd812c268cb1","label":"698 18th Street West","association_status":"probable_sourced","structure_id":"structure_22ddc5a8d18f4e4fa65b","nearest_sourced_footprint_m":29.5,"review_reason":"Sourced roof is beyond the high-confidence distance threshold"},"geometry":{"type":"Point","coordinates":[-80.9547339,44.5797679]}},{"type":"Feature","properties":{"address_id":"address_8d69f999e15b936e8964","label":"698 20th Street West","association_status":"probable_sourced","structure_id":"structure_95b193e4ea3868922de0","nearest_sourced_footprint_m":27.1,"review_reason":"Sourced roof is beyond the high-confidence distance threshold"},"geometry":{"type":"Point","coordinates":[-80.9539023,44.5822375]}},{"type":"Feature","properties":{"address_id":"address_ea76ba5c10834ac56d36","label":"698 21st Street West","association_status":"probable_sourced","structure_id":"structure_00af026ecf890518d1d4","nearest_sourced_footprint_m":14.8,"review_reason":"Sourced roof is beyond the high-confidence distance threshold"},"geometry":{"type":"Point","coordinates":[-80.9526858,44.5833347]}},{"type":"Feature","properties":{"address_id":"address_0c3146e3792a5a99f550","label":"698 23rd Street West","association_status":"probable_sourced","structure_id":"structure_670755c3be3b5db2d997","nearest_sourced_footprint_m":15.6,"review_reason":"Sourced roof is beyond the high-confidence distance threshold"},"geometry":{"type":"Point","coordinates":[-80.952624,44.5866535]}},{"type":"Feature","properties":{"address_id":"address_55c506a5d0b566365cf8","label":"698 8th Street West","association_status":"probable_sourced","structure_id":"structure_3d50e48d9243a0c5ea3c","nearest_sourced_footprint_m":17.4,"review_reason":"Sourced roof is beyond the high-confidence distance threshold"},"geometry":{"type":"Point","coordinates":[-80.95436,44.5626066]}},{"type":"Feature","properties":{"address_id":"address_9f1775578b7f20356179","label":"699 17th Street West","association_status":"probable_sourced","structure_id":"structure_bf81b3b6857fb9bf3877","nearest_sourced_footprint_m":18.5,"review_reason":"Sourced roof is beyond the high-confidence distance threshold"},"geometry":{"type":"Point","coordinates":[-80.9551391,44.5783634]}},{"type":"Feature","properties":{"address_id":"address_b79c6e49422dbf569c05","label":"699 20th Street West","association_status":"probable_sourced","structure_id":"structure_517cbbe0856d175c7ceb","nearest_sourced_footprint_m":14.1,"review_reason":"Sourced roof is beyond the high-confidence distance threshold"},"geometry":{"type":"Point","coordinates":[-80.954077,44.5820853]}},{"type":"Feature","properties":{"address_id":"address_1fdf3640406846c8e6ab","label":"699 21st Street West","association_status":"probable_sourced","structure_id":"structure_7c19fba2aab70c78b25c","nearest_sourced_footprint_m":25,"review_reason":"Sourced roof is beyond the high-confidence distance threshold"},"geometry":{"type":"Point","coordinates":[-80.9527336,44.5831724]}},{"type":"Feature","properties":{"address_id":"address_04db4e07be1cf478497e","label":"699 23rd Street West","association_status":"probable_sourced","structure_id":"structure_8dabd030065bf3358a06","nearest_sourced_footprint_m":20.5,"review_reason":"Sourced roof is beyond the high-confidence distance threshold"},"geometry":{"type":"Point","coordinates":[-80.9525853,44.5864265]}},{"type":"Feature","properties":{"address_id":"address_870ae948127408a44215","label":"699 9th Street West","association_status":"probable_sourced","structure_id":"structure_4a54f40d7d37d37ff98a","nearest_sourced_footprint_m":13,"review_reason":"Sourced roof is beyond the high-confidence distance threshold"},"geometry":{"type":"Point","coordinates":[-80.9547617,44.5643643]}},{"type":"Feature","properties":{"address_id":"address_b20bbf6350c07df092e3","label":"700 10th Street West","association_status":"probable_sourced","structure_id":"structure_f6b3d81addd54df514a3","nearest_sourced_footprint_m":18.6,"review_reason":"Sourced roof is beyond the high-confidence distance threshold"},"geometry":{"type":"Point","coordinates":[-80.9575858,44.5667683]}},{"type":"Feature","properties":{"address_id":"address_e774b6e749fa3ef575d2","label":"700 12th Street West","association_status":"probable_sourced","structure_id":"structure_ded7cddc14c528013d8d","nearest_sourced_footprint_m":18.4,"review_reason":"Sourced roof is beyond the high-confidence distance threshold"},"geometry":{"type":"Point","coordinates":[-80.9566105,44.5700846]}},{"type":"Feature","properties":{"address_id":"address_65b1a49db3be1d00476b","label":"700 15th Street A West","association_status":"probable_sourced","structure_id":"structure_b5c6ce18e41e1377008a","nearest_sourced_footprint_m":22.8,"review_reason":"Sourced roof is beyond the high-confidence distance threshold"},"geometry":{"type":"Point","coordinates":[-80.9562949,44.5759547]}},{"type":"Feature","properties":{"address_id":"address_4c3d393f004843eccda6","label":"700 16th Street West","association_status":"probable_sourced","structure_id":"structure_ed7f904af50e96f8b4b2","nearest_sourced_footprint_m":28,"review_reason":"Sourced roof is beyond the high-confidence distance threshold"},"geometry":{"type":"Point","coordinates":[-80.9557896,44.5773361]}},{"type":"Feature","properties":{"address_id":"address_0ff2e856c9ac4bd5d6cf","label":"700 20th Street West","association_status":"probable_sourced","structure_id":"structure_adaa09f46a0b1da0183c","nearest_sourced_footprint_m":19.1,"review_reason":"Sourced roof is beyond the high-confidence distance threshold"},"geometry":{"type":"Point","coordinates":[-80.9542646,44.5822997]}},{"type":"Feature","properties":{"address_id":"address_26833a00d055f53170fe","label":"700 4th Avenue East","association_status":"probable_sourced","structure_id":"structure_f71afc6f3cca4cd9a75a","nearest_sourced_footprint_m":16.8,"review_reason":"Sourced roof is beyond the high-confidence distance threshold"},"geometry":{"type":"Point","coordinates":[-80.9384171,44.5625648]}},{"type":"Feature","properties":{"address_id":"address_c5de5e6fb75da697aa8e","label":"700 9th Street West","association_status":"probable_sourced","structure_id":"structure_169322ae09a6880520b9","nearest_sourced_footprint_m":22.8,"review_reason":"Sourced roof is beyond the high-confidence distance threshold"},"geometry":{"type":"Point","coordinates":[-80.9550433,44.5645113]}},{"type":"Feature","properties":{"address_id":"address_83824c43eca88ae6397f","label":"701 16th Street A West","association_status":"probable_sourced","structure_id":"structure_93f2bf48521658d0e025","nearest_sourced_footprint_m":13,"review_reason":"Sourced roof is beyond the high-confidence distance threshold"},"geometry":{"type":"Point","coordinates":[-80.95643,44.578075]}},{"type":"Feature","properties":{"address_id":"address_09237bd47d00e39cba7a","label":"701 16th Street West","association_status":"probable_sourced","structure_id":"structure_c4ae2436311837b9f4e4","nearest_sourced_footprint_m":22.2,"review_reason":"Sourced roof is beyond the high-confidence distance threshold"},"geometry":{"type":"Point","coordinates":[-80.9557829,44.5771942]}},{"type":"Feature","properties":{"address_id":"address_5c5c15b3ee58d11a71a1","label":"701 19th Street West","association_status":"probable_sourced","structure_id":"structure_5b96e20dda441cfdc276","nearest_sourced_footprint_m":17.2,"review_reason":"Sourced roof is beyond the high-confidence distance threshold"},"geometry":{"type":"Point","coordinates":[-80.9547659,44.5809332]}},{"type":"Feature","properties":{"address_id":"address_1e3747c320beba3f4772","label":"701 23rd Street West","association_status":"probable_sourced","structure_id":"structure_3267b6ca7e1ea5bb99f1","nearest_sourced_footprint_m":25.9,"review_reason":"Sourced roof is beyond the high-confidence distance threshold"},"geometry":{"type":"Point","coordinates":[-80.9529459,44.5864877]}},{"type":"Feature","properties":{"address_id":"address_8303d36126382c78d720","label":"701 9th Street West","association_status":"probable_sourced","structure_id":"structure_3bf2ea22c688b13f1587","nearest_sourced_footprint_m":14.7,"review_reason":"Sourced roof is beyond the high-confidence distance threshold"},"geometry":{"type":"Point","coordinates":[-80.9551276,44.5643235]}},{"type":"Feature","properties":{"address_id":"address_7ec996b8778b086e13de","label":"793 Alpha Street","association_status":"probable_sourced","structure_id":"structure_60538254b40bda479e75","nearest_sourced_footprint_m":24.4,"review_reason":"Sourced roof is beyond the high-confidence distance threshold"},"geometry":{"type":"Point","coordinates":[-80.9574451,44.5699385]}},{"type":"Feature","properties":{"address_id":"address_5f3a5cf7634c2b459be4","label":"794 Alpha Street","association_status":"probable_sourced","structure_id":"structure_203e87b8dbf6d5cc1c58","nearest_sourced_footprint_m":27.9,"review_reason":"Sourced roof is beyond the high-confidence distance threshold"},"geometry":{"type":"Point","coordinates":[-80.9578141,44.5698517]}},{"type":"Feature","properties":{"address_id":"address_b47889a537ab432f3b96","label":"795 Alpha Street","association_status":"probable_sourced","structure_id":"structure_36044f29d462d81c66df","nearest_sourced_footprint_m":27.8,"review_reason":"Sourced roof is beyond the high-confidence distance threshold"},"geometry":{"type":"Point","coordinates":[-80.9577171,44.5697665]}},{"type":"Feature","properties":{"address_id":"address_7128a12c75442ca17af4","label":"798 10th Street West","association_status":"probable_sourced","structure_id":"structure_6843ee295ee52606fbcd","nearest_sourced_footprint_m":16.4,"review_reason":"Sourced roof is beyond the high-confidence distance threshold"},"geometry":{"type":"Point","coordinates":[-80.9594952,44.5665211]}},{"type":"Feature","properties":{"address_id":"address_6bf3e610f247f7c4443d","label":"798 12th Street West","association_status":"probable_sourced","structure_id":"structure_ee67bc623668b26167da","nearest_sourced_footprint_m":18.8,"review_reason":"Sourced roof is beyond the high-confidence distance threshold"},"geometry":{"type":"Point","coordinates":[-80.9573815,44.5698993]}},{"type":"Feature","properties":{"address_id":"address_65b801fe7bd125605b49","label":"798 16th Street West","association_status":"probable_sourced","structure_id":"structure_6c9ace54ed2f7f8268c4","nearest_sourced_footprint_m":28.2,"review_reason":"Sourced roof is beyond the high-confidence distance threshold"},"geometry":{"type":"Point","coordinates":[-80.9570409,44.577508]}},{"type":"Feature","properties":{"address_id":"address_2325acc88958a0862e65","label":"798 20th Street West","association_status":"probable_sourced","structure_id":"structure_eacb7402af9dccf32157","nearest_sourced_footprint_m":25.5,"review_reason":"Sourced roof is beyond the high-confidence distance threshold"},"geometry":{"type":"Point","coordinates":[-80.9555215,44.5825116]}},{"type":"Feature","properties":{"address_id":"address_9d6025932ec1e00f7992","label":"798 23rd Street West","association_status":"probable_sourced","structure_id":"structure_b7986caee77957c0311e","nearest_sourced_footprint_m":15.5,"review_reason":"Sourced roof is beyond the high-confidence distance threshold"},"geometry":{"type":"Point","coordinates":[-80.9539424,44.5868772]}},{"type":"Feature","properties":{"address_id":"address_3fc98ebe5be8cae40b3e","label":"798 26th Street West","association_status":"probable_sourced","structure_id":"structure_1034e827efd21fcdde8e","nearest_sourced_footprint_m":29.3,"review_reason":"Sourced roof is beyond the high-confidence distance threshold"},"geometry":{"type":"Point","coordinates":[-80.952845,44.590558]}},{"type":"Feature","properties":{"address_id":"address_490c1b395356e85fb573","label":"798 27th Street West","association_status":"probable_sourced","structure_id":"structure_cccdd93bd33a9cc40658","nearest_sourced_footprint_m":27.5,"review_reason":"Sourced roof is beyond the high-confidence distance threshold"},"geometry":{"type":"Point","coordinates":[-80.9524441,44.5917894]}},{"type":"Feature","properties":{"address_id":"address_8c80e5c41ae5851cd734","label":"798 3rd Avenue A West","association_status":"probable_sourced","structure_id":"structure_1c55ed8b1dc8e58cbe41","nearest_sourced_footprint_m":28.8,"review_reason":"Sourced roof is beyond the high-confidence distance threshold"},"geometry":{"type":"Point","coordinates":[-80.9474883,44.5632611]}},{"type":"Feature","properties":{"address_id":"address_789f02fb48ebc377fc1f","label":"798 3rd Avenue West","association_status":"probable_sourced","structure_id":"structure_bdf130c07c67de360deb","nearest_sourced_footprint_m":21.6,"review_reason":"Sourced roof is beyond the high-confidence distance threshold"},"geometry":{"type":"Point","coordinates":[-80.9468089,44.5633508]}},{"type":"Feature","properties":{"address_id":"address_dc8452719ff3717d24c8","label":"798 4th Avenue West","association_status":"probable_sourced","structure_id":"structure_5e582253db54679b7849","nearest_sourced_footprint_m":23.8,"review_reason":"Sourced roof is beyond the high-confidence distance threshold"},"geometry":{"type":"Point","coordinates":[-80.9486534,44.5631162]}},{"type":"Feature","properties":{"address_id":"address_8dd4dd6c84598f88ab66","label":"798 6th Avenue West","association_status":"probable_sourced","structure_id":"structure_7e8bc4995003ceec1b46","nearest_sourced_footprint_m":22.9,"review_reason":"Sourced roof is beyond the high-confidence distance threshold"},"geometry":{"type":"Point","coordinates":[-80.9527328,44.5625574]}},{"type":"Feature","properties":{"address_id":"address_933c2b1f665f214861b7","label":"799 11th Street West","association_status":"probable_sourced","structure_id":"structure_37d1f3516be48966a9c7","nearest_sourced_footprint_m":16.8,"review_reason":"Sourced roof is beyond the high-confidence distance threshold"},"geometry":{"type":"Point","coordinates":[-80.9575303,44.5678867]}},{"type":"Feature","properties":{"address_id":"address_3433e80966ef8cb33e73","label":"799 15th Street A West","association_status":"probable_sourced","structure_id":"structure_d71d91662448edf6ea8f","nearest_sourced_footprint_m":14.4,"review_reason":"Sourced roof is beyond the high-confidence distance threshold"},"geometry":{"type":"Point","coordinates":[-80.9570416,44.5759389]}},{"type":"Feature","properties":{"address_id":"address_b8bde79a9249f7c09668","label":"799 20th Street West","association_status":"probable_sourced","structure_id":"structure_0edd6772ed1acfd62ee8","nearest_sourced_footprint_m":24.4,"review_reason":"Sourced roof is beyond the high-confidence distance threshold"},"geometry":{"type":"Point","coordinates":[-80.9554568,44.5823193]}},{"type":"Feature","properties":{"address_id":"address_3672061eba4988609d60","label":"799 23rd Street West","association_status":"probable_sourced","structure_id":"structure_d4fea9f6023c7cb48ec9","nearest_sourced_footprint_m":24.3,"review_reason":"Sourced roof is beyond the high-confidence distance threshold"},"geometry":{"type":"Point","coordinates":[-80.9540229,44.5866704]}},{"type":"Feature","properties":{"address_id":"address_120d2a78c0ba2e11cb1c","label":"799 24th Street West","association_status":"probable_sourced","structure_id":"structure_e47035ceeae6308969cb","nearest_sourced_footprint_m":17.8,"review_reason":"Sourced roof is beyond the high-confidence distance threshold"},"geometry":{"type":"Point","coordinates":[-80.9536739,44.5878826]}},{"type":"Feature","properties":{"address_id":"address_87160d8a6ecca5abeffe","label":"799 26th Street West","association_status":"probable_sourced","structure_id":"structure_2475be84a3f77af0e521","nearest_sourced_footprint_m":28.1,"review_reason":"Sourced roof is beyond the high-confidence distance threshold"},"geometry":{"type":"Point","coordinates":[-80.9528672,44.5904545]}},{"type":"Feature","properties":{"address_id":"address_5c19931ce0e9d21f98c6","label":"799 27th Street West","association_status":"probable_sourced","structure_id":"structure_8677cd0a83e7a268fc0c","nearest_sourced_footprint_m":19.2,"review_reason":"Sourced roof is beyond the high-confidence distance threshold"},"geometry":{"type":"Point","coordinates":[-80.9525013,44.5916176]}},{"type":"Feature","properties":{"address_id":"address_5c781253ab68456422b2","label":"799 3rd Avenue East","association_status":"probable_sourced","structure_id":"structure_e34496d11e09b9adc85b","nearest_sourced_footprint_m":27.2,"review_reason":"Sourced roof is beyond the high-confidence distance threshold"},"geometry":{"type":"Point","coordinates":[-80.9403899,44.5640495]}},{"type":"Feature","properties":{"address_id":"address_8db03ef7d32748b30447","label":"799 3rd Avenue West","association_status":"probable_sourced","structure_id":"structure_69132ea8aec119e0a62f","nearest_sourced_footprint_m":19.7,"review_reason":"Sourced roof is beyond the high-confidence distance threshold"},"geometry":{"type":"Point","coordinates":[-80.9466581,44.5633564]}},{"type":"Feature","properties":{"address_id":"address_4978b087d918cc9b4104","label":"799 4th Avenue East","association_status":"probable_sourced","structure_id":"structure_82457296d0614e2f7090","nearest_sourced_footprint_m":15.5,"review_reason":"Sourced roof is beyond the high-confidence distance threshold"},"geometry":{"type":"Point","coordinates":[-80.9385601,44.5642523]}},{"type":"Feature","properties":{"address_id":"address_f86925044a1ec3b5a99a","label":"799 4th Avenue West","association_status":"probable_sourced","structure_id":"structure_3cbc5b3d85bd224b089c","nearest_sourced_footprint_m":29.5,"review_reason":"Sourced roof is beyond the high-confidence distance threshold"},"geometry":{"type":"Point","coordinates":[-80.9485657,44.5631027]}},{"type":"Feature","properties":{"address_id":"address_7ab376572b406d240aea","label":"800 10th Street West","association_status":"probable_sourced","structure_id":"structure_aec5c4dd02bff2fe372c","nearest_sourced_footprint_m":26.5,"review_reason":"Sourced roof is beyond the high-confidence distance threshold"},"geometry":{"type":"Point","coordinates":[-80.9596804,44.5664943]}},{"type":"Feature","properties":{"address_id":"address_617b7723cc2b3167f1c4","label":"800 2nd Avenue West","association_status":"probable_sourced","structure_id":"structure_725451351e8a668dcc69","nearest_sourced_footprint_m":19.7,"review_reason":"Sourced roof is beyond the high-confidence distance threshold"},"geometry":{"type":"Point","coordinates":[-80.9454136,44.5637354]}},{"type":"Feature","properties":{"address_id":"address_b153eb7f1af238ca3095","label":"800 3rd Avenue East","association_status":"probable_sourced","structure_id":"structure_d8bc5f07e2c589d55057","nearest_sourced_footprint_m":28.6,"review_reason":"Sourced roof is beyond the high-confidence distance threshold"},"geometry":{"type":"Point","coordinates":[-80.9407548,44.5642675]}},{"type":"Feature","properties":{"address_id":"address_2daa556eb7785b330db2","label":"800 3rd Avenue West","association_status":"probable_sourced","structure_id":"structure_19de55551da9be3ef370","nearest_sourced_footprint_m":19.1,"review_reason":"Sourced roof is beyond the high-confidence distance threshold"},"geometry":{"type":"Point","coordinates":[-80.9470643,44.5635359]}},{"type":"Feature","properties":{"address_id":"address_cecb6171fe12f510f739","label":"800 4th Avenue A West","association_status":"probable_sourced","structure_id":"structure_70fd4fd94b6d5dfb209f","nearest_sourced_footprint_m":18.2,"review_reason":"Sourced roof is beyond the high-confidence distance threshold"},"geometry":{"type":"Point","coordinates":[-80.9496937,44.5631773]}},{"type":"Feature","properties":{"address_id":"address_834ad0b33992aba448e9","label":"800 4th Avenue West","association_status":"probable_sourced","structure_id":"structure_d68f8a7a043df7fe238e","nearest_sourced_footprint_m":23.5,"review_reason":"Sourced roof is beyond the high-confidence distance threshold"},"geometry":{"type":"Point","coordinates":[-80.9487038,44.5632421]}},{"type":"Feature","properties":{"address_id":"address_646fa274d717722db436","label":"800 5th Avenue West","association_status":"unresolved","structure_id":null,"nearest_sourced_footprint_m":6.7,"review_reason":"No usable roof geometry was generated"},"geometry":{"type":"Point","coordinates":[-80.9507899,44.5630423]}},{"type":"Feature","properties":{"address_id":"address_e37852199fb0ffa5aebb","label":"800 6th Avenue West","association_status":"probable_sourced","structure_id":"structure_91648ab45f2804b594f7","nearest_sourced_footprint_m":24,"review_reason":"Sourced roof is beyond the high-confidence distance threshold"},"geometry":{"type":"Point","coordinates":[-80.9527914,44.5628188]}},{"type":"Feature","properties":{"address_id":"address_0edcff3519db05e89974","label":"800 Alpha Street","association_status":"probable_sourced","structure_id":"structure_0417335ded28839183bf","nearest_sourced_footprint_m":22.7,"review_reason":"Sourced roof is beyond the high-confidence distance threshold"},"geometry":{"type":"Point","coordinates":[-80.9580771,44.5696616]}},{"type":"Feature","properties":{"address_id":"address_2c5bd7c3d7a7294422b2","label":"801 10th Street West","association_status":"probable_sourced","structure_id":"structure_9720a1f214841512853e","nearest_sourced_footprint_m":18.5,"review_reason":"Sourced roof is beyond the high-confidence distance threshold"},"geometry":{"type":"Point","coordinates":[-80.9596917,44.566282]}},{"type":"Feature","properties":{"address_id":"address_5e5d5f6cf86af34ec10c","label":"801 11th Street West","association_status":"probable_sourced","structure_id":"structure_2cb2768e807ed3691a2e","nearest_sourced_footprint_m":28.3,"review_reason":"Sourced roof is beyond the high-confidence distance threshold"},"geometry":{"type":"Point","coordinates":[-80.9577809,44.5678631]}},{"type":"Feature","properties":{"address_id":"address_b74642b9e6f985520e3b","label":"801 4th Avenue A West","association_status":"probable_sourced","structure_id":"structure_36e3be22c7b016a88428","nearest_sourced_footprint_m":21.6,"review_reason":"Sourced roof is beyond the high-confidence distance threshold"},"geometry":{"type":"Point","coordinates":[-80.9495493,44.5631765]}},{"type":"Feature","properties":{"address_id":"address_efdefeeae311ba8643ff","label":"801 4th Avenue East","association_status":"probable_sourced","structure_id":"structure_e5824ba02c4361a267f5","nearest_sourced_footprint_m":27.6,"review_reason":"Sourced roof is beyond the high-confidence distance threshold"},"geometry":{"type":"Point","coordinates":[-80.9386194,44.5645137]}},{"type":"Feature","properties":{"address_id":"address_ef5ca7154bfd07114cac","label":"801 5th Avenue West","association_status":"probable_sourced","structure_id":"structure_1e5b6f7cb873e4e5dd02","nearest_sourced_footprint_m":19.9,"review_reason":"Sourced roof is beyond the high-confidence distance threshold"},"geometry":{"type":"Point","coordinates":[-80.9505458,44.5630692]}},{"type":"Feature","properties":{"address_id":"address_3777d8e99b99375121a4","label":"801 6th Avenue West","association_status":"probable_sourced","structure_id":"structure_487e8eedbc6aa13397a6","nearest_sourced_footprint_m":23.5,"review_reason":"Sourced roof is beyond the high-confidence distance threshold"},"geometry":{"type":"Point","coordinates":[-80.9525474,44.5628455]}},{"type":"Feature","properties":{"address_id":"address_f7fea3300fd5bc279e2d","label":"801 7th Avenue West","association_status":"probable_sourced","structure_id":"structure_d1bcf58f452a52158c22","nearest_sourced_footprint_m":19,"review_reason":"Sourced roof is beyond the high-confidence distance threshold"},"geometry":{"type":"Point","coordinates":[-80.9544661,44.5626093]}},{"type":"Feature","properties":{"address_id":"address_3f45d7212ee95ef42fb6","label":"801 Alpha Street","association_status":"probable_sourced","structure_id":"structure_f0ba3ebbccbbc9961079","nearest_sourced_footprint_m":29.2,"review_reason":"Sourced roof is beyond the high-confidence distance threshold"},"geometry":{"type":"Point","coordinates":[-80.9578492,44.569631]}},{"type":"Feature","properties":{"address_id":"address_483b5ae772215540a1f1","label":"851 4th Avenue West","association_status":"probable_sourced","structure_id":"structure_5197a7362e6a023225c9","nearest_sourced_footprint_m":28.5,"review_reason":"Sourced roof is beyond the high-confidence distance threshold"},"geometry":{"type":"Point","coordinates":[-80.9487166,44.5637595]}},{"type":"Feature","properties":{"address_id":"address_66c1038b930a8fe1a6de","label":"894 Alpha Street","association_status":"probable_sourced","structure_id":"structure_09634df034648ad4f8b6","nearest_sourced_footprint_m":15.3,"review_reason":"Sourced roof is beyond the high-confidence distance threshold"},"geometry":{"type":"Point","coordinates":[-80.9597042,44.5682743]}},{"type":"Feature","properties":{"address_id":"address_b88bf782c246be394fb6","label":"898 11th Street West","association_status":"probable_sourced","structure_id":"structure_3eec97c3a571c269e26c","nearest_sourced_footprint_m":21.9,"review_reason":"Sourced roof is beyond the high-confidence distance threshold"},"geometry":{"type":"Point","coordinates":[-80.9599673,44.5677265]}},{"type":"Feature","properties":{"address_id":"address_295470b9a33d1cd759a6","label":"898 1st Avenue East","association_status":"probable_sourced","structure_id":"structure_964938f0c4aa426cec76","nearest_sourced_footprint_m":28.5,"review_reason":"Sourced roof is beyond the high-confidence distance threshold"},"geometry":{"type":"Point","coordinates":[-80.9439284,44.5655095]}},{"type":"Feature","properties":{"address_id":"address_17f7ef09d34e2e8b77d7","label":"898 1st Avenue West","association_status":"probable_sourced","structure_id":"structure_ba44c67c4d43da56ca18","nearest_sourced_footprint_m":28.8,"review_reason":"Sourced roof is beyond the high-confidence distance threshold"},"geometry":{"type":"Point","coordinates":[-80.9447722,44.565471]}},{"type":"Feature","properties":{"address_id":"address_ea9f1249353a87f90119","label":"898 3rd Avenue West","association_status":"probable_sourced","structure_id":"structure_a1d0eeceda4f4daa7566","nearest_sourced_footprint_m":18,"review_reason":"Sourced roof is beyond the high-confidence distance threshold"},"geometry":{"type":"Point","coordinates":[-80.9474055,44.5651246]}},{"type":"Feature","properties":{"address_id":"address_04063b65e15c2f1e4900","label":"898 5th Avenue West","association_status":"probable_sourced","structure_id":"structure_12c3a3ca129a9bb2a4f9","nearest_sourced_footprint_m":28.3,"review_reason":"Sourced roof is beyond the high-confidence distance threshold"},"geometry":{"type":"Point","coordinates":[-80.9511353,44.5647342]}},{"type":"Feature","properties":{"address_id":"address_78df52f6dc282563efa1","label":"898 6th Avenue West","association_status":"probable_sourced","structure_id":"structure_bf9adc20b53150943b8c","nearest_sourced_footprint_m":23,"review_reason":"Sourced roof is beyond the high-confidence distance threshold"},"geometry":{"type":"Point","coordinates":[-80.9531539,44.5645016]}},{"type":"Feature","properties":{"address_id":"address_ecce2aba0364bc5ae09f","label":"898 7th Avenue West","association_status":"probable_sourced","structure_id":"structure_13b060db3b1ad452b575","nearest_sourced_footprint_m":26.1,"review_reason":"Sourced roof is beyond the high-confidence distance threshold"},"geometry":{"type":"Point","coordinates":[-80.9550573,44.5642866]}},{"type":"Feature","properties":{"address_id":"address_98cdb1d30776de3d3827","label":"898 Alpha Street","association_status":"probable_sourced","structure_id":"structure_a66a0d3bcc3863aeccc9","nearest_sourced_footprint_m":19.2,"review_reason":"Sourced roof is beyond the high-confidence distance threshold"},"geometry":{"type":"Point","coordinates":[-80.9603262,44.567729]}},{"type":"Feature","properties":{"address_id":"address_8926f7bb39fabdb584e4","label":"899 10th Street West","association_status":"probable_sourced","structure_id":"structure_92c4dbd1939fdc082411","nearest_sourced_footprint_m":23.4,"review_reason":"Sourced roof is beyond the high-confidence distance threshold"},"geometry":{"type":"Point","coordinates":[-80.9619525,44.5658754]}},{"type":"Feature","properties":{"address_id":"address_5db775dceaf9a78cb48b","label":"899 1st Avenue East","association_status":"probable_sourced","structure_id":"structure_f206485a049e7e6e0bd7","nearest_sourced_footprint_m":28.5,"review_reason":"Sourced roof is beyond the high-confidence distance threshold"},"geometry":{"type":"Point","coordinates":[-80.943665,44.5655215]}},{"type":"Feature","properties":{"address_id":"address_edd8323c8de621a26185","label":"899 3rd Avenue West","association_status":"probable_sourced","structure_id":"structure_40dd7c3899e6d8ae4693","nearest_sourced_footprint_m":19.1,"review_reason":"Sourced roof is beyond the high-confidence distance threshold"},"geometry":{"type":"Point","coordinates":[-80.947245,44.5652555]}},{"type":"Feature","properties":{"address_id":"address_55f5cc90dd4c3ec4a841","label":"899 4th Avenue East","association_status":"probable_sourced","structure_id":"structure_5afa7dcf971cc168e7af","nearest_sourced_footprint_m":21.3,"review_reason":"Sourced roof is beyond the high-confidence distance threshold"},"geometry":{"type":"Point","coordinates":[-80.9390152,44.5661499]}},{"type":"Feature","properties":{"address_id":"address_3ddb5764bbf111572023","label":"899 6th Avenue West","association_status":"probable_sourced","structure_id":"structure_583f7583ccb80f0dce8c","nearest_sourced_footprint_m":29.1,"review_reason":"Sourced roof is beyond the high-confidence distance threshold"},"geometry":{"type":"Point","coordinates":[-80.9529099,44.5645286]}},{"type":"Feature","properties":{"address_id":"address_76426f2ee7c2aaf4404b","label":"899 Alpha Street","association_status":"probable_sourced","structure_id":"structure_46b2c672a989a922b008","nearest_sourced_footprint_m":29.5,"review_reason":"Sourced roof is beyond the high-confidence distance threshold"},"geometry":{"type":"Point","coordinates":[-80.9599907,44.5677838]}},{"type":"Feature","properties":{"address_id":"address_93ca839e4b7c6bd3dc70","label":"900 2nd Avenue West","association_status":"probable_sourced","structure_id":"structure_49dbbe7ae0522bbd9a52","nearest_sourced_footprint_m":21.4,"review_reason":"Sourced roof is beyond the high-confidence distance threshold"},"geometry":{"type":"Point","coordinates":[-80.9458259,44.5655611]}},{"type":"Feature","properties":{"address_id":"address_a77af5f2ac6af53b3e73","label":"900 6th Avenue West","association_status":"probable_sourced","structure_id":"structure_d02c3971ade79ccb0bb0","nearest_sourced_footprint_m":19.2,"review_reason":"Sourced roof is beyond the high-confidence distance threshold"},"geometry":{"type":"Point","coordinates":[-80.9532113,44.5647632]}},{"type":"Feature","properties":{"address_id":"address_018eb874725fc8275f31","label":"900 7th Avenue West","association_status":"probable_sourced","structure_id":"structure_ec527316e585696ef92a","nearest_sourced_footprint_m":29,"review_reason":"Sourced roof is beyond the high-confidence distance threshold"},"geometry":{"type":"Point","coordinates":[-80.9574154,44.5659201]}},{"type":"Feature","properties":{"address_id":"address_c5f0ce10bb853250f30c","label":"900 8th Avenue West","association_status":"probable_sourced","structure_id":"structure_0566ba846bfcdea0bb6e","nearest_sourced_footprint_m":16.4,"review_reason":"Sourced roof is beyond the high-confidence distance threshold"},"geometry":{"type":"Point","coordinates":[-80.9591866,44.564094]}},{"type":"Feature","properties":{"address_id":"address_389d10ddff813686d685","label":"901 1st Avenue West","association_status":"probable_sourced","structure_id":"structure_ba44c67c4d43da56ca18","nearest_sourced_footprint_m":19.4,"review_reason":"Sourced roof is beyond the high-confidence distance threshold"},"geometry":{"type":"Point","coordinates":[-80.9445947,44.5656795]}},{"type":"Feature","properties":{"address_id":"address_9fc67e2ccd679ac352d2","label":"901 2nd Avenue West","association_status":"probable_sourced","structure_id":"structure_f45b50f22fe14e1af907","nearest_sourced_footprint_m":16.9,"review_reason":"Sourced roof is beyond the high-confidence distance threshold"},"geometry":{"type":"Point","coordinates":[-80.9456318,44.5656457]}},{"type":"Feature","properties":{"address_id":"address_fe6376cf0646f6bcb554","label":"901 3rd Avenue West","association_status":"probable_sourced","structure_id":"structure_cd04b5730e3689e88296","nearest_sourced_footprint_m":29.8,"review_reason":"Sourced roof is beyond the high-confidence distance threshold"},"geometry":{"type":"Point","coordinates":[-80.9473396,44.5654433]}},{"type":"Feature","properties":{"address_id":"address_cd7d5f4bfb90cec0501a","label":"901 4th Avenue East","association_status":"probable_sourced","structure_id":"structure_6475a33fcdc0e96addc1","nearest_sourced_footprint_m":22.4,"review_reason":"Sourced roof is beyond the high-confidence distance threshold"},"geometry":{"type":"Point","coordinates":[-80.9390588,44.5663864]}},{"type":"Feature","properties":{"address_id":"address_d2a13dd64118385d36c2","label":"901 4th Avenue West","association_status":"probable_sourced","structure_id":"structure_c167bc5c7e0e20b0f7bc","nearest_sourced_footprint_m":28.7,"review_reason":"Sourced roof is beyond the high-confidence distance threshold"},"geometry":{"type":"Point","coordinates":[-80.9490015,44.5653017]}},{"type":"Feature","properties":{"address_id":"address_72656fb90a292fca7243","label":"901 6th Avenue West","association_status":"probable_sourced","structure_id":"structure_586e03f6d5c6287eca60","nearest_sourced_footprint_m":26.3,"review_reason":"Sourced roof is beyond the high-confidence distance threshold"},"geometry":{"type":"Point","coordinates":[-80.9529673,44.5647902]}},{"type":"Feature","properties":{"address_id":"address_a506296b5611afb674d5","label":"901 8th Avenue West","association_status":"probable_sourced","structure_id":"structure_07292d6535d4c8fd01f2","nearest_sourced_footprint_m":23.4,"review_reason":"Sourced roof is beyond the high-confidence distance threshold"},"geometry":{"type":"Point","coordinates":[-80.9589458,44.5641344]}},{"type":"Feature","properties":{"address_id":"address_ecd051c8409ae00fcc4b","label":"901 Alpha Street","association_status":"probable_sourced","structure_id":"structure_a52b1730386f63dc7b2c","nearest_sourced_footprint_m":16.6,"review_reason":"Sourced roof is beyond the high-confidence distance threshold"},"geometry":{"type":"Point","coordinates":[-80.960238,44.5675777]}},{"type":"Feature","properties":{"address_id":"address_b68f5d23845ad18b58ee","label":"948 5th Avenue West","association_status":"probable_sourced","structure_id":"structure_a4f159dc4714159c7bb7","nearest_sourced_footprint_m":17.7,"review_reason":"Sourced roof is beyond the high-confidence distance threshold"},"geometry":{"type":"Point","coordinates":[-80.951352,44.5656816]}},{"type":"Feature","properties":{"address_id":"address_49ba626df51ec7b63f21","label":"948 6th Avenue West","association_status":"probable_sourced","structure_id":"structure_fa6a08966f390ba3d179","nearest_sourced_footprint_m":17.9,"review_reason":"Sourced roof is beyond the high-confidence distance threshold"},"geometry":{"type":"Point","coordinates":[-80.9533866,44.5655382]}},{"type":"Feature","properties":{"address_id":"address_33356eeff24e25ed3cfa","label":"949 5th Avenue West","association_status":"probable_sourced","structure_id":"structure_9d69659023ca284680e9","nearest_sourced_footprint_m":18.3,"review_reason":"Sourced roof is beyond the high-confidence distance threshold"},"geometry":{"type":"Point","coordinates":[-80.9511288,44.5657966]}},{"type":"Feature","properties":{"address_id":"address_9eb59bd9e09f8feb5ce5","label":"949 6th Avenue West","association_status":"probable_sourced","structure_id":"structure_c336d710a10644fc9f6d","nearest_sourced_footprint_m":12.2,"review_reason":"Sourced roof is beyond the high-confidence distance threshold"},"geometry":{"type":"Point","coordinates":[-80.9531242,44.5654789]}},{"type":"Feature","properties":{"address_id":"address_6067004ff2f3db0a977e","label":"950 5th Avenue A West","association_status":"probable_sourced","structure_id":"structure_d3b576ae9bbc3a832877","nearest_sourced_footprint_m":17.9,"review_reason":"Sourced roof is beyond the high-confidence distance threshold"},"geometry":{"type":"Point","coordinates":[-80.9521192,44.5658634]}},{"type":"Feature","properties":{"address_id":"address_1b0858e9d1972a1bd193","label":"950 5th Avenue West","association_status":"probable_sourced","structure_id":"structure_140da8156df2ca664162","nearest_sourced_footprint_m":18.6,"review_reason":"Sourced roof is beyond the high-confidence distance threshold"},"geometry":{"type":"Point","coordinates":[-80.9514128,44.5659428]}},{"type":"Feature","properties":{"address_id":"address_2a88d752b6292f1e7581","label":"950 6th Avenue West","association_status":"probable_sourced","structure_id":"structure_4c6d60aaf470fef5923e","nearest_sourced_footprint_m":28.7,"review_reason":"Sourced roof is beyond the high-confidence distance threshold"},"geometry":{"type":"Point","coordinates":[-80.9534058,44.5656254]}},{"type":"Feature","properties":{"address_id":"address_56c30eed7ae521408bcc","label":"951 5th Avenue A West","association_status":"probable_sourced","structure_id":"structure_ab90674d56b10c60dcd2","nearest_sourced_footprint_m":27.4,"review_reason":"Sourced roof is beyond the high-confidence distance threshold"},"geometry":{"type":"Point","coordinates":[-80.9518751,44.5658911]}},{"type":"Feature","properties":{"address_id":"address_657443c7734fe410f2e5","label":"951 6th Avenue West","association_status":"probable_sourced","structure_id":"structure_696b2cbaabb966992af6","nearest_sourced_footprint_m":19.5,"review_reason":"Sourced roof is beyond the high-confidence distance threshold"},"geometry":{"type":"Point","coordinates":[-80.9531818,44.5657404]}},{"type":"Feature","properties":{"address_id":"address_8261e157ffc34391938d","label":"971 9th Avenue West","association_status":"probable_sourced","structure_id":"structure_0f5c0d3e8fb1d8a21e21","nearest_sourced_footprint_m":15.2,"review_reason":"Sourced roof is beyond the high-confidence distance threshold"},"geometry":{"type":"Point","coordinates":[-80.9618881,44.565312]}},{"type":"Feature","properties":{"address_id":"address_4517f58ea07ad92b3308","label":"984 6th Avenue West","association_status":"probable_sourced","structure_id":"structure_9245ff515c50629eac70","nearest_sourced_footprint_m":21.6,"review_reason":"Sourced roof is beyond the high-confidence distance threshold"},"geometry":{"type":"Point","coordinates":[-80.953624,44.5665487]}},{"type":"Feature","properties":{"address_id":"address_316e765c6b18a13b8222","label":"99 8th Street East","association_status":"unresolved","structure_id":null,"nearest_sourced_footprint_m":29.9,"review_reason":"No usable roof geometry was generated"},"geometry":{"type":"Point","coordinates":[-80.943983,44.5636748]}},{"type":"Feature","properties":{"address_id":"address_e9704f8df7541dbec957","label":"99 8th Street West","association_status":"probable_sourced","structure_id":"structure_69e930520d9a832d57ea","nearest_sourced_footprint_m":18.8,"review_reason":"Sourced roof is beyond the high-confidence distance threshold"},"geometry":{"type":"Point","coordinates":[-80.9447391,44.5636196]}},{"type":"Feature","properties":{"address_id":"address_d7a57cd4c0f8d5e3a732","label":"99 9th Street East","association_status":"probable_sourced","structure_id":"structure_964938f0c4aa426cec76","nearest_sourced_footprint_m":26.5,"review_reason":"Sourced roof is beyond the high-confidence distance threshold"},"geometry":{"type":"Point","coordinates":[-80.9439921,44.5655266]}},{"type":"Feature","properties":{"address_id":"address_2f7b80b6123f35b3e51d","label":"998 4th Avenue West","association_status":"probable_sourced","structure_id":"structure_26a4e33dfff4dbdb1f28","nearest_sourced_footprint_m":15.4,"review_reason":"Sourced roof is beyond the high-confidence distance threshold"},"geometry":{"type":"Point","coordinates":[-80.9494972,44.5668584]}},{"type":"Feature","properties":{"address_id":"address_0821f5323b9cb2a6eb43","label":"999 1st Avenue West","association_status":"probable_sourced","structure_id":"structure_e6aa0f21e13e67f9b03e","nearest_sourced_footprint_m":25.7,"review_reason":"Sourced roof is beyond the high-confidence distance threshold"},"geometry":{"type":"Point","coordinates":[-80.9444766,44.5673169]}},{"type":"Feature","properties":{"address_id":"address_e45d1b4147176885955f","label":"999 3rd Avenue East","association_status":"probable_sourced","structure_id":"structure_0e48fbf79544fd30add0","nearest_sourced_footprint_m":25.5,"review_reason":"Sourced roof is beyond the high-confidence distance threshold"},"geometry":{"type":"Point","coordinates":[-80.9412254,44.5677963]}},{"type":"Feature","properties":{"address_id":"address_4034f8c0d5f53ebb2117","label":"999 3rd Avenue West","association_status":"probable_sourced","structure_id":"structure_b72c07b8af603666f203","nearest_sourced_footprint_m":26.8,"review_reason":"Sourced roof is beyond the high-confidence distance threshold"},"geometry":{"type":"Point","coordinates":[-80.9476756,44.5669582]}},{"type":"Feature","properties":{"address_id":"address_a0e2f840cdaed046d65b","label":"999 4th Avenue West","association_status":"probable_sourced","structure_id":"structure_bc572e8e9f3385a30257","nearest_sourced_footprint_m":14.6,"review_reason":"Sourced roof is beyond the high-confidence distance threshold"},"geometry":{"type":"Point","coordinates":[-80.9493227,44.5668044]}},{"type":"Feature","properties":{"address_id":"address_714e521ffa8b329da5ee","label":"999 7th Avenue West","association_status":"probable_sourced","structure_id":"structure_57e84af0d7f84e7a7a5b","nearest_sourced_footprint_m":27.4,"review_reason":"Sourced roof is beyond the high-confidence distance threshold"},"geometry":{"type":"Point","coordinates":[-80.9572544,44.5665381]}},{"type":"Feature","properties":{"address_id":"address_e7fea8ccd8e9247c7d50","label":"999 8th Avenue West","association_status":"probable_sourced","structure_id":"structure_57ae5c77d20111e434f1","nearest_sourced_footprint_m":21.4,"review_reason":"Sourced roof is beyond the high-confidence distance threshold"},"geometry":{"type":"Point","coordinates":[-80.9594435,44.5662515]}},{"type":"Feature","properties":{"address_id":"address_94ffa58b3ff9a72e0118","label":"598 29th Street West","association_status":"probable_sourced","structure_id":"structure_a34c97e9c0e5473f1926","nearest_sourced_footprint_m":20.7,"review_reason":"Sourced roof is beyond the high-confidence distance threshold"},"geometry":{"type":"Point","coordinates":[-80.9487392,44.5937815]}},{"type":"Feature","properties":{"address_id":"address_83976fcea50980f5d9a9","label":"2798 3rd Avenue East","association_status":"probable_sourced","structure_id":"structure_cdacf09c334ade4f4e4b","nearest_sourced_footprint_m":18.7,"review_reason":"Sourced roof is beyond the high-confidence distance threshold"},"geometry":{"type":"Point","coordinates":[-80.9239123,44.5948434]}},{"type":"Feature","properties":{"address_id":"address_5ef6b46575b7690ab9e5","label":"2799 3rd Avenue East","association_status":"probable_sourced","structure_id":"structure_948d5c3bfdbfd7da9560","nearest_sourced_footprint_m":14,"review_reason":"Sourced roof is beyond the high-confidence distance threshold"},"geometry":{"type":"Point","coordinates":[-80.9203715,44.5939176]}},{"type":"Feature","properties":{"address_id":"address_83b78c2df860084d5cc5","label":"2800 3rd Avenue East","association_status":"probable_sourced","structure_id":"structure_dbf5ab16c52334e02311","nearest_sourced_footprint_m":23.1,"review_reason":"Sourced roof is beyond the high-confidence distance threshold"},"geometry":{"type":"Point","coordinates":[-80.9239042,44.5949315]}},{"type":"Feature","properties":{"address_id":"address_f495aee1a74c069d695d","label":"359000 Grey Road 15","association_status":"probable_sourced","structure_id":"structure_b342c95881c4f0e1fbb1","nearest_sourced_footprint_m":24.1,"review_reason":"Sourced roof is beyond the high-confidence distance threshold"},"geometry":{"type":"Point","coordinates":[-80.913277,44.6083221]}},{"type":"Feature","properties":{"address_id":"address_c886d78a6ca36b0cb77a","label":"3600 3rd Avenue East","association_status":"probable_sourced","structure_id":"structure_4a4901fc1ebdfbdc5b52","nearest_sourced_footprint_m":15.7,"review_reason":"Sourced roof is beyond the high-confidence distance threshold"},"geometry":{"type":"Point","coordinates":[-80.9136551,44.6084651]}},{"type":"Feature","properties":{"address_id":"address_459727f60cc44f2b4ea8","label":"801 28th Street East","association_status":"probable_sourced","structure_id":"structure_4703508618dfe58c0cc3","nearest_sourced_footprint_m":20.3,"review_reason":"Sourced roof is beyond the high-confidence distance threshold"},"geometry":{"type":"Point","coordinates":[-80.9202483,44.5939119]}},{"type":"Feature","properties":{"address_id":"address_ccaa2e397dd4b6137fe1","label":"898 28th Street East","association_status":"probable_sourced","structure_id":"structure_b30cccda17a8b08e8e0d","nearest_sourced_footprint_m":24.9,"review_reason":"Sourced roof is beyond the high-confidence distance threshold"},"geometry":{"type":"Point","coordinates":[-80.9183854,44.5938978]}},{"type":"Feature","properties":{"address_id":"address_c23fd9c4b8e204d937ed","label":"1 Lamson Crescent","association_status":"probable_sourced","structure_id":"structure_7936a04beb011fe00944","nearest_sourced_footprint_m":16.7,"review_reason":"Sourced roof is beyond the high-confidence distance threshold"},"geometry":{"type":"Point","coordinates":[-80.9207297,44.5703022]}},{"type":"Feature","properties":{"address_id":"address_d9cd0c145aa9fd57e0c9","label":"100 18th Street East","association_status":"probable_sourced","structure_id":"structure_49b53172d137f142f823","nearest_sourced_footprint_m":29.3,"review_reason":"Sourced roof is beyond the high-confidence distance threshold"},"geometry":{"type":"Point","coordinates":[-80.9366096,44.5790766]}},{"type":"Feature","properties":{"address_id":"address_9afe8e7758f6b1b79c97","label":"1000 12th Street East","association_status":"probable_sourced","structure_id":"structure_97955c94499ada2ea63e","nearest_sourced_footprint_m":12.1,"review_reason":"Sourced roof is beyond the high-confidence distance threshold"},"geometry":{"type":"Point","coordinates":[-80.9257649,44.5714361]}},{"type":"Feature","properties":{"address_id":"address_9f596fc1c7b160c2d52e","label":"1001 10th Avenue East","association_status":"probable_sourced","structure_id":"structure_8ff53ff108108c2deca1","nearest_sourced_footprint_m":24.7,"review_reason":"Sourced roof is beyond the high-confidence distance threshold"},"geometry":{"type":"Point","coordinates":[-80.9265611,44.5697841]}},{"type":"Feature","properties":{"address_id":"address_da4f139658a3bd2647d6","label":"1001 15th Street B East","association_status":"probable_sourced","structure_id":"structure_b9140fe89a0c917a85f6","nearest_sourced_footprint_m":12.7,"review_reason":"Sourced roof is beyond the high-confidence distance threshold"},"geometry":{"type":"Point","coordinates":[-80.926088,44.5717467]}},{"type":"Feature","properties":{"address_id":"address_72272ab44dc485f29f22","label":"1001 8th Avenue East","association_status":"probable_sourced","structure_id":"structure_cce1dad8c3260722d1fc","nearest_sourced_footprint_m":27.9,"review_reason":"Sourced roof is beyond the high-confidence distance threshold"},"geometry":{"type":"Point","coordinates":[-80.9310898,44.5692835]}},{"type":"Feature","properties":{"address_id":"address_f5499c9f3f6cfda4ddab","label":"1002 9th Avenue East","association_status":"probable_sourced","structure_id":"structure_99a459ecdea27ccc8e04","nearest_sourced_footprint_m":25.3,"review_reason":"Sourced roof is beyond the high-confidence distance threshold"},"geometry":{"type":"Point","coordinates":[-80.9285615,44.5700703]}},{"type":"Feature","properties":{"address_id":"address_8171861318ca6a565896","label":"101 18th Street East","association_status":"probable_sourced","structure_id":"structure_cef5d579df39a62ea9d7","nearest_sourced_footprint_m":27.3,"review_reason":"Sourced roof is beyond the high-confidence distance threshold"},"geometry":{"type":"Point","coordinates":[-80.9367138,44.5789166]}},{"type":"Feature","properties":{"address_id":"address_158dfe6199dbd188ff6c","label":"1098 10th Street East","association_status":"probable_sourced","structure_id":"structure_78517d66cacc3fed2009","nearest_sourced_footprint_m":20.5,"review_reason":"Sourced roof is beyond the high-confidence distance threshold"},"geometry":{"type":"Point","coordinates":[-80.9239751,44.5700485]}},{"type":"Feature","properties":{"address_id":"address_066f7cc005a22a8c78e6","label":"1099 11th Street East","association_status":"probable_sourced","structure_id":"structure_1ded6a02a19ef99c1f06","nearest_sourced_footprint_m":16.8,"review_reason":"Sourced roof is beyond the high-confidence distance threshold"},"geometry":{"type":"Point","coordinates":[-80.9240147,44.5707022]}},{"type":"Feature","properties":{"address_id":"address_74e0c3bf3b8992dd9464","label":"1100 10th Street East","association_status":"probable_sourced","structure_id":"structure_fcd1eaa9c1239ace41ec","nearest_sourced_footprint_m":20.8,"review_reason":"Sourced roof is beyond the high-confidence distance threshold"},"geometry":{"type":"Point","coordinates":[-80.9238533,44.5700628]}},{"type":"Feature","properties":{"address_id":"address_9bfff40f4854d327a021","label":"1100 11th Avenue East","association_status":"probable_sourced","structure_id":"structure_982a5c3e23e489752855","nearest_sourced_footprint_m":22,"review_reason":"Sourced roof is beyond the high-confidence distance threshold"},"geometry":{"type":"Point","coordinates":[-80.9241181,44.5709137]}},{"type":"Feature","properties":{"address_id":"address_9c154442da8d4c206607","label":"1100 12th Avenue East","association_status":"probable_sourced","structure_id":"structure_3ce5008c5975d9493b41","nearest_sourced_footprint_m":19.9,"review_reason":"Sourced roof is beyond the high-confidence distance threshold"},"geometry":{"type":"Point","coordinates":[-80.9225514,44.5707578]}},{"type":"Feature","properties":{"address_id":"address_b82d16a89d328eeb75be","label":"1100 16th Avenue East","association_status":"probable_sourced","structure_id":"structure_90dc78fc10e076db2442","nearest_sourced_footprint_m":16,"review_reason":"Sourced roof is beyond the high-confidence distance threshold"},"geometry":{"type":"Point","coordinates":[-80.9155504,44.570981]}},{"type":"Feature","properties":{"address_id":"address_586e0a0f03214ae368be","label":"1100 16th Avenue East","association_status":"probable_sourced","structure_id":"structure_e351290924d7d0c47755","nearest_sourced_footprint_m":15.2,"review_reason":"Sourced roof is beyond the high-confidence distance threshold"},"geometry":{"type":"Point","coordinates":[-80.9163652,44.5742497]}},{"type":"Feature","properties":{"address_id":"address_a4bcde53f7e8d34e4330","label":"1101 10th Avenue East","association_status":"probable_sourced","structure_id":"structure_5568e4f9b7b785d4b89a","nearest_sourced_footprint_m":26.3,"review_reason":"Sourced roof is beyond the high-confidence distance threshold"},"geometry":{"type":"Point","coordinates":[-80.9262306,44.5707923]}},{"type":"Feature","properties":{"address_id":"address_333353bab7080322ea54","label":"1101 11th Avenue East","association_status":"probable_sourced","structure_id":"structure_4430ad517c7abca6d37e","nearest_sourced_footprint_m":19,"review_reason":"Sourced roof is beyond the high-confidence distance threshold"},"geometry":{"type":"Point","coordinates":[-80.9238971,44.5707264]}},{"type":"Feature","properties":{"address_id":"address_f42139a3215a8b418ba7","label":"1101 13th Avenue East","association_status":"probable_sourced","structure_id":"structure_53b1cb97925fd10bbcfd","nearest_sourced_footprint_m":16,"review_reason":"Sourced roof is beyond the high-confidence distance threshold"},"geometry":{"type":"Point","coordinates":[-80.9212621,44.5709043]}},{"type":"Feature","properties":{"address_id":"address_bbe0163ffc1a1bfe4f81","label":"1101 8th Street East","association_status":"probable_sourced","structure_id":"structure_aa6a39c5df9b0ee512f0","nearest_sourced_footprint_m":18.8,"review_reason":"Sourced roof is beyond the high-confidence distance threshold"},"geometry":{"type":"Point","coordinates":[-80.922864,44.5660277]}},{"type":"Feature","properties":{"address_id":"address_9a1325bd6515b44aac40","label":"1198 11th Avenue East","association_status":"probable_sourced","structure_id":"structure_e452fe8cfd2b3b5449ad","nearest_sourced_footprint_m":23.3,"review_reason":"Sourced roof is beyond the high-confidence distance threshold"},"geometry":{"type":"Point","coordinates":[-80.924226,44.5714273]}},{"type":"Feature","properties":{"address_id":"address_0ff3cb34cdac15c69aef","label":"1198 12th Street East","association_status":"probable_sourced","structure_id":"structure_d2a7170b2df4b8635c4f","nearest_sourced_footprint_m":17.4,"review_reason":"Sourced roof is beyond the high-confidence distance threshold"},"geometry":{"type":"Point","coordinates":[-80.9227457,44.5718134]}},{"type":"Feature","properties":{"address_id":"address_8c0b7735fe468fe3b962","label":"1199 11th Avenue East","association_status":"probable_sourced","structure_id":"structure_8d5822856b426d998f73","nearest_sourced_footprint_m":21.1,"review_reason":"Sourced roof is beyond the high-confidence distance threshold"},"geometry":{"type":"Point","coordinates":[-80.9239819,44.5714539]}},{"type":"Feature","properties":{"address_id":"address_29531568badcf373b963","label":"1199 12th Avenue East","association_status":"probable_sourced","structure_id":"structure_4427fb5f989ce8919378","nearest_sourced_footprint_m":15.2,"review_reason":"Sourced roof is beyond the high-confidence distance threshold"},"geometry":{"type":"Point","coordinates":[-80.9225385,44.5717076]}},{"type":"Feature","properties":{"address_id":"address_d802851c379a2ce2dc04","label":"1199 12th Street East","association_status":"probable_sourced","structure_id":"structure_cb41eefc1491d164bc77","nearest_sourced_footprint_m":16.5,"review_reason":"Sourced roof is beyond the high-confidence distance threshold"},"geometry":{"type":"Point","coordinates":[-80.9228315,44.5716253]}},{"type":"Feature","properties":{"address_id":"address_6f99e215d816800e3de1","label":"1200 10th Avenue East","association_status":"probable_sourced","structure_id":"structure_c1f6d8be570bf56bc908","nearest_sourced_footprint_m":16.3,"review_reason":"Sourced roof is beyond the high-confidence distance threshold"},"geometry":{"type":"Point","coordinates":[-80.9260543,44.5713463]}},{"type":"Feature","properties":{"address_id":"address_7b678b81bedfacf449bc","label":"1200 11th Street East","association_status":"probable_sourced","structure_id":"structure_60a3f09e98d2eb29345b","nearest_sourced_footprint_m":13.9,"review_reason":"Sourced roof is beyond the high-confidence distance threshold"},"geometry":{"type":"Point","coordinates":[-80.9222584,44.5708403]}},{"type":"Feature","properties":{"address_id":"address_2faaab457c69de0c74c8","label":"1200 15th Street B East","association_status":"probable_sourced","structure_id":"structure_42b2b1e7dbd4b507c78c","nearest_sourced_footprint_m":14.3,"review_reason":"Sourced roof is beyond the high-confidence distance threshold"},"geometry":{"type":"Point","coordinates":[-80.9227735,44.5726414]}},{"type":"Feature","properties":{"address_id":"address_023b9fbb3bca3ae363a6","label":"1200 16th Street East","association_status":"probable_sourced","structure_id":"structure_530b0684c4253b4b75f0","nearest_sourced_footprint_m":26.6,"review_reason":"Sourced roof is beyond the high-confidence distance threshold"},"geometry":{"type":"Point","coordinates":[-80.9232801,44.5741305]}},{"type":"Feature","properties":{"address_id":"address_853e760d7f909d944123","label":"1201 12th Avenue East","association_status":"probable_sourced","structure_id":"structure_bf0f70bbf887fce7e4a2","nearest_sourced_footprint_m":29.7,"review_reason":"Sourced roof is beyond the high-confidence distance threshold"},"geometry":{"type":"Point","coordinates":[-80.9228458,44.5726778]}},{"type":"Feature","properties":{"address_id":"address_23ee14e11f4ce68a3ae6","label":"1201 15th Street B East","association_status":"probable_sourced","structure_id":"structure_b90bbb53b06697285ad5","nearest_sourced_footprint_m":22.8,"review_reason":"Sourced roof is beyond the high-confidence distance threshold"},"geometry":{"type":"Point","coordinates":[-80.9228526,44.5724536]}},{"type":"Feature","properties":{"address_id":"address_e2d7f18d42c775342a00","label":"1254 15th Street B East","association_status":"probable_sourced","structure_id":"structure_da07effa0b4f8606b06f","nearest_sourced_footprint_m":18.5,"review_reason":"Sourced roof is beyond the high-confidence distance threshold"},"geometry":{"type":"Point","coordinates":[-80.9222654,44.5727011]}},{"type":"Feature","properties":{"address_id":"address_0fb9991e0cf2a8e79d60","label":"1255 15th Street B East","association_status":"probable_sourced","structure_id":"structure_b8933ee21d9e43803bb0","nearest_sourced_footprint_m":13.4,"review_reason":"Sourced roof is beyond the high-confidence distance threshold"},"geometry":{"type":"Point","coordinates":[-80.9222212,44.5725274]}},{"type":"Feature","properties":{"address_id":"address_7ca670d18b4e12b02d06","label":"1298 10th Street East","association_status":"probable_sourced","structure_id":"structure_1c60e1cf9426226206e0","nearest_sourced_footprint_m":26.2,"review_reason":"Sourced roof is beyond the high-confidence distance threshold"},"geometry":{"type":"Point","coordinates":[-80.9209379,44.570408]}},{"type":"Feature","properties":{"address_id":"address_b84ffefb2365f11860b6","label":"1298 15th Street B East","association_status":"probable_sourced","structure_id":"structure_9e2316fa738df891592b","nearest_sourced_footprint_m":25.5,"review_reason":"Sourced roof is beyond the high-confidence distance threshold"},"geometry":{"type":"Point","coordinates":[-80.9218973,44.5727548]}},{"type":"Feature","properties":{"address_id":"address_378946241730b9053b66","label":"1399 4th Avenue East","association_status":"probable_sourced","structure_id":"structure_67d6cf4ef71e84e7ff98","nearest_sourced_footprint_m":24,"review_reason":"Sourced roof is beyond the high-confidence distance threshold"},"geometry":{"type":"Point","coordinates":[-80.9354512,44.5743464]}},{"type":"Feature","properties":{"address_id":"address_ac0696aeefed178bd9f0","label":"1498 13th Avenue East","association_status":"probable_sourced","structure_id":"structure_090713fe903001bc7f15","nearest_sourced_footprint_m":28.1,"review_reason":"Sourced roof is beyond the high-confidence distance threshold"},"geometry":{"type":"Point","coordinates":[-80.9219022,44.5725289]}},{"type":"Feature","properties":{"address_id":"address_39c0ee1e9fc4ae9f6c99","label":"1499 13th Avenue East","association_status":"probable_sourced","structure_id":"structure_1a4741c41953b6846e41","nearest_sourced_footprint_m":13.7,"review_reason":"Sourced roof is beyond the high-confidence distance threshold"},"geometry":{"type":"Point","coordinates":[-80.9216664,44.5725523]}},{"type":"Feature","properties":{"address_id":"address_919d073f7fc42f837789","label":"1499 3rd Avenue East","association_status":"probable_sourced","structure_id":"structure_8220cf9102c03907b751","nearest_sourced_footprint_m":17.8,"review_reason":"Sourced roof is beyond the high-confidence distance threshold"},"geometry":{"type":"Point","coordinates":[-80.9364357,44.5752999]}},{"type":"Feature","properties":{"address_id":"address_2c0319c90f616918a737","label":"1499 7th Avenue East","association_status":"probable_sourced","structure_id":"structure_7a51e4b1e3cafc0b4cac","nearest_sourced_footprint_m":13.7,"review_reason":"Sourced roof is beyond the high-confidence distance threshold"},"geometry":{"type":"Point","coordinates":[-80.9318395,44.5722585]}},{"type":"Feature","properties":{"address_id":"address_eb55c0e93e5794e33c13","label":"15 Lamson Crescent","association_status":"probable_sourced","structure_id":"structure_1a86084950784565ee27","nearest_sourced_footprint_m":17.9,"review_reason":"Sourced roof is beyond the high-confidence distance threshold"},"geometry":{"type":"Point","coordinates":[-80.9203919,44.5688961]}},{"type":"Feature","properties":{"address_id":"address_8bd46748ad0208927455","label":"1500 17th Street East","association_status":"probable_sourced","structure_id":"structure_c8b236966bde3a845440","nearest_sourced_footprint_m":21.3,"review_reason":"Sourced roof is beyond the high-confidence distance threshold"},"geometry":{"type":"Point","coordinates":[-80.9173784,44.5761367]}},{"type":"Feature","properties":{"address_id":"address_b913bec906089e5f0f25","label":"1500 7th Avenue East","association_status":"probable_sourced","structure_id":"structure_5334bd9a3ee66a4e2b5a","nearest_sourced_footprint_m":19,"review_reason":"Sourced roof is beyond the high-confidence distance threshold"},"geometry":{"type":"Point","coordinates":[-80.931719,44.5725578]}},{"type":"Feature","properties":{"address_id":"address_e039b868ea7539bbe048","label":"1501 3rd Avenue East","association_status":"probable_sourced","structure_id":"structure_05b14a67b3656bb4e675","nearest_sourced_footprint_m":25.1,"review_reason":"Sourced roof is beyond the high-confidence distance threshold"},"geometry":{"type":"Point","coordinates":[-80.936274,44.575629]}},{"type":"Feature","properties":{"address_id":"address_e7f8cc0e43c971a2c7cf","label":"1501 6th Avenue East","association_status":"probable_sourced","structure_id":"structure_49e6102054c149fc1c36","nearest_sourced_footprint_m":14.3,"review_reason":"Sourced roof is beyond the high-confidence distance threshold"},"geometry":{"type":"Point","coordinates":[-80.9329131,44.5735077]}},{"type":"Feature","properties":{"address_id":"address_7a57076a22cb2ef849d5","label":"1501 8th Avenue East","association_status":"probable_sourced","structure_id":"structure_eb0030103aaf996f79d1","nearest_sourced_footprint_m":17.5,"review_reason":"Sourced roof is beyond the high-confidence distance threshold"},"geometry":{"type":"Point","coordinates":[-80.9301205,44.5713021]}},{"type":"Feature","properties":{"address_id":"address_7defe973d47a1c02ec02","label":"1529 8th Avenue East","association_status":"probable_sourced","structure_id":"structure_266e72ec4653e118047a","nearest_sourced_footprint_m":15.4,"review_reason":"Sourced roof is beyond the high-confidence distance threshold"},"geometry":{"type":"Point","coordinates":[-80.9293383,44.5721704]}},{"type":"Feature","properties":{"address_id":"address_d56e0a112a5aa5a45693","label":"1531 8th Avenue East","association_status":"probable_sourced","structure_id":"structure_8535f5429ff5fa3f8d06","nearest_sourced_footprint_m":22.1,"review_reason":"Sourced roof is beyond the high-confidence distance threshold"},"geometry":{"type":"Point","coordinates":[-80.9292375,44.5724252]}},{"type":"Feature","properties":{"address_id":"address_6356a69a4e27d3201f2b","label":"1532 8th Avenue East","association_status":"probable_sourced","structure_id":"structure_9cd75c0e127f7e05f92a","nearest_sourced_footprint_m":27.2,"review_reason":"Sourced roof is beyond the high-confidence distance threshold"},"geometry":{"type":"Point","coordinates":[-80.9295093,44.5723884]}},{"type":"Feature","properties":{"address_id":"address_1121cf9f7bf3d058dc83","label":"1598 16th Avenue East","association_status":"probable_sourced","structure_id":"structure_875825ae60e8315b349d","nearest_sourced_footprint_m":24.8,"review_reason":"Sourced roof is beyond the high-confidence distance threshold"},"geometry":{"type":"Point","coordinates":[-80.9155288,44.5708941]}},{"type":"Feature","properties":{"address_id":"address_c34bfde4f5fea8646c35","label":"1598 16th Avenue East","association_status":"probable_sourced","structure_id":"structure_5f473245fddf2a8842fa","nearest_sourced_footprint_m":26.2,"review_reason":"Sourced roof is beyond the high-confidence distance threshold"},"geometry":{"type":"Point","coordinates":[-80.9163093,44.5741786]}},{"type":"Feature","properties":{"address_id":"address_4d357ef0272a98d298d7","label":"1598 17th Street East","association_status":"probable_sourced","structure_id":"structure_54baa4585227990315f1","nearest_sourced_footprint_m":13.3,"review_reason":"Sourced roof is beyond the high-confidence distance threshold"},"geometry":{"type":"Point","coordinates":[-80.916872,44.5762161]}},{"type":"Feature","properties":{"address_id":"address_bd610b4bcbac5da2beb2","label":"1598 20th Street East","association_status":"probable_sourced","structure_id":"structure_255c60de793db6a45f0a","nearest_sourced_footprint_m":21.3,"review_reason":"Sourced roof is beyond the high-confidence distance threshold"},"geometry":{"type":"Point","coordinates":[-80.9182858,44.5818247]}},{"type":"Feature","properties":{"address_id":"address_b13b22d5179d17758b47","label":"1598 4th Avenue East","association_status":"probable_sourced","structure_id":"structure_44bbde18e1b4bb41de73","nearest_sourced_footprint_m":15,"review_reason":"Sourced roof is beyond the high-confidence distance threshold"},"geometry":{"type":"Point","coordinates":[-80.9350905,44.5756381]}},{"type":"Feature","properties":{"address_id":"address_4dca2e4cd7e90c3c3500","label":"1598 7th Avenue East","association_status":"probable_sourced","structure_id":"structure_2047f8c80a1d885f74e4","nearest_sourced_footprint_m":16.6,"review_reason":"Sourced roof is beyond the high-confidence distance threshold"},"geometry":{"type":"Point","coordinates":[-80.9304784,44.5744067]}},{"type":"Feature","properties":{"address_id":"address_ad1d001e1839bae53135","label":"1598 8th Street East","association_status":"probable_sourced","structure_id":"structure_de0426b3a69bcc810496","nearest_sourced_footprint_m":25.3,"review_reason":"Sourced roof is beyond the high-confidence distance threshold"},"geometry":{"type":"Point","coordinates":[-80.9148433,44.5672809]}},{"type":"Feature","properties":{"address_id":"address_d141c317ac940054e117","label":"1599 6th Avenue East","association_status":"probable_sourced","structure_id":"structure_f022dd05ae461cf20bdb","nearest_sourced_footprint_m":22.1,"review_reason":"Sourced roof is beyond the high-confidence distance threshold"},"geometry":{"type":"Point","coordinates":[-80.9319921,44.5747191]}},{"type":"Feature","properties":{"address_id":"address_f4e3d3a5026be60bff61","label":"1599 8th Avenue East","association_status":"probable_sourced","structure_id":"structure_28ebac1c3d56c9aef465","nearest_sourced_footprint_m":18.6,"review_reason":"Sourced roof is beyond the high-confidence distance threshold"},"geometry":{"type":"Point","coordinates":[-80.9285947,44.5740243]}},{"type":"Feature","properties":{"address_id":"address_b16c3db2352b146ad87f","label":"1600 23rd Street East","association_status":"probable_sourced","structure_id":"structure_60661be3b43a43cd7411","nearest_sourced_footprint_m":29,"review_reason":"Sourced roof is beyond the high-confidence distance threshold"},"geometry":{"type":"Point","coordinates":[-80.917491,44.5863184]}},{"type":"Feature","properties":{"address_id":"address_117fd0de78df1fba9599","label":"1600 7th Avenue East","association_status":"probable_sourced","structure_id":"structure_c47b70e3a9baf3c9814e","nearest_sourced_footprint_m":17,"review_reason":"Sourced roof is beyond the high-confidence distance threshold"},"geometry":{"type":"Point","coordinates":[-80.9303818,44.5746624]}},{"type":"Feature","properties":{"address_id":"address_ae6b54a9301dc9d5f0a0","label":"1600 8th Avenue East","association_status":"probable_sourced","structure_id":"structure_ab76a521851b43d351b0","nearest_sourced_footprint_m":19.3,"review_reason":"Sourced roof is beyond the high-confidence distance threshold"},"geometry":{"type":"Point","coordinates":[-80.9287308,44.5743275]}},{"type":"Feature","properties":{"address_id":"address_36aa706242faf47a9f29","label":"1600 9th Avenue East","association_status":"probable_sourced","structure_id":"structure_c310c04ccdedaed26740","nearest_sourced_footprint_m":20.2,"review_reason":"Sourced roof is beyond the high-confidence distance threshold"},"geometry":{"type":"Point","coordinates":[-80.927021,44.5739762]}},{"type":"Feature","properties":{"address_id":"address_b70a013e252a4a59d6cf","label":"1601 16th Street East","association_status":"probable_sourced","structure_id":"structure_756b2ca4b5de08ffcc30","nearest_sourced_footprint_m":26.9,"review_reason":"Sourced roof is beyond the high-confidence distance threshold"},"geometry":{"type":"Point","coordinates":[-80.9160747,44.5746682]}},{"type":"Feature","properties":{"address_id":"address_e0563d7cb6f1734c9617","label":"1601 23rd Street East","association_status":"probable_sourced","structure_id":"structure_5299c104e91eab915978","nearest_sourced_footprint_m":14.7,"review_reason":"Sourced roof is beyond the high-confidence distance threshold"},"geometry":{"type":"Point","coordinates":[-80.9173796,44.5861533]}},{"type":"Feature","properties":{"address_id":"address_c8203d26e422843f3cea","label":"1601 4th Avenue East","association_status":"probable_sourced","structure_id":"structure_5b4b697233800088a58f","nearest_sourced_footprint_m":14.5,"review_reason":"Sourced roof is beyond the high-confidence distance threshold"},"geometry":{"type":"Point","coordinates":[-80.9348854,44.5756638]}},{"type":"Feature","properties":{"address_id":"address_f0d608d8253ccfe3d76f","label":"1601 5th Avenue East","association_status":"probable_sourced","structure_id":"structure_f7620c9d790c3edbf4c4","nearest_sourced_footprint_m":12.9,"review_reason":"Sourced roof is beyond the high-confidence distance threshold"},"geometry":{"type":"Point","coordinates":[-80.9336171,44.5753264]}},{"type":"Feature","properties":{"address_id":"address_a3eac02e4df55b0f5a1d","label":"1601 7th Avenue East","association_status":"probable_sourced","structure_id":"structure_691c342fee1e080411b3","nearest_sourced_footprint_m":20.2,"review_reason":"Sourced roof is beyond the high-confidence distance threshold"},"geometry":{"type":"Point","coordinates":[-80.9301443,44.5746138]}},{"type":"Feature","properties":{"address_id":"address_609050f2c86b2cb07ad0","label":"1601 9th Avenue East","association_status":"probable_sourced","structure_id":"structure_803c099d532ca2e7211c","nearest_sourced_footprint_m":17.6,"review_reason":"Sourced roof is beyond the high-confidence distance threshold"},"geometry":{"type":"Point","coordinates":[-80.9267581,44.5739964]}},{"type":"Feature","properties":{"address_id":"address_7991f58e27165fc59bdc","label":"1628 16th Street East","association_status":"probable_sourced","structure_id":"structure_c810cb5aa4162ad25997","nearest_sourced_footprint_m":16.4,"review_reason":"Sourced roof is beyond the high-confidence distance threshold"},"geometry":{"type":"Point","coordinates":[-80.915847,44.5750245]}},{"type":"Feature","properties":{"address_id":"address_86c29911e0cbaeb42d93","label":"1698 5th Avenue East","association_status":"probable_sourced","structure_id":"structure_51b464737896b0f11c35","nearest_sourced_footprint_m":26.7,"review_reason":"Sourced roof is beyond the high-confidence distance threshold"},"geometry":{"type":"Point","coordinates":[-80.9332031,44.5769874]}},{"type":"Feature","properties":{"address_id":"address_73d5b8747a557dd3bb92","label":"1699 18th Avenue East","association_status":"probable_sourced","structure_id":"structure_45edaddcbc44441899ca","nearest_sourced_footprint_m":17.6,"review_reason":"Sourced roof is beyond the high-confidence distance threshold"},"geometry":{"type":"Point","coordinates":[-80.9131291,44.5764163]}},{"type":"Feature","properties":{"address_id":"address_af5276f4f68eeb6d4714","label":"1699 5th Avenue East","association_status":"probable_sourced","structure_id":"structure_63337dfa2322fc135a93","nearest_sourced_footprint_m":12.2,"review_reason":"Sourced roof is beyond the high-confidence distance threshold"},"geometry":{"type":"Point","coordinates":[-80.9329995,44.5768549]}},{"type":"Feature","properties":{"address_id":"address_5fda71479cb6bbffe901","label":"1699 6th Avenue East","association_status":"probable_sourced","structure_id":"structure_5941e2335509dbc9b3e8","nearest_sourced_footprint_m":14.8,"review_reason":"Sourced roof is beyond the high-confidence distance threshold"},"geometry":{"type":"Point","coordinates":[-80.9312972,44.576521]}},{"type":"Feature","properties":{"address_id":"address_fd93669a1470289bc534","label":"1699 7th Avenue East","association_status":"probable_sourced","structure_id":"structure_56b875f060d268d10be9","nearest_sourced_footprint_m":14.5,"review_reason":"Sourced roof is beyond the high-confidence distance threshold"},"geometry":{"type":"Point","coordinates":[-80.9295464,44.5761857]}},{"type":"Feature","properties":{"address_id":"address_76c20eb59bcea7e4412b","label":"1699 8th Avenue East","association_status":"probable_sourced","structure_id":"structure_a1866e74a12118a03e41","nearest_sourced_footprint_m":13.3,"review_reason":"Sourced roof is beyond the high-confidence distance threshold"},"geometry":{"type":"Point","coordinates":[-80.927873,44.5758527]}},{"type":"Feature","properties":{"address_id":"address_4431a8271bc90db3658d","label":"1699 9th Avenue East","association_status":"probable_sourced","structure_id":"structure_37c11a35e4e4bf5ecffc","nearest_sourced_footprint_m":13.2,"review_reason":"Sourced roof is beyond the high-confidence distance threshold"},"geometry":{"type":"Point","coordinates":[-80.9261518,44.575612]}},{"type":"Feature","properties":{"address_id":"address_f436c0c28c0c1dde9ab0","label":"1700 3rd Avenue East","association_status":"probable_sourced","structure_id":"structure_05a292ab5cb942373061","nearest_sourced_footprint_m":18.9,"review_reason":"Sourced roof is beyond the high-confidence distance threshold"},"geometry":{"type":"Point","coordinates":[-80.9358452,44.5768442]}},{"type":"Feature","properties":{"address_id":"address_5a5d0a4f08e38ddc1415","label":"1700 4th Avenue East","association_status":"probable_sourced","structure_id":"structure_4094cb08b018338956f6","nearest_sourced_footprint_m":14.2,"review_reason":"Sourced roof is beyond the high-confidence distance threshold"},"geometry":{"type":"Point","coordinates":[-80.9346876,44.576579]}},{"type":"Feature","properties":{"address_id":"address_2127582c1750f691d480","label":"1700 6th Avenue East","association_status":"probable_sourced","structure_id":"structure_9da73179b67947b36de6","nearest_sourced_footprint_m":14.2,"review_reason":"Sourced roof is beyond the high-confidence distance threshold"},"geometry":{"type":"Point","coordinates":[-80.9314376,44.5768226]}},{"type":"Feature","properties":{"address_id":"address_dadab0e928ffe789adf3","label":"1701 2nd Avenue East","association_status":"probable_sourced","structure_id":"structure_7ce818f129970c913554","nearest_sourced_footprint_m":27.8,"review_reason":"Sourced roof is beyond the high-confidence distance threshold"},"geometry":{"type":"Point","coordinates":[-80.9366801,44.5771291]}},{"type":"Feature","properties":{"address_id":"address_0d30f739802fd4cad3f5","label":"1701 4th Avenue East","association_status":"probable_sourced","structure_id":"structure_78109f4a09000a540ecb","nearest_sourced_footprint_m":18.4,"review_reason":"Sourced roof is beyond the high-confidence distance threshold"},"geometry":{"type":"Point","coordinates":[-80.9345606,44.5764335]}},{"type":"Feature","properties":{"address_id":"address_852b4aa7d80a86d416f2","label":"1701 6th Avenue East","association_status":"probable_sourced","structure_id":"structure_1aa1022029edfa4a07d3","nearest_sourced_footprint_m":18.8,"review_reason":"Sourced roof is beyond the high-confidence distance threshold"},"geometry":{"type":"Point","coordinates":[-80.9311992,44.5767764]}},{"type":"Feature","properties":{"address_id":"address_fcddc4d905bcd2b83360","label":"1701 7th Avenue East","association_status":"probable_sourced","structure_id":"structure_f709dc2cc16f46eabd81","nearest_sourced_footprint_m":18.9,"review_reason":"Sourced roof is beyond the high-confidence distance threshold"},"geometry":{"type":"Point","coordinates":[-80.929449,44.5764412]}},{"type":"Feature","properties":{"address_id":"address_417f9daf4a92143b2948","label":"1701 9th Avenue East","association_status":"probable_sourced","structure_id":"structure_a99152c67a1d1dc457d6","nearest_sourced_footprint_m":19.7,"review_reason":"Sourced roof is beyond the high-confidence distance threshold"},"geometry":{"type":"Point","coordinates":[-80.9261192,44.5756972]}},{"type":"Feature","properties":{"address_id":"address_673362d9f419effb6680","label":"1766 16th Street East","association_status":"probable_sourced","structure_id":"structure_c89fc9dc15019ef771d5","nearest_sourced_footprint_m":27.1,"review_reason":"Sourced roof is beyond the high-confidence distance threshold"},"geometry":{"type":"Point","coordinates":[-80.9138586,44.5752325]}},{"type":"Feature","properties":{"address_id":"address_8c7de9d25dceea5a8456","label":"1798 3rd Avenue East","association_status":"probable_sourced","structure_id":"structure_a524cb8ba5f9e0722114","nearest_sourced_footprint_m":29.6,"review_reason":"Sourced roof is beyond the high-confidence distance threshold"},"geometry":{"type":"Point","coordinates":[-80.9349825,44.5782979]}},{"type":"Feature","properties":{"address_id":"address_b74a78141fdd5e4a5d58","label":"1798 5th Avenue East","association_status":"probable_sourced","structure_id":"structure_1ea5c9feb756ebc4a64e","nearest_sourced_footprint_m":27.8,"review_reason":"Sourced roof is beyond the high-confidence distance threshold"},"geometry":{"type":"Point","coordinates":[-80.9324575,44.5788682]}},{"type":"Feature","properties":{"address_id":"address_0e025f613c7db24046c0","label":"1798 7th Avenue East","association_status":"probable_sourced","structure_id":"structure_ce00a667272ef63abd5c","nearest_sourced_footprint_m":15.2,"review_reason":"Sourced roof is beyond the high-confidence distance threshold"},"geometry":{"type":"Point","coordinates":[-80.9290646,44.5781139]}},{"type":"Feature","properties":{"address_id":"address_195dace92fed9ab5c5cb","label":"1799 5th Avenue East","association_status":"probable_sourced","structure_id":"structure_9fc6a260fe71cc48947b","nearest_sourced_footprint_m":27.3,"review_reason":"Sourced roof is beyond the high-confidence distance threshold"},"geometry":{"type":"Point","coordinates":[-80.9322532,44.5787361]}},{"type":"Feature","properties":{"address_id":"address_a5c9e54a0b2bdd918c6f","label":"1799 7th Avenue East","association_status":"probable_sourced","structure_id":"structure_d2d676af46e1db7d67b1","nearest_sourced_footprint_m":27.5,"review_reason":"Sourced roof is beyond the high-confidence distance threshold"},"geometry":{"type":"Point","coordinates":[-80.9288265,44.5780671]}},{"type":"Feature","properties":{"address_id":"address_ae2b4205989425f16fa5","label":"1799 9th Avenue East","association_status":"probable_sourced","structure_id":"structure_30402d6215102e8df8a0","nearest_sourced_footprint_m":21.5,"review_reason":"Sourced roof is beyond the high-confidence distance threshold"},"geometry":{"type":"Point","coordinates":[-80.9254315,44.5774843]}},{"type":"Feature","properties":{"address_id":"address_7a3a238141260bca531f","label":"1800 16th Street East","association_status":"probable_sourced","structure_id":"structure_0a15583204c4d8a48591","nearest_sourced_footprint_m":21.2,"review_reason":"Sourced roof is beyond the high-confidence distance threshold"},"geometry":{"type":"Point","coordinates":[-80.9125868,44.5753822]}},{"type":"Feature","properties":{"address_id":"address_a2b49fcdb9544b172888","label":"1800 6th Avenue East","association_status":"probable_sourced","structure_id":"structure_47b09c047aaf8b478f87","nearest_sourced_footprint_m":13.5,"review_reason":"Sourced roof is beyond the high-confidence distance threshold"},"geometry":{"type":"Point","coordinates":[-80.9307176,44.5787124]}},{"type":"Feature","properties":{"address_id":"address_9c0ba0189ce7a5ca5b4b","label":"1800 7th Avenue East","association_status":"probable_sourced","structure_id":"structure_5c9dd911c7e7fd330c7e","nearest_sourced_footprint_m":14.9,"review_reason":"Sourced roof is beyond the high-confidence distance threshold"},"geometry":{"type":"Point","coordinates":[-80.928968,44.5783696]}},{"type":"Feature","properties":{"address_id":"address_4e2250eb0204303be324","label":"1801 16th Street East","association_status":"probable_sourced","structure_id":"structure_d66ad633bad5c939dd85","nearest_sourced_footprint_m":22.1,"review_reason":"Sourced roof is beyond the high-confidence distance threshold"},"geometry":{"type":"Point","coordinates":[-80.9127683,44.5750522]}},{"type":"Feature","properties":{"address_id":"address_c5b365d0fcf4d1b734e9","label":"1801 16th Street East","association_status":"probable_sourced","structure_id":"structure_d66ad633bad5c939dd85","nearest_sourced_footprint_m":24.5,"review_reason":"Sourced roof is beyond the high-confidence distance threshold"},"geometry":{"type":"Point","coordinates":[-80.9125049,44.5751234]}},{"type":"Feature","properties":{"address_id":"address_55faddbaebfae2647570","label":"1801 3rd Avenue East","association_status":"probable_sourced","structure_id":"structure_7330702fa979f38134ed","nearest_sourced_footprint_m":15.3,"review_reason":"Sourced roof is beyond the high-confidence distance threshold"},"geometry":{"type":"Point","coordinates":[-80.9344985,44.5784305]}},{"type":"Feature","properties":{"address_id":"address_7372be40b587983ebe58","label":"1801 6th Avenue East","association_status":"probable_sourced","structure_id":"structure_89d05e536f7e7b68bd8b","nearest_sourced_footprint_m":14.8,"review_reason":"Sourced roof is beyond the high-confidence distance threshold"},"geometry":{"type":"Point","coordinates":[-80.9304793,44.5786659]}},{"type":"Feature","properties":{"address_id":"address_ed9feae8128b4558f971","label":"1837 3rd Avenue East","association_status":"probable_sourced","structure_id":"structure_e2056dc10615a95a1cfb","nearest_sourced_footprint_m":14.1,"review_reason":"Sourced roof is beyond the high-confidence distance threshold"},"geometry":{"type":"Point","coordinates":[-80.9340814,44.5791156]}},{"type":"Feature","properties":{"address_id":"address_7f1f1b1cd6ab203f7688","label":"1898 5th Avenue East","association_status":"probable_sourced","structure_id":"structure_1459cea4f98c435f3750","nearest_sourced_footprint_m":25.8,"review_reason":"Sourced roof is beyond the high-confidence distance threshold"},"geometry":{"type":"Point","coordinates":[-80.9317244,44.5807489]}},{"type":"Feature","properties":{"address_id":"address_615ed96804db8dc8fac6","label":"1898 9th Avenue East","association_status":"probable_sourced","structure_id":"structure_783dcbd9b4b96107c8e3","nearest_sourced_footprint_m":29.9,"review_reason":"Sourced roof is beyond the high-confidence distance threshold"},"geometry":{"type":"Point","coordinates":[-80.9249812,44.5793707]}},{"type":"Feature","properties":{"address_id":"address_6cfb38936eb63fedbd69","label":"1899 9th Avenue East","association_status":"probable_sourced","structure_id":"structure_59af3eeddcb86e0a02a0","nearest_sourced_footprint_m":26.8,"review_reason":"Sourced roof is beyond the high-confidence distance threshold"},"geometry":{"type":"Point","coordinates":[-80.9246886,44.5794273]}},{"type":"Feature","properties":{"address_id":"address_fe21f9520fb8ab331763","label":"1900 7th Avenue East","association_status":"probable_sourced","structure_id":"structure_6fafe89046c2f6e8de53","nearest_sourced_footprint_m":12.8,"review_reason":"Sourced roof is beyond the high-confidence distance threshold"},"geometry":{"type":"Point","coordinates":[-80.9282592,44.5802674]}},{"type":"Feature","properties":{"address_id":"address_136e026eab976f5f6b68","label":"1901 5th Avenue East","association_status":"probable_sourced","structure_id":"structure_cfa682712eb8969853dd","nearest_sourced_footprint_m":24.7,"review_reason":"Sourced roof is beyond the high-confidence distance threshold"},"geometry":{"type":"Point","coordinates":[-80.9314194,44.5808718]}},{"type":"Feature","properties":{"address_id":"address_994e044ba33c647696cf","label":"1901 6th Avenue East","association_status":"probable_sourced","structure_id":"structure_481132862cd802a54d28","nearest_sourced_footprint_m":15.9,"review_reason":"Sourced roof is beyond the high-confidence distance threshold"},"geometry":{"type":"Point","coordinates":[-80.9297586,44.580548]}},{"type":"Feature","properties":{"address_id":"address_466e53df18159440b881","label":"1901 7th Avenue East","association_status":"probable_sourced","structure_id":"structure_78418ae24389a7e341c7","nearest_sourced_footprint_m":15.9,"review_reason":"Sourced roof is beyond the high-confidence distance threshold"},"geometry":{"type":"Point","coordinates":[-80.9280204,44.5802222]}},{"type":"Feature","properties":{"address_id":"address_fec41f24678de9d274e2","label":"1901 8th Avenue East","association_status":"probable_sourced","structure_id":"structure_ba6b9aad98e290cef12c","nearest_sourced_footprint_m":14,"review_reason":"Sourced roof is beyond the high-confidence distance threshold"},"geometry":{"type":"Point","coordinates":[-80.9263194,44.5798973]}},{"type":"Feature","properties":{"address_id":"address_878c1c2a4cb9ea48f431","label":"1901 9th Avenue East","association_status":"probable_sourced","structure_id":"structure_17255b5b22f7cfd7e7d2","nearest_sourced_footprint_m":16.7,"review_reason":"Sourced roof is beyond the high-confidence distance threshold"},"geometry":{"type":"Point","coordinates":[-80.9246449,44.5795816]}},{"type":"Feature","properties":{"address_id":"address_47542d0679ca5f2517db","label":"1998 5th Avenue East","association_status":"probable_sourced","structure_id":"structure_6defda8aac8de9a9b2a8","nearest_sourced_footprint_m":27.1,"review_reason":"Sourced roof is beyond the high-confidence distance threshold"},"geometry":{"type":"Point","coordinates":[-80.930992,44.5825943]}},{"type":"Feature","properties":{"address_id":"address_f68105d796664b663f51","label":"1998 9th Avenue East","association_status":"probable_sourced","structure_id":"structure_e8fb564ea2f70adc10c6","nearest_sourced_footprint_m":22.9,"review_reason":"Sourced roof is beyond the high-confidence distance threshold"},"geometry":{"type":"Point","coordinates":[-80.9242747,44.5811988]}},{"type":"Feature","properties":{"address_id":"address_af5e47c3381876450fad","label":"1999 7th Avenue East","association_status":"probable_sourced","structure_id":"structure_b4e96357ed55bce46d99","nearest_sourced_footprint_m":12.2,"review_reason":"Sourced roof is beyond the high-confidence distance threshold"},"geometry":{"type":"Point","coordinates":[-80.927411,44.5818032]}},{"type":"Feature","properties":{"address_id":"address_7b018c8f7b3d3a6da738","label":"1999 8th Avenue East","association_status":"probable_sourced","structure_id":"structure_16a8792d77011eeeff63","nearest_sourced_footprint_m":14.2,"review_reason":"Sourced roof is beyond the high-confidence distance threshold"},"geometry":{"type":"Point","coordinates":[-80.9256994,44.5814775]}},{"type":"Feature","properties":{"address_id":"address_9f52b9361f782155da1d","label":"1999 9th Avenue East","association_status":"probable_sourced","structure_id":"structure_9debce491c36af804686","nearest_sourced_footprint_m":12.6,"review_reason":"Sourced roof is beyond the high-confidence distance threshold"},"geometry":{"type":"Point","coordinates":[-80.924032,44.5811636]}},{"type":"Feature","properties":{"address_id":"address_c000094f67e7690821b6","label":"200 17th Street East","association_status":"probable_sourced","structure_id":"structure_ddd48d2f1f921e122041","nearest_sourced_footprint_m":27.9,"review_reason":"Sourced roof is beyond the high-confidence distance threshold"},"geometry":{"type":"Point","coordinates":[-80.9366621,44.5770751]}},{"type":"Feature","properties":{"address_id":"address_54b014e8e3ff682ce492","label":"2000 5th Avenue East","association_status":"probable_sourced","structure_id":"structure_df5058dea19cd3e9502d","nearest_sourced_footprint_m":29.4,"review_reason":"Sourced roof is beyond the high-confidence distance threshold"},"geometry":{"type":"Point","coordinates":[-80.9309585,44.5826793]}},{"type":"Feature","properties":{"address_id":"address_f91f7fd7ae02cf0967a1","label":"2000 7th Avenue East","association_status":"probable_sourced","structure_id":"structure_ff9b210e0ed32d77dead","nearest_sourced_footprint_m":19.7,"review_reason":"Sourced roof is beyond the high-confidence distance threshold"},"geometry":{"type":"Point","coordinates":[-80.9275444,44.5821033]}},{"type":"Feature","properties":{"address_id":"address_cb51c1314fabb2621ed5","label":"2001 5th Avenue East","association_status":"probable_sourced","structure_id":"structure_11b2d3d9893e3d22c5cc","nearest_sourced_footprint_m":23.9,"review_reason":"Sourced roof is beyond the high-confidence distance threshold"},"geometry":{"type":"Point","coordinates":[-80.9306869,44.5827173]}},{"type":"Feature","properties":{"address_id":"address_49234cabe05547e99a61","label":"2001 6th Avenue East","association_status":"probable_sourced","structure_id":"structure_524de676564236e48d1a","nearest_sourced_footprint_m":13.7,"review_reason":"Sourced roof is beyond the high-confidence distance threshold"},"geometry":{"type":"Point","coordinates":[-80.9290514,44.582401]}},{"type":"Feature","properties":{"address_id":"address_d0a20febd110d9e4c498","label":"2001 7th Avenue East","association_status":"probable_sourced","structure_id":"structure_43d466480fa4b3d34728","nearest_sourced_footprint_m":14.6,"review_reason":"Sourced roof is beyond the high-confidence distance threshold"},"geometry":{"type":"Point","coordinates":[-80.9273058,44.5820571]}},{"type":"Feature","properties":{"address_id":"address_5ed9dc42f81ce5863c86","label":"2001 8th Avenue East","association_status":"probable_sourced","structure_id":"structure_6afcda8d4a6e320a5ae8","nearest_sourced_footprint_m":15,"review_reason":"Sourced roof is beyond the high-confidence distance threshold"},"geometry":{"type":"Point","coordinates":[-80.9255986,44.5817323]}},{"type":"Feature","properties":{"address_id":"address_fff5af44b5cf83eb14d5","label":"2001 9th Avenue East","association_status":"probable_sourced","structure_id":"structure_ea30a3e3702aa7cadbd5","nearest_sourced_footprint_m":14.3,"review_reason":"Sourced roof is beyond the high-confidence distance threshold"},"geometry":{"type":"Point","coordinates":[-80.9239343,44.5814208]}},{"type":"Feature","properties":{"address_id":"address_48ca196184b0b467b3fb","label":"2098 5th Avenue East","association_status":"probable_sourced","structure_id":"structure_81b26ab93581dbad5413","nearest_sourced_footprint_m":29.8,"review_reason":"Sourced roof is beyond the high-confidence distance threshold"},"geometry":{"type":"Point","coordinates":[-80.9297574,44.5843128]}},{"type":"Feature","properties":{"address_id":"address_7ae019846791f1701116","label":"2098 7th Avenue East","association_status":"probable_sourced","structure_id":"structure_1d1c8c91ea6e4eb941ad","nearest_sourced_footprint_m":24,"review_reason":"Sourced roof is beyond the high-confidence distance threshold"},"geometry":{"type":"Point","coordinates":[-80.9267953,44.5837949]}},{"type":"Feature","properties":{"address_id":"address_f82ed8c83eb0240cd69e","label":"2098 9th Avenue East","association_status":"probable_sourced","structure_id":"structure_328df149f81443e06bab","nearest_sourced_footprint_m":27.7,"review_reason":"Sourced roof is beyond the high-confidence distance threshold"},"geometry":{"type":"Point","coordinates":[-80.92283,44.5832813]}},{"type":"Feature","properties":{"address_id":"address_c3365c3f1b190bb238ef","label":"2099 5th Avenue East","association_status":"probable_sourced","structure_id":"structure_3bbdde670db6a67d8e36","nearest_sourced_footprint_m":15.4,"review_reason":"Sourced roof is beyond the high-confidence distance threshold"},"geometry":{"type":"Point","coordinates":[-80.9295465,44.5842209]}},{"type":"Feature","properties":{"address_id":"address_ed10f96ef1ca19dfbca1","label":"2099 6th Avenue East","association_status":"probable_sourced","structure_id":"structure_b93f1eb24845aef2e298","nearest_sourced_footprint_m":12.2,"review_reason":"Sourced roof is beyond the high-confidence distance threshold"},"geometry":{"type":"Point","coordinates":[-80.9266242,44.5855652]}},{"type":"Feature","properties":{"address_id":"address_f3bf4139202b02d813bb","label":"2099 8th Avenue East","association_status":"probable_sourced","structure_id":"structure_43dc9c1c705de9ffacdf","nearest_sourced_footprint_m":13.1,"review_reason":"Sourced roof is beyond the high-confidence distance threshold"},"geometry":{"type":"Point","coordinates":[-80.9249206,44.5834349]}},{"type":"Feature","properties":{"address_id":"address_459282d0ec885b6f2226","label":"2099 9th Avenue East","association_status":"probable_sourced","structure_id":"structure_0901007f2531d235af7f","nearest_sourced_footprint_m":23.9,"review_reason":"Sourced roof is beyond the high-confidence distance threshold"},"geometry":{"type":"Point","coordinates":[-80.9226413,44.5831668]}},{"type":"Feature","properties":{"address_id":"address_d23e21dd936403b89261","label":"2101 18th Avenue East","association_status":"probable_sourced","structure_id":"structure_cab5b386c83e4e129ad5","nearest_sourced_footprint_m":19,"review_reason":"Sourced roof is beyond the high-confidence distance threshold"},"geometry":{"type":"Point","coordinates":[-80.9132572,44.5845401]}},{"type":"Feature","properties":{"address_id":"address_ba302e32fa4c93d62fc3","label":"2101 8th Avenue East","association_status":"probable_sourced","structure_id":"structure_0e5fbeb1fe0d79e3f2fa","nearest_sourced_footprint_m":17.6,"review_reason":"Sourced roof is beyond the high-confidence distance threshold"},"geometry":{"type":"Point","coordinates":[-80.9248883,44.5835201]}},{"type":"Feature","properties":{"address_id":"address_34e6fe260ca2db5cc604","label":"2198 9th Avenue East","association_status":"probable_sourced","structure_id":"structure_a0d3e1c8a1dd977fee9f","nearest_sourced_footprint_m":19.4,"review_reason":"Sourced roof is beyond the high-confidence distance threshold"},"geometry":{"type":"Point","coordinates":[-80.9220962,44.5844066]}},{"type":"Feature","properties":{"address_id":"address_1b8dd517d6263a3b09c3","label":"22 Lamson Crescent","association_status":"probable_sourced","structure_id":"structure_eabb0d675f18c0cbcbc3","nearest_sourced_footprint_m":29,"review_reason":"Sourced roof is beyond the high-confidence distance threshold"},"geometry":{"type":"Point","coordinates":[-80.9206702,44.5689568]}},{"type":"Feature","properties":{"address_id":"address_244aebbc81dc0fe3dd94","label":"2299 9th Avenue East","association_status":"probable_sourced","structure_id":"structure_ca27f0cc80a01cc3c567","nearest_sourced_footprint_m":26.7,"review_reason":"Sourced roof is beyond the high-confidence distance threshold"},"geometry":{"type":"Point","coordinates":[-80.9211974,44.5861803]}},{"type":"Feature","properties":{"address_id":"address_97d8e41879c66e3b9629","label":"2500 9th Avenue East","association_status":"probable_sourced","structure_id":"structure_48530a026ba254c0bdaa","nearest_sourced_footprint_m":18,"review_reason":"Sourced roof is beyond the high-confidence distance threshold"},"geometry":{"type":"Point","coordinates":[-80.9203603,44.5889436]}},{"type":"Feature","properties":{"address_id":"address_1193e020b6bc5572fca5","label":"2501 8th Avenue A East","association_status":"probable_sourced","structure_id":"structure_dbd0896eba5dfd83d830","nearest_sourced_footprint_m":13.9,"review_reason":"Sourced roof is beyond the high-confidence distance threshold"},"geometry":{"type":"Point","coordinates":[-80.9210941,44.5891008]}},{"type":"Feature","properties":{"address_id":"address_9d92bd9f6e94bddc726a","label":"2549 9th Avenue East","association_status":"probable_sourced","structure_id":"structure_22924c9ab57f9b9a99bf","nearest_sourced_footprint_m":29.6,"review_reason":"Sourced roof is beyond the high-confidence distance threshold"},"geometry":{"type":"Point","coordinates":[-80.9197215,44.5899217]}},{"type":"Feature","properties":{"address_id":"address_d2b9b9d7adb789418c22","label":"2550 9th Avenue East","association_status":"probable_sourced","structure_id":"structure_cbde6816310f63f126fd","nearest_sourced_footprint_m":16.4,"review_reason":"Sourced roof is beyond the high-confidence distance threshold"},"geometry":{"type":"Point","coordinates":[-80.9199918,44.5898865]}},{"type":"Feature","properties":{"address_id":"address_bdda72dfef480255a37c","label":"2551 9th Avenue East","association_status":"probable_sourced","structure_id":"structure_c389e50bd2058027cc2b","nearest_sourced_footprint_m":27.9,"review_reason":"Sourced roof is beyond the high-confidence distance threshold"},"geometry":{"type":"Point","coordinates":[-80.9196887,44.5900069]}},{"type":"Feature","properties":{"address_id":"address_738b10e92a511d95e130","label":"2600 8th Avenue A East","association_status":"probable_sourced","structure_id":"structure_2db28d9606557b9b1818","nearest_sourced_footprint_m":14.3,"review_reason":"Sourced roof is beyond the high-confidence distance threshold"},"geometry":{"type":"Point","coordinates":[-80.9206139,44.5910039]}},{"type":"Feature","properties":{"address_id":"address_0a98849fc46561e7527f","label":"2601 9th Avenue East","association_status":"probable_sourced","structure_id":"structure_24c589936e5c11db8976","nearest_sourced_footprint_m":12.8,"review_reason":"Sourced roof is beyond the high-confidence distance threshold"},"geometry":{"type":"Point","coordinates":[-80.9193472,44.5909045]}},{"type":"Feature","properties":{"address_id":"address_ecea537a7ce6aa7a9c22","label":"2698 8th Avenue East","association_status":"probable_sourced","structure_id":"structure_c614ba35afadb14276b8","nearest_sourced_footprint_m":25.9,"review_reason":"Sourced roof is beyond the high-confidence distance threshold"},"geometry":{"type":"Point","coordinates":[-80.9216774,44.5920355]}},{"type":"Feature","properties":{"address_id":"address_4297e775e66c132a23fc","label":"2699 7th Avenue East","association_status":"probable_sourced","structure_id":"structure_97c240542e26206bcbef","nearest_sourced_footprint_m":19.8,"review_reason":"Sourced roof is beyond the high-confidence distance threshold"},"geometry":{"type":"Point","coordinates":[-80.9206525,44.5927379]}},{"type":"Feature","properties":{"address_id":"address_48cbed3a62e7d93a4ebe","label":"2699 8th Avenue East","association_status":"probable_sourced","structure_id":"structure_f73e1b71bfff8ced9a75","nearest_sourced_footprint_m":16.8,"review_reason":"Sourced roof is beyond the high-confidence distance threshold"},"geometry":{"type":"Point","coordinates":[-80.9214889,44.5921517]}},{"type":"Feature","properties":{"address_id":"address_e59ee5ca001468165467","label":"2753 9th Avenue East","association_status":"probable_sourced","structure_id":"structure_da1404a623f07ea9e27c","nearest_sourced_footprint_m":13.5,"review_reason":"Sourced roof is beyond the high-confidence distance threshold"},"geometry":{"type":"Point","coordinates":[-80.9185961,44.5928729]}},{"type":"Feature","properties":{"address_id":"address_e78f6cdeb9fe6381d86c","label":"2755 9th Avenue East","association_status":"probable_sourced","structure_id":"structure_c7381acb60ebd9ac60b1","nearest_sourced_footprint_m":15.5,"review_reason":"Sourced roof is beyond the high-confidence distance threshold"},"geometry":{"type":"Point","coordinates":[-80.9185205,44.5929033]}},{"type":"Feature","properties":{"address_id":"address_00392a2c8365e9ddbf79","label":"298 17th Street East","association_status":"probable_sourced","structure_id":"structure_ef8e68dd6d34bffd1ac3","nearest_sourced_footprint_m":29,"review_reason":"Sourced roof is beyond the high-confidence distance threshold"},"geometry":{"type":"Point","coordinates":[-80.9359062,44.5768475]}},{"type":"Feature","properties":{"address_id":"address_89e2929d912c219ebe46","label":"299 17th Street East","association_status":"probable_sourced","structure_id":"structure_e0a1e217c755d02a5c42","nearest_sourced_footprint_m":15.3,"review_reason":"Sourced roof is beyond the high-confidence distance threshold"},"geometry":{"type":"Point","coordinates":[-80.936024,44.5766608]}},{"type":"Feature","properties":{"address_id":"address_3599b90864e210974a01","label":"300 14th Street East","association_status":"probable_sourced","structure_id":"structure_733ac6a0738aa522cba6","nearest_sourced_footprint_m":21,"review_reason":"Sourced roof is beyond the high-confidence distance threshold"},"geometry":{"type":"Point","coordinates":[-80.9366576,44.5748789]}},{"type":"Feature","properties":{"address_id":"address_63508b8498125ec56c33","label":"300 16th Street East","association_status":"probable_sourced","structure_id":"structure_341790da626d60d02fcf","nearest_sourced_footprint_m":19.3,"review_reason":"Sourced roof is beyond the high-confidence distance threshold"},"geometry":{"type":"Point","coordinates":[-80.9358394,44.5760737]}},{"type":"Feature","properties":{"address_id":"address_1c87834f58ec3a10dc29","label":"398 16th Street East","association_status":"probable_sourced","structure_id":"structure_abb4a70f07d5a3f81f87","nearest_sourced_footprint_m":13.7,"review_reason":"Sourced roof is beyond the high-confidence distance threshold"},"geometry":{"type":"Point","coordinates":[-80.935136,44.5758333]}},{"type":"Feature","properties":{"address_id":"address_e82f39ad4337c59c6cf4","label":"399 17th Street East","association_status":"probable_sourced","structure_id":"structure_c298503f5fff17e22c78","nearest_sourced_footprint_m":20.1,"review_reason":"Sourced roof is beyond the high-confidence distance threshold"},"geometry":{"type":"Point","coordinates":[-80.9348828,44.5763608]}},{"type":"Feature","properties":{"address_id":"address_1d73ff24460c53e4d37b","label":"400 13th Street East","association_status":"probable_sourced","structure_id":"structure_2b228678779548aca063","nearest_sourced_footprint_m":12.1,"review_reason":"Sourced roof is beyond the high-confidence distance threshold"},"geometry":{"type":"Point","coordinates":[-80.9363932,44.5726834]}},{"type":"Feature","properties":{"address_id":"address_0a889b576d6605e9a402","label":"401 13th Street East","association_status":"probable_sourced","structure_id":"structure_d9c37d591b4d82ee7f8e","nearest_sourced_footprint_m":26.9,"review_reason":"Sourced roof is beyond the high-confidence distance threshold"},"geometry":{"type":"Point","coordinates":[-80.9364959,44.5725228]}},{"type":"Feature","properties":{"address_id":"address_d6d51d259ba7591a8e8a","label":"498 7th Street East","association_status":"probable_sourced","structure_id":"structure_c3e189ca4e849385f5cf","nearest_sourced_footprint_m":12.1,"review_reason":"Sourced roof is beyond the high-confidence distance threshold"},"geometry":{"type":"Point","coordinates":[-80.9366253,44.5627454]}},{"type":"Feature","properties":{"address_id":"address_7246b80db47b85655d5d","label":"498 8th Street East","association_status":"probable_sourced","structure_id":"structure_053aa1d4a18a8e82a271","nearest_sourced_footprint_m":15.4,"review_reason":"Sourced roof is beyond the high-confidence distance threshold"},"geometry":{"type":"Point","coordinates":[-80.9371108,44.5645693]}},{"type":"Feature","properties":{"address_id":"address_db954fb256fbadc85237","label":"499 9th Street East","association_status":"probable_sourced","structure_id":"structure_58a9f45da54130c45d70","nearest_sourced_footprint_m":23.7,"review_reason":"Sourced roof is beyond the high-confidence distance threshold"},"geometry":{"type":"Point","coordinates":[-80.9374805,44.5663508]}},{"type":"Feature","properties":{"address_id":"address_9fce16b7510377f841db","label":"500 16th Street East","association_status":"probable_sourced","structure_id":"structure_cf0550a50aab493ffb87","nearest_sourced_footprint_m":26.3,"review_reason":"Sourced roof is beyond the high-confidence distance threshold"},"geometry":{"type":"Point","coordinates":[-80.9335748,44.5752719]}},{"type":"Feature","properties":{"address_id":"address_692151d1e334cace173f","label":"500 18th Street A East","association_status":"probable_sourced","structure_id":"structure_2ffbca84809d4b2e8e55","nearest_sourced_footprint_m":13.2,"review_reason":"Sourced roof is beyond the high-confidence distance threshold"},"geometry":{"type":"Point","coordinates":[-80.9317806,44.5797688]}},{"type":"Feature","properties":{"address_id":"address_cd0d1ee6eabccf5a6095","label":"500 18th Street East","association_status":"probable_sourced","structure_id":"structure_6841cd26274f62855fdb","nearest_sourced_footprint_m":25.9,"review_reason":"Sourced roof is beyond the high-confidence distance threshold"},"geometry":{"type":"Point","coordinates":[-80.9321094,44.5789368]}},{"type":"Feature","properties":{"address_id":"address_1f250d97b8d8130f5ee9","label":"500 19th Street East","association_status":"probable_sourced","structure_id":"structure_57f574fdc90751189839","nearest_sourced_footprint_m":27.4,"review_reason":"Sourced roof is beyond the high-confidence distance threshold"},"geometry":{"type":"Point","coordinates":[-80.9313767,44.5808177]}},{"type":"Feature","properties":{"address_id":"address_b6d2e3ea0e08372166db","label":"500 20th Street East","association_status":"probable_sourced","structure_id":"structure_21e4638a01f071f4483e","nearest_sourced_footprint_m":28.1,"review_reason":"Sourced roof is beyond the high-confidence distance threshold"},"geometry":{"type":"Point","coordinates":[-80.930644,44.5826633]}},{"type":"Feature","properties":{"address_id":"address_5c908c48efddd3047126","label":"500 7th Street East","association_status":"probable_sourced","structure_id":"structure_50a0b8b7ef70ebc0a9e3","nearest_sourced_footprint_m":12.4,"review_reason":"Sourced roof is beyond the high-confidence distance threshold"},"geometry":{"type":"Point","coordinates":[-80.9363679,44.562779]}},{"type":"Feature","properties":{"address_id":"address_770a0d6fbbfa970a8986","label":"501 18th Street A East","association_status":"probable_sourced","structure_id":"structure_82da60aab279d3d61341","nearest_sourced_footprint_m":17.7,"review_reason":"Sourced roof is beyond the high-confidence distance threshold"},"geometry":{"type":"Point","coordinates":[-80.9318469,44.5795986]}},{"type":"Feature","properties":{"address_id":"address_b634c9b8637d2a257b3b","label":"501 20th Street East","association_status":"probable_sourced","structure_id":"structure_f7919211557315709bb8","nearest_sourced_footprint_m":26.6,"review_reason":"Sourced roof is beyond the high-confidence distance threshold"},"geometry":{"type":"Point","coordinates":[-80.9307112,44.5824933]}},{"type":"Feature","properties":{"address_id":"address_14d0d704e02a7291af0e","label":"501 7th Street East","association_status":"probable_sourced","structure_id":"structure_4fddb470fc2b444b721d","nearest_sourced_footprint_m":20.5,"review_reason":"Sourced roof is beyond the high-confidence distance threshold"},"geometry":{"type":"Point","coordinates":[-80.9364147,44.5626492]}},{"type":"Feature","properties":{"address_id":"address_a79cf272ac311efc1d80","label":"501 8th Street A East","association_status":"probable_sourced","structure_id":"structure_2a7605aa247f1ce660f0","nearest_sourced_footprint_m":24.2,"review_reason":"Sourced roof is beyond the high-confidence distance threshold"},"geometry":{"type":"Point","coordinates":[-80.9368978,44.565257]}},{"type":"Feature","properties":{"address_id":"address_3a75dc61fcb5cb5d887d","label":"501 8th Street East","association_status":"probable_sourced","structure_id":"structure_e8e9a13bac8fec43c217","nearest_sourced_footprint_m":24.7,"review_reason":"Sourced roof is beyond the high-confidence distance threshold"},"geometry":{"type":"Point","coordinates":[-80.9367097,44.5644375]}},{"type":"Feature","properties":{"address_id":"address_76b4c2515d2a8a5faf16","label":"501 9th Street East","association_status":"probable_sourced","structure_id":"structure_764922b4325c74ba2710","nearest_sourced_footprint_m":12.9,"review_reason":"Sourced roof is beyond the high-confidence distance threshold"},"geometry":{"type":"Point","coordinates":[-80.9371281,44.566417]}},{"type":"Feature","properties":{"address_id":"address_34a78fa8cbe87a7a402c","label":"535 9th Street East","association_status":"probable_sourced","structure_id":"structure_99ceefdeb0680544c231","nearest_sourced_footprint_m":14.2,"review_reason":"Sourced roof is beyond the high-confidence distance threshold"},"geometry":{"type":"Point","coordinates":[-80.9352979,44.5666311]}},{"type":"Feature","properties":{"address_id":"address_9b259b7c636d09f6b6ef","label":"536 9th Street East","association_status":"probable_sourced","structure_id":"structure_5c300727da28d062d893","nearest_sourced_footprint_m":16.4,"review_reason":"Sourced roof is beyond the high-confidence distance threshold"},"geometry":{"type":"Point","coordinates":[-80.9352905,44.5667324]}},{"type":"Feature","properties":{"address_id":"address_af41fa013a2d1b7bd7a8","label":"538 9th Street East","association_status":"probable_sourced","structure_id":"structure_942c1b974da2dbd6f91f","nearest_sourced_footprint_m":17.4,"review_reason":"Sourced roof is beyond the high-confidence distance threshold"},"geometry":{"type":"Point","coordinates":[-80.9351632,44.5667427]}},{"type":"Feature","properties":{"address_id":"address_b669059ab6db4be39125","label":"549 7th Street East","association_status":"probable_sourced","structure_id":"structure_a6c96a50ddbbba09d3f0","nearest_sourced_footprint_m":16.4,"review_reason":"Sourced roof is beyond the high-confidence distance threshold"},"geometry":{"type":"Point","coordinates":[-80.9355152,44.5627616]}},{"type":"Feature","properties":{"address_id":"address_6e2aa8133795c68419f3","label":"550 7th Street East","association_status":"probable_sourced","structure_id":"structure_8b71438a89508fbdf015","nearest_sourced_footprint_m":16.9,"review_reason":"Sourced roof is beyond the high-confidence distance threshold"},"geometry":{"type":"Point","coordinates":[-80.9355533,44.5628945]}},{"type":"Feature","properties":{"address_id":"address_557d13d4d17cc5ea65b0","label":"587 7th Street East","association_status":"probable_sourced","structure_id":"structure_e2f55018a7b717bec2e7","nearest_sourced_footprint_m":30,"review_reason":"Sourced roof is beyond the high-confidence distance threshold"},"geometry":{"type":"Point","coordinates":[-80.9347446,44.5628172]}},{"type":"Feature","properties":{"address_id":"address_11b2518ac44c3660f68f","label":"598 16th Street East","association_status":"probable_sourced","structure_id":"structure_f8dc2e1cab9d9c962252","nearest_sourced_footprint_m":16,"review_reason":"Sourced roof is beyond the high-confidence distance threshold"},"geometry":{"type":"Point","coordinates":[-80.9322073,44.5749927]}},{"type":"Feature","properties":{"address_id":"address_049ebc93895665b2b13c","label":"598 17th Street East","association_status":"probable_sourced","structure_id":"structure_0a6df27aff772870f2f1","nearest_sourced_footprint_m":20.6,"review_reason":"Sourced roof is beyond the high-confidence distance threshold"},"geometry":{"type":"Point","coordinates":[-80.9315134,44.5767917]}},{"type":"Feature","properties":{"address_id":"address_fda46df3a017288d3f48","label":"598 18th Street A East","association_status":"probable_sourced","structure_id":"structure_3498161654e7101a597a","nearest_sourced_footprint_m":20.4,"review_reason":"Sourced roof is beyond the high-confidence distance threshold"},"geometry":{"type":"Point","coordinates":[-80.9304658,44.5795418]}},{"type":"Feature","properties":{"address_id":"address_8efd855e2a293e85bd2b","label":"598 18th Street East","association_status":"probable_sourced","structure_id":"structure_4cb504801d07be70945c","nearest_sourced_footprint_m":28.4,"review_reason":"Sourced roof is beyond the high-confidence distance threshold"},"geometry":{"type":"Point","coordinates":[-80.9307934,44.5786814]}},{"type":"Feature","properties":{"address_id":"address_ba3bf2b75254c79fa830","label":"598 19th Street East","association_status":"probable_sourced","structure_id":"structure_03abcf29b6fa5b4bd95e","nearest_sourced_footprint_m":25.5,"review_reason":"Sourced roof is beyond the high-confidence distance threshold"},"geometry":{"type":"Point","coordinates":[-80.930073,44.5805627]}},{"type":"Feature","properties":{"address_id":"address_476367dee6a0414ec6a1","label":"598 20th Street East","association_status":"probable_sourced","structure_id":"structure_b863b67fd66a2441c6d8","nearest_sourced_footprint_m":22.2,"review_reason":"Sourced roof is beyond the high-confidence distance threshold"},"geometry":{"type":"Point","coordinates":[-80.9293655,44.5824164]}},{"type":"Feature","properties":{"address_id":"address_cd8cb0c9afda408bd839","label":"599 10th Street East","association_status":"probable_sourced","structure_id":"structure_d70c6f019e74a862884e","nearest_sourced_footprint_m":16.2,"review_reason":"Sourced roof is beyond the high-confidence distance threshold"},"geometry":{"type":"Point","coordinates":[-80.9346541,44.5686648]}},{"type":"Feature","properties":{"address_id":"address_bbe31626f646fe6ff820","label":"599 17th Street East","association_status":"probable_sourced","structure_id":"structure_b7cc4297437fada72cd3","nearest_sourced_footprint_m":27.7,"review_reason":"Sourced roof is beyond the high-confidence distance threshold"},"geometry":{"type":"Point","coordinates":[-80.9315787,44.5766214]}},{"type":"Feature","properties":{"address_id":"address_70982e4f8cb3e2550954","label":"599 18th Street A East","association_status":"probable_sourced","structure_id":"structure_e53ffed1b71d398651f4","nearest_sourced_footprint_m":21.9,"review_reason":"Sourced roof is beyond the high-confidence distance threshold"},"geometry":{"type":"Point","coordinates":[-80.930531,44.5793715]}},{"type":"Feature","properties":{"address_id":"address_b25ee0a8a607fbb36fb8","label":"599 20th Street East","association_status":"probable_sourced","structure_id":"structure_b60cb49f8bb610499259","nearest_sourced_footprint_m":15.5,"review_reason":"Sourced roof is beyond the high-confidence distance threshold"},"geometry":{"type":"Point","coordinates":[-80.9294305,44.5822461]}},{"type":"Feature","properties":{"address_id":"address_8771ae3e4e0ae5813632","label":"599 9th Street East","association_status":"probable_sourced","structure_id":"structure_26f531386f235eac7c3a","nearest_sourced_footprint_m":20.6,"review_reason":"Sourced roof is beyond the high-confidence distance threshold"},"geometry":{"type":"Point","coordinates":[-80.9349471,44.5666694]}},{"type":"Feature","properties":{"address_id":"address_d904953a09b9efe08047","label":"600 16th Street East","association_status":"probable_sourced","structure_id":"structure_7c1a5cdfe3b22ef64992","nearest_sourced_footprint_m":19.3,"review_reason":"Sourced roof is beyond the high-confidence distance threshold"},"geometry":{"type":"Point","coordinates":[-80.9318512,44.5749197]}},{"type":"Feature","properties":{"address_id":"address_b6c46ba9a484b5f3da4c","label":"600 17th Street East","association_status":"probable_sourced","structure_id":"structure_06f12d3e284c2b8d6183","nearest_sourced_footprint_m":22.6,"review_reason":"Sourced roof is beyond the high-confidence distance threshold"},"geometry":{"type":"Point","coordinates":[-80.9311558,44.5767224]}},{"type":"Feature","properties":{"address_id":"address_91ee5dd831fb873bf460","label":"600 18th Street East","association_status":"probable_sourced","structure_id":"structure_13c87b0e8ff15b9caa69","nearest_sourced_footprint_m":24.8,"review_reason":"Sourced roof is beyond the high-confidence distance threshold"},"geometry":{"type":"Point","coordinates":[-80.930436,44.5786117]}},{"type":"Feature","properties":{"address_id":"address_290b486936368dc58747","label":"600 20th Street East","association_status":"probable_sourced","structure_id":"structure_0155c6d738da8e1b5687","nearest_sourced_footprint_m":18.8,"review_reason":"Sourced roof is beyond the high-confidence distance threshold"},"geometry":{"type":"Point","coordinates":[-80.9290081,44.5823466]}},{"type":"Feature","properties":{"address_id":"address_10c30f570fa1836d1c5f","label":"601 17th Street East","association_status":"probable_sourced","structure_id":"structure_bf45b1f8033004e273a3","nearest_sourced_footprint_m":28,"review_reason":"Sourced roof is beyond the high-confidence distance threshold"},"geometry":{"type":"Point","coordinates":[-80.9312211,44.5765521]}},{"type":"Feature","properties":{"address_id":"address_1fd13b46d6cb329535b7","label":"601 18th Street East","association_status":"probable_sourced","structure_id":"structure_cf401c90ef7925656c36","nearest_sourced_footprint_m":23,"review_reason":"Sourced roof is beyond the high-confidence distance threshold"},"geometry":{"type":"Point","coordinates":[-80.9305008,44.5784413]}},{"type":"Feature","properties":{"address_id":"address_ff39f6669d290983207e","label":"601 8th Street A East","association_status":"probable_sourced","structure_id":"structure_11892445adb88a5a9df7","nearest_sourced_footprint_m":12.9,"review_reason":"Sourced roof is beyond the high-confidence distance threshold"},"geometry":{"type":"Point","coordinates":[-80.933989,44.5658123]}},{"type":"Feature","properties":{"address_id":"address_1eec0206318b37ab6f1b","label":"601 9th Street East","association_status":"probable_sourced","structure_id":"structure_567f1034787f5933dd5a","nearest_sourced_footprint_m":25.1,"review_reason":"Sourced roof is beyond the high-confidence distance threshold"},"geometry":{"type":"Point","coordinates":[-80.9341105,44.5667555]}},{"type":"Feature","properties":{"address_id":"address_4c793339957eb3f9fafb","label":"644 8th Avenue East","association_status":"probable_sourced","structure_id":"structure_e0dbbbc031d72574ba50","nearest_sourced_footprint_m":12.4,"review_reason":"Sourced roof is beyond the high-confidence distance threshold"},"geometry":{"type":"Point","coordinates":[-80.9291176,44.5626184]}},{"type":"Feature","properties":{"address_id":"address_5b13542f51a2926e0677","label":"698 16th Street East","association_status":"probable_sourced","structure_id":"structure_e6d5cc6736f52200f550","nearest_sourced_footprint_m":28.5,"review_reason":"Sourced roof is beyond the high-confidence distance threshold"},"geometry":{"type":"Point","coordinates":[-80.9304573,44.574632]}},{"type":"Feature","properties":{"address_id":"address_5a48c39ccd29c640f404","label":"698 17th Street East","association_status":"probable_sourced","structure_id":"structure_192e3ab839a7d277e83a","nearest_sourced_footprint_m":25.9,"review_reason":"Sourced roof is beyond the high-confidence distance threshold"},"geometry":{"type":"Point","coordinates":[-80.9297632,44.5764565]}},{"type":"Feature","properties":{"address_id":"address_0c405a0120786855d9ac","label":"698 7th Street East","association_status":"probable_sourced","structure_id":"structure_b9f0aacfdc217641c453","nearest_sourced_footprint_m":12.1,"review_reason":"Sourced roof is beyond the high-confidence distance threshold"},"geometry":{"type":"Point","coordinates":[-80.9320385,44.5632299]}},{"type":"Feature","properties":{"address_id":"address_8f383305b97161b31cf7","label":"699 17th Street East","association_status":"probable_sourced","structure_id":"structure_0583bd611c2d3f304439","nearest_sourced_footprint_m":18.2,"review_reason":"Sourced roof is beyond the high-confidence distance threshold"},"geometry":{"type":"Point","coordinates":[-80.9298282,44.5762862]}},{"type":"Feature","properties":{"address_id":"address_9502cc1c33cfc5347971","label":"699 7th Avenue East","association_status":"probable_sourced","structure_id":"structure_617c4a461a4dc851c0e7","nearest_sourced_footprint_m":12.7,"review_reason":"Sourced roof is beyond the high-confidence distance threshold"},"geometry":{"type":"Point","coordinates":[-80.9316852,44.5630159]}},{"type":"Feature","properties":{"address_id":"address_ce9438eb0d0a74c591ac","label":"699 7th Street A East","association_status":"probable_sourced","structure_id":"structure_bf1efdfee4aa4cdfef02","nearest_sourced_footprint_m":13.6,"review_reason":"Sourced roof is beyond the high-confidence distance threshold"},"geometry":{"type":"Point","coordinates":[-80.9322064,44.5639379]}},{"type":"Feature","properties":{"address_id":"address_80bf31995b9fa6f5d1b0","label":"699 7th Street East","association_status":"probable_sourced","structure_id":"structure_4553961edc598827c9da","nearest_sourced_footprint_m":12.2,"review_reason":"Sourced roof is beyond the high-confidence distance threshold"},"geometry":{"type":"Point","coordinates":[-80.9320129,44.5631263]}},{"type":"Feature","properties":{"address_id":"address_ab098a27b239c4581e3a","label":"699 8th Street East","association_status":"probable_sourced","structure_id":"structure_83526ac72b9af360d915","nearest_sourced_footprint_m":25.4,"review_reason":"Sourced roof is beyond the high-confidence distance threshold"},"geometry":{"type":"Point","coordinates":[-80.9324258,44.5649496]}},{"type":"Feature","properties":{"address_id":"address_173910426f0afd74431b","label":"700 19th Street East","association_status":"probable_sourced","structure_id":"structure_55ceccfdfbfef39eae2a","nearest_sourced_footprint_m":26.9,"review_reason":"Sourced roof is beyond the high-confidence distance threshold"},"geometry":{"type":"Point","coordinates":[-80.9279771,44.5801683]}},{"type":"Feature","properties":{"address_id":"address_d4b39bfe3eaf48d687f6","label":"700 20th Street East","association_status":"probable_sourced","structure_id":"structure_0f74deea8376eb022798","nearest_sourced_footprint_m":25.7,"review_reason":"Sourced roof is beyond the high-confidence distance threshold"},"geometry":{"type":"Point","coordinates":[-80.9272647,44.5820037]}},{"type":"Feature","properties":{"address_id":"address_900cfad7110fdedede36","label":"700 21st Street A East","association_status":"probable_sourced","structure_id":"structure_649b5a1663d1b5368f6d","nearest_sourced_footprint_m":12.5,"review_reason":"Sourced roof is beyond the high-confidence distance threshold"},"geometry":{"type":"Point","coordinates":[-80.9256941,44.5847334]}},{"type":"Feature","properties":{"address_id":"address_f32052b2817fefdb451e","label":"700 21st Street East","association_status":"probable_sourced","structure_id":"structure_7e4484544846cd5cdda8","nearest_sourced_footprint_m":16.3,"review_reason":"Sourced roof is beyond the high-confidence distance threshold"},"geometry":{"type":"Point","coordinates":[-80.926573,44.5838824]}},{"type":"Feature","properties":{"address_id":"address_d69dd867b9c2e0d7f95a","label":"700 7th Avenue East","association_status":"probable_sourced","structure_id":"structure_ae6db370117416f59d79","nearest_sourced_footprint_m":15.3,"review_reason":"Sourced roof is beyond the high-confidence distance threshold"},"geometry":{"type":"Point","coordinates":[-80.9319872,44.5632482]}},{"type":"Feature","properties":{"address_id":"address_e8f1650c5cc1c0e1443d","label":"700 7th Street East","association_status":"probable_sourced","structure_id":"structure_703a17ccaedb0213facb","nearest_sourced_footprint_m":18.4,"review_reason":"Sourced roof is beyond the high-confidence distance threshold"},"geometry":{"type":"Point","coordinates":[-80.9316732,44.5632411]}},{"type":"Feature","properties":{"address_id":"address_9c263ac9d96dd26580a9","label":"701 16th Street East","association_status":"probable_sourced","structure_id":"structure_369f523e184dd1cbc044","nearest_sourced_footprint_m":27.6,"review_reason":"Sourced roof is beyond the high-confidence distance threshold"},"geometry":{"type":"Point","coordinates":[-80.9301655,44.5743887]}},{"type":"Feature","properties":{"address_id":"address_ce3c8e22ab6268a9c439","label":"701 17th Street East","association_status":"probable_sourced","structure_id":"structure_6ae56c193397da0216e7","nearest_sourced_footprint_m":23,"review_reason":"Sourced roof is beyond the high-confidence distance threshold"},"geometry":{"type":"Point","coordinates":[-80.9294708,44.5762164]}},{"type":"Feature","properties":{"address_id":"address_5f05726eb731a4376905","label":"701 20th Street East","association_status":"probable_sourced","structure_id":"structure_2cb7b4692cfc6c31bc57","nearest_sourced_footprint_m":12.6,"review_reason":"Sourced roof is beyond the high-confidence distance threshold"},"geometry":{"type":"Point","coordinates":[-80.9273349,44.5818344]}},{"type":"Feature","properties":{"address_id":"address_380b93965c06fa3e87a7","label":"701 21st Street East","association_status":"probable_sourced","structure_id":"structure_c961fd4c4bd6dbb30a67","nearest_sourced_footprint_m":15.4,"review_reason":"Sourced roof is beyond the high-confidence distance threshold"},"geometry":{"type":"Point","coordinates":[-80.9265181,44.5836896]}},{"type":"Feature","properties":{"address_id":"address_703d3fa836b833d36deb","label":"701 25th Street A East","association_status":"probable_sourced","structure_id":"structure_ed2aa062bf21ff22b539","nearest_sourced_footprint_m":16.8,"review_reason":"Sourced roof is beyond the high-confidence distance threshold"},"geometry":{"type":"Point","coordinates":[-80.9230805,44.5901175]}},{"type":"Feature","properties":{"address_id":"address_ddd65a06610f763ca18d","label":"701 5th Avenue East","association_status":"probable_sourced","structure_id":"structure_1a7a52a2cb6e63bca1f4","nearest_sourced_footprint_m":17.1,"review_reason":"Sourced roof is beyond the high-confidence distance threshold"},"geometry":{"type":"Point","coordinates":[-80.9363884,44.5628183]}},{"type":"Feature","properties":{"address_id":"address_7ce1bf9bcd586ff8e59b","label":"701 7th Avenue East","association_status":"probable_sourced","structure_id":"structure_4ceb030303ed61dff207","nearest_sourced_footprint_m":25.2,"review_reason":"Sourced roof is beyond the high-confidence distance threshold"},"geometry":{"type":"Point","coordinates":[-80.9317437,44.5632773]}},{"type":"Feature","properties":{"address_id":"address_097518f8c5adb2856b27","label":"701 7th Street East","association_status":"probable_sourced","structure_id":"structure_4ee0043ce5bae93b4c5d","nearest_sourced_footprint_m":17.4,"review_reason":"Sourced roof is beyond the high-confidence distance threshold"},"geometry":{"type":"Point","coordinates":[-80.9316342,44.5630668]}},{"type":"Feature","properties":{"address_id":"address_803f5b323e9b84d10025","label":"701 9th Avenue East","association_status":"probable_sourced","structure_id":"structure_2ca18ddc880830812884","nearest_sourced_footprint_m":17.3,"review_reason":"Sourced roof is beyond the high-confidence distance threshold"},"geometry":{"type":"Point","coordinates":[-80.9269355,44.5638575]}},{"type":"Feature","properties":{"address_id":"address_cf88b1d5fd7d5a3cceec","label":"701 9th Street East","association_status":"probable_sourced","structure_id":"structure_87d78e5029310346ad5e","nearest_sourced_footprint_m":25.4,"review_reason":"Sourced roof is beyond the high-confidence distance threshold"},"geometry":{"type":"Point","coordinates":[-80.9324912,44.5669835]}},{"type":"Feature","properties":{"address_id":"address_32c46adeff185578a6c7","label":"739 7th Avenue East","association_status":"probable_sourced","structure_id":"structure_c65a9624b5535bc6a9dd","nearest_sourced_footprint_m":18.3,"review_reason":"Sourced roof is beyond the high-confidence distance threshold"},"geometry":{"type":"Point","coordinates":[-80.9318736,44.5638622]}},{"type":"Feature","properties":{"address_id":"address_85f20f1802778ba14697","label":"740 7th Avenue East","association_status":"probable_sourced","structure_id":"structure_4ccb55283527e20032f3","nearest_sourced_footprint_m":20.8,"review_reason":"Sourced roof is beyond the high-confidence distance threshold"},"geometry":{"type":"Point","coordinates":[-80.932117,44.5638328]}},{"type":"Feature","properties":{"address_id":"address_f1811c6bc7d5c7d3fca2","label":"741 7th Avenue East","association_status":"probable_sourced","structure_id":"structure_2cb20b0485f23e01d959","nearest_sourced_footprint_m":19.4,"review_reason":"Sourced roof is beyond the high-confidence distance threshold"},"geometry":{"type":"Point","coordinates":[-80.9319314,44.5641237]}},{"type":"Feature","properties":{"address_id":"address_fa3e654d98c11cbe932e","label":"742 7th Avenue East","association_status":"probable_sourced","structure_id":"structure_9f86e307abc7076ccc46","nearest_sourced_footprint_m":17.9,"review_reason":"Sourced roof is beyond the high-confidence distance threshold"},"geometry":{"type":"Point","coordinates":[-80.9321749,44.5640943]}},{"type":"Feature","properties":{"address_id":"address_3ad15bc4877b4a980de7","label":"770 10th Street East","association_status":"probable_sourced","structure_id":"structure_2089bf643140620e9d0a","nearest_sourced_footprint_m":24.4,"review_reason":"Sourced roof is beyond the high-confidence distance threshold"},"geometry":{"type":"Point","coordinates":[-80.9314022,44.5692042]}},{"type":"Feature","properties":{"address_id":"address_d6329a33dcf23d05495a","label":"772 10th Street East","association_status":"probable_sourced","structure_id":"structure_4722a8a15028bdbc07eb","nearest_sourced_footprint_m":24.9,"review_reason":"Sourced roof is beyond the high-confidence distance threshold"},"geometry":{"type":"Point","coordinates":[-80.9310314,44.569246]}},{"type":"Feature","properties":{"address_id":"address_4d12ec5be0db19870660","label":"798 10th Street East","association_status":"probable_sourced","structure_id":"structure_c108e7025d90bf20a05f","nearest_sourced_footprint_m":27.3,"review_reason":"Sourced roof is beyond the high-confidence distance threshold"},"geometry":{"type":"Point","coordinates":[-80.9305727,44.5692958]}},{"type":"Feature","properties":{"address_id":"address_2eab3e0e464b2e50ee87","label":"798 15th Street East","association_status":"probable_sourced","structure_id":"structure_929e9be21fd458fd427c","nearest_sourced_footprint_m":25.6,"review_reason":"Sourced roof is beyond the high-confidence distance threshold"},"geometry":{"type":"Point","coordinates":[-80.9303741,44.5714355]}},{"type":"Feature","properties":{"address_id":"address_e6c1ab13cb5f701b80b7","label":"798 16th Street East","association_status":"probable_sourced","structure_id":"structure_6a68d7e90167a1e56b80","nearest_sourced_footprint_m":24.9,"review_reason":"Sourced roof is beyond the high-confidence distance threshold"},"geometry":{"type":"Point","coordinates":[-80.9288069,44.5742971]}},{"type":"Feature","properties":{"address_id":"address_ac71f4b15db1cc751fff","label":"798 17th Street East","association_status":"probable_sourced","structure_id":"structure_04487ac0a6572bd35b99","nearest_sourced_footprint_m":26.3,"review_reason":"Sourced roof is beyond the high-confidence distance threshold"},"geometry":{"type":"Point","coordinates":[-80.9280867,44.5761236]}},{"type":"Feature","properties":{"address_id":"address_17741e36c2b892af6776","label":"798 20th Street East","association_status":"probable_sourced","structure_id":"structure_32840255aab0f87f82f2","nearest_sourced_footprint_m":25.8,"review_reason":"Sourced roof is beyond the high-confidence distance threshold"},"geometry":{"type":"Point","coordinates":[-80.9259138,44.5817472]}},{"type":"Feature","properties":{"address_id":"address_cb9970f630035d8b782c","label":"798 21st Street A East","association_status":"probable_sourced","structure_id":"structure_43f8b9961f1bb121612d","nearest_sourced_footprint_m":12.1,"review_reason":"Sourced roof is beyond the high-confidence distance threshold"},"geometry":{"type":"Point","coordinates":[-80.9248039,44.5845882]}},{"type":"Feature","properties":{"address_id":"address_4d7aae924ceb12b5d680","label":"798 21st Street East","association_status":"probable_sourced","structure_id":"structure_953456be29273ab98f41","nearest_sourced_footprint_m":23.6,"review_reason":"Sourced roof is beyond the high-confidence distance threshold"},"geometry":{"type":"Point","coordinates":[-80.9251715,44.5836195]}},{"type":"Feature","properties":{"address_id":"address_ca546d96b4b41dc325be","label":"798 25th Street A East","association_status":"probable_sourced","structure_id":"structure_1aa8b2cefe0da1cb567f","nearest_sourced_footprint_m":16.4,"review_reason":"Sourced roof is beyond the high-confidence distance threshold"},"geometry":{"type":"Point","coordinates":[-80.922211,44.5901079]}},{"type":"Feature","properties":{"address_id":"address_901bfe9fe5dbce812bed","label":"798 25th Street East","association_status":"probable_sourced","structure_id":"structure_1df6603bf94348a84c71","nearest_sourced_footprint_m":23,"review_reason":"Sourced roof is beyond the high-confidence distance threshold"},"geometry":{"type":"Point","coordinates":[-80.9224705,44.5893113]}},{"type":"Feature","properties":{"address_id":"address_e9dbc4bc9e33702fa300","label":"798 6th Street A East","association_status":"probable_sourced","structure_id":"structure_50e06a6bd73e73190bf2","nearest_sourced_footprint_m":18.7,"review_reason":"Sourced roof is beyond the high-confidence distance threshold"},"geometry":{"type":"Point","coordinates":[-80.929169,44.5625687]}},{"type":"Feature","properties":{"address_id":"address_9044870bd3bfec7e0f6a","label":"798 7th Street A East","association_status":"probable_sourced","structure_id":"structure_362e71284c33b3d25e61","nearest_sourced_footprint_m":18.5,"review_reason":"Sourced roof is beyond the high-confidence distance threshold"},"geometry":{"type":"Point","coordinates":[-80.9295814,44.5643655]}},{"type":"Feature","properties":{"address_id":"address_09959796672e664af8c7","label":"798 7th Street East","association_status":"probable_sourced","structure_id":"structure_81078780751b1d90eab0","nearest_sourced_footprint_m":19,"review_reason":"Sourced roof is beyond the high-confidence distance threshold"},"geometry":{"type":"Point","coordinates":[-80.9293822,44.5635191]}},{"type":"Feature","properties":{"address_id":"address_f7cf569ba4667c11e12a","label":"798 9th Street East","association_status":"probable_sourced","structure_id":"structure_4a9c3c640a9509f57ac7","nearest_sourced_footprint_m":13.3,"review_reason":"Sourced roof is beyond the high-confidence distance threshold"},"geometry":{"type":"Point","coordinates":[-80.9302463,44.5673295]}},{"type":"Feature","properties":{"address_id":"address_d75638c482dbdac465a6","label":"799;998 10th Street East;8th Avenue East","association_status":"probable_sourced","structure_id":"structure_59ab70dccc2acda66802","nearest_sourced_footprint_m":23.7,"review_reason":"Sourced roof is beyond the high-confidence distance threshold"},"geometry":{"type":"Point","coordinates":[-80.9305291,44.5691422]}},{"type":"Feature","properties":{"address_id":"address_7706db6565654e262e29","label":"799 15th Street East","association_status":"probable_sourced","structure_id":"structure_4c8993aadd4ca54cc28b","nearest_sourced_footprint_m":29.7,"review_reason":"Sourced roof is beyond the high-confidence distance threshold"},"geometry":{"type":"Point","coordinates":[-80.9305587,44.5713182]}},{"type":"Feature","properties":{"address_id":"address_398641f0020200204ec6","label":"799 21st Street A East","association_status":"probable_sourced","structure_id":"structure_caac38d6cdec983a8b3c","nearest_sourced_footprint_m":12.3,"review_reason":"Sourced roof is beyond the high-confidence distance threshold"},"geometry":{"type":"Point","coordinates":[-80.924859,44.5844372]}},{"type":"Feature","properties":{"address_id":"address_2d663befc396888cfded","label":"799 21st Street East","association_status":"probable_sourced","structure_id":"structure_7072bf82b23390d8a0d1","nearest_sourced_footprint_m":18.2,"review_reason":"Sourced roof is beyond the high-confidence distance threshold"},"geometry":{"type":"Point","coordinates":[-80.9252359,44.5834491]}},{"type":"Feature","properties":{"address_id":"address_78581fbe14dbd3440cff","label":"799 25th Street A East","association_status":"probable_sourced","structure_id":"structure_293f0016d04aad22792c","nearest_sourced_footprint_m":19.6,"review_reason":"Sourced roof is beyond the high-confidence distance threshold"},"geometry":{"type":"Point","coordinates":[-80.9222729,44.589937]}},{"type":"Feature","properties":{"address_id":"address_856b39cde36a675831e4","label":"799 5th Avenue East","association_status":"probable_sourced","structure_id":"structure_aef271040eff191ffd8c","nearest_sourced_footprint_m":28,"review_reason":"Sourced roof is beyond the high-confidence distance threshold"},"geometry":{"type":"Point","coordinates":[-80.936762,44.5643865]}},{"type":"Feature","properties":{"address_id":"address_1b6ec5b884b723c6df61","label":"799 7th Avenue East","association_status":"probable_sourced","structure_id":"structure_5e9c3c5fbfc3908c13c5","nearest_sourced_footprint_m":19.1,"review_reason":"Sourced roof is beyond the high-confidence distance threshold"},"geometry":{"type":"Point","coordinates":[-80.9321117,44.5649423]}},{"type":"Feature","properties":{"address_id":"address_ddf6df55bf57b19a62e6","label":"799 8th Avenue East","association_status":"probable_sourced","structure_id":"structure_8a90b9ebdad1c7709ad1","nearest_sourced_footprint_m":19.1,"review_reason":"Sourced roof is beyond the high-confidence distance threshold"},"geometry":{"type":"Point","coordinates":[-80.9294666,44.5652559]}},{"type":"Feature","properties":{"address_id":"address_dd7692558c5b11980b46","label":"799 8th Street East","association_status":"probable_sourced","structure_id":"structure_9555cd4163065fb1169e","nearest_sourced_footprint_m":16.3,"review_reason":"Sourced roof is beyond the high-confidence distance threshold"},"geometry":{"type":"Point","coordinates":[-80.9297808,44.5652633]}},{"type":"Feature","properties":{"address_id":"address_678c086788aa1213f360","label":"799 9th Avenue East","association_status":"probable_sourced","structure_id":"structure_62084e079976f819af35","nearest_sourced_footprint_m":24.8,"review_reason":"Sourced roof is beyond the high-confidence distance threshold"},"geometry":{"type":"Point","coordinates":[-80.9273041,44.5654699]}},{"type":"Feature","properties":{"address_id":"address_5f7d90198065564193b6","label":"799 9th Street East","association_status":"probable_sourced","structure_id":"structure_72c141264da9301ebaa6","nearest_sourced_footprint_m":17.3,"review_reason":"Sourced roof is beyond the high-confidence distance threshold"},"geometry":{"type":"Point","coordinates":[-80.9302232,44.5672381]}},{"type":"Feature","properties":{"address_id":"address_bec923fee8df2be34f1a","label":"800 15th Street A East","association_status":"probable_sourced","structure_id":"structure_66180ffe1664187e861a","nearest_sourced_footprint_m":27.8,"review_reason":"Sourced roof is beyond the high-confidence distance threshold"},"geometry":{"type":"Point","coordinates":[-80.9291952,44.5723707]}},{"type":"Feature","properties":{"address_id":"address_75e11796e43394b7a5c1","label":"800 15th Street East","association_status":"probable_sourced","structure_id":"structure_12507a505a933c020f1b","nearest_sourced_footprint_m":25.6,"review_reason":"Sourced roof is beyond the high-confidence distance threshold"},"geometry":{"type":"Point","coordinates":[-80.9301246,44.5712398]}},{"type":"Feature","properties":{"address_id":"address_232fded59adb3fffb54d","label":"800 19th Street East","association_status":"probable_sourced","structure_id":"structure_0c6887521ee5607ed844","nearest_sourced_footprint_m":26.9,"review_reason":"Sourced roof is beyond the high-confidence distance threshold"},"geometry":{"type":"Point","coordinates":[-80.9262763,44.5798435]}},{"type":"Feature","properties":{"address_id":"address_131d01a3053e86c7461a","label":"800 20th Street East","association_status":"probable_sourced","structure_id":"structure_0cba8813f52f2cf4d8df","nearest_sourced_footprint_m":21.4,"review_reason":"Sourced roof is beyond the high-confidence distance threshold"},"geometry":{"type":"Point","coordinates":[-80.925556,44.5816782]}},{"type":"Feature","properties":{"address_id":"address_2f8ce87546529010e136","label":"800 25th Street East","association_status":"probable_sourced","structure_id":"structure_bb6faf3488dd4f33da17","nearest_sourced_footprint_m":21.5,"review_reason":"Sourced roof is beyond the high-confidence distance threshold"},"geometry":{"type":"Point","coordinates":[-80.9221125,44.5892421]}},{"type":"Feature","properties":{"address_id":"address_e35290bc30d9dc579b72","label":"800 26th Street East","association_status":"probable_sourced","structure_id":"structure_8e605d179b2dcd1763d8","nearest_sourced_footprint_m":14.2,"review_reason":"Sourced roof is beyond the high-confidence distance threshold"},"geometry":{"type":"Point","coordinates":[-80.9203077,44.5910131]}},{"type":"Feature","properties":{"address_id":"address_c6805cd256363a2b5091","label":"800 5th Avenue A East","association_status":"probable_sourced","structure_id":"structure_9b157c74ea2b26dae8b6","nearest_sourced_footprint_m":18.4,"review_reason":"Sourced roof is beyond the high-confidence distance threshold"},"geometry":{"type":"Point","coordinates":[-80.9359931,44.564951]}},{"type":"Feature","properties":{"address_id":"address_b04fa5833010e7a5b452","label":"800 5th Avenue East","association_status":"probable_sourced","structure_id":"structure_5405020bdd4c8f618e17","nearest_sourced_footprint_m":24.2,"review_reason":"Sourced roof is beyond the high-confidence distance threshold"},"geometry":{"type":"Point","coordinates":[-80.9370589,44.56462]}},{"type":"Feature","properties":{"address_id":"address_f4cc0a5d1cca395addd9","label":"800 7th Avenue East","association_status":"probable_sourced","structure_id":"structure_f6169ea314ab492fa194","nearest_sourced_footprint_m":16,"review_reason":"Sourced roof is beyond the high-confidence distance threshold"},"geometry":{"type":"Point","coordinates":[-80.9323373,44.5651931]}},{"type":"Feature","properties":{"address_id":"address_48958df4a9ebafa13787","label":"800 7th Street East","association_status":"probable_sourced","structure_id":"structure_d5918f3a585c76e37e8e","nearest_sourced_footprint_m":17.7,"review_reason":"Sourced roof is beyond the high-confidence distance threshold"},"geometry":{"type":"Point","coordinates":[-80.929017,44.5635631]}},{"type":"Feature","properties":{"address_id":"address_c5dbe4d7a6efd0060589","label":"800 8th Avenue East","association_status":"probable_sourced","structure_id":"structure_5f5586ba1705064fb469","nearest_sourced_footprint_m":20.8,"review_reason":"Sourced roof is beyond the high-confidence distance threshold"},"geometry":{"type":"Point","coordinates":[-80.9297686,44.5654884]}},{"type":"Feature","properties":{"address_id":"address_812c60ba1c7b9f92e168","label":"800 8th Street East","association_status":"probable_sourced","structure_id":"structure_bb8c19623126b6d2bc39","nearest_sourced_footprint_m":14.2,"review_reason":"Sourced roof is beyond the high-confidence distance threshold"},"geometry":{"type":"Point","coordinates":[-80.9294544,44.5654811]}},{"type":"Feature","properties":{"address_id":"address_0c00c0c3816e59284a77","label":"801 11th Avenue East","association_status":"probable_sourced","structure_id":"structure_4f97f742b0eb5ac0d1d9","nearest_sourced_footprint_m":27.8,"review_reason":"Sourced roof is beyond the high-confidence distance threshold"},"geometry":{"type":"Point","coordinates":[-80.9228757,44.5663396]}},{"type":"Feature","properties":{"address_id":"address_e521093a0e2854fbdf09","label":"801 15th Street A East","association_status":"probable_sourced","structure_id":"structure_224b9cc99b0892eed16e","nearest_sourced_footprint_m":21.1,"review_reason":"Sourced roof is beyond the high-confidence distance threshold"},"geometry":{"type":"Point","coordinates":[-80.9292624,44.5722008]}},{"type":"Feature","properties":{"address_id":"address_75d5c878a6ac64192c71","label":"801 16th Street East","association_status":"probable_sourced","structure_id":"structure_1a343291c4dfc1d95677","nearest_sourced_footprint_m":22,"review_reason":"Sourced roof is beyond the high-confidence distance threshold"},"geometry":{"type":"Point","coordinates":[-80.9285183,44.5740546]}},{"type":"Feature","properties":{"address_id":"address_8a9de891a48be50759db","label":"801 17th Street East","association_status":"probable_sourced","structure_id":"structure_c34a46ccfab3cfca24b7","nearest_sourced_footprint_m":20.3,"review_reason":"Sourced roof is beyond the high-confidence distance threshold"},"geometry":{"type":"Point","coordinates":[-80.9277966,44.5758837]}},{"type":"Feature","properties":{"address_id":"address_cabd097dec20047b2f63","label":"801 18th Street East","association_status":"probable_sourced","structure_id":"structure_05a91423d6049f5fda68","nearest_sourced_footprint_m":16.3,"review_reason":"Sourced roof is beyond the high-confidence distance threshold"},"geometry":{"type":"Point","coordinates":[-80.9270186,44.5777554]}},{"type":"Feature","properties":{"address_id":"address_e07f1de73fe3f62ec4cb","label":"801 26th Street East","association_status":"probable_sourced","structure_id":"structure_bdb09d2b498234bfa8eb","nearest_sourced_footprint_m":12.5,"review_reason":"Sourced roof is beyond the high-confidence distance threshold"},"geometry":{"type":"Point","coordinates":[-80.9204684,44.5908635]}},{"type":"Feature","properties":{"address_id":"address_99db42e262cbccab46b8","label":"801 27th Street East","association_status":"probable_sourced","structure_id":"structure_0751547b59f166e97366","nearest_sourced_footprint_m":15.4,"review_reason":"Sourced roof is beyond the high-confidence distance threshold"},"geometry":{"type":"Point","coordinates":[-80.9203739,44.5929132]}},{"type":"Feature","properties":{"address_id":"address_b14d4e038cfd95650f5f","label":"801 7th Avenue East","association_status":"probable_sourced","structure_id":"structure_01b3ed65cdee64e65cdb","nearest_sourced_footprint_m":18.9,"review_reason":"Sourced roof is beyond the high-confidence distance threshold"},"geometry":{"type":"Point","coordinates":[-80.9321699,44.5652037]}},{"type":"Feature","properties":{"address_id":"address_a3944e0768405adc0ba8","label":"801 7th Street East","association_status":"probable_sourced","structure_id":"structure_b9b8afafec74c997426b","nearest_sourced_footprint_m":29.6,"review_reason":"Sourced roof is beyond the high-confidence distance threshold"},"geometry":{"type":"Point","coordinates":[-80.9289769,44.5633889]}},{"type":"Feature","properties":{"address_id":"address_f507dd7e0a67773857bf","label":"801 8th Street East","association_status":"probable_sourced","structure_id":"structure_057910057f5bee86b6b7","nearest_sourced_footprint_m":27.3,"review_reason":"Sourced roof is beyond the high-confidence distance threshold"},"geometry":{"type":"Point","coordinates":[-80.9294154,44.5653068]}},{"type":"Feature","properties":{"address_id":"address_7d8ec4fe99027656650d","label":"833 5th Avenue East","association_status":"probable_sourced","structure_id":"structure_c01f54f818f2fea4dede","nearest_sourced_footprint_m":27.7,"review_reason":"Sourced roof is beyond the high-confidence distance threshold"},"geometry":{"type":"Point","coordinates":[-80.9369376,44.5652285]}},{"type":"Feature","properties":{"address_id":"address_6703d109e30de961429c","label":"834 5th Avenue A East","association_status":"probable_sourced","structure_id":"structure_6be908412866b78dac00","nearest_sourced_footprint_m":19.9,"review_reason":"Sourced roof is beyond the high-confidence distance threshold"},"geometry":{"type":"Point","coordinates":[-80.9360719,44.5653423]}},{"type":"Feature","properties":{"address_id":"address_d4aac5ae4819b9cd6e3e","label":"835 5th Avenue A East","association_status":"probable_sourced","structure_id":"structure_449d6f274d3398742c04","nearest_sourced_footprint_m":21.2,"review_reason":"Sourced roof is beyond the high-confidence distance threshold"},"geometry":{"type":"Point","coordinates":[-80.9359276,44.5654484]}},{"type":"Feature","properties":{"address_id":"address_4d3fb20cf92504f9cefa","label":"835 5th Avenue East","association_status":"probable_sourced","structure_id":"structure_e222c9011bcf59a7f0b2","nearest_sourced_footprint_m":21.4,"review_reason":"Sourced roof is beyond the high-confidence distance threshold"},"geometry":{"type":"Point","coordinates":[-80.9369653,44.5653681]}},{"type":"Feature","properties":{"address_id":"address_5c690da727867abdc411","label":"836 5th Avenue A East","association_status":"probable_sourced","structure_id":"structure_83c536381236e5177c6a","nearest_sourced_footprint_m":22.3,"review_reason":"Sourced roof is beyond the high-confidence distance threshold"},"geometry":{"type":"Point","coordinates":[-80.9361006,44.5654768]}},{"type":"Feature","properties":{"address_id":"address_9a1a8cfc72d73ff06d32","label":"836 5th Avenue East","association_status":"probable_sourced","structure_id":"structure_6d412ab7af6b20d24d34","nearest_sourced_footprint_m":27.1,"review_reason":"Sourced roof is beyond the high-confidence distance threshold"},"geometry":{"type":"Point","coordinates":[-80.9371913,44.5652541]}},{"type":"Feature","properties":{"address_id":"address_fb9a00f1cd226ea78986","label":"838 7th Avenue East","association_status":"probable_sourced","structure_id":"structure_973558afe96862dee4c4","nearest_sourced_footprint_m":21.4,"review_reason":"Sourced roof is beyond the high-confidence distance threshold"},"geometry":{"type":"Point","coordinates":[-80.9324898,44.5659312]}},{"type":"Feature","properties":{"address_id":"address_bc587485ff40c031a81f","label":"839 7th Avenue East","association_status":"probable_sourced","structure_id":"structure_eaf10d01d59aada8ad20","nearest_sourced_footprint_m":24,"review_reason":"Sourced roof is beyond the high-confidence distance threshold"},"geometry":{"type":"Point","coordinates":[-80.9323704,44.5661262]}},{"type":"Feature","properties":{"address_id":"address_58d4182cd71f560d24d8","label":"848 5th Avenue A East","association_status":"probable_sourced","structure_id":"structure_2caf890f81015b6b6aad","nearest_sourced_footprint_m":16.8,"review_reason":"Sourced roof is beyond the high-confidence distance threshold"},"geometry":{"type":"Point","coordinates":[-80.9361299,44.5657575]}},{"type":"Feature","properties":{"address_id":"address_b59f1eea8cc71c09079e","label":"849 5th Avenue A East","association_status":"probable_sourced","structure_id":"structure_0146b167dec67f2e00a9","nearest_sourced_footprint_m":17.6,"review_reason":"Sourced roof is beyond the high-confidence distance threshold"},"geometry":{"type":"Point","coordinates":[-80.9359436,44.5656171]}},{"type":"Feature","properties":{"address_id":"address_e55fceb7068521c396fa","label":"850 8th Avenue A East","association_status":"probable_sourced","structure_id":"structure_17fc3597b8f0ac90e757","nearest_sourced_footprint_m":14.7,"review_reason":"Sourced roof is beyond the high-confidence distance threshold"},"geometry":{"type":"Point","coordinates":[-80.9288864,44.5665696]}},{"type":"Feature","properties":{"address_id":"address_0a186eaecb0f4b022805","label":"850 9th Street East","association_status":"probable_sourced","structure_id":"structure_99f9d0b81faad3cdd812","nearest_sourced_footprint_m":17.3,"review_reason":"Sourced roof is beyond the high-confidence distance threshold"},"geometry":{"type":"Point","coordinates":[-80.9289883,44.5674336]}},{"type":"Feature","properties":{"address_id":"address_d15f0a5cc0a309cc2e74","label":"851 5th Avenue A East","association_status":"probable_sourced","structure_id":"structure_9337f4b38480990aac54","nearest_sourced_footprint_m":13.4,"review_reason":"Sourced roof is beyond the high-confidence distance threshold"},"geometry":{"type":"Point","coordinates":[-80.9350379,44.5658013]}},{"type":"Feature","properties":{"address_id":"address_d77bf754e31137bddab5","label":"851 8th Avenue A East","association_status":"probable_sourced","structure_id":"structure_73457d7ae2821469dac9","nearest_sourced_footprint_m":17.7,"review_reason":"Sourced roof is beyond the high-confidence distance threshold"},"geometry":{"type":"Point","coordinates":[-80.9287781,44.5665865]}},{"type":"Feature","properties":{"address_id":"address_3d50c898e16fff0c31c5","label":"852 25th Street East","association_status":"probable_sourced","structure_id":"structure_a40ab5c4ed1a572f129b","nearest_sourced_footprint_m":21.9,"review_reason":"Sourced roof is beyond the high-confidence distance threshold"},"geometry":{"type":"Point","coordinates":[-80.9210513,44.5890455]}},{"type":"Feature","properties":{"address_id":"address_122614b7c082e0dd691f","label":"898 15th Street A East","association_status":"probable_sourced","structure_id":"structure_9994e5b6e81fcc503588","nearest_sourced_footprint_m":21.5,"review_reason":"Sourced roof is beyond the high-confidence distance threshold"},"geometry":{"type":"Point","coordinates":[-80.9278745,44.572103]}},{"type":"Feature","properties":{"address_id":"address_9ef49211ac89f1ee18a4","label":"898 15th Street East","association_status":"probable_sourced","structure_id":"structure_605976bbbef2107dfeef","nearest_sourced_footprint_m":29.3,"review_reason":"Sourced roof is beyond the high-confidence distance threshold"},"geometry":{"type":"Point","coordinates":[-80.9286188,44.5700602]}},{"type":"Feature","properties":{"address_id":"address_c1d9fd745a7d4c1a954a","label":"898 17th Street East","association_status":"probable_sourced","structure_id":"structure_3e159e487440b0f8646e","nearest_sourced_footprint_m":16.3,"review_reason":"Sourced roof is beyond the high-confidence distance threshold"},"geometry":{"type":"Point","coordinates":[-80.9264008,44.5757975]}},{"type":"Feature","properties":{"address_id":"address_0fdf18eaedaf296da2da","label":"898 20th Street East","association_status":"probable_sourced","structure_id":"structure_2abbfeabddb67110840c","nearest_sourced_footprint_m":23.1,"review_reason":"Sourced roof is beyond the high-confidence distance threshold"},"geometry":{"type":"Point","coordinates":[-80.9242529,44.5814233]}},{"type":"Feature","properties":{"address_id":"address_a7559e58e21a95db560b","label":"898 25th Street A East","association_status":"probable_sourced","structure_id":"structure_d763b27f69a1b26bfe6a","nearest_sourced_footprint_m":19.3,"review_reason":"Sourced roof is beyond the high-confidence distance threshold"},"geometry":{"type":"Point","coordinates":[-80.9199685,44.5901125]}},{"type":"Feature","properties":{"address_id":"address_972d16636ac3fb5d4e86","label":"898 26th Street East","association_status":"probable_sourced","structure_id":"structure_a2d37e7feb9148319318","nearest_sourced_footprint_m":14.2,"review_reason":"Sourced roof is beyond the high-confidence distance threshold"},"geometry":{"type":"Point","coordinates":[-80.919678,44.5908764]}},{"type":"Feature","properties":{"address_id":"address_e88cf16be669f12cd7b7","label":"898 27th Street East","association_status":"probable_sourced","structure_id":"structure_e06b134067fcbbf7367b","nearest_sourced_footprint_m":12.1,"review_reason":"Sourced roof is beyond the high-confidence distance threshold"},"geometry":{"type":"Point","coordinates":[-80.918907,44.5930606]}},{"type":"Feature","properties":{"address_id":"address_844ccf20a4f20f9e35f5","label":"898 5th Avenue A East","association_status":"probable_sourced","structure_id":"structure_bcb3b7ed9da1a3b70f6a","nearest_sourced_footprint_m":14.8,"review_reason":"Sourced roof is beyond the high-confidence distance threshold"},"geometry":{"type":"Point","coordinates":[-80.9353041,44.5665118]}},{"type":"Feature","properties":{"address_id":"address_ddcdcfc510ab6c89b62f","label":"898 7th Street East","association_status":"probable_sourced","structure_id":"structure_97cc4fa519253bfabcaf","nearest_sourced_footprint_m":29,"review_reason":"Sourced roof is beyond the high-confidence distance threshold"},"geometry":{"type":"Point","coordinates":[-80.9273517,44.5637629]}},{"type":"Feature","properties":{"address_id":"address_371bbae9072fab1b527e","label":"898 8th Avenue A East","association_status":"probable_sourced","structure_id":"structure_0915ba54a95178f790ba","nearest_sourced_footprint_m":22,"review_reason":"Sourced roof is beyond the high-confidence distance threshold"},"geometry":{"type":"Point","coordinates":[-80.9290531,44.5672944]}},{"type":"Feature","properties":{"address_id":"address_ec2a32730fa0becbf87b","label":"898 8th Avenue East","association_status":"probable_sourced","structure_id":"structure_affe1e2e69753815949b","nearest_sourced_footprint_m":20.3,"review_reason":"Sourced roof is beyond the high-confidence distance threshold"},"geometry":{"type":"Point","coordinates":[-80.9301358,44.5671185]}},{"type":"Feature","properties":{"address_id":"address_98d2872da56ceb38a4be","label":"898 8th Street East","association_status":"probable_sourced","structure_id":"structure_dcba360c37c9a231d57a","nearest_sourced_footprint_m":17,"review_reason":"Sourced roof is beyond the high-confidence distance threshold"},"geometry":{"type":"Point","coordinates":[-80.9277893,44.5656808]}},{"type":"Feature","properties":{"address_id":"address_b8397a0bcee41e2225b9","label":"898 9th Avenue East","association_status":"probable_sourced","structure_id":"structure_7387b0b8673c907b1074","nearest_sourced_footprint_m":16.5,"review_reason":"Sourced roof is beyond the high-confidence distance threshold"},"geometry":{"type":"Point","coordinates":[-80.9281133,44.5674391]}},{"type":"Feature","properties":{"address_id":"address_69cd552ce42fe268716c","label":"899 16th Street East","association_status":"probable_sourced","structure_id":"structure_3cf88e2fd90d7bf88c9a","nearest_sourced_footprint_m":28.9,"review_reason":"Sourced roof is beyond the high-confidence distance threshold"},"geometry":{"type":"Point","coordinates":[-80.9272201,44.5737876]}},{"type":"Feature","properties":{"address_id":"address_490b467e1121291a6b25","label":"899 20th Street East","association_status":"probable_sourced","structure_id":"structure_96d903adde53407a0ee9","nearest_sourced_footprint_m":18.5,"review_reason":"Sourced roof is beyond the high-confidence distance threshold"},"geometry":{"type":"Point","coordinates":[-80.9243177,44.581253]}},{"type":"Feature","properties":{"address_id":"address_ed09140c2de17c0e29d7","label":"899 25th Street A East","association_status":"probable_sourced","structure_id":"structure_18a6650e4cbd1a226afc","nearest_sourced_footprint_m":22.5,"review_reason":"Sourced roof is beyond the high-confidence distance threshold"},"geometry":{"type":"Point","coordinates":[-80.9200342,44.5899422]}},{"type":"Feature","properties":{"address_id":"address_51cddb3a611697389472","label":"899 26th Street East","association_status":"probable_sourced","structure_id":"structure_af212c58d7e6554bb20e","nearest_sourced_footprint_m":14.5,"review_reason":"Sourced roof is beyond the high-confidence distance threshold"},"geometry":{"type":"Point","coordinates":[-80.9197429,44.590706]}},{"type":"Feature","properties":{"address_id":"address_bed8c0a06d9c5bf6cc5e","label":"899 28th Street East","association_status":"probable_sourced","structure_id":"structure_f9f0f0d6012db5ed7059","nearest_sourced_footprint_m":13.7,"review_reason":"Sourced roof is beyond the high-confidence distance threshold"},"geometry":{"type":"Point","coordinates":[-80.9186613,44.5936731]}},{"type":"Feature","properties":{"address_id":"address_763866f531447c912bc2","label":"899 5th Avenue A East","association_status":"probable_sourced","structure_id":"structure_17520053880b64062df3","nearest_sourced_footprint_m":24.1,"review_reason":"Sourced roof is beyond the high-confidence distance threshold"},"geometry":{"type":"Point","coordinates":[-80.9351287,44.5665766]}},{"type":"Feature","properties":{"address_id":"address_9de218c2a78da0ec3069","label":"899 5th Avenue East","association_status":"probable_sourced","structure_id":"structure_a81761cfede98de1817f","nearest_sourced_footprint_m":20.1,"review_reason":"Sourced roof is beyond the high-confidence distance threshold"},"geometry":{"type":"Point","coordinates":[-80.9371667,44.5663422]}},{"type":"Feature","properties":{"address_id":"address_9a9ddbc8093f8f23be4e","label":"899 8th Avenue A East","association_status":"probable_sourced","structure_id":"structure_af7d0ee512e6368ede13","nearest_sourced_footprint_m":29.7,"review_reason":"Sourced roof is beyond the high-confidence distance threshold"},"geometry":{"type":"Point","coordinates":[-80.9289529,44.5673504]}},{"type":"Feature","properties":{"address_id":"address_fd7f4bf297e0278a720f","label":"899 8th Street East","association_status":"probable_sourced","structure_id":"structure_69c572f6abd74325fcd3","nearest_sourced_footprint_m":13.1,"review_reason":"Sourced roof is beyond the high-confidence distance threshold"},"geometry":{"type":"Point","coordinates":[-80.9277503,44.5655065]}},{"type":"Feature","properties":{"address_id":"address_2137a8290b285293481a","label":"899 9th Avenue East","association_status":"probable_sourced","structure_id":"structure_025bf9406972687a1efe","nearest_sourced_footprint_m":12.5,"review_reason":"Sourced roof is beyond the high-confidence distance threshold"},"geometry":{"type":"Point","coordinates":[-80.927728,44.5674015]}},{"type":"Feature","properties":{"address_id":"address_b98e6fca1bc74bfa96ed","label":"900 15th Street A East","association_status":"probable_sourced","structure_id":"structure_175be84b301664c4c84f","nearest_sourced_footprint_m":24.3,"review_reason":"Sourced roof is beyond the high-confidence distance threshold"},"geometry":{"type":"Point","coordinates":[-80.9273984,44.572009]}},{"type":"Feature","properties":{"address_id":"address_5f55e32c0f8b41f206d7","label":"900 19th Street East","association_status":"probable_sourced","structure_id":"structure_17255b5b22f7cfd7e7d2","nearest_sourced_footprint_m":16.8,"review_reason":"Sourced roof is beyond the high-confidence distance threshold"},"geometry":{"type":"Point","coordinates":[-80.9246016,44.579528]}},{"type":"Feature","properties":{"address_id":"address_78bf97b15fac9cebb71c","label":"900 20th Street East","association_status":"probable_sourced","structure_id":"structure_ffa77bd0c2f9afef6807","nearest_sourced_footprint_m":27.5,"review_reason":"Sourced roof is beyond the high-confidence distance threshold"},"geometry":{"type":"Point","coordinates":[-80.9238889,44.5813727]}},{"type":"Feature","properties":{"address_id":"address_75a84afdf19a840776e4","label":"900 26th Street East","association_status":"probable_sourced","structure_id":"structure_9390426d239feae6c153","nearest_sourced_footprint_m":20.5,"review_reason":"Sourced roof is beyond the high-confidence distance threshold"},"geometry":{"type":"Point","coordinates":[-80.9193025,44.5908691]}},{"type":"Feature","properties":{"address_id":"address_565b199e4d9f97fdd00d","label":"900 5th Avenue East","association_status":"probable_sourced","structure_id":"structure_147d98907d563c85523d","nearest_sourced_footprint_m":28.2,"review_reason":"Sourced roof is beyond the high-confidence distance threshold"},"geometry":{"type":"Point","coordinates":[-80.9374684,44.5665762]}},{"type":"Feature","properties":{"address_id":"address_33c100236a46a3256369","label":"900 7th Avenue East","association_status":"probable_sourced","structure_id":"structure_aa2cd4b2bbef509c5445","nearest_sourced_footprint_m":22.8,"review_reason":"Sourced roof is beyond the high-confidence distance threshold"},"geometry":{"type":"Point","coordinates":[-80.9328259,44.5670835]}},{"type":"Feature","properties":{"address_id":"address_2cbc61a515d518c46bd3","label":"900 8th Street East","association_status":"probable_sourced","structure_id":"structure_4876bb12cddcdfd613fb","nearest_sourced_footprint_m":17.9,"review_reason":"Sourced roof is beyond the high-confidence distance threshold"},"geometry":{"type":"Point","coordinates":[-80.9273116,44.565782]}},{"type":"Feature","properties":{"address_id":"address_bfb65c942cfae2301fd2","label":"900 8th Street East","association_status":"probable_sourced","structure_id":"structure_8787e45229070c0de685","nearest_sourced_footprint_m":20.3,"review_reason":"Sourced roof is beyond the high-confidence distance threshold"},"geometry":{"type":"Point","coordinates":[-80.924076,44.5661588]}},{"type":"Feature","properties":{"address_id":"address_8d7b2bd9292c5ab3cc3c","label":"901 10th Street East","association_status":"probable_sourced","structure_id":"structure_85cc3eb88d955269a40a","nearest_sourced_footprint_m":27.4,"review_reason":"Sourced roof is beyond the high-confidence distance threshold"},"geometry":{"type":"Point","coordinates":[-80.9281149,44.5693737]}},{"type":"Feature","properties":{"address_id":"address_0814262c9b3b59cedd32","label":"901 19th Street East","association_status":"probable_sourced","structure_id":"structure_151cd0e96d4159a3317d","nearest_sourced_footprint_m":28.4,"review_reason":"Sourced roof is beyond the high-confidence distance threshold"},"geometry":{"type":"Point","coordinates":[-80.9246853,44.5794302]}},{"type":"Feature","properties":{"address_id":"address_8ee83b5220b13c2f3529","label":"901 5th Avenue East","association_status":"probable_sourced","structure_id":"structure_c8fc74d5727915ae504c","nearest_sourced_footprint_m":22.3,"review_reason":"Sourced roof is beyond the high-confidence distance threshold"},"geometry":{"type":"Point","coordinates":[-80.9372245,44.5666037]}},{"type":"Feature","properties":{"address_id":"address_af873487c6f53357dbaa","label":"901 6th Avenue East","association_status":"probable_sourced","structure_id":"structure_996d1568c430b8c8356c","nearest_sourced_footprint_m":19.8,"review_reason":"Sourced roof is beyond the high-confidence distance threshold"},"geometry":{"type":"Point","coordinates":[-80.9339192,44.5669514]}},{"type":"Feature","properties":{"address_id":"address_e4c92f30491ae215640a","label":"901 8th Avenue East","association_status":"probable_sourced","structure_id":"structure_ce1f5281287ddaafcf11","nearest_sourced_footprint_m":29.8,"review_reason":"Sourced roof is beyond the high-confidence distance threshold"},"geometry":{"type":"Point","coordinates":[-80.9299517,44.5674085]}},{"type":"Feature","properties":{"address_id":"address_ae61013ccf2b3b45dd59","label":"901 8th Street East","association_status":"probable_sourced","structure_id":"structure_7df1749c841f5358da92","nearest_sourced_footprint_m":15.5,"review_reason":"Sourced roof is beyond the high-confidence distance threshold"},"geometry":{"type":"Point","coordinates":[-80.9241365,44.5658839]}},{"type":"Feature","properties":{"address_id":"address_0a3a9ba12d2f490bfa19","label":"901 9th Avenue East","association_status":"probable_sourced","structure_id":"structure_7387b0b8673c907b1074","nearest_sourced_footprint_m":29.8,"review_reason":"Sourced roof is beyond the high-confidence distance threshold"},"geometry":{"type":"Point","coordinates":[-80.9277864,44.567663]}},{"type":"Feature","properties":{"address_id":"address_74114836b202ac41d236","label":"901 9th Street East","association_status":"probable_sourced","structure_id":"structure_f0e67c3e69773c8727ae","nearest_sourced_footprint_m":17.3,"review_reason":"Sourced roof is beyond the high-confidence distance threshold"},"geometry":{"type":"Point","coordinates":[-80.9276764,44.5674514]}},{"type":"Feature","properties":{"address_id":"address_d4b9cd2c0e9eea8df68f","label":"948 8th Avenue East","association_status":"probable_sourced","structure_id":"structure_a651dda9be9babbdfb69","nearest_sourced_footprint_m":16.2,"review_reason":"Sourced roof is beyond the high-confidence distance threshold"},"geometry":{"type":"Point","coordinates":[-80.9303733,44.5681539]}},{"type":"Feature","properties":{"address_id":"address_35cc5ee44ea5d291db35","label":"949 7th Avenue East","association_status":"probable_sourced","structure_id":"structure_89e332c6b098661c3c39","nearest_sourced_footprint_m":12.8,"review_reason":"Sourced roof is beyond the high-confidence distance threshold"},"geometry":{"type":"Point","coordinates":[-80.9327561,44.5679526]}},{"type":"Feature","properties":{"address_id":"address_81bfc55a5cc3bcb2395c","label":"949 8th Avenue East","association_status":"probable_sourced","structure_id":"structure_86dad3068b59c4cb2a24","nearest_sourced_footprint_m":21.5,"review_reason":"Sourced roof is beyond the high-confidence distance threshold"},"geometry":{"type":"Point","coordinates":[-80.9301295,44.5681818]}},{"type":"Feature","properties":{"address_id":"address_d542b4f590cfc9ff1bc5","label":"951 8th Avenue East","association_status":"probable_sourced","structure_id":"structure_273a2eaab5cd26e86e8d","nearest_sourced_footprint_m":20.7,"review_reason":"Sourced roof is beyond the high-confidence distance threshold"},"geometry":{"type":"Point","coordinates":[-80.9301895,44.5684431]}},{"type":"Feature","properties":{"address_id":"address_be543d591e391cbce01b","label":"998 10th Street East","association_status":"probable_sourced","structure_id":"structure_20f2637fb91effc310d5","nearest_sourced_footprint_m":15,"review_reason":"Sourced roof is beyond the high-confidence distance threshold"},"geometry":{"type":"Point","coordinates":[-80.9268602,44.5697036]}},{"type":"Feature","properties":{"address_id":"address_28c4757d70ed5d6c4c70","label":"998 11th Avenue East","association_status":"probable_sourced","structure_id":"structure_2abe299958a73d02096d","nearest_sourced_footprint_m":16.6,"review_reason":"Sourced roof is beyond the high-confidence distance threshold"},"geometry":{"type":"Point","coordinates":[-80.9239839,44.5698237]}},{"type":"Feature","properties":{"address_id":"address_d5463790a961f2bd2b9f","label":"998 15th Street A East","association_status":"probable_sourced","structure_id":"structure_3d04e7a44b6fd92a1ae0","nearest_sourced_footprint_m":22.7,"review_reason":"Sourced roof is beyond the high-confidence distance threshold"},"geometry":{"type":"Point","coordinates":[-80.9263846,44.5718142]}},{"type":"Feature","properties":{"address_id":"address_28f0aac15a07580eaff9","label":"998 23rd Street East","association_status":"probable_sourced","structure_id":"structure_3011197d2f9c50955dd9","nearest_sourced_footprint_m":28.8,"review_reason":"Sourced roof is beyond the high-confidence distance threshold"},"geometry":{"type":"Point","coordinates":[-80.9214134,44.5863498]}},{"type":"Feature","properties":{"address_id":"address_6c671623b1919006946f","label":"998 6th Avenue East","association_status":"probable_sourced","structure_id":"structure_902463d1c02e93649580","nearest_sourced_footprint_m":21.6,"review_reason":"Sourced roof is beyond the high-confidence distance threshold"},"geometry":{"type":"Point","coordinates":[-80.9345309,44.5685169]}},{"type":"Feature","properties":{"address_id":"address_ce43e080c88b1d642caf","label":"998 8th Street East","association_status":"probable_sourced","structure_id":"structure_37e5dae97b2eba45947a","nearest_sourced_footprint_m":20.8,"review_reason":"Sourced roof is beyond the high-confidence distance threshold"},"geometry":{"type":"Point","coordinates":[-80.9231698,44.5662608]}},{"type":"Feature","properties":{"address_id":"address_365c8e801adb4c728b6b","label":"999 10th Avenue East","association_status":"probable_sourced","structure_id":"structure_7386b573e845f865e9ba","nearest_sourced_footprint_m":26.1,"review_reason":"Sourced roof is beyond the high-confidence distance threshold"},"geometry":{"type":"Point","coordinates":[-80.9250124,44.5697007]}},{"type":"Feature","properties":{"address_id":"address_27735f203f1c4bfb688a","label":"999 10th Street East","association_status":"probable_sourced","structure_id":"structure_3ef5fc871504cd50f7a0","nearest_sourced_footprint_m":16,"review_reason":"Sourced roof is beyond the high-confidence distance threshold"},"geometry":{"type":"Point","coordinates":[-80.9253276,44.5697078]}},{"type":"Feature","properties":{"address_id":"address_b519744759a7046d8ce4","label":"999 15th Street A East","association_status":"probable_sourced","structure_id":"structure_40c58368bccdafdae033","nearest_sourced_footprint_m":23,"review_reason":"Sourced roof is beyond the high-confidence distance threshold"},"geometry":{"type":"Point","coordinates":[-80.9263936,44.5716331]}},{"type":"Feature","properties":{"address_id":"address_834fc4d5a96fc9eff5b8","label":"999 23rd Street East","association_status":"probable_sourced","structure_id":"structure_95b713a5f5af7c97e334","nearest_sourced_footprint_m":22.4,"review_reason":"Sourced roof is beyond the high-confidence distance threshold"},"geometry":{"type":"Point","coordinates":[-80.9214786,44.5861794]}},{"type":"Feature","properties":{"address_id":"address_6f8bd3ef1c52266bc34f","label":"999 6th Avenue East","association_status":"probable_sourced","structure_id":"structure_35bc8aeb4f2a6df7ec28","nearest_sourced_footprint_m":20.5,"review_reason":"Sourced roof is beyond the high-confidence distance threshold"},"geometry":{"type":"Point","coordinates":[-80.9342874,44.5685463]}},{"type":"Feature","properties":{"address_id":"address_3a222f4a51cf82a8afa8","label":"999;701 7th Avenue East;10th Street East","association_status":"probable_sourced","structure_id":"structure_4181ad360b99ce0d8bd4","nearest_sourced_footprint_m":17.6,"review_reason":"Sourced roof is beyond the high-confidence distance threshold"},"geometry":{"type":"Point","coordinates":[-80.9329202,44.5688692]}},{"type":"Feature","properties":{"address_id":"address_b335c57242ee1788ca4f","label":"336 5th Avenue A West","association_status":"probable_sourced","structure_id":"structure_a0282078b56196823cdc","nearest_sourced_footprint_m":24,"review_reason":"Sourced roof is beyond the high-confidence distance threshold"},"geometry":{"type":"Point","coordinates":[-80.9491901,44.5540331]}},{"type":"Feature","properties":{"address_id":"address_49b0ea2d4ecafd55bab2","label":"299 8th Street West","association_status":"probable_sourced","structure_id":"structure_40c3c1b27dcc158aca69","nearest_sourced_footprint_m":14.5,"review_reason":"Sourced roof is beyond the high-confidence distance threshold"},"geometry":{"type":"Point","coordinates":[-80.9469246,44.5633674]}},{"type":"Feature","properties":{"address_id":"address_297dfb7d330c66ce3d91","label":"218216 Concession 3 Derby","association_status":"unresolved","structure_id":null,"nearest_sourced_footprint_m":null,"review_reason":"No usable roof geometry was generated"},"geometry":{"type":"Point","coordinates":[-80.9590518,44.5530199]}},{"type":"Feature","properties":{"address_id":"address_e1988e43198cd8388616","label":"501 9th Street A East","association_status":"probable_sourced","structure_id":"structure_3b1c2752d33772fb0a96","nearest_sourced_footprint_m":19.2,"review_reason":"Sourced roof is beyond the high-confidence distance threshold"},"geometry":{"type":"Point","coordinates":[-80.9375796,44.5679185]}},{"type":"Feature","properties":{"address_id":"address_15e33e42f8f64bf29f44","label":"103 2nd Street West","association_status":"probable_sourced","structure_id":"structure_2f4b0f2f7d73c3b6da7d","nearest_sourced_footprint_m":21.6,"review_reason":"Sourced roof is beyond the high-confidence distance threshold"},"geometry":{"type":"Point","coordinates":[-80.9414413,44.5529631]}},{"type":"Feature","properties":{"address_id":"address_33f9221bb6b194e498c0","label":"599 4th Street West","association_status":"probable_sourced","structure_id":"structure_5274ab7273e9ba978112","nearest_sourced_footprint_m":12.4,"review_reason":"Sourced roof is beyond the high-confidence distance threshold"},"geometry":{"type":"Point","coordinates":[-80.9494107,44.5551636]}},{"type":"Feature","properties":{"address_id":"address_176f3d087d0e2349a15e","label":"338 5th Avenue A West","association_status":"probable_sourced","structure_id":"structure_d7e15b97514f391da638","nearest_sourced_footprint_m":19.1,"review_reason":"Sourced roof is beyond the high-confidence distance threshold"},"geometry":{"type":"Point","coordinates":[-80.9492041,44.554179]}},{"type":"Feature","properties":{"address_id":"address_0530d2bf688a8ae23860","label":"388 5th Avenue A West","association_status":"probable_sourced","structure_id":"structure_a7a5764fc7b8a9724ed0","nearest_sourced_footprint_m":29.4,"review_reason":"Sourced roof is beyond the high-confidence distance threshold"},"geometry":{"type":"Point","coordinates":[-80.9492873,44.5549838]}},{"type":"Feature","properties":{"address_id":"address_6a1fa4bbe539c6d99a99","label":"598 4th Street West","association_status":"probable_sourced","structure_id":"structure_4dac2f2a3a67d8a43236","nearest_sourced_footprint_m":27.3,"review_reason":"Sourced roof is beyond the high-confidence distance threshold"},"geometry":{"type":"Point","coordinates":[-80.9492711,44.5550335]}},{"type":"Feature","properties":{"address_id":"address_5652f05d85813d129825","label":"512 4th Street West","association_status":"probable_sourced","structure_id":"structure_01711fab3ac1c468d500","nearest_sourced_footprint_m":20.5,"review_reason":"Sourced roof is beyond the high-confidence distance threshold"},"geometry":{"type":"Point","coordinates":[-80.9484205,44.5551276]}},{"type":"Feature","properties":{"address_id":"address_938a38d35d09016d4388","label":"510 4th Street West","association_status":"probable_sourced","structure_id":"structure_3a1664b62af962cc1a94","nearest_sourced_footprint_m":19.4,"review_reason":"Sourced roof is beyond the high-confidence distance threshold"},"geometry":{"type":"Point","coordinates":[-80.948269,44.5551553]}},{"type":"Feature","properties":{"address_id":"address_e5ea02492dea0db6aeea","label":"400 4th Street West","association_status":"probable_sourced","structure_id":"structure_eff66b0b02842460cfeb","nearest_sourced_footprint_m":15,"review_reason":"Sourced roof is beyond the high-confidence distance threshold"},"geometry":{"type":"Point","coordinates":[-80.9475661,44.5552328]}},{"type":"Feature","properties":{"address_id":"address_c55426d62cc3a5929d1d","label":"313 5th Avenue West","association_status":"probable_sourced","structure_id":"structure_25b54811367428df3b01","nearest_sourced_footprint_m":22.3,"review_reason":"Sourced roof is beyond the high-confidence distance threshold"},"geometry":{"type":"Point","coordinates":[-80.9482326,44.5551106]}},{"type":"Feature","properties":{"address_id":"address_1b5aa21b2fdc2923e400","label":"389 5th Avenue West","association_status":"probable_sourced","structure_id":"structure_8c949699371fbdd7d9a9","nearest_sourced_footprint_m":14.3,"review_reason":"Sourced roof is beyond the high-confidence distance threshold"},"geometry":{"type":"Point","coordinates":[-80.948427,44.554141]}},{"type":"Feature","properties":{"address_id":"address_53d0f23c506aaf8f4f6e","label":"312 5th Avenue West","association_status":"probable_sourced","structure_id":"structure_036f5471a198b8ca7b80","nearest_sourced_footprint_m":23.9,"review_reason":"Sourced roof is beyond the high-confidence distance threshold"},"geometry":{"type":"Point","coordinates":[-80.9483971,44.5550982]}},{"type":"Feature","properties":{"address_id":"address_b0af17691916ba4eb349","label":"388 5th Avenue West","association_status":"probable_sourced","structure_id":"structure_d93fa4f5cac539cd20e8","nearest_sourced_footprint_m":23.5,"review_reason":"Sourced roof is beyond the high-confidence distance threshold"},"geometry":{"type":"Point","coordinates":[-80.9485466,44.5542244]}},{"type":"Feature","properties":{"address_id":"address_fc4485a75ae7c0d1630c","label":"526 3rd Street A West","association_status":"probable_sourced","structure_id":"structure_e40c4f8cfe7a92fd7b1f","nearest_sourced_footprint_m":25,"review_reason":"Sourced roof is beyond the high-confidence distance threshold"},"geometry":{"type":"Point","coordinates":[-80.9492013,44.5541501]}},{"type":"Feature","properties":{"address_id":"address_1f6d88bba1495d1646dd","label":"515 3rd Street A West","association_status":"probable_sourced","structure_id":"structure_bc06dbe68ce39bde4a3a","nearest_sourced_footprint_m":18.4,"review_reason":"Sourced roof is beyond the high-confidence distance threshold"},"geometry":{"type":"Point","coordinates":[-80.9485462,44.5541104]}},{"type":"Feature","properties":{"address_id":"address_dfab5e2a5e485162661c","label":"100 5th Street A East","association_status":"probable_sourced","structure_id":"structure_8cc724e9d592214a8c2c","nearest_sourced_footprint_m":26.1,"review_reason":"Sourced roof is beyond the high-confidence distance threshold"},"geometry":{"type":"Point","coordinates":[-80.9435337,44.5587993]}},{"type":"Feature","properties":{"address_id":"address_72b01cc073a2168465c2","label":"300 6th Avenue West","association_status":"probable_sourced","structure_id":"structure_a70bc4b66f93eb25d3f1","nearest_sourced_footprint_m":24.4,"review_reason":"Sourced roof is beyond the high-confidence distance threshold"},"geometry":{"type":"Point","coordinates":[-80.9506068,44.5535139]}},{"type":"Feature","properties":{"address_id":"address_f2088efd4dcde123b517","label":"301 6th Avenue West","association_status":"probable_sourced","structure_id":"structure_8a7e7a21cb85fd80ab2c","nearest_sourced_footprint_m":12.9,"review_reason":"Sourced roof is beyond the high-confidence distance threshold"},"geometry":{"type":"Point","coordinates":[-80.9503687,44.5535176]}},{"type":"Feature","properties":{"address_id":"address_ddeb65b1d91ca59d7c62","label":"399 6th Avenue West","association_status":"probable_sourced","structure_id":"structure_6d41ba78939b18376b7b","nearest_sourced_footprint_m":23.6,"review_reason":"Sourced roof is beyond the high-confidence distance threshold"},"geometry":{"type":"Point","coordinates":[-80.9505292,44.5552285]}},{"type":"Feature","properties":{"address_id":"address_51c4b6aefbee508a0cc4","label":"286 2nd Street West","association_status":"probable_sourced","structure_id":"structure_590a2e8e5b9cc185e855","nearest_sourced_footprint_m":16.4,"review_reason":"Sourced roof is beyond the high-confidence distance threshold"},"geometry":{"type":"Point","coordinates":[-80.943628,44.5520232]}},{"type":"Feature","properties":{"address_id":"address_4fa194979a7882326a09","label":"965 23rd Street A East","association_status":"probable_sourced","structure_id":"structure_54628071133c268b2038","nearest_sourced_footprint_m":19.4,"review_reason":"Sourced roof is beyond the high-confidence distance threshold"},"geometry":{"type":"Point","coordinates":[-80.9198232,44.5865152]}},{"type":"Feature","properties":{"address_id":"address_12833cb45e31e2f05670","label":"2300 10th Avenue East","association_status":"probable_sourced","structure_id":"structure_b80742d83cd4b3fb8467","nearest_sourced_footprint_m":20.6,"review_reason":"Sourced roof is beyond the high-confidence distance threshold"},"geometry":{"type":"Point","coordinates":[-80.9198554,44.5866897]}},{"type":"Feature","properties":{"address_id":"address_b90764c76b2acf16247d","label":"2498 10th Avenue East","association_status":"probable_sourced","structure_id":"structure_922b52c4c63125602cf4","nearest_sourced_footprint_m":19.4,"review_reason":"Sourced roof is beyond the high-confidence distance threshold"},"geometry":{"type":"Point","coordinates":[-80.9192591,44.5873975]}},{"type":"Feature","properties":{"address_id":"address_f803b3c64495d5c51c3e","label":"2301 10th Avenue East","association_status":"probable_sourced","structure_id":"structure_af952f291213e2444443","nearest_sourced_footprint_m":17.8,"review_reason":"Sourced roof is beyond the high-confidence distance threshold"},"geometry":{"type":"Point","coordinates":[-80.919733,44.5865496]}},{"type":"Feature","properties":{"address_id":"address_f0286600b60c9e5cb629","label":"2272 10th Avenue East","association_status":"probable_sourced","structure_id":"structure_ad6ad0dbd4879adbd2a0","nearest_sourced_footprint_m":25.9,"review_reason":"Sourced roof is beyond the high-confidence distance threshold"},"geometry":{"type":"Point","coordinates":[-80.9207854,44.5850409]}},{"type":"Feature","properties":{"address_id":"address_9c971c8fa113ab7db3c6","label":"926 8th Street A East","association_status":"probable_sourced","structure_id":"structure_0f0d21c035cacb7bfb30","nearest_sourced_footprint_m":15.8,"review_reason":"Sourced roof is beyond the high-confidence distance threshold"},"geometry":{"type":"Point","coordinates":[-80.9267431,44.5665724]}},{"type":"Feature","properties":{"address_id":"address_71834752390ea932b925","label":"842 9th Avenue East","association_status":"probable_sourced","structure_id":"structure_315eebb52c85de82736e","nearest_sourced_footprint_m":20.9,"review_reason":"Sourced roof is beyond the high-confidence distance threshold"},"geometry":{"type":"Point","coordinates":[-80.9278972,44.5664108]}},{"type":"Feature","properties":{"address_id":"address_f6bceeabda255e030c58","label":"843 9th Avenue East","association_status":"probable_sourced","structure_id":"structure_dc57a5af77a34fe3d7b8","nearest_sourced_footprint_m":22.2,"review_reason":"Sourced roof is beyond the high-confidence distance threshold"},"geometry":{"type":"Point","coordinates":[-80.9275136,44.5665102]}},{"type":"Feature","properties":{"address_id":"address_4ab3a606a3b5379e0832","label":"841 9th Avenue East","association_status":"probable_sourced","structure_id":"structure_fbb2af8c79f470e95587","nearest_sourced_footprint_m":19.5,"review_reason":"Sourced roof is beyond the high-confidence distance threshold"},"geometry":{"type":"Point","coordinates":[-80.9275109,44.5663516]}},{"type":"Feature","properties":{"address_id":"address_af82dbd7af3d1a8d619f","label":"1300 15th Street B East","association_status":"probable_sourced","structure_id":"structure_29384ae4a65be483de12","nearest_sourced_footprint_m":13.1,"review_reason":"Sourced roof is beyond the high-confidence distance threshold"},"geometry":{"type":"Point","coordinates":[-80.9216601,44.5727688]}},{"type":"Feature","properties":{"address_id":"address_39a2b3611912bf4ed893","label":"1398 15th Street B East","association_status":"probable_sourced","structure_id":"structure_eda8f55c6385cacd36f5","nearest_sourced_footprint_m":16.3,"review_reason":"Sourced roof is beyond the high-confidence distance threshold"},"geometry":{"type":"Point","coordinates":[-80.9205299,44.5728986]}},{"type":"Feature","properties":{"address_id":"address_484526cb68df4ae87cf4","label":"1301 15th Street B East","association_status":"probable_sourced","structure_id":"structure_a9b2201381c464e2eed0","nearest_sourced_footprint_m":23.7,"review_reason":"Sourced roof is beyond the high-confidence distance threshold"},"geometry":{"type":"Point","coordinates":[-80.9216087,44.5726125]}},{"type":"Feature","properties":{"address_id":"address_9f2b5bb21ecf939b1f1f","label":"1100 14th Avenue East","association_status":"probable_sourced","structure_id":"structure_2f2aa4f917182fd18c64","nearest_sourced_footprint_m":12,"review_reason":"Sourced roof is beyond the high-confidence distance threshold"},"geometry":{"type":"Point","coordinates":[-80.9203805,44.5709807]}},{"type":"Feature","properties":{"address_id":"address_e4308f63fd37c4339815","label":"1498 14th Avenue East","association_status":"probable_sourced","structure_id":"structure_e6e49b1338fe5fe93b20","nearest_sourced_footprint_m":16.5,"review_reason":"Sourced roof is beyond the high-confidence distance threshold"},"geometry":{"type":"Point","coordinates":[-80.9207307,44.5726574]}},{"type":"Feature","properties":{"address_id":"address_3c959309de8830cc1af1","label":"1499 14th Avenue East","association_status":"probable_sourced","structure_id":"structure_21b7fcea53564b806fd4","nearest_sourced_footprint_m":17.7,"review_reason":"Sourced roof is beyond the high-confidence distance threshold"},"geometry":{"type":"Point","coordinates":[-80.9204599,44.5728437]}},{"type":"Feature","properties":{"address_id":"address_e2f33163d0d66b176bd8","label":"1401 14th Street East","association_status":"probable_sourced","structure_id":"structure_6c9629e0ec0b4e1d207b","nearest_sourced_footprint_m":26,"review_reason":"Sourced roof is beyond the high-confidence distance threshold"},"geometry":{"type":"Point","coordinates":[-80.9202546,44.5722169]}},{"type":"Feature","properties":{"address_id":"address_5a95b839366dbad2bea3","label":"1598 14th Street East","association_status":"probable_sourced","structure_id":"structure_cf153498babe577f7da1","nearest_sourced_footprint_m":14.4,"review_reason":"Sourced roof is beyond the high-confidence distance threshold"},"geometry":{"type":"Point","coordinates":[-80.916296,44.5737005]}},{"type":"Feature","properties":{"address_id":"address_5c3ba064cc3dc373f270","label":"1150 16th Street East","association_status":"probable_sourced","structure_id":"structure_5f31f513c20fc8bf7e79","nearest_sourced_footprint_m":20.4,"review_reason":"Sourced roof is beyond the high-confidence distance threshold"},"geometry":{"type":"Point","coordinates":[-80.9237412,44.5748477]}},{"type":"Feature","properties":{"address_id":"address_8a6255d3ab24a49eab94","label":"1800 8th Street East","association_status":"probable_sourced","structure_id":"structure_0827e6de6dec9cca8a97","nearest_sourced_footprint_m":16.3,"review_reason":"Sourced roof is beyond the high-confidence distance threshold"},"geometry":{"type":"Point","coordinates":[-80.91162459090911,44.57024007272727]}},{"type":"Feature","properties":{"address_id":"address_f449550237edfcac6bb6","label":"137 2nd Avenue East","association_status":"probable_sourced","structure_id":"structure_cf309d4e2708d7dc7603","nearest_sourced_footprint_m":14.5,"review_reason":"Sourced roof is beyond the high-confidence distance threshold"},"geometry":{"type":"Point","coordinates":[-80.93747330000001,44.54383788]}},{"type":"Feature","properties":{"address_id":"address_4e3669cfb599a405c1d1","label":"925 9th Avenue West","association_status":"probable_sourced","structure_id":"structure_ff135555073e1878ec04","nearest_sourced_footprint_m":15.4,"review_reason":"Sourced roof is beyond the high-confidence distance threshold"},"geometry":{"type":"Point","coordinates":[-80.9608700625,44.564529375000006]}},{"type":"Feature","properties":{"address_id":"address_853168122774220da9ca","label":"1450 8th Street East","association_status":"probable_sourced","structure_id":"structure_2dab70e39f37bf56fc7a","nearest_sourced_footprint_m":15.2,"review_reason":"Sourced roof is beyond the high-confidence distance threshold"},"geometry":{"type":"Point","coordinates":[-80.91971195833334,44.569145608333336]}},{"type":"Feature","properties":{"address_id":"address_5b7e359b31665ee5319a","label":"1800 8th Street East","association_status":"probable_sourced","structure_id":"structure_0827e6de6dec9cca8a97","nearest_sourced_footprint_m":16.3,"review_reason":"Sourced roof is beyond the high-confidence distance threshold"},"geometry":{"type":"Point","coordinates":[-80.91162459090911,44.57024007272727]}},{"type":"Feature","properties":{"address_id":"address_0cececc9f0980cbd84c5","label":"137 2nd Avenue East","association_status":"probable_sourced","structure_id":"structure_cf309d4e2708d7dc7603","nearest_sourced_footprint_m":14.5,"review_reason":"Sourced roof is beyond the high-confidence distance threshold"},"geometry":{"type":"Point","coordinates":[-80.93747330000001,44.54383788]}},{"type":"Feature","properties":{"address_id":"address_0d07aabee1037f0da601","label":"1450 8th Street East","association_status":"probable_sourced","structure_id":"structure_2dab70e39f37bf56fc7a","nearest_sourced_footprint_m":15.2,"review_reason":"Sourced roof is beyond the high-confidence distance threshold"},"geometry":{"type":"Point","coordinates":[-80.91971195833334,44.569145608333336]}}]}
