{"type":"FeatureCollection","features":[{"type":"Feature","properties":{"road_id":"road_33e86a9b73e2deca2a4e","name":"10th Concession","road_class":3,"lane_count":2,"speed_limit_kmh":80,"left_from":398190,"left_to":398208,"right_from":398189,"right_to":398207,"left_parity":"E","right_parity":"O","source":"Grey County road centrelines"},"geometry":{"type":"LineString","coordinates":[[-80.8914571090017,44.56041774674599],[-80.8918693701401,44.56218264174408]]}},{"type":"Feature","properties":{"road_id":"road_edf694d331c48da18ee8","name":"28th Avenue East","road_class":3,"lane_count":2,"speed_limit_kmh":50,"left_from":1800,"left_to":1998,"right_from":1801,"right_to":1999,"left_parity":"E","right_parity":"O","source":"Grey County road centrelines"},"geometry":{"type":"LineString","coordinates":[[-80.89611273396287,44.580674752699494],[-80.89694298479623,44.58420769823523]]}},{"type":"Feature","properties":{"road_id":"road_77735f34e1da075f18a0","name":"28th Avenue East","road_class":3,"lane_count":2,"speed_limit_kmh":80,"left_from":400,"left_to":798,"right_from":398209,"right_to":398293,"left_parity":"E","right_parity":"O","source":"Grey County road centrelines"},"geometry":{"type":"LineString","coordinates":[[-80.8918693701401,44.56218264174408],[-80.89240647284849,44.5645508473788],[-80.8935607451065,44.569606269228785]]}},{"type":"Feature","properties":{"road_id":"road_11716e0701edbe3257ba","name":"23rd Street West","road_class":3,"lane_count":2,"speed_limit_kmh":50,"left_from":701,"left_to":799,"right_from":700,"right_to":798,"left_parity":"O","right_parity":"E","source":"Grey County road centrelines"},"geometry":{"type":"LineString","coordinates":[[-80.9526894111927,44.58656722238035],[-80.95415313060822,44.586809823957815]]}},{"type":"Feature","properties":{"road_id":"road_d51ae56b45d84388cd47","name":"20th Street West","road_class":3,"lane_count":2,"speed_limit_kmh":50,"left_from":943,"left_to":953,"right_from":944,"right_to":954,"left_parity":"O","right_parity":"E","source":"Grey County road centrelines"},"geometry":{"type":"LineString","coordinates":[[-80.95707764542301,44.58265917393683],[-80.95559955026799,44.58242214640125]]}},{"type":"Feature","properties":{"road_id":"road_25ab63a139be8f9e2af7","name":"8th Avenue West","road_class":3,"lane_count":2,"speed_limit_kmh":50,"left_from":1900,"left_to":1998,"right_from":1901,"right_to":1999,"left_parity":"E","right_parity":"O","source":"Grey County road centrelines"},"geometry":{"type":"LineString","coordinates":[[-80.95599482875593,44.58118959877131],[-80.95559955026799,44.58242214640125]]}},{"type":"Feature","properties":{"road_id":"road_109833f09e97d7c2b656","name":"8th Avenue West","road_class":3,"lane_count":2,"speed_limit_kmh":50,"left_from":2194,"left_to":2298,"right_from":2195,"right_to":2299,"left_parity":"E","right_parity":"O","source":"Grey County road centrelines"},"geometry":{"type":"LineString","coordinates":[[-80.95489051270918,44.58458422052682],[-80.95415313060822,44.586809823957815]]}},{"type":"Feature","properties":{"road_id":"road_10f9b2757b1506deec54","name":"6th Avenue West","road_class":3,"lane_count":2,"speed_limit_kmh":50,"left_from":1900,"left_to":1998,"right_from":1901,"right_to":1999,"left_parity":"E","right_parity":"O","source":"Grey County road centrelines"},"geometry":{"type":"LineString","coordinates":[[-80.95305045937674,44.580691156187875],[-80.9526441846114,44.581931502947725]]}},{"type":"Feature","properties":{"road_id":"road_7297420a87f7a3c770fb","name":"20th Street West","road_class":3,"lane_count":2,"speed_limit_kmh":50,"left_from":929,"left_to":941,"right_from":930,"right_to":942,"left_parity":"O","right_parity":"E","source":"Grey County road centrelines"},"geometry":{"type":"LineString","coordinates":[[-80.95858727863101,44.58290268948044],[-80.95707764542301,44.58265917393683]]}},{"type":"Feature","properties":{"road_id":"road_2cf2db0d572ad2ce2941","name":"21st Street West","road_class":3,"lane_count":2,"speed_limit_kmh":50,"left_from":601,"left_to":699,"right_from":600,"right_to":698,"left_parity":"O","right_parity":"E","source":"Grey County road centrelines"},"geometry":{"type":"LineString","coordinates":[[-80.95224790180697,44.583162316961506],[-80.95292911404985,44.58327314076903]]}},{"type":"Feature","properties":{"road_id":"road_642f0825aa3484cd356d","name":"8th Avenue West","road_class":3,"lane_count":2,"speed_limit_kmh":50,"left_from":2600,"left_to":2698,"right_from":2601,"right_to":2699,"left_parity":"E","right_parity":"O","source":"Grey County road centrelines"},"geometry":{"type":"LineString","coordinates":[[-80.95293746029715,44.59050848189572],[-80.95256331826953,44.59177073285031]]}},{"type":"Feature","properties":{"road_id":"road_fac25bc01fcaa698bb82","name":"8th Avenue West","road_class":3,"lane_count":2,"speed_limit_kmh":50,"left_from":2400,"left_to":2598,"right_from":2401,"right_to":2599,"left_parity":"E","right_parity":"O","source":"Grey County road centrelines"},"geometry":{"type":"LineString","coordinates":[[-80.95377051028093,44.58807639553444],[-80.95293746029715,44.59050848189572]]}},{"type":"Feature","properties":{"road_id":"road_da3b3828c8a58431f9ec","name":"27th Street West","road_class":3,"lane_count":2,"speed_limit_kmh":50,"left_from":845,"left_to":887,"right_from":846,"right_to":888,"left_parity":"O","right_parity":"E","source":"Grey County road centrelines"},"geometry":{"type":"LineString","coordinates":[[-80.96537065227582,44.59389763514266],[-80.96017758234818,44.593024154110495]]}},{"type":"Feature","properties":{"road_id":"road_949f451e1dd9277609bc","name":"30th Street West","road_class":3,"lane_count":2,"speed_limit_kmh":50,"left_from":879,"left_to":889,"right_from":880,"right_to":888,"left_parity":"O","right_parity":"E","source":"Grey County road centrelines"},"geometry":{"type":"LineString","coordinates":[[-80.96030281738024,44.596963212894984],[-80.95901917514489,44.596752770376135]]}},{"type":"Feature","properties":{"road_id":"road_0c10c2d61e14579d9ce7","name":"30th Street West","road_class":3,"lane_count":2,"speed_limit_kmh":50,"left_from":869,"left_to":877,"right_from":868,"right_to":878,"left_parity":"O","right_parity":"E","source":"Grey County road centrelines"},"geometry":{"type":"LineString","coordinates":[[-80.9615686630915,44.597168491996015],[-80.96030281738024,44.596963212894984]]}},{"type":"Feature","properties":{"road_id":"road_e88f6dd9d556273b5a4a","name":"1st Avenue West","road_class":3,"lane_count":2,"speed_limit_kmh":50,"left_from":1200,"left_to":1298,"right_from":1201,"right_to":1299,"left_parity":"E","right_parity":"O","source":"Grey County road centrelines"},"geometry":{"type":"LineString","coordinates":[[-80.94520835289764,44.571751148125784],[-80.94530590005603,44.57220138210113]]}},{"type":"Feature","properties":{"road_id":"road_2b8c991e74a8b5e97449","name":"1st Avenue West","road_class":3,"lane_count":2,"speed_limit_kmh":50,"left_from":1300,"left_to":1398,"right_from":1301,"right_to":1399,"left_parity":"E","right_parity":"O","source":"Grey County road centrelines"},"geometry":{"type":"LineString","coordinates":[[-80.94530590005603,44.57220138210113],[-80.94548507263269,44.57302752564704]]}},{"type":"Feature","properties":{"road_id":"road_0cb5078cf1a6529d8ef1","name":"16th Street East","road_class":1,"lane_count":4,"speed_limit_kmh":50,"left_from":1200,"left_to":1598,"right_from":1201,"right_to":1599,"left_parity":"E","right_parity":"O","source":"Grey County road centrelines"},"geometry":{"type":"LineString","coordinates":[[-80.92330453549222,44.573956041311625],[-80.92294431016498,44.5740012528924],[-80.91684830312107,44.5747425154647],[-80.91635543794887,44.57480479900015]]}},{"type":"Feature","properties":{"road_id":"road_6b86fcb28a3972b5eef4","name":"9th Avenue East","road_class":1,"lane_count":4,"speed_limit_kmh":50,"left_from":1500,"left_to":1598,"right_from":1501,"right_to":1599,"left_parity":"E","right_parity":"O","source":"Grey County road centrelines"},"geometry":{"type":"LineString","coordinates":[[-80.92765392567132,44.57201087083839],[-80.92694971206559,44.57382383436705]]}},{"type":"Feature","properties":{"road_id":"road_a9a34f11ad1685a82e3f","name":"16th Street East","road_class":1,"lane_count":4,"speed_limit_kmh":50,"left_from":900,"left_to":1198,"right_from":901,"right_to":1199,"left_parity":"E","right_parity":"O","source":"Grey County road centrelines"},"geometry":{"type":"LineString","coordinates":[[-80.92694971206559,44.57382383436705],[-80.9268364003723,44.57379675584539],[-80.92650910099516,44.573732002446064],[-80.92647096661302,44.57372555276267],[-80.9264322618007,44.573721176397086],[-80.92581700566261,44.57366859151354],[-80.9257579791619,44.57366558071956],[-80.92569881791394,44.57366660458148],[-80.9256400645011,44.573671654140384],[-80.92380091217888,44.573893804860475],[-80.92330453549222,44.573956041311625]]}},{"type":"Feature","properties":{"road_id":"road_c3e613c5009904272a90","name":"8th Avenue West","road_class":3,"lane_count":2,"speed_limit_kmh":50,"left_from":2700,"left_to":2820,"right_from":2701,"right_to":2821,"left_parity":"E","right_parity":"O","source":"Grey County road centrelines"},"geometry":{"type":"LineString","coordinates":[[-80.95256331826953,44.59177073285031],[-80.95219969820882,44.59292153195894]]}},{"type":"Feature","properties":{"road_id":"road_a50c3d921b7a45920c76","name":"11th Street West","road_class":3,"lane_count":2,"speed_limit_kmh":50,"left_from":601,"left_to":799,"right_from":600,"right_to":798,"left_parity":"O","right_parity":"E","source":"Grey County road centrelines"},"geometry":{"type":"LineString","coordinates":[[-80.9538956330236,44.56836114006512],[-80.95767732297745,44.56792525216384]]}},{"type":"Feature","properties":{"road_id":"road_d29025fdaafee6621212","name":"6th Avenue West","road_class":3,"lane_count":2,"speed_limit_kmh":50,"left_from":950,"left_to":998,"right_from":951,"right_to":999,"left_parity":"E","right_parity":"O","source":"Grey County road centrelines"},"geometry":{"type":"LineString","coordinates":[[-80.95327940401005,44.565582346890515],[-80.95349295690929,44.566518595406905],[-80.9535821829732,44.56700825021984]]}},{"type":"Feature","properties":{"road_id":"road_89397c802eae9a0c8d8b","name":"6th Avenue West","road_class":3,"lane_count":2,"speed_limit_kmh":50,"left_from":1200,"left_to":1298,"right_from":1201,"right_to":1299,"left_parity":"E","right_parity":"O","source":"Grey County road centrelines"},"geometry":{"type":"LineString","coordinates":[[-80.95439468579147,44.5706940424037],[-80.95460724515401,44.571604470408204]]}},{"type":"Feature","properties":{"road_id":"road_db8589869a05e45fc725","name":"5th Avenue A West","road_class":3,"lane_count":2,"speed_limit_kmh":50,"left_from":1400,"left_to":1498,"right_from":1401,"right_to":1499,"left_parity":"E","right_parity":"O","source":"Grey County road centrelines"},"geometry":{"type":"LineString","coordinates":[[-80.95701070117141,44.573763360733764],[-80.95711801481356,44.57484877363287]]}},{"type":"Feature","properties":{"road_id":"road_bb8ad56b23fe3e1eaf88","name":"14th Street West","road_class":3,"lane_count":2,"speed_limit_kmh":50,"left_from":889,"left_to":907,"right_from":890,"right_to":908,"left_parity":"O","right_parity":"E","source":"Grey County road centrelines"},"geometry":{"type":"LineString","coordinates":[[-80.96605379140499,44.57504628184856],[-80.96356633931528,44.57466559472962]]}},{"type":"Feature","properties":{"road_id":"road_fcc1845fce1ef2bde162","name":"5th Avenue West","road_class":3,"lane_count":2,"speed_limit_kmh":50,"left_from":1300,"left_to":1398,"right_from":1301,"right_to":1399,"left_parity":"E","right_parity":"O","source":"Grey County road centrelines"},"geometry":{"type":"LineString","coordinates":[[-80.95284189482228,44.57180390240583],[-80.95295707501137,44.572200470201125]]}},{"type":"Feature","properties":{"road_id":"road_9815b9ceb91d4a8f3ec9","name":"5th Avenue West","road_class":3,"lane_count":2,"speed_limit_kmh":50,"left_from":1200,"left_to":1298,"right_from":1201,"right_to":1299,"left_parity":"E","right_parity":"O","source":"Grey County road centrelines"},"geometry":{"type":"LineString","coordinates":[[-80.95264470293931,44.570895543903134],[-80.95284189482228,44.57180390240583]]}},{"type":"Feature","properties":{"road_id":"road_62e015afde4627f968eb","name":"12th Street West","road_class":3,"lane_count":2,"speed_limit_kmh":50,"left_from":501,"left_to":599,"right_from":500,"right_to":598,"left_parity":"O","right_parity":"E","source":"Grey County road centrelines"},"geometry":{"type":"LineString","coordinates":[[-80.95264470293931,44.570895543903134],[-80.95439468579147,44.5706940424037]]}},{"type":"Feature","properties":{"road_id":"road_2bbac66254d0ad3e70ab","name":"13th Street West","road_class":3,"lane_count":2,"speed_limit_kmh":50,"left_from":501,"left_to":599,"right_from":500,"right_to":598,"left_parity":"O","right_parity":"E","source":"Grey County road centrelines"},"geometry":{"type":"LineString","coordinates":[[-80.95284189482228,44.57180390240583],[-80.95460707627075,44.571608101407236]]}},{"type":"Feature","properties":{"road_id":"road_fed66e8b781f9dc03c17","name":"8th Avenue East","road_class":3,"lane_count":2,"speed_limit_kmh":50,"left_from":2500,"left_to":2530,"right_from":2501,"right_to":2533,"left_parity":"E","right_parity":"O","source":"Grey County road centrelines"},"geometry":{"type":"LineString","coordinates":[[-80.92231955254613,44.58918820702448],[-80.922066492639,44.58998925620727]]}},{"type":"Feature","properties":{"road_id":"road_cb976d20a3a597614b78","name":"25th Street East","road_class":3,"lane_count":2,"speed_limit_kmh":50,"left_from":660,"left_to":798,"right_from":661,"right_to":799,"left_parity":"E","right_parity":"O","source":"Grey County road centrelines"},"geometry":{"type":"LineString","coordinates":[[-80.9239820502694,44.58953142999224],[-80.92231955254613,44.58918820702448]]}},{"type":"Feature","properties":{"road_id":"road_65563f2076a06e573b77","name":"8th Avenue East","road_class":3,"lane_count":2,"speed_limit_kmh":50,"left_from":2532,"left_to":2698,"right_from":2535,"right_to":2699,"left_parity":"E","right_parity":"O","source":"Grey County road centrelines"},"geometry":{"type":"LineString","coordinates":[[-80.922066492639,44.58998925620727],[-80.92153562873028,44.59128528094064],[-80.9213945186705,44.59172871063151],[-80.92138580501224,44.59176908110754],[-80.92138521751406,44.59181076616788],[-80.92139302656884,44.59185207696588],[-80.92140907047978,44.591892156926505],[-80.92143301327705,44.59193017058743],[-80.9214521698505,44.59195293923781],[-80.92168556922931,44.59220365480496]]}},{"type":"Feature","properties":{"road_id":"road_bd8f5ea1d8844cd7bc1e","name":"20th Street East","road_class":3,"lane_count":2,"speed_limit_kmh":50,"left_from":500,"left_to":598,"right_from":501,"right_to":599,"left_parity":"E","right_parity":"O","source":"Grey County road centrelines"},"geometry":{"type":"LineString","coordinates":[[-80.93085632533612,44.58261280398405],[-80.92921910710325,44.58229672030963]]}},{"type":"Feature","properties":{"road_id":"road_511309199a0545ff12a3","name":"5th Avenue East","road_class":3,"lane_count":2,"speed_limit_kmh":50,"left_from":1900,"left_to":1998,"right_from":1901,"right_to":1999,"left_parity":"E","right_parity":"O","source":"Grey County road centrelines"},"geometry":{"type":"LineString","coordinates":[[-80.93158908291001,44.58076771064438],[-80.93085632533612,44.58261280398405]]}},{"type":"Feature","properties":{"road_id":"road_6c6f76bf3e854ea52b0f","name":"6th Avenue East","road_class":3,"lane_count":2,"speed_limit_kmh":50,"left_from":1900,"left_to":1998,"right_from":1901,"right_to":1999,"left_parity":"E","right_parity":"O","source":"Grey County road centrelines"},"geometry":{"type":"LineString","coordinates":[[-80.92992676844304,44.58044261376265],[-80.92921910710325,44.58229672030963]]}},{"type":"Feature","properties":{"road_id":"road_aa96632a2e5f20d5838e","name":"19th Street East","road_class":3,"lane_count":2,"speed_limit_kmh":50,"left_from":500,"left_to":598,"right_from":501,"right_to":599,"left_parity":"E","right_parity":"O","source":"Grey County road centrelines"},"geometry":{"type":"LineString","coordinates":[[-80.93158908291001,44.58076771064438],[-80.92992676844304,44.58044261376265]]}},{"type":"Feature","properties":{"road_id":"road_7993b64e901f43c75c3c","name":"20th Street East","road_class":3,"lane_count":2,"speed_limit_kmh":50,"left_from":600,"left_to":698,"right_from":601,"right_to":699,"left_parity":"E","right_parity":"O","source":"Grey County road centrelines"},"geometry":{"type":"LineString","coordinates":[[-80.92921910710325,44.58229672030963],[-80.9274812092866,44.581953525003115]]}},{"type":"Feature","properties":{"road_id":"road_0772f12d93df60b27b36","name":"20th Street East","road_class":3,"lane_count":2,"speed_limit_kmh":50,"left_from":700,"left_to":798,"right_from":701,"right_to":799,"left_parity":"E","right_parity":"O","source":"Grey County road centrelines"},"geometry":{"type":"LineString","coordinates":[[-80.9274812092866,44.581953525003115],[-80.92576846609454,44.58162833621879]]}},{"type":"Feature","properties":{"road_id":"road_6eb9b9890b882c8f6e86","name":"19th Street East","road_class":3,"lane_count":2,"speed_limit_kmh":50,"left_from":800,"left_to":898,"right_from":801,"right_to":899,"left_parity":"E","right_parity":"O","source":"Grey County road centrelines"},"geometry":{"type":"LineString","coordinates":[[-80.92648878379838,44.579792257143566],[-80.92481391088374,44.579476087111196]]}},{"type":"Feature","properties":{"road_id":"road_9fcab7b3fe6d8b219856","name":"8th Avenue East","road_class":3,"lane_count":2,"speed_limit_kmh":50,"left_from":1600,"left_to":1698,"right_from":1601,"right_to":1699,"left_parity":"E","right_parity":"O","source":"Grey County road centrelines"},"geometry":{"type":"LineString","coordinates":[[-80.92866220013613,44.574176029975774],[-80.92789269517891,44.57601766401753]]}},{"type":"Feature","properties":{"road_id":"road_761e3bd311196ae843ad","name":"17th Street East","road_class":3,"lane_count":2,"speed_limit_kmh":50,"left_from":800,"left_to":898,"right_from":801,"right_to":899,"left_parity":"E","right_parity":"O","source":"Grey County road centrelines"},"geometry":{"type":"LineString","coordinates":[[-80.92789269517891,44.57601766401753],[-80.92624283675168,44.57570867671632]]}},{"type":"Feature","properties":{"road_id":"road_de4f51a6e7647ff6c5ba","name":"6th Avenue East","road_class":3,"lane_count":2,"speed_limit_kmh":50,"left_from":1600,"left_to":1698,"right_from":1601,"right_to":1699,"left_parity":"E","right_parity":"O","source":"Grey County road centrelines"},"geometry":{"type":"LineString","coordinates":[[-80.93206201626269,44.574871302612515],[-80.93136718376347,44.57667138191742]]}},{"type":"Feature","properties":{"road_id":"road_0d395e11786afabaafee","name":"16th Street East","road_class":3,"lane_count":2,"speed_limit_kmh":50,"left_from":600,"left_to":698,"right_from":601,"right_to":699,"left_parity":"E","right_parity":"O","source":"Grey County road centrelines"},"geometry":{"type":"LineString","coordinates":[[-80.93206201626269,44.574871302612515],[-80.9303117154069,44.574510145514346]]}},{"type":"Feature","properties":{"road_id":"road_7f05c9ece7e7026eca99","name":"5th Avenue East","road_class":3,"lane_count":2,"speed_limit_kmh":50,"left_from":1700,"left_to":1798,"right_from":1701,"right_to":1799,"left_parity":"E","right_parity":"O","source":"Grey County road centrelines"},"geometry":{"type":"LineString","coordinates":[[-80.93306717267512,44.57700550679433],[-80.93232186384009,44.57888661739326]]}},{"type":"Feature","properties":{"road_id":"road_9072e833ec30b647418f","name":"15th Street A East","road_class":3,"lane_count":2,"speed_limit_kmh":50,"left_from":800,"left_to":898,"right_from":801,"right_to":899,"left_parity":"E","right_parity":"O","source":"Grey County road centrelines"},"geometry":{"type":"LineString","coordinates":[[-80.9294075350223,44.57232194795623],[-80.92765392567132,44.57201087083839]]}},{"type":"Feature","properties":{"road_id":"road_f11e2dfe12a53d497e66","name":"8th Avenue East","road_class":3,"lane_count":2,"speed_limit_kmh":50,"left_from":1532,"left_to":1598,"right_from":1531,"right_to":1599,"left_parity":"E","right_parity":"O","source":"Grey County road centrelines"},"geometry":{"type":"LineString","coordinates":[[-80.9294075350223,44.57232194795623],[-80.92866220013613,44.574176029975774]]}},{"type":"Feature","properties":{"road_id":"road_fc880b3abc3ffc034d78","name":"16th Street East","road_class":3,"lane_count":2,"speed_limit_kmh":50,"left_from":800,"left_to":898,"right_from":801,"right_to":899,"left_parity":"E","right_parity":"O","source":"Grey County road centrelines"},"geometry":{"type":"LineString","coordinates":[[-80.92866220013613,44.574176029975774],[-80.92694971206559,44.57382383436705]]}},{"type":"Feature","properties":{"road_id":"road_e089c3d3947a504a5442","name":"17th Street East","road_class":3,"lane_count":2,"speed_limit_kmh":50,"left_from":500,"left_to":598,"right_from":501,"right_to":599,"left_parity":"E","right_parity":"O","source":"Grey County road centrelines"},"geometry":{"type":"LineString","coordinates":[[-80.93306717267512,44.57700550679433],[-80.93136718376347,44.57667138191742]]}},{"type":"Feature","properties":{"road_id":"road_e97e747036b8e4fa3088","name":"16th Street East","road_class":3,"lane_count":2,"speed_limit_kmh":50,"left_from":700,"left_to":798,"right_from":701,"right_to":799,"left_parity":"E","right_parity":"O","source":"Grey County road centrelines"},"geometry":{"type":"LineString","coordinates":[[-80.9303117154069,44.574510145514346],[-80.92866220013613,44.574176029975774]]}},{"type":"Feature","properties":{"road_id":"road_8cbe667d4bc7ea08f9c9","name":"15th Street East","road_class":3,"lane_count":2,"speed_limit_kmh":50,"left_from":600,"left_to":698,"right_from":601,"right_to":699,"left_parity":"E","right_parity":"O","source":"Grey County road centrelines"},"geometry":{"type":"LineString","coordinates":[[-80.9331341977751,44.57348553623597],[-80.93177521653183,44.57240442380338]]}},{"type":"Feature","properties":{"road_id":"road_57c4ece3b73211b68b3f","name":"7th Avenue East","road_class":3,"lane_count":2,"speed_limit_kmh":50,"left_from":1600,"left_to":1698,"right_from":1601,"right_to":1699,"left_parity":"E","right_parity":"O","source":"Grey County road centrelines"},"geometry":{"type":"LineString","coordinates":[[-80.9303117154069,44.574510145514346],[-80.929616801161,44.576337238483625]]}},{"type":"Feature","properties":{"road_id":"road_6115601a72832beb5352","name":"18th Street A East","road_class":3,"lane_count":2,"speed_limit_kmh":50,"left_from":500,"left_to":598,"right_from":501,"right_to":599,"left_parity":"E","right_parity":"O","source":"Grey County road centrelines"},"geometry":{"type":"LineString","coordinates":[[-80.93200275350509,44.579689662177465],[-80.93033971948758,44.579372582998865]]}},{"type":"Feature","properties":{"road_id":"road_95fbad5a54e725baae86","name":"8th Avenue East","road_class":3,"lane_count":2,"speed_limit_kmh":50,"left_from":2000,"left_to":2098,"right_from":2001,"right_to":2099,"left_parity":"E","right_parity":"O","source":"Grey County road centrelines"},"geometry":{"type":"LineString","coordinates":[[-80.92576846609454,44.58162833621879],[-80.92501737210907,44.58352441074005]]}},{"type":"Feature","properties":{"road_id":"road_df3eb865086224fb0672","name":"20th Street East","road_class":3,"lane_count":2,"speed_limit_kmh":50,"left_from":800,"left_to":898,"right_from":801,"right_to":899,"left_parity":"E","right_parity":"O","source":"Grey County road centrelines"},"geometry":{"type":"LineString","coordinates":[[-80.92576846609454,44.58162833621879],[-80.92410615971242,44.58130315585284]]}},{"type":"Feature","properties":{"road_id":"road_539ba8aa1110571c5daf","name":"5th Avenue East","road_class":3,"lane_count":2,"speed_limit_kmh":50,"left_from":2000,"left_to":2098,"right_from":2001,"right_to":2099,"left_parity":"E","right_parity":"O","source":"Grey County road centrelines"},"geometry":{"type":"LineString","coordinates":[[-80.93085632533612,44.58261280398405],[-80.93067943088701,44.58306282398433],[-80.92961979434753,44.58430453665624]]}},{"type":"Feature","properties":{"road_id":"road_873777c696b55987c0d7","name":"19th Street East","road_class":3,"lane_count":2,"speed_limit_kmh":50,"left_from":600,"left_to":698,"right_from":601,"right_to":699,"left_parity":"E","right_parity":"O","source":"Grey County road centrelines"},"geometry":{"type":"LineString","coordinates":[[-80.92992676844304,44.58044261376265],[-80.92818887332135,44.580117446599935]]}},{"type":"Feature","properties":{"road_id":"road_692359af30976165e43e","name":"19th Street East","road_class":3,"lane_count":2,"speed_limit_kmh":50,"left_from":700,"left_to":798,"right_from":701,"right_to":799,"left_parity":"E","right_parity":"O","source":"Grey County road centrelines"},"geometry":{"type":"LineString","coordinates":[[-80.92818887332135,44.580117446599935],[-80.92648878379838,44.579792257143566]]}},{"type":"Feature","properties":{"road_id":"road_31aaef008cb25ced5417","name":"8th Avenue East","road_class":3,"lane_count":2,"speed_limit_kmh":50,"left_from":1900,"left_to":1998,"right_from":1901,"right_to":1999,"left_parity":"E","right_parity":"O","source":"Grey County road centrelines"},"geometry":{"type":"LineString","coordinates":[[-80.92648878379838,44.579792257143566],[-80.92576846609454,44.58162833621879]]}},{"type":"Feature","properties":{"road_id":"road_7f5c14de9fc20275b2a1","name":"21st Street A East","road_class":3,"lane_count":2,"speed_limit_kmh":50,"left_from":700,"left_to":798,"right_from":701,"right_to":799,"left_parity":"E","right_parity":"O","source":"Grey County road centrelines"},"geometry":{"type":"LineString","coordinates":[[-80.92585537989491,44.58471994105695],[-80.92460911566022,44.58448018488172]]}},{"type":"Feature","properties":{"road_id":"road_7922ccade8f87dc78867","name":"8th Avenue East","road_class":3,"lane_count":2,"speed_limit_kmh":50,"left_from":2100,"left_to":2150,"right_from":2101,"right_to":2151,"left_parity":"E","right_parity":"O","source":"Grey County road centrelines"},"geometry":{"type":"LineString","coordinates":[[-80.92501737210907,44.58352441074005],[-80.92460911566022,44.58448018488172]]}},{"type":"Feature","properties":{"road_id":"road_804d0ef07f80694b41f7","name":"15th Street East","road_class":3,"lane_count":2,"speed_limit_kmh":50,"left_from":700,"left_to":798,"right_from":701,"right_to":799,"left_parity":"E","right_parity":"O","source":"Grey County road centrelines"},"geometry":{"type":"LineString","coordinates":[[-80.93177521653183,44.57240442380338],[-80.93034078039793,44.571278225436636]]}},{"type":"Feature","properties":{"road_id":"road_ffd9984ad8aa3c342cea","name":"6th Avenue East","road_class":3,"lane_count":2,"speed_limit_kmh":50,"left_from":1700,"left_to":1798,"right_from":1701,"right_to":1799,"left_parity":"E","right_parity":"O","source":"Grey County road centrelines"},"geometry":{"type":"LineString","coordinates":[[-80.93136718376347,44.57667138191742],[-80.93064699362041,44.57856150487454]]}},{"type":"Feature","properties":{"road_id":"road_d71723b35b4ed9413617","name":"17th Street East","road_class":3,"lane_count":2,"speed_limit_kmh":50,"left_from":700,"left_to":798,"right_from":701,"right_to":799,"left_parity":"E","right_parity":"O","source":"Grey County road centrelines"},"geometry":{"type":"LineString","coordinates":[[-80.929616801161,44.576337238483625],[-80.92789269517891,44.57601766401753]]}},{"type":"Feature","properties":{"road_id":"road_ace465db79041531c0e7","name":"17th Street East","road_class":3,"lane_count":2,"speed_limit_kmh":50,"left_from":600,"left_to":698,"right_from":601,"right_to":699,"left_parity":"E","right_parity":"O","source":"Grey County road centrelines"},"geometry":{"type":"LineString","coordinates":[[-80.93136718376347,44.57667138191742],[-80.929616801161,44.576337238483625]]}},{"type":"Feature","properties":{"road_id":"road_4621c1181323f54623ed","name":"18th Street East","road_class":3,"lane_count":2,"speed_limit_kmh":50,"left_from":500,"left_to":598,"right_from":501,"right_to":599,"left_parity":"E","right_parity":"O","source":"Grey County road centrelines"},"geometry":{"type":"LineString","coordinates":[[-80.93232186384009,44.57888661739326],[-80.93064699362041,44.57856150487454]]}},{"type":"Feature","properties":{"road_id":"road_07f82fdf753f0499b7d4","name":"18th Street East","road_class":3,"lane_count":2,"speed_limit_kmh":50,"left_from":600,"left_to":698,"right_from":601,"right_to":699,"left_parity":"E","right_parity":"O","source":"Grey County road centrelines"},"geometry":{"type":"LineString","coordinates":[[-80.93064699362041,44.57856150487454],[-80.92889656969545,44.57821834254746]]}},{"type":"Feature","properties":{"road_id":"road_759da05a86b31ffbbf40","name":"18th Street East","road_class":3,"lane_count":2,"speed_limit_kmh":50,"left_from":700,"left_to":798,"right_from":701,"right_to":799,"left_parity":"E","right_parity":"O","source":"Grey County road centrelines"},"geometry":{"type":"LineString","coordinates":[[-80.92889656969545,44.57821834254746],[-80.9271587958463,44.577875142362544]]}},{"type":"Feature","properties":{"road_id":"road_d1e194873c2ea8112481","name":"18th Street East","road_class":3,"lane_count":2,"speed_limit_kmh":50,"left_from":800,"left_to":898,"right_from":801,"right_to":899,"left_parity":"E","right_parity":"O","source":"Grey County road centrelines"},"geometry":{"type":"LineString","coordinates":[[-80.9271587958463,44.577875142362544],[-80.92553432021575,44.577550005632006]]}},{"type":"Feature","properties":{"road_id":"road_ed4eb9d800b0353a5f71","name":"15th Street East","road_class":3,"lane_count":2,"speed_limit_kmh":50,"left_from":800,"left_to":898,"right_from":801,"right_to":899,"left_parity":"E","right_parity":"O","source":"Grey County road centrelines"},"geometry":{"type":"LineString","coordinates":[[-80.93034078039793,44.571278225436636],[-80.92843214518513,44.56988704261378]]}},{"type":"Feature","properties":{"road_id":"road_67b684c1c1e974e9e229","name":"8th Avenue East","road_class":3,"lane_count":2,"speed_limit_kmh":50,"left_from":1000,"left_to":1498,"right_from":1001,"right_to":1499,"left_parity":"E","right_parity":"O","source":"Grey County road centrelines"},"geometry":{"type":"LineString","coordinates":[[-80.93114885182692,44.56916079760957],[-80.9312030004756,44.569413027073345],[-80.93113914193701,44.569534218829254],[-80.93112439160005,44.569561619315024],[-80.931115402159,44.569590267707085],[-80.93111236854828,44.56961954644396],[-80.9311153554466,44.56964882836583],[-80.93112221408381,44.570792576150126],[-80.93034078039793,44.571278225436636]]}},{"type":"Feature","properties":{"road_id":"road_78c970942a502fbc7777","name":"7th Avenue East","road_class":3,"lane_count":2,"speed_limit_kmh":50,"left_from":1700,"left_to":1798,"right_from":1701,"right_to":1799,"left_parity":"E","right_parity":"O","source":"Grey County road centrelines"},"geometry":{"type":"LineString","coordinates":[[-80.929616801161,44.576337238483625],[-80.92889656969545,44.57821834254746]]}},{"type":"Feature","properties":{"road_id":"road_7cad5565ded2f0137a2b","name":"8th Avenue East","road_class":3,"lane_count":2,"speed_limit_kmh":50,"left_from":1700,"left_to":1798,"right_from":1701,"right_to":1799,"left_parity":"E","right_parity":"O","source":"Grey County road centrelines"},"geometry":{"type":"LineString","coordinates":[[-80.92789269517891,44.57601766401753],[-80.92747453660067,44.577182144563324],[-80.9271587958463,44.577875142362544]]}},{"type":"Feature","properties":{"road_id":"road_32964e3ed73c19711de8","name":"15th Street East","road_class":3,"lane_count":2,"speed_limit_kmh":50,"left_from":400,"left_to":598,"right_from":401,"right_to":599,"left_parity":"E","right_parity":"O","source":"Grey County road centrelines"},"geometry":{"type":"LineString","coordinates":[[-80.93513919796338,44.575122530187535],[-80.9349054644113,44.57500589399902],[-80.9331341977751,44.57348553623597]]}},{"type":"Feature","properties":{"road_id":"road_78c6c1db190f0105b2fe","name":"7th Avenue East","road_class":3,"lane_count":2,"speed_limit_kmh":50,"left_from":1500,"left_to":1598,"right_from":1501,"right_to":1599,"left_parity":"E","right_parity":"O","source":"Grey County road centrelines"},"geometry":{"type":"LineString","coordinates":[[-80.93177521653183,44.57240442380338],[-80.93089293887047,44.57296204444037],[-80.9303117154069,44.574510145514346]]}},{"type":"Feature","properties":{"road_id":"road_264e5a0d28f377bf7783","name":"8th Avenue East","road_class":3,"lane_count":2,"speed_limit_kmh":50,"left_from":1500,"left_to":1530,"right_from":1501,"right_to":1529,"left_parity":"E","right_parity":"O","source":"Grey County road centrelines"},"geometry":{"type":"LineString","coordinates":[[-80.93034078039793,44.571278225436636],[-80.92963495251963,44.57173691149481],[-80.9294075350223,44.57232194795623]]}},{"type":"Feature","properties":{"road_id":"road_6795352ad1cba72a02bf","name":"6th Avenue East","road_class":3,"lane_count":2,"speed_limit_kmh":50,"left_from":1500,"left_to":1598,"right_from":1501,"right_to":1599,"left_parity":"E","right_parity":"O","source":"Grey County road centrelines"},"geometry":{"type":"LineString","coordinates":[[-80.9331341977751,44.57348553623597],[-80.93246059605931,44.57392071184082],[-80.932435992102,44.57393906064346],[-80.93241530749425,44.57395973167552],[-80.93239896624092,44.573982304513464],[-80.93238730071863,44.57400631266074],[-80.93206201626269,44.574871302612515]]}},{"type":"Feature","properties":{"road_id":"road_028f41691ea1d23845be","name":"7th Avenue East","road_class":3,"lane_count":2,"speed_limit_kmh":50,"left_from":1400,"left_to":1498,"right_from":1401,"right_to":1499,"left_parity":"E","right_parity":"O","source":"Grey County road centrelines"},"geometry":{"type":"LineString","coordinates":[[-80.93266996550425,44.5719458172419],[-80.93251875388911,44.57199973986136],[-80.93177521653183,44.57240442380338]]}},{"type":"Feature","properties":{"road_id":"road_ee0de585b78f540920a1","name":"15th Street B East","road_class":3,"lane_count":2,"speed_limit_kmh":50,"left_from":1200,"left_to":1298,"right_from":1201,"right_to":1299,"left_parity":"E","right_parity":"O","source":"Grey County road centrelines"},"geometry":{"type":"LineString","coordinates":[[-80.92293364536592,44.57253382917843],[-80.92230384819833,44.57260544903185],[-80.92173680014996,44.57268694731228]]}},{"type":"Feature","properties":{"road_id":"road_026f1dbaeef03d1babb5","name":"10th Avenue East","road_class":3,"lane_count":2,"speed_limit_kmh":50,"left_from":1200,"left_to":1298,"right_from":1201,"right_to":1299,"left_parity":"E","right_parity":"O","source":"Grey County road centrelines"},"geometry":{"type":"LineString","coordinates":[[-80.92583405478838,44.5713530119755],[-80.92616906260898,44.57173281719092]]}},{"type":"Feature","properties":{"road_id":"road_bc597a15f0a638133e82","name":"15th Street A East","road_class":3,"lane_count":2,"speed_limit_kmh":50,"left_from":900,"left_to":998,"right_from":901,"right_to":999,"left_parity":"E","right_parity":"O","source":"Grey County road centrelines"},"geometry":{"type":"LineString","coordinates":[[-80.92765392567132,44.57201087083839],[-80.92616906260898,44.57173281719092]]}},{"type":"Feature","properties":{"road_id":"road_b05856c462356d5e46e3","name":"15th Street B East","road_class":3,"lane_count":2,"speed_limit_kmh":50,"left_from":1000,"left_to":1198,"right_from":1001,"right_to":1199,"left_parity":"E","right_parity":"O","source":"Grey County road centrelines"},"geometry":{"type":"LineString","coordinates":[[-80.92616906260898,44.57173281719092],[-80.92593165225243,44.57216668253555],[-80.92293364536592,44.57253382917843]]}},{"type":"Feature","properties":{"road_id":"road_4db949d1f0338c1d8ea6","name":"10th Avenue East","road_class":3,"lane_count":2,"speed_limit_kmh":50,"left_from":1000,"left_to":1098,"right_from":1001,"right_to":1099,"left_parity":"E","right_parity":"O","source":"Grey County road centrelines"},"geometry":{"type":"LineString","coordinates":[[-80.92666529466686,44.569637444793244],[-80.92671521225058,44.570006588700295],[-80.92645830575741,44.57067399095913],[-80.92637854434334,44.57076874074133]]}},{"type":"Feature","properties":{"road_id":"road_72e878ed4e1dcc1019be","name":"12th Street East","road_class":3,"lane_count":2,"speed_limit_kmh":50,"left_from":1000,"left_to":1098,"right_from":1001,"right_to":1099,"left_parity":"E","right_parity":"O","source":"Grey County road centrelines"},"geometry":{"type":"LineString","coordinates":[[-80.92583405478838,44.5713530119755],[-80.92554214364355,44.571419236042516],[-80.9240919061438,44.57158853918932]]}},{"type":"Feature","properties":{"road_id":"road_9c037c5cb1b7620c56f8","name":"10th Avenue East","road_class":3,"lane_count":2,"speed_limit_kmh":50,"left_from":1100,"left_to":1198,"right_from":1101,"right_to":1199,"left_parity":"E","right_parity":"O","source":"Grey County road centrelines"},"geometry":{"type":"LineString","coordinates":[[-80.92637854434334,44.57076874074133],[-80.92622275671013,44.57103256859402],[-80.92583405478838,44.5713530119755]]}},{"type":"Feature","properties":{"road_id":"road_3ffaa78c08b6d05730f7","name":"9th Street East","road_class":3,"lane_count":2,"speed_limit_kmh":50,"left_from":700,"left_to":798,"right_from":701,"right_to":799,"left_parity":"E","right_parity":"O","source":"Grey County road centrelines"},"geometry":{"type":"LineString","coordinates":[[-80.93267570843388,44.56696737743753],[-80.93004332485117,44.56726287871894]]}},{"type":"Feature","properties":{"road_id":"road_589bbaa7c3604b6ec65d","name":"8th Avenue East","road_class":3,"lane_count":2,"speed_limit_kmh":50,"left_from":800,"left_to":898,"right_from":801,"right_to":899,"left_parity":"E","right_parity":"O","source":"Grey County road centrelines"},"geometry":{"type":"LineString","coordinates":[[-80.92958405577227,44.56541254689708],[-80.93004332485117,44.56726287871894]]}},{"type":"Feature","properties":{"road_id":"road_cd32adbecd296d9dc523","name":"6th Street A East","road_class":3,"lane_count":2,"speed_limit_kmh":50,"left_from":700,"left_to":798,"right_from":701,"right_to":799,"left_parity":"E","right_parity":"O","source":"Grey County road centrelines"},"geometry":{"type":"LineString","coordinates":[[-80.9302956050206,44.5624036145159],[-80.92892862158479,44.562562419796166]]}},{"type":"Feature","properties":{"road_id":"road_cc8f5f8f8cd34b86f4ce","name":"7th Street East","road_class":3,"lane_count":2,"speed_limit_kmh":50,"left_from":800,"left_to":898,"right_from":801,"right_to":899,"left_parity":"E","right_parity":"O","source":"Grey County road centrelines"},"geometry":{"type":"LineString","coordinates":[[-80.9291440313017,44.56351295108367],[-80.92703137790808,44.56374028767106]]}},{"type":"Feature","properties":{"road_id":"road_505c3963c68f7cc2a48a","name":"9th Street A East","road_class":3,"lane_count":2,"speed_limit_kmh":50,"left_from":800,"left_to":898,"right_from":801,"right_to":899,"left_parity":"E","right_parity":"O","source":"Grey County road centrelines"},"geometry":{"type":"LineString","coordinates":[[-80.93025756047001,44.5683793479081],[-80.92895838187181,44.56851535713425]]}},{"type":"Feature","properties":{"road_id":"road_783e87c6d39d6add7ed3","name":"9th Street A East","road_class":3,"lane_count":2,"speed_limit_kmh":50,"left_from":700,"left_to":798,"right_from":701,"right_to":799,"left_parity":"E","right_parity":"O","source":"Grey County road centrelines"},"geometry":{"type":"LineString","coordinates":[[-80.93290118287524,44.568002816670266],[-80.93025756047001,44.5683793479081]]}},{"type":"Feature","properties":{"road_id":"road_c62dcec079cf81b4143e","name":"6th Street East","road_class":2,"lane_count":2,"speed_limit_kmh":50,"left_from":700,"left_to":798,"right_from":701,"right_to":799,"left_parity":"E","right_parity":"O","source":"Grey County road centrelines"},"geometry":{"type":"LineString","coordinates":[[-80.93135694566416,44.56132411831224],[-80.93091650437532,44.561374679641126],[-80.93007258118332,44.56147153048768],[-80.928750631191,44.561622507347174],[-80.92870511175893,44.561627636677386]]}},{"type":"Feature","properties":{"road_id":"road_28255f2e11b9a77927e5","name":"6th Street East","road_class":2,"lane_count":2,"speed_limit_kmh":50,"left_from":800,"left_to":898,"right_from":801,"right_to":899,"left_parity":"E","right_parity":"O","source":"Grey County road centrelines"},"geometry":{"type":"LineString","coordinates":[[-80.92870511175893,44.561627636677386],[-80.92770266286875,44.561740559273154],[-80.92659920650974,44.56184876580775]]}},{"type":"Feature","properties":{"road_id":"road_e64a1d175cb152ffff66","name":"6th Street A East","road_class":3,"lane_count":2,"speed_limit_kmh":50,"left_from":600,"left_to":698,"right_from":601,"right_to":699,"left_parity":"E","right_parity":"O","source":"Grey County road centrelines"},"geometry":{"type":"LineString","coordinates":[[-80.93414707610573,44.56194308577631],[-80.93157774886608,44.56223771076499]]}},{"type":"Feature","properties":{"road_id":"road_6e17c8e431139a73e07f","name":"11th Avenue East","road_class":3,"lane_count":2,"speed_limit_kmh":50,"left_from":800,"left_to":998,"right_from":801,"right_to":999,"left_parity":"E","right_parity":"O","source":"Grey County road centrelines"},"geometry":{"type":"LineString","coordinates":[[-80.92295828615417,44.566165675669886],[-80.92389419772955,44.56996872965035]]}},{"type":"Feature","properties":{"road_id":"road_9e0a8666ad0f092b284c","name":"10th Avenue East","road_class":3,"lane_count":2,"speed_limit_kmh":50,"left_from":800,"left_to":998,"right_from":801,"right_to":999,"left_parity":"E","right_parity":"O","source":"Grey County road centrelines"},"geometry":{"type":"LineString","coordinates":[[-80.92422928999179,44.56601809746931],[-80.92516639542819,44.56981652397695]]}},{"type":"Feature","properties":{"road_id":"road_7c8727269aa03f64c763","name":"10th Street East","road_class":3,"lane_count":2,"speed_limit_kmh":50,"left_from":1058,"left_to":1098,"right_from":1001,"right_to":1099,"left_parity":"E","right_parity":"O","source":"Grey County road centrelines"},"geometry":{"type":"LineString","coordinates":[[-80.92516639542819,44.56981652397695],[-80.92389419772955,44.56996872965035]]}},{"type":"Feature","properties":{"road_id":"road_758437e57c8d6a3912ff","name":"9th Street East","road_class":3,"lane_count":2,"speed_limit_kmh":50,"left_from":900,"left_to":998,"right_from":901,"right_to":999,"left_parity":"E","right_parity":"O","source":"Grey County road centrelines"},"geometry":{"type":"LineString","coordinates":[[-80.92793991242688,44.567513651495574],[-80.92577024565712,44.56777529450739]]}},{"type":"Feature","properties":{"road_id":"road_599d305752877f726c50","name":"7th Avenue East","road_class":3,"lane_count":2,"speed_limit_kmh":50,"left_from":500,"left_to":598,"right_from":501,"right_to":599,"left_parity":"E","right_parity":"O","source":"Grey County road centrelines"},"geometry":{"type":"LineString","coordinates":[[-80.93163849743713,44.560106758936115],[-80.93190375197425,44.561260493516144]]}},{"type":"Feature","properties":{"road_id":"road_f853270cde990a04877d","name":"4th Street A East","road_class":3,"lane_count":2,"speed_limit_kmh":50,"left_from":600,"left_to":698,"right_from":601,"right_to":699,"left_parity":"E","right_parity":"O","source":"Grey County road centrelines"},"geometry":{"type":"LineString","coordinates":[[-80.93351703639298,44.55803727076637],[-80.93122511070972,44.55828797513912]]}},{"type":"Feature","properties":{"road_id":"road_171f5e44b30e305c691a","name":"7th Avenue East","road_class":3,"lane_count":2,"speed_limit_kmh":50,"left_from":300,"left_to":398,"right_from":301,"right_to":399,"left_parity":"E","right_parity":"O","source":"Grey County road centrelines"},"geometry":{"type":"LineString","coordinates":[[-80.93067391343453,44.55590196277552],[-80.93104969668417,44.55754966426513]]}},{"type":"Feature","properties":{"road_id":"road_89d383b79615b02d73ac","name":"17th Street East","road_class":3,"lane_count":2,"speed_limit_kmh":50,"left_from":1500,"left_to":1598,"right_from":1501,"right_to":1599,"left_parity":"E","right_parity":"O","source":"Grey County road centrelines"},"geometry":{"type":"LineString","coordinates":[[-80.91747234478264,44.57601539305552],[-80.91665921134702,44.576115381847245]]}},{"type":"Feature","properties":{"road_id":"road_972a5da0232a28a66009","name":"17th Street East","road_class":3,"lane_count":2,"speed_limit_kmh":50,"left_from":1600,"left_to":1798,"right_from":1601,"right_to":1799,"left_parity":"E","right_parity":"O","source":"Grey County road centrelines"},"geometry":{"type":"LineString","coordinates":[[-80.91665921134702,44.576115381847245],[-80.91341059425919,44.576494664531204]]}},{"type":"Feature","properties":{"road_id":"road_f99b8a395ad5abac4bcc","name":"2nd Street East","road_class":3,"lane_count":2,"speed_limit_kmh":50,"left_from":600,"left_to":698,"right_from":601,"right_to":699,"left_parity":"E","right_parity":"O","source":"Grey County road centrelines"},"geometry":{"type":"LineString","coordinates":[[-80.93135832367982,44.553201079221765],[-80.93010504270444,44.55337819193301]]}},{"type":"Feature","properties":{"road_id":"road_a55b6c899ad8caa986b6","name":"7th Avenue East","road_class":3,"lane_count":2,"speed_limit_kmh":50,"left_from":100,"left_to":198,"right_from":101,"right_to":199,"left_parity":"E","right_parity":"O","source":"Grey County road centrelines"},"geometry":{"type":"LineString","coordinates":[[-80.92961004942332,44.55060773504621],[-80.92954666429688,44.55095883059097],[-80.93010504270444,44.55337819193301]]}},{"type":"Feature","properties":{"road_id":"road_7b13e10db0d16bdd8f5b","name":"1st Street East","road_class":3,"lane_count":2,"speed_limit_kmh":50,"left_from":500,"left_to":698,"right_from":501,"right_to":699,"left_parity":"E","right_parity":"O","source":"Grey County road centrelines"},"geometry":{"type":"LineString","coordinates":[[-80.93288310248352,44.55087079459595],[-80.9315724550941,44.5504268068165],[-80.93153557296347,44.55041663324385],[-80.93149699032202,44.55041047161218],[-80.93145756056926,44.55040845763868],[-80.93141814518953,44.55041063485542],[-80.92961004942332,44.55060773504621]]}},{"type":"Feature","properties":{"road_id":"road_c566a8741b400744a2f0","name":"6th Avenue East","road_class":3,"lane_count":2,"speed_limit_kmh":50,"left_from":100,"left_to":198,"right_from":101,"right_to":199,"left_parity":"E","right_parity":"O","source":"Grey County road centrelines"},"geometry":{"type":"LineString","coordinates":[[-80.9309334888224,44.5516230278286],[-80.93110586833889,44.5527286836292],[-80.93113235426674,44.5528668521591],[-80.93118554171807,44.552962162903874],[-80.93135832367982,44.553201079221765]]}},{"type":"Feature","properties":{"road_id":"road_970665190ad5711d8afb","name":"5th Avenue East","road_class":3,"lane_count":2,"speed_limit_kmh":50,"left_from":100,"left_to":198,"right_from":101,"right_to":199,"left_parity":"E","right_parity":"O","source":"Grey County road centrelines"},"geometry":{"type":"LineString","coordinates":[[-80.93288310248352,44.55087079459595],[-80.93319785239613,44.550879987357376],[-80.9334541067124,44.55080075479648],[-80.9334766409513,44.55079531531197],[-80.9335001202179,44.55079259652978],[-80.93352390491165,44.55079267142911],[-80.93354734914394,44.55079554000999],[-80.93356981780585,44.550801122891535],[-80.93359069644966,44.55080926899388],[-80.93360942183176,44.550819757459145],[-80.93362548191242,44.5508323008519],[-80.93363844370364,44.55084656244425],[-80.9341791010456,44.551564769742306],[-80.93427893531471,44.55233904776026],[-80.93313332281602,44.55224835723331],[-80.93312627822755,44.552061135014284],[-80.93311879436293,44.55199392099861],[-80.9331014838274,44.55192763896795],[-80.93307453975876,44.551863022541404],[-80.93303825949938,44.55180078485643],[-80.9326870128334,44.55127757418018],[-80.93267571562039,44.55125683363195],[-80.9326689396282,44.55123510978983],[-80.93266684296033,44.55121290261826],[-80.93266947053255,44.55119072424544],[-80.93267676485264,44.551169086160264],[-80.93268855524074,44.55114848768923],[-80.93288310248352,44.55087079459595]]}},{"type":"Feature","properties":{"road_id":"road_bf55cce1f9d849918dcd","name":"3rd Street East","road_class":3,"lane_count":2,"speed_limit_kmh":50,"left_from":600,"left_to":698,"right_from":601,"right_to":699,"left_parity":"E","right_parity":"O","source":"Grey County road centrelines"},"geometry":{"type":"LineString","coordinates":[[-80.93169367825013,44.55597458631432],[-80.93147381738096,44.555883714540876],[-80.93141985109027,44.555865415091745],[-80.93136245503182,44.55585359866813],[-80.93130314286685,44.55584857444697],[-80.93124347407074,44.5558504768531],[-80.93067391343453,44.55590196277552]]}},{"type":"Feature","properties":{"road_id":"road_df634e339f2aa649658e","name":"6th Avenue East","road_class":3,"lane_count":2,"speed_limit_kmh":50,"left_from":300,"left_to":398,"right_from":301,"right_to":399,"left_parity":"E","right_parity":"O","source":"Grey County road centrelines"},"geometry":{"type":"LineString","coordinates":[[-80.93271845835994,44.55658203829191],[-80.93234591263857,44.55687177447225],[-80.93232015614274,44.556895056129775],[-80.93229950117941,44.55692080663573],[-80.93228440409274,44.55694845822041],[-80.93227519636108,44.556977404068675],[-80.93227208100367,44.55700700472185],[-80.93227208010536,44.55700779460151],[-80.93227395309272,44.55741194403658]]}},{"type":"Feature","properties":{"road_id":"road_4eba18d869b791a546a2","name":"6th Avenue East","road_class":3,"lane_count":2,"speed_limit_kmh":50,"left_from":200,"left_to":298,"right_from":201,"right_to":299,"left_parity":"E","right_parity":"O","source":"Grey County road centrelines"},"geometry":{"type":"LineString","coordinates":[[-80.93135832367982,44.553201079221765],[-80.93163713379455,44.553491227199814],[-80.93168704688668,44.55353889616341],[-80.9317602568874,44.55360444276498],[-80.93181016369132,44.553658067441354],[-80.93188839796942,44.55370098903944],[-80.93199993549004,44.553752266900055],[-80.932093355788,44.55379040343934],[-80.9322147774717,44.553820496054804],[-80.93289983719895,44.553983867766895],[-80.9330912088972,44.553899418521915]]}},{"type":"Feature","properties":{"road_id":"road_a90ecef44eb24660019a","name":"5th Street East","road_class":3,"lane_count":2,"speed_limit_kmh":50,"left_from":600,"left_to":698,"right_from":601,"right_to":699,"left_parity":"E","right_parity":"O","source":"Grey County road centrelines"},"geometry":{"type":"LineString","coordinates":[[-80.93240683278786,44.5598911507887],[-80.93161344522052,44.55998070353202]]}},{"type":"Feature","properties":{"road_id":"road_157ed20ad4cb6ee296ec","name":"6th Street East","road_class":3,"lane_count":2,"speed_limit_kmh":50,"left_from":900,"left_to":1198,"right_from":901,"right_to":1199,"left_parity":"E","right_parity":"O","source":"Grey County road centrelines"},"geometry":{"type":"LineString","coordinates":[[-80.92659920650974,44.56184876580775],[-80.92137252881066,44.56250247400439]]}},{"type":"Feature","properties":{"road_id":"road_a8e418e756582f193d23","name":"7th Street East","road_class":3,"lane_count":2,"speed_limit_kmh":50,"left_from":900,"left_to":1198,"right_from":901,"right_to":1199,"left_parity":"E","right_parity":"O","source":"Grey County road centrelines"},"geometry":{"type":"LineString","coordinates":[[-80.92703137790808,44.56374028767106],[-80.9218363253986,44.56433170744968]]}},{"type":"Feature","properties":{"road_id":"road_9b151997de986130c320","name":"12th Avenue East","road_class":3,"lane_count":2,"speed_limit_kmh":50,"left_from":1200,"left_to":1298,"right_from":1201,"right_to":1299,"left_parity":"E","right_parity":"O","source":"Grey County road centrelines"},"geometry":{"type":"LineString","coordinates":[[-80.92293364536592,44.57253382917843],[-80.92330453549222,44.573956041311625]]}},{"type":"Feature","properties":{"road_id":"road_ce06bcdcafca36d0afa5","name":"6th Avenue West","road_class":3,"lane_count":2,"speed_limit_kmh":50,"left_from":2200,"left_to":2298,"right_from":2201,"right_to":2299,"left_parity":"E","right_parity":"O","source":"Grey County road centrelines"},"geometry":{"type":"LineString","coordinates":[[-80.95182324391764,44.584413587972385],[-80.95119030264655,44.586328492984556]]}},{"type":"Feature","properties":{"road_id":"road_43101bda33e91dffc7cd","name":"23rd Street West","road_class":3,"lane_count":2,"speed_limit_kmh":50,"left_from":401,"left_to":499,"right_from":400,"right_to":498,"left_parity":"O","right_parity":"E","source":"Grey County road centrelines"},"geometry":{"type":"LineString","coordinates":[[-80.9485021866853,44.58509783493499],[-80.94998567532528,44.58534235560277]]}},{"type":"Feature","properties":{"road_id":"road_03daf394a9aa4a529fa4","name":"5th Avenue West","road_class":3,"lane_count":2,"speed_limit_kmh":50,"left_from":2000,"left_to":2098,"right_from":2001,"right_to":2099,"left_parity":"E","right_parity":"O","source":"Grey County road centrelines"},"geometry":{"type":"LineString","coordinates":[[-80.95114697420546,44.58170729710366],[-80.95075325519284,44.58291507816021]]}},{"type":"Feature","properties":{"road_id":"road_624aca1ea81e83dab01d","name":"23rd Street West","road_class":3,"lane_count":2,"speed_limit_kmh":50,"left_from":601,"left_to":699,"right_from":600,"right_to":698,"left_parity":"O","right_parity":"E","source":"Grey County road centrelines"},"geometry":{"type":"LineString","coordinates":[[-80.95119030264655,44.586328492984556],[-80.9526894111927,44.58656722238035]]}},{"type":"Feature","properties":{"road_id":"road_5977ca502d3c4b4bbd24","name":"20th Street West","road_class":3,"lane_count":2,"speed_limit_kmh":50,"left_from":501,"left_to":599,"right_from":500,"right_to":598,"left_parity":"O","right_parity":"E","source":"Grey County road centrelines"},"geometry":{"type":"LineString","coordinates":[[-80.95114697420546,44.58170729710366],[-80.9526441846114,44.581931502947725]]}},{"type":"Feature","properties":{"road_id":"road_c0f1fa64670315bf99cd","name":"22nd Street West","road_class":3,"lane_count":2,"speed_limit_kmh":50,"left_from":501,"left_to":599,"right_from":500,"right_to":598,"left_parity":"O","right_parity":"E","source":"Grey County road centrelines"},"geometry":{"type":"LineString","coordinates":[[-80.95035673253822,44.58417049334676],[-80.95182324391764,44.584413587972385]]}},{"type":"Feature","properties":{"road_id":"road_4d920de00d85adb05a60","name":"21st Street West","road_class":3,"lane_count":2,"speed_limit_kmh":50,"left_from":501,"left_to":599,"right_from":500,"right_to":598,"left_parity":"O","right_parity":"E","source":"Grey County road centrelines"},"geometry":{"type":"LineString","coordinates":[[-80.95075325519284,44.58291507816021],[-80.95224790180697,44.583162316961506]]}},{"type":"Feature","properties":{"road_id":"road_2fd8c428d8a50e866111","name":"21st Street West","road_class":3,"lane_count":2,"speed_limit_kmh":50,"left_from":401,"left_to":499,"right_from":400,"right_to":498,"left_parity":"O","right_parity":"E","source":"Grey County road centrelines"},"geometry":{"type":"LineString","coordinates":[[-80.94928822064375,44.582682225817926],[-80.95075325519284,44.58291507816021]]}},{"type":"Feature","properties":{"road_id":"road_47037c85d1853c439bef","name":"5th Avenue West","road_class":3,"lane_count":2,"speed_limit_kmh":50,"left_from":2100,"left_to":2198,"right_from":2101,"right_to":2199,"left_parity":"E","right_parity":"O","source":"Grey County road centrelines"},"geometry":{"type":"LineString","coordinates":[[-80.95075325519284,44.58291507816021],[-80.95035673253822,44.58417049334676]]}},{"type":"Feature","properties":{"road_id":"road_f8dee6876d821207758d","name":"22nd Street West","road_class":3,"lane_count":2,"speed_limit_kmh":50,"left_from":401,"left_to":499,"right_from":400,"right_to":498,"left_parity":"O","right_parity":"E","source":"Grey County road centrelines"},"geometry":{"type":"LineString","coordinates":[[-80.94889188214376,44.583916689357736],[-80.95035673253822,44.58417049334676]]}},{"type":"Feature","properties":{"road_id":"road_b9fa3e1a31be1d4896ae","name":"20th Street West","road_class":3,"lane_count":2,"speed_limit_kmh":50,"left_from":401,"left_to":499,"right_from":400,"right_to":498,"left_parity":"O","right_parity":"E","source":"Grey County road centrelines"},"geometry":{"type":"LineString","coordinates":[[-80.94969896273099,44.58145574799183],[-80.95114697420546,44.58170729710366]]}},{"type":"Feature","properties":{"road_id":"road_febe44b5844de953e465","name":"23rd Street West","road_class":3,"lane_count":2,"speed_limit_kmh":50,"left_from":501,"left_to":599,"right_from":500,"right_to":598,"left_parity":"O","right_parity":"E","source":"Grey County road centrelines"},"geometry":{"type":"LineString","coordinates":[[-80.94972624097291,44.586078347066284],[-80.95119030264655,44.586328492984556]]}},{"type":"Feature","properties":{"road_id":"road_b8347fb078db9bb4d101","name":"5th Avenue West","road_class":3,"lane_count":2,"speed_limit_kmh":50,"left_from":2300,"left_to":2398,"right_from":2301,"right_to":2399,"left_parity":"E","right_parity":"O","source":"Grey County road centrelines"},"geometry":{"type":"LineString","coordinates":[[-80.94998567532528,44.58534235560277],[-80.94960206864782,44.586430602163546]]}},{"type":"Feature","properties":{"road_id":"road_2e7ea4a081265ec9b862","name":"23rd Street West","road_class":3,"lane_count":2,"speed_limit_kmh":50,"left_from":301,"left_to":399,"right_from":300,"right_to":398,"left_parity":"O","right_parity":"E","source":"Grey County road centrelines"},"geometry":{"type":"LineString","coordinates":[[-80.94698116014455,44.58483970041245],[-80.9485021866853,44.58509783493499]]}},{"type":"Feature","properties":{"road_id":"road_61b0aca74f174881e00e","name":"6th Avenue West","road_class":3,"lane_count":2,"speed_limit_kmh":50,"left_from":2400,"left_to":2598,"right_from":2401,"right_to":2599,"left_parity":"E","right_parity":"O","source":"Grey County road centrelines"},"geometry":{"type":"LineString","coordinates":[[-80.95078303344619,44.587581610649615],[-80.94998945723263,44.59005007185566]]}},{"type":"Feature","properties":{"road_id":"road_ba40af54aaa13593d3d5","name":"26th Street West","road_class":3,"lane_count":2,"speed_limit_kmh":50,"left_from":501,"left_to":599,"right_from":500,"right_to":598,"left_parity":"O","right_parity":"E","source":"Grey County road centrelines"},"geometry":{"type":"LineString","coordinates":[[-80.94852945145249,44.589786520926395],[-80.94998945723263,44.59005007185566]]}},{"type":"Feature","properties":{"road_id":"road_89798e9c2717394fc32c","name":"26th Street West","road_class":3,"lane_count":2,"speed_limit_kmh":50,"left_from":601,"left_to":799,"right_from":600,"right_to":798,"left_parity":"O","right_parity":"E","source":"Grey County road centrelines"},"geometry":{"type":"LineString","coordinates":[[-80.94998945723263,44.59005007185566],[-80.95293746029715,44.59050848189572]]}},{"type":"Feature","properties":{"road_id":"road_549686d2e4fa43d26166","name":"5th Avenue West","road_class":3,"lane_count":2,"speed_limit_kmh":50,"left_from":2400,"left_to":2598,"right_from":2401,"right_to":2599,"left_parity":"E","right_parity":"O","source":"Grey County road centrelines"},"geometry":{"type":"LineString","coordinates":[[-80.94934221118895,44.58734108448639],[-80.94852945145249,44.589786520926395]]}},{"type":"Feature","properties":{"road_id":"road_6f5b21a27b16984cc05c","name":"26th Street West","road_class":3,"lane_count":2,"speed_limit_kmh":50,"left_from":301,"left_to":499,"right_from":300,"right_to":498,"left_parity":"O","right_parity":"E","source":"Grey County road centrelines"},"geometry":{"type":"LineString","coordinates":[[-80.94555910189696,44.58928646377284],[-80.94852945145249,44.589786520926395]]}},{"type":"Feature","properties":{"road_id":"road_f74da8b24349c559e36d","name":"5th Avenue West","road_class":3,"lane_count":2,"speed_limit_kmh":50,"left_from":2700,"left_to":2798,"right_from":2701,"right_to":2799,"left_parity":"E","right_parity":"O","source":"Grey County road centrelines"},"geometry":{"type":"LineString","coordinates":[[-80.9481085036053,44.59102808869837],[-80.94778040652417,44.59223628190972]]}},{"type":"Feature","properties":{"road_id":"road_625fe16e85e0f789f864","name":"29th Street West","road_class":3,"lane_count":2,"speed_limit_kmh":50,"left_from":301,"left_to":399,"right_from":300,"right_to":398,"left_parity":"O","right_parity":"E","source":"Grey County road centrelines"},"geometry":{"type":"LineString","coordinates":[[-80.94433927148782,44.5930315548071],[-80.94580652577396,44.593276193708995]]}},{"type":"Feature","properties":{"road_id":"road_cf3c7ba52226b9380eb2","name":"28th Street West","road_class":3,"lane_count":2,"speed_limit_kmh":50,"left_from":301,"left_to":399,"right_from":300,"right_to":398,"left_parity":"O","right_parity":"E","source":"Grey County road centrelines"},"geometry":{"type":"LineString","coordinates":[[-80.9447687587201,44.591737163184256],[-80.94626140748103,44.59198857632868]]}},{"type":"Feature","properties":{"road_id":"road_88f83d2eed2df23e4b0a","name":"4th Avenue West","road_class":3,"lane_count":2,"speed_limit_kmh":50,"left_from":2900,"left_to":2998,"right_from":2901,"right_to":2999,"left_parity":"E","right_parity":"O","source":"Grey County road centrelines"},"geometry":{"type":"LineString","coordinates":[[-80.94580652577396,44.593276193708995],[-80.94543546496777,44.59438838101957]]}},{"type":"Feature","properties":{"road_id":"road_9656ed85a3084b1d117e","name":"28th Street West","road_class":3,"lane_count":2,"speed_limit_kmh":50,"left_from":401,"left_to":499,"right_from":400,"right_to":498,"left_parity":"O","right_parity":"E","source":"Grey County road centrelines"},"geometry":{"type":"LineString","coordinates":[[-80.94626140748103,44.59198857632868],[-80.94778040652417,44.59223628190972]]}},{"type":"Feature","properties":{"road_id":"road_a919f640f1b1ad058408","name":"4th Avenue West","road_class":3,"lane_count":2,"speed_limit_kmh":50,"left_from":2700,"left_to":2798,"right_from":2701,"right_to":2799,"left_parity":"E","right_parity":"O","source":"Grey County road centrelines"},"geometry":{"type":"LineString","coordinates":[[-80.94661488286724,44.59078486372198],[-80.94626140748103,44.59198857632868]]}},{"type":"Feature","properties":{"road_id":"road_b413e251fbcaf5403c04","name":"4th Avenue West","road_class":3,"lane_count":2,"speed_limit_kmh":50,"left_from":2800,"left_to":2898,"right_from":2801,"right_to":2899,"left_parity":"E","right_parity":"O","source":"Grey County road centrelines"},"geometry":{"type":"LineString","coordinates":[[-80.94626140748103,44.59198857632868],[-80.94580652577396,44.593276193708995]]}},{"type":"Feature","properties":{"road_id":"road_2868d8ed23438162aeee","name":"13th Street East","road_class":3,"lane_count":2,"speed_limit_kmh":50,"left_from":200,"left_to":298,"right_from":201,"right_to":299,"left_parity":"E","right_parity":"O","source":"Grey County road centrelines"},"geometry":{"type":"LineString","coordinates":[[-80.93943146966348,44.57361508830545],[-80.93805668076612,44.5731505617981]]}},{"type":"Feature","properties":{"road_id":"road_8f75c6e4d16cbbe9c6a5","name":"12th Street East","road_class":3,"lane_count":2,"speed_limit_kmh":50,"left_from":300,"left_to":398,"right_from":301,"right_to":399,"left_parity":"E","right_parity":"O","source":"Grey County road centrelines"},"geometry":{"type":"LineString","coordinates":[[-80.93918258153253,44.57144765442178],[-80.93771053742927,44.57097154362679]]}},{"type":"Feature","properties":{"road_id":"road_d10c186ecbbd1f3afa39","name":"12th Street East","road_class":3,"lane_count":2,"speed_limit_kmh":50,"left_from":100,"left_to":198,"right_from":101,"right_to":199,"left_parity":"E","right_parity":"O","source":"Grey County road centrelines"},"geometry":{"type":"LineString","coordinates":[[-80.94194745583988,44.57240014460736],[-80.94054819503756,44.57190907101796]]}},{"type":"Feature","properties":{"road_id":"road_32a074f43425c1101da3","name":"16th Street East","road_class":3,"lane_count":2,"speed_limit_kmh":50,"left_from":300,"left_to":398,"right_from":301,"right_to":399,"left_parity":"E","right_parity":"O","source":"Grey County road centrelines"},"geometry":{"type":"LineString","coordinates":[[-80.93611834725003,44.57608269450249],[-80.93495801675373,44.575693828678105]]}},{"type":"Feature","properties":{"road_id":"road_a1921aef8686b6058925","name":"3rd Avenue East","road_class":2,"lane_count":2,"speed_limit_kmh":50,"left_from":1300,"left_to":1398,"right_from":1301,"right_to":1399,"left_parity":"E","right_parity":"O","source":"Grey County road centrelines"},"geometry":{"type":"LineString","coordinates":[[-80.93805668076612,44.5731505617981],[-80.93788118768884,44.573412110982126],[-80.93771229453398,44.57367060276223],[-80.93757198846637,44.57388312538132],[-80.93757167944592,44.57388359251659],[-80.93744528109556,44.5740746274895],[-80.93744524606126,44.574074681881804],[-80.93722597808019,44.57440168865163],[-80.93689203116995,44.574911062173754]]}},{"type":"Feature","properties":{"road_id":"road_0e5ef40eabfee1ebf2c0","name":"13th Street East","road_class":3,"lane_count":2,"speed_limit_kmh":50,"left_from":300,"left_to":398,"right_from":301,"right_to":399,"left_parity":"E","right_parity":"O","source":"Grey County road centrelines"},"geometry":{"type":"LineString","coordinates":[[-80.93805668076612,44.5731505617981],[-80.93661124476158,44.572659269931556]]}},{"type":"Feature","properties":{"road_id":"road_dfcc04503b72ef2dd0b9","name":"14th Street East","road_class":3,"lane_count":2,"speed_limit_kmh":50,"left_from":300,"left_to":398,"right_from":301,"right_to":399,"left_parity":"E","right_parity":"O","source":"Grey County road centrelines"},"geometry":{"type":"LineString","coordinates":[[-80.93689203116995,44.574911062173754],[-80.93546595835134,44.57442692332432]]}},{"type":"Feature","properties":{"road_id":"road_9856fea9c5ba083923c4","name":"15th Street East","road_class":3,"lane_count":2,"speed_limit_kmh":50,"left_from":300,"left_to":398,"right_from":301,"right_to":399,"left_parity":"E","right_parity":"O","source":"Grey County road centrelines"},"geometry":{"type":"LineString","coordinates":[[-80.93644378262296,44.57559180046398],[-80.93513919796338,44.575122530187535]]}},{"type":"Feature","properties":{"road_id":"road_176175afd2c5e204d095","name":"18th Street East","road_class":3,"lane_count":2,"speed_limit_kmh":50,"left_from":200,"left_to":298,"right_from":201,"right_to":299,"left_parity":"E","right_parity":"O","source":"Grey County road centrelines"},"geometry":{"type":"LineString","coordinates":[[-80.93530747756893,44.57854624229566],[-80.93464446070213,44.57833455254285]]}},{"type":"Feature","properties":{"road_id":"road_3d871ff98bb48fd1bcb4","name":"3rd Avenue East","road_class":2,"lane_count":2,"speed_limit_kmh":50,"left_from":1100,"left_to":1198,"right_from":1101,"right_to":1199,"left_parity":"E","right_parity":"O","source":"Grey County road centrelines"},"geometry":{"type":"LineString","coordinates":[[-80.94034841331164,44.569670234314295],[-80.94032465826227,44.569706331756166],[-80.94031507683144,44.569720947098816],[-80.93976892359659,44.570561363441406],[-80.939508935882,44.570954723992884],[-80.9392315738515,44.57137355081945],[-80.93918258153253,44.57144765442178]]}},{"type":"Feature","properties":{"road_id":"road_63ea73b87d30d36eb5fe","name":"3rd Avenue East","road_class":2,"lane_count":2,"speed_limit_kmh":50,"left_from":1200,"left_to":1298,"right_from":1201,"right_to":1299,"left_parity":"E","right_parity":"O","source":"Grey County road centrelines"},"geometry":{"type":"LineString","coordinates":[[-80.93918258153253,44.57144765442178],[-80.93808309123547,44.57311061929604],[-80.9380567795808,44.57315041269689],[-80.9380567436482,44.573150466450116],[-80.93805668076612,44.5731505617981]]}},{"type":"Feature","properties":{"road_id":"road_38cadf3270fffdb92aa8","name":"13th Street East","road_class":3,"lane_count":2,"speed_limit_kmh":50,"left_from":400,"left_to":498,"right_from":401,"right_to":499,"left_parity":"E","right_parity":"O","source":"Grey County road centrelines"},"geometry":{"type":"LineString","coordinates":[[-80.93661124476158,44.572659269931556],[-80.93596917660723,44.57244284696346]]}},{"type":"Feature","properties":{"road_id":"road_f77c9b125b9340a5a688","name":"11th Street East","road_class":3,"lane_count":2,"speed_limit_kmh":50,"left_from":100,"left_to":198,"right_from":101,"right_to":199,"left_parity":"E","right_parity":"O","source":"Grey County road centrelines"},"geometry":{"type":"LineString","coordinates":[[-80.94317503421836,44.57062814644376],[-80.94171461431486,44.57013225888782]]}},{"type":"Feature","properties":{"road_id":"road_87fa1333a23f45a64aea","name":"5th Avenue West","road_class":3,"lane_count":2,"speed_limit_kmh":50,"left_from":950,"left_to":998,"right_from":951,"right_to":999,"left_parity":"E","right_parity":"O","source":"Grey County road centrelines"},"geometry":{"type":"LineString","coordinates":[[-80.9512499489848,44.56580357170923],[-80.9513274080168,44.566398847593355]]}},{"type":"Feature","properties":{"road_id":"road_11278379fdad07322c1e","name":"5th Avenue A East","road_class":3,"lane_count":2,"speed_limit_kmh":50,"left_from":800,"left_to":834,"right_from":801,"right_to":833,"left_parity":"E","right_parity":"O","source":"Grey County road centrelines"},"geometry":{"type":"LineString","coordinates":[[-80.93589410080565,44.56480688761934],[-80.93603686196892,44.56538851088207]]}},{"type":"Feature","properties":{"road_id":"road_c8362de8f95226597116","name":"7th Street West","road_class":3,"lane_count":2,"speed_limit_kmh":50,"left_from":201,"left_to":299,"right_from":200,"right_to":298,"left_parity":"O","right_parity":"E","source":"Grey County road centrelines"},"geometry":{"type":"LineString","coordinates":[[-80.94484414444042,44.56170839252646],[-80.94579594811151,44.561607873968484]]}},{"type":"Feature","properties":{"road_id":"road_608533a743da8cc4db6e","name":"3rd Avenue A East","road_class":3,"lane_count":2,"speed_limit_kmh":50,"left_from":1000,"left_to":1098,"right_from":1001,"right_to":1099,"left_parity":"E","right_parity":"O","source":"Grey County road centrelines"},"geometry":{"type":"LineString","coordinates":[[-80.94020455800036,44.56890713160807],[-80.9398135752561,44.56948309502777]]}},{"type":"Feature","properties":{"road_id":"road_1c282cece0c6e9835824","name":"11th Street East","road_class":3,"lane_count":2,"speed_limit_kmh":50,"left_from":200,"left_to":298,"right_from":201,"right_to":299,"left_parity":"E","right_parity":"O","source":"Grey County road centrelines"},"geometry":{"type":"LineString","coordinates":[[-80.94171461431486,44.57013225888782],[-80.94034841331164,44.569670234314295]]}},{"type":"Feature","properties":{"road_id":"road_8fced31a725f6f30f167","name":"11th Street East","road_class":3,"lane_count":2,"speed_limit_kmh":50,"left_from":400,"left_to":498,"right_from":401,"right_to":499,"left_parity":"E","right_parity":"O","source":"Grey County road centrelines"},"geometry":{"type":"LineString","coordinates":[[-80.93888194325471,44.569176509346136],[-80.93815175755749,44.56892403566964]]}},{"type":"Feature","properties":{"road_id":"road_86c48dc5810f6578e86c","name":"4th Avenue East","road_class":3,"lane_count":2,"speed_limit_kmh":50,"left_from":1000,"left_to":1098,"right_from":1001,"right_to":1099,"left_parity":"E","right_parity":"O","source":"Grey County road centrelines"},"geometry":{"type":"LineString","coordinates":[[-80.93956604268293,44.56813246478965],[-80.93888194325471,44.569176509346136]]}},{"type":"Feature","properties":{"road_id":"road_bc94b95ac0cc45591261","name":"3rd Avenue East","road_class":2,"lane_count":2,"speed_limit_kmh":50,"left_from":1000,"left_to":1098,"right_from":1001,"right_to":1099,"left_parity":"E","right_parity":"O","source":"Grey County road centrelines"},"geometry":{"type":"LineString","coordinates":[[-80.94142568108519,44.56792223211284],[-80.94142697016763,44.567936462637796],[-80.9414289204101,44.56795800105161],[-80.94143453667725,44.56802003650274],[-80.94047567763795,44.569476882298275],[-80.94034846002404,44.569670161999085],[-80.94034841331164,44.569670234314295]]}},{"type":"Feature","properties":{"road_id":"road_f3c0729ea779d62f3ec4","name":"4th Avenue East","road_class":3,"lane_count":2,"speed_limit_kmh":50,"left_from":1100,"left_to":1198,"right_from":1101,"right_to":1199,"left_parity":"E","right_parity":"O","source":"Grey County road centrelines"},"geometry":{"type":"LineString","coordinates":[[-80.93888194325471,44.569176509346136],[-80.93771053742927,44.57097154362679]]}},{"type":"Feature","properties":{"road_id":"road_a8e8271e792710171412","name":"3rd Avenue East","road_class":2,"lane_count":2,"speed_limit_kmh":50,"left_from":1700,"left_to":1798,"right_from":1701,"right_to":1799,"left_parity":"E","right_parity":"O","source":"Grey County road centrelines"},"geometry":{"type":"LineString","coordinates":[[-80.93575041707258,44.57666494279811],[-80.93464509491271,44.57833358571083],[-80.93464446070213,44.57833455254285]]}},{"type":"Feature","properties":{"road_id":"road_cd3970af2d3f8317a717","name":"14th Street East","road_class":3,"lane_count":2,"speed_limit_kmh":50,"left_from":200,"left_to":298,"right_from":201,"right_to":299,"left_parity":"E","right_parity":"O","source":"Grey County road centrelines"},"geometry":{"type":"LineString","coordinates":[[-80.93830869862751,44.57533398399448],[-80.93689203116995,44.574911062173754]]}},{"type":"Feature","properties":{"road_id":"road_98e1d7c44c923d9c095d","name":"12th Street East","road_class":3,"lane_count":2,"speed_limit_kmh":50,"left_from":200,"left_to":298,"right_from":201,"right_to":299,"left_parity":"E","right_parity":"O","source":"Grey County road centrelines"},"geometry":{"type":"LineString","coordinates":[[-80.94054819503756,44.57190907101796],[-80.93918258153253,44.57144765442178]]}},{"type":"Feature","properties":{"road_id":"road_a92b57f9fca2a9ba6eb5","name":"17th Street East","road_class":3,"lane_count":2,"speed_limit_kmh":50,"left_from":300,"left_to":398,"right_from":301,"right_to":399,"left_parity":"E","right_parity":"O","source":"Grey County road centrelines"},"geometry":{"type":"LineString","coordinates":[[-80.93575041707258,44.57666494279811],[-80.93573584460205,44.576659985002145],[-80.9347431648906,44.576322285664844]]}},{"type":"Feature","properties":{"road_id":"road_23b340abe5e4ed56b4cf","name":"4th Avenue East","road_class":3,"lane_count":2,"speed_limit_kmh":50,"left_from":1200,"left_to":1298,"right_from":1201,"right_to":1299,"left_parity":"E","right_parity":"O","source":"Grey County road centrelines"},"geometry":{"type":"LineString","coordinates":[[-80.93771053742927,44.57097154362679],[-80.93661124476158,44.572659269931556]]}},{"type":"Feature","properties":{"road_id":"road_d350766f153fb665cffe","name":"17th Street East","road_class":3,"lane_count":2,"speed_limit_kmh":50,"left_from":200,"left_to":298,"right_from":201,"right_to":299,"left_parity":"E","right_parity":"O","source":"Grey County road centrelines"},"geometry":{"type":"LineString","coordinates":[[-80.93690878564831,44.57706170524174],[-80.93575041707258,44.57666494279811]]}},{"type":"Feature","properties":{"road_id":"road_6b904098ea99ed8278e1","name":"18th Street East","road_class":3,"lane_count":2,"speed_limit_kmh":50,"left_from":100,"left_to":198,"right_from":101,"right_to":199,"left_parity":"E","right_parity":"O","source":"Grey County road centrelines"},"geometry":{"type":"LineString","coordinates":[[-80.9367177211739,44.57901515861674],[-80.93530747756893,44.57854624229566]]}},{"type":"Feature","properties":{"road_id":"road_f87bdee326ee881f2720","name":"4th Avenue West","road_class":3,"lane_count":2,"speed_limit_kmh":50,"left_from":1500,"left_to":1598,"right_from":1501,"right_to":1599,"left_parity":"E","right_parity":"O","source":"Grey County road centrelines"},"geometry":{"type":"LineString","coordinates":[[-80.95142105648685,44.57487306809787],[-80.95161884664779,44.575346006987246],[-80.95129140893009,44.57648677925752]]}},{"type":"Feature","properties":{"road_id":"road_376e9596bbf7cfca2c6c","name":"18th Street West","road_class":3,"lane_count":2,"speed_limit_kmh":50,"left_from":401,"left_to":499,"right_from":400,"right_to":498,"left_parity":"O","right_parity":"E","source":"Grey County road centrelines"},"geometry":{"type":"LineString","coordinates":[[-80.95049902478091,44.57895858518246],[-80.95197600243172,44.5792195989215]]}},{"type":"Feature","properties":{"road_id":"road_ae070e4433522f517e16","name":"16th Street West","road_class":3,"lane_count":2,"speed_limit_kmh":50,"left_from":401,"left_to":499,"right_from":400,"right_to":498,"left_parity":"O","right_parity":"E","source":"Grey County road centrelines"},"geometry":{"type":"LineString","coordinates":[[-80.95129140893009,44.57648677925752],[-80.95276252507367,44.576742264012864]]}},{"type":"Feature","properties":{"road_id":"road_2e8cdba9c0c88f38be86","name":"17th Street West","road_class":3,"lane_count":2,"speed_limit_kmh":50,"left_from":401,"left_to":499,"right_from":400,"right_to":498,"left_parity":"O","right_parity":"E","source":"Grey County road centrelines"},"geometry":{"type":"LineString","coordinates":[[-80.950902657601,44.57773116306134],[-80.95237703283242,44.57797822234971]]}},{"type":"Feature","properties":{"road_id":"road_41faf8a79389e0ff98c3","name":"18th Street West","road_class":3,"lane_count":2,"speed_limit_kmh":50,"left_from":301,"left_to":399,"right_from":300,"right_to":398,"left_parity":"O","right_parity":"E","source":"Grey County road centrelines"},"geometry":{"type":"LineString","coordinates":[[-80.94902075714937,44.57871269972042],[-80.95049902478091,44.57895858518246]]}},{"type":"Feature","properties":{"road_id":"road_be22131640c15e042bb0","name":"3rd Avenue West","road_class":3,"lane_count":2,"speed_limit_kmh":50,"left_from":1700,"left_to":1798,"right_from":1701,"right_to":1799,"left_parity":"E","right_parity":"O","source":"Grey County road centrelines"},"geometry":{"type":"LineString","coordinates":[[-80.94946185061511,44.57748260414369],[-80.94902075714937,44.57871269972042]]}},{"type":"Feature","properties":{"road_id":"road_6b124e0aef48adab6768","name":"3rd Avenue West","road_class":3,"lane_count":2,"speed_limit_kmh":50,"left_from":1600,"left_to":1698,"right_from":1601,"right_to":1699,"left_parity":"E","right_parity":"O","source":"Grey County road centrelines"},"geometry":{"type":"LineString","coordinates":[[-80.94985362477516,44.57624081615476],[-80.94946185061511,44.57748260414369]]}},{"type":"Feature","properties":{"road_id":"road_0933ca8e86e9c1afaa65","name":"17th Street West","road_class":3,"lane_count":2,"speed_limit_kmh":50,"left_from":301,"left_to":399,"right_from":300,"right_to":398,"left_parity":"O","right_parity":"E","source":"Grey County road centrelines"},"geometry":{"type":"LineString","coordinates":[[-80.94946185061511,44.57748260414369],[-80.950902657601,44.57773116306134]]}},{"type":"Feature","properties":{"road_id":"road_b494f497d735b01919f5","name":"16th Street West","road_class":3,"lane_count":2,"speed_limit_kmh":50,"left_from":301,"left_to":399,"right_from":300,"right_to":398,"left_parity":"O","right_parity":"E","source":"Grey County road centrelines"},"geometry":{"type":"LineString","coordinates":[[-80.94985362477516,44.57624081615476],[-80.95129140893009,44.57648677925752]]}},{"type":"Feature","properties":{"road_id":"road_8aa22f3084f66790cf97","name":"18th Street West","road_class":3,"lane_count":2,"speed_limit_kmh":50,"left_from":201,"left_to":299,"right_from":200,"right_to":298,"left_parity":"O","right_parity":"E","source":"Grey County road centrelines"},"geometry":{"type":"LineString","coordinates":[[-80.94795791452265,44.578534857905154],[-80.94902075714937,44.57871269972042]]}},{"type":"Feature","properties":{"road_id":"road_eb6cb5ea4ef2177b733d","name":"17th Street East","road_class":3,"lane_count":2,"speed_limit_kmh":50,"left_from":2,"left_to":198,"right_from":1,"right_to":199,"left_parity":"E","right_parity":"O","source":"Grey County road centrelines"},"geometry":{"type":"LineString","coordinates":[[-80.94177273531373,44.57634927342673],[-80.9370850440902,44.57711585155328],[-80.93690878564831,44.57706170524174]]}},{"type":"Feature","properties":{"road_id":"road_3e9a7f495d3728b0512c","name":"2nd Avenue A West","road_class":3,"lane_count":2,"speed_limit_kmh":50,"left_from":1200,"left_to":1298,"right_from":1201,"right_to":1299,"left_parity":"E","right_parity":"O","source":"Grey County road centrelines"},"geometry":{"type":"LineString","coordinates":[[-80.94803175334404,44.57142518874959],[-80.94823446447612,44.57232633658577]]}},{"type":"Feature","properties":{"road_id":"road_a514ee0cd8cbfff7bd85","name":"13th Street West","road_class":3,"lane_count":2,"speed_limit_kmh":50,"left_from":261,"left_to":319,"right_from":260,"right_to":318,"left_parity":"O","right_parity":"E","source":"Grey County road centrelines"},"geometry":{"type":"LineString","coordinates":[[-80.94823446447612,44.57232633658577],[-80.94961409978441,44.57216881094339]]}},{"type":"Feature","properties":{"road_id":"road_59737baaa9bc09b638e4","name":"13th Street West","road_class":3,"lane_count":2,"speed_limit_kmh":50,"left_from":321,"left_to":399,"right_from":320,"right_to":398,"left_parity":"O","right_parity":"E","source":"Grey County road centrelines"},"geometry":{"type":"LineString","coordinates":[[-80.94961409978441,44.57216881094339],[-80.95059838473954,44.572059935678524]]}},{"type":"Feature","properties":{"road_id":"road_b9f8e20dd8a028ba622f","name":"3rd Avenue A West","road_class":3,"lane_count":2,"speed_limit_kmh":50,"left_from":1200,"left_to":1298,"right_from":1201,"right_to":1299,"left_parity":"E","right_parity":"O","source":"Grey County road centrelines"},"geometry":{"type":"LineString","coordinates":[[-80.94940345383344,44.57126287967364],[-80.94961409978441,44.57216881094339]]}},{"type":"Feature","properties":{"road_id":"road_5266c313f531a6848f73","name":"3rd Avenue West","road_class":3,"lane_count":2,"speed_limit_kmh":50,"left_from":1100,"left_to":1198,"right_from":1101,"right_to":1199,"left_parity":"E","right_parity":"O","source":"Grey County road centrelines"},"geometry":{"type":"LineString","coordinates":[[-80.94824625486422,44.56900390719805],[-80.94879759047996,44.57132978025926]]}},{"type":"Feature","properties":{"road_id":"road_6d9d9587265e2082c7f8","name":"7th Street West","road_class":3,"lane_count":2,"speed_limit_kmh":50,"left_from":401,"left_to":449,"right_from":400,"right_to":448,"left_parity":"O","right_parity":"E","source":"Grey County road centrelines"},"geometry":{"type":"LineString","coordinates":[[-80.94819645495981,44.561310471175034],[-80.94944254581965,44.56116933301387]]}},{"type":"Feature","properties":{"road_id":"road_2e5b6229ad8b56851e06","name":"9th Street West","road_class":3,"lane_count":2,"speed_limit_kmh":40,"left_from":1,"left_to":99,"right_from":2,"right_to":98,"left_parity":"O","right_parity":"E","source":"Grey County road centrelines"},"geometry":{"type":"LineString","coordinates":[[-80.94437297717559,44.56563655125054],[-80.94469287982467,44.56559859527577]]}},{"type":"Feature","properties":{"road_id":"road_88d57ab9f48cb9305253","name":"3rd Avenue A West","road_class":3,"lane_count":2,"speed_limit_kmh":50,"left_from":730,"left_to":798,"right_from":731,"right_to":799,"left_parity":"E","right_parity":"O","source":"Grey County road centrelines"},"geometry":{"type":"LineString","coordinates":[[-80.94723145054564,44.5624380856524],[-80.94742183858862,44.563354705861734]]}},{"type":"Feature","properties":{"road_id":"road_705e1eaf48ee1e7cb29e","name":"3rd Avenue West","road_class":3,"lane_count":2,"speed_limit_kmh":50,"left_from":800,"left_to":898,"right_from":801,"right_to":899,"left_parity":"E","right_parity":"O","source":"Grey County road centrelines"},"geometry":{"type":"LineString","coordinates":[[-80.94691766542363,44.563418164520805],[-80.94735870768541,44.56528543801895]]}},{"type":"Feature","properties":{"road_id":"road_e6a861df08acdee18616","name":"3rd Avenue West","road_class":3,"lane_count":2,"speed_limit_kmh":50,"left_from":700,"left_to":798,"right_from":701,"right_to":799,"left_parity":"E","right_parity":"O","source":"Grey County road centrelines"},"geometry":{"type":"LineString","coordinates":[[-80.94638254260215,44.561688930666364],[-80.94677641432837,44.56343052599068]]}},{"type":"Feature","properties":{"road_id":"road_a1ede62880a1254eb27b","name":"4th Avenue West","road_class":3,"lane_count":2,"speed_limit_kmh":50,"left_from":800,"left_to":850,"right_from":801,"right_to":851,"left_parity":"E","right_parity":"O","source":"Grey County road centrelines"},"geometry":{"type":"LineString","coordinates":[[-80.94864440796108,44.56320315491132],[-80.9487435792735,44.563610202865995]]}},{"type":"Feature","properties":{"road_id":"road_e6aedbbc4b81d5c7770a","name":"9th Street West","road_class":3,"lane_count":2,"speed_limit_kmh":40,"left_from":101,"left_to":199,"right_from":100,"right_to":198,"left_parity":"O","right_parity":"E","source":"Grey County road centrelines"},"geometry":{"type":"LineString","coordinates":[[-80.94469287982467,44.56559859527577],[-80.9457032302961,44.56548093518068]]}},{"type":"Feature","properties":{"road_id":"road_c0f34205088262409efd","name":"3rd Avenue West","road_class":3,"lane_count":2,"speed_limit_kmh":50,"left_from":900,"left_to":998,"right_from":901,"right_to":999,"left_parity":"E","right_parity":"O","source":"Grey County road centrelines"},"geometry":{"type":"LineString","coordinates":[[-80.94735870768541,44.56528543801895],[-80.94778422526245,44.56719891930584]]}},{"type":"Feature","properties":{"road_id":"road_05295406a29ea14d75fd","name":"5th Avenue A East","road_class":3,"lane_count":2,"speed_limit_kmh":50,"left_from":836,"left_to":848,"right_from":835,"right_to":849,"left_parity":"E","right_parity":"O","source":"Grey County road centrelines"},"geometry":{"type":"LineString","coordinates":[[-80.93603686196892,44.56538851088207],[-80.93607904505804,44.56569736229479]]}},{"type":"Feature","properties":{"road_id":"road_5b0540c8ff3b589a6594","name":"9th Street East","road_class":3,"lane_count":2,"speed_limit_kmh":40,"left_from":100,"left_to":198,"right_from":101,"right_to":199,"left_parity":"E","right_parity":"O","source":"Grey County road centrelines"},"geometry":{"type":"LineString","coordinates":[[-80.94378916656402,44.565695337330354],[-80.94282678792541,44.56581300467178]]}},{"type":"Feature","properties":{"road_id":"road_ea5f06ad33aa23b80eeb","name":"9th Street West","road_class":3,"lane_count":2,"speed_limit_kmh":50,"left_from":501,"left_to":599,"right_from":500,"right_to":598,"left_parity":"O","right_parity":"E","source":"Grey County road centrelines"},"geometry":{"type":"LineString","coordinates":[[-80.95102949522754,44.564865943342035],[-80.95305013059335,44.56464384069983]]}},{"type":"Feature","properties":{"road_id":"road_ebce94c364e5af12a5a0","name":"4th Avenue West","road_class":3,"lane_count":2,"speed_limit_kmh":50,"left_from":500,"left_to":698,"right_from":501,"right_to":699,"left_parity":"E","right_parity":"O","source":"Grey County road centrelines"},"geometry":{"type":"LineString","coordinates":[[-80.9473472568605,44.55764521249489],[-80.94819645495981,44.561310471175034]]}},{"type":"Feature","properties":{"road_id":"road_bbffd803e9fb425ef083","name":"3rd Street West","road_class":3,"lane_count":2,"speed_limit_kmh":50,"left_from":101,"left_to":199,"right_from":100,"right_to":198,"left_parity":"O","right_parity":"E","source":"Grey County road centrelines"},"geometry":{"type":"LineString","coordinates":[[-80.9403988680879,44.55506496026731],[-80.94125071711561,44.55495956532374]]}},{"type":"Feature","properties":{"road_id":"road_3f82f990ca35d8a7f36d","name":"5th Street West","road_class":3,"lane_count":2,"speed_limit_kmh":50,"left_from":401,"left_to":449,"right_from":400,"right_to":448,"left_parity":"O","right_parity":"E","source":"Grey County road centrelines"},"geometry":{"type":"LineString","coordinates":[[-80.9473472568605,44.55764521249489],[-80.94836839340351,44.557528211610354]]}},{"type":"Feature","properties":{"road_id":"road_8c37906538e77a55d6f8","name":"5th Street West","road_class":3,"lane_count":2,"speed_limit_kmh":50,"left_from":451,"left_to":539,"right_from":450,"right_to":538,"left_parity":"O","right_parity":"E","source":"Grey County road centrelines"},"geometry":{"type":"LineString","coordinates":[[-80.94836839340351,44.557528211610354],[-80.94996016945942,44.55732304535574]]}},{"type":"Feature","properties":{"road_id":"road_9898d3fc942dc918eed2","name":"7th Street West","road_class":3,"lane_count":2,"speed_limit_kmh":50,"left_from":531,"left_to":599,"right_from":530,"right_to":598,"left_parity":"O","right_parity":"E","source":"Grey County road centrelines"},"geometry":{"type":"LineString","coordinates":[[-80.95101668165833,44.56100798292069],[-80.95207182033317,44.56089207304999],[-80.95222170154338,44.56094644371383]]}},{"type":"Feature","properties":{"road_id":"road_0dfb1a7b5e7cd5d80244","name":"7th Street West","road_class":3,"lane_count":2,"speed_limit_kmh":50,"left_from":451,"left_to":529,"right_from":450,"right_to":528,"left_parity":"O","right_parity":"E","source":"Grey County road centrelines"},"geometry":{"type":"LineString","coordinates":[[-80.94944254581965,44.56116933301387],[-80.95101668165833,44.56100798292069]]}},{"type":"Feature","properties":{"road_id":"road_3433aa562e75b45ff8e1","name":"9th Street West","road_class":3,"lane_count":2,"speed_limit_kmh":50,"left_from":201,"left_to":299,"right_from":200,"right_to":298,"left_parity":"O","right_parity":"E","source":"Grey County road centrelines"},"geometry":{"type":"LineString","coordinates":[[-80.9457032302961,44.56548093518068],[-80.94735870768541,44.56528543801895]]}},{"type":"Feature","properties":{"road_id":"road_bc22c00e137ada342108","name":"5th Avenue West","road_class":3,"lane_count":2,"speed_limit_kmh":50,"left_from":800,"left_to":898,"right_from":801,"right_to":899,"left_parity":"E","right_parity":"O","source":"Grey County road centrelines"},"geometry":{"type":"LineString","coordinates":[[-80.95065265106753,44.56300134066896],[-80.95102949522754,44.564865943342035]]}},{"type":"Feature","properties":{"road_id":"road_648066603122b6a1b3b0","name":"1st Avenue West","road_class":3,"lane_count":2,"speed_limit_kmh":40,"left_from":900,"left_to":998,"right_from":901,"right_to":999,"left_parity":"E","right_parity":"O","source":"Grey County road centrelines"},"geometry":{"type":"LineString","coordinates":[[-80.94469287982467,44.56559859527577],[-80.94457744361573,44.567562160146366]]}},{"type":"Feature","properties":{"road_id":"road_4030c006c26d9ac9c55d","name":"8th Street West","road_class":3,"lane_count":2,"speed_limit_kmh":50,"left_from":501,"left_to":599,"right_from":500,"right_to":598,"left_parity":"O","right_parity":"E","source":"Grey County road centrelines"},"geometry":{"type":"LineString","coordinates":[[-80.95065265106753,44.56300134066896],[-80.9526340219706,44.56276023023028]]}},{"type":"Feature","properties":{"road_id":"road_8e60e730f7305bde47bb","name":"9th Street East","road_class":3,"lane_count":2,"speed_limit_kmh":40,"left_from":2,"left_to":98,"right_from":1,"right_to":99,"left_parity":"E","right_parity":"O","source":"Grey County road centrelines"},"geometry":{"type":"LineString","coordinates":[[-80.94437297717559,44.56563655125054],[-80.94378916656402,44.565695337330354]]}},{"type":"Feature","properties":{"road_id":"road_c71dceb90d1f3e19ee30","name":"4th Avenue West","road_class":3,"lane_count":2,"speed_limit_kmh":50,"left_from":900,"left_to":998,"right_from":901,"right_to":999,"left_parity":"E","right_parity":"O","source":"Grey County road centrelines"},"geometry":{"type":"LineString","coordinates":[[-80.94911418283723,44.565244744507886],[-80.94944306863917,44.56702680407917]]}},{"type":"Feature","properties":{"road_id":"road_654219d9d09e7cf232e1","name":"1st Avenue East","road_class":3,"lane_count":2,"speed_limit_kmh":40,"left_from":800,"left_to":898,"right_from":801,"right_to":899,"left_parity":"E","right_parity":"O","source":"Grey County road centrelines"},"geometry":{"type":"LineString","coordinates":[[-80.94326865484062,44.56382147836271],[-80.94341429151112,44.56456301660387],[-80.94344739083607,44.564918720507364],[-80.9436397318165,44.56530161992655],[-80.94375634122521,44.565541112784544],[-80.94378916656402,44.565695337330354]]}},{"type":"Feature","properties":{"road_id":"road_30aa0b3f77e532670f3d","name":"5th Avenue West","road_class":3,"lane_count":2,"speed_limit_kmh":50,"left_from":630,"left_to":698,"right_from":631,"right_to":699,"left_parity":"E","right_parity":"O","source":"Grey County road centrelines"},"geometry":{"type":"LineString","coordinates":[[-80.94997245302261,44.559669459919256],[-80.94992941833061,44.559822769375266],[-80.9498946526308,44.55988268784507],[-80.94985083191293,44.559939490418095],[-80.94979849606447,44.55999248135374],[-80.94973828558425,44.560041009077636],[-80.94967093798908,44.560084478982354],[-80.94959728062736,44.56012235854697],[-80.94950328450929,44.56016527089669],[-80.94948844254417,44.56017235382519],[-80.94945934251885,44.56018823696596],[-80.94943222777032,44.56020582330687],[-80.9493938580296,44.5602367843685],[-80.94936161300245,44.56027112941673],[-80.94933606850904,44.56030824526745],[-80.9493176817918,44.56034746689272],[-80.94930678073582,44.56038809086264],[-80.94930356297047,44.56042939262707],[-80.94930433911489,44.5604445690723],[-80.94930758023642,44.560468041317925],[-80.94944254581965,44.56116933301387]]}},{"type":"Feature","properties":{"road_id":"road_136ea4a7ac347b497338","name":"5th Avenue West","road_class":3,"lane_count":2,"speed_limit_kmh":50,"left_from":900,"left_to":948,"right_from":901,"right_to":949,"left_parity":"E","right_parity":"O","source":"Grey County road centrelines"},"geometry":{"type":"LineString","coordinates":[[-80.95102949522754,44.564865943342035],[-80.9512499489848,44.56580357170923]]}},{"type":"Feature","properties":{"road_id":"road_e6f9dafa185f6c24b8db","name":"4th Avenue West","road_class":3,"lane_count":2,"speed_limit_kmh":50,"left_from":700,"left_to":798,"right_from":701,"right_to":799,"left_parity":"E","right_parity":"O","source":"Grey County road centrelines"},"geometry":{"type":"LineString","coordinates":[[-80.94819645495981,44.561310471175034],[-80.94864440796108,44.56320315491132]]}},{"type":"Feature","properties":{"road_id":"road_4b7520242aa41d2fcd30","name":"2nd Avenue West","road_class":3,"lane_count":2,"speed_limit_kmh":50,"left_from":700,"left_to":798,"right_from":701,"right_to":799,"left_parity":"E","right_parity":"O","source":"Grey County road centrelines"},"geometry":{"type":"LineString","coordinates":[[-80.94484414444042,44.56170839252646],[-80.9452791095993,44.563605357241386]]}},{"type":"Feature","properties":{"road_id":"road_e22e1bd5cff8ac61cb1e","name":"2nd Avenue West","road_class":3,"lane_count":2,"speed_limit_kmh":50,"left_from":600,"left_to":698,"right_from":601,"right_to":699,"left_parity":"E","right_parity":"O","source":"Grey County road centrelines"},"geometry":{"type":"LineString","coordinates":[[-80.94460230808447,44.56012185993811],[-80.94453937930219,44.56017705956209],[-80.94484414444042,44.56170839252646]]}},{"type":"Feature","properties":{"road_id":"road_7cf0d33bbf0a99aa0966","name":"4th Street B East","road_class":3,"lane_count":2,"speed_limit_kmh":50,"left_from":100,"left_to":198,"right_from":101,"right_to":199,"left_parity":"E","right_parity":"O","source":"Grey County road centrelines"},"geometry":{"type":"LineString","coordinates":[[-80.94251090793216,44.557951584355486],[-80.94214783943704,44.55788708919314],[-80.94106809680488,44.55802157458354]]}},{"type":"Feature","properties":{"road_id":"road_5d91dd41a7522c8df0f2","name":"4th Avenue West","road_class":3,"lane_count":2,"speed_limit_kmh":50,"left_from":200,"left_to":294,"right_from":201,"right_to":295,"left_parity":"E","right_parity":"O","source":"Grey County road centrelines"},"geometry":{"type":"LineString","coordinates":[[-80.94598859182419,44.55156193832845],[-80.94639735851614,44.553492851224014]]}},{"type":"Feature","properties":{"road_id":"road_3b441ffc83169f6aebf9","name":"2nd Street West","road_class":3,"lane_count":2,"speed_limit_kmh":50,"left_from":401,"left_to":499,"right_from":400,"right_to":498,"left_parity":"O","right_parity":"E","source":"Grey County road centrelines"},"geometry":{"type":"LineString","coordinates":[[-80.94598859182419,44.55156193832845],[-80.94736104330515,44.55140054302895]]}},{"type":"Feature","properties":{"road_id":"road_99a2f8e69da7e3d3c201","name":"1st Street SW","road_class":3,"lane_count":2,"speed_limit_kmh":50,"left_from":101,"left_to":199,"right_from":100,"right_to":198,"left_parity":"O","right_parity":"E","source":"Grey County road centrelines"},"geometry":{"type":"LineString","coordinates":[[-80.94085539640686,44.5463580860465],[-80.9425621316663,44.54615663976119]]}},{"type":"Feature","properties":{"road_id":"road_f48976f49e404d5f8c29","name":"6th Avenue West","road_class":3,"lane_count":2,"speed_limit_kmh":50,"left_from":100,"left_to":124,"right_from":101,"right_to":125,"left_parity":"E","right_parity":"O","source":"Grey County road centrelines"},"geometry":{"type":"LineString","coordinates":[[-80.94860005544056,44.548474935421496],[-80.94905340641837,44.54906207581374],[-80.94924272456787,44.54944242540191]]}},{"type":"Feature","properties":{"road_id":"road_b6b457a30cd484a8e980","name":"1st Street SW","road_class":3,"lane_count":2,"speed_limit_kmh":50,"left_from":301,"left_to":399,"right_from":300,"right_to":398,"left_parity":"O","right_parity":"E","source":"Grey County road centrelines"},"geometry":{"type":"LineString","coordinates":[[-80.94361827645426,44.54604497568],[-80.94464360723136,44.54593257257214]]}},{"type":"Feature","properties":{"road_id":"road_5eb00332e4a34c64ba5a","name":"1st Street SW","road_class":3,"lane_count":2,"speed_limit_kmh":50,"left_from":201,"left_to":299,"right_from":200,"right_to":298,"left_parity":"O","right_parity":"E","source":"Grey County road centrelines"},"geometry":{"type":"LineString","coordinates":[[-80.9425621316663,44.54615663976119],[-80.94361827645426,44.54604497568]]}},{"type":"Feature","properties":{"road_id":"road_195d3cad04dbb30fed12","name":"2nd Street SW","road_class":3,"lane_count":2,"speed_limit_kmh":50,"left_from":313,"left_to":485,"right_from":312,"right_to":484,"left_parity":"O","right_parity":"E","source":"Grey County road centrelines"},"geometry":{"type":"LineString","coordinates":[[-80.94341376420005,44.545222848562446],[-80.94448389845194,44.54510634192708]]}},{"type":"Feature","properties":{"road_id":"road_ac03322b9dcb478d9ede","name":"4th Avenue SW","road_class":3,"lane_count":2,"speed_limit_kmh":50,"left_from":121,"left_to":187,"right_from":120,"right_to":186,"left_parity":"O","right_parity":"E","source":"Grey County road centrelines"},"geometry":{"type":"LineString","coordinates":[[-80.94464360723136,44.54593257257214],[-80.94448389845194,44.54510634192708]]}},{"type":"Feature","properties":{"road_id":"road_25c87e4c96b28b1dbd61","name":"1st Street West","road_class":3,"lane_count":2,"speed_limit_kmh":50,"left_from":401,"left_to":499,"right_from":400,"right_to":498,"left_parity":"O","right_parity":"E","source":"Grey County road centrelines"},"geometry":{"type":"LineString","coordinates":[[-80.94537478916023,44.54893476796657],[-80.94648510505476,44.548807793378494]]}},{"type":"Feature","properties":{"road_id":"road_63e4e61a6c344b4aecdc","name":"3rd Avenue SW","road_class":3,"lane_count":2,"speed_limit_kmh":50,"left_from":131,"left_to":179,"right_from":130,"right_to":180,"left_parity":"O","right_parity":"E","source":"Grey County road centrelines"},"geometry":{"type":"LineString","coordinates":[[-80.94361827645426,44.54604497568],[-80.94341376420005,44.545222848562446]]}},{"type":"Feature","properties":{"road_id":"road_af41d3343c4066073992","name":"6th Avenue West","road_class":3,"lane_count":2,"speed_limit_kmh":50,"left_from":2,"left_to":98,"right_from":1,"right_to":99,"left_parity":"E","right_parity":"O","source":"Grey County road centrelines"},"geometry":{"type":"LineString","coordinates":[[-80.94784323828841,44.5477365512595],[-80.94793647533008,44.54776755928832],[-80.94798846622545,44.547797025062856],[-80.94803476000531,44.5478310048583],[-80.94807246678936,44.547866622899456],[-80.94833584205088,44.54815599914977],[-80.94860005544056,44.548474935421496]]}},{"type":"Feature","properties":{"road_id":"road_a0965ad42bb87cfa9e62","name":"1st Street West","road_class":3,"lane_count":2,"speed_limit_kmh":50,"left_from":501,"left_to":599,"right_from":500,"right_to":598,"left_parity":"O","right_parity":"E","source":"Grey County road centrelines"},"geometry":{"type":"LineString","coordinates":[[-80.94648510505476,44.548807793378494],[-80.94831998858275,44.54858548091131],[-80.94860005544056,44.548474935421496]]}},{"type":"Feature","properties":{"road_id":"road_de2f761b3eb8e43f73a4","name":"6th Avenue West","road_class":3,"lane_count":2,"speed_limit_kmh":50,"left_from":126,"left_to":268,"right_from":127,"right_to":269,"left_parity":"E","right_parity":"O","source":"Grey County road centrelines"},"geometry":{"type":"LineString","coordinates":[[-80.94924272456787,44.54944242540191],[-80.94972886046027,44.55033929495644],[-80.95016938619078,44.552188573655414]]}},{"type":"Feature","properties":{"road_id":"road_093227399ed6074cb9ad","name":"4th Avenue SW","road_class":3,"lane_count":2,"speed_limit_kmh":50,"left_from":297,"left_to":379,"right_from":296,"right_to":380,"left_parity":"O","right_parity":"E","source":"Grey County road centrelines"},"geometry":{"type":"LineString","coordinates":[[-80.94438255052158,44.5441914516345],[-80.94448155474734,44.54314287390752]]}},{"type":"Feature","properties":{"road_id":"road_5172e7fc0ed271a99a4f","name":"4th Street West","road_class":3,"lane_count":2,"speed_limit_kmh":50,"left_from":101,"left_to":199,"right_from":100,"right_to":198,"left_parity":"O","right_parity":"E","source":"Grey County road centrelines"},"geometry":{"type":"LineString","coordinates":[[-80.94080541055118,44.55687581285348],[-80.94155772624543,44.55668725426925],[-80.94201901743205,44.556586893462864],[-80.94206847418,44.55657839675334],[-80.94211899183833,44.55657415607933],[-80.94216985624632,44.55657423417178],[-80.94222034695518,44.55657862718994],[-80.94264066418505,44.55663347107873],[-80.94307049637042,44.55666691763218],[-80.94315730596622,44.55666583714215],[-80.94324396823829,44.556662075910005],[-80.94335729789792,44.55665307033123],[-80.94346973103887,44.556639479707506],[-80.94358090474181,44.5566213514031],[-80.9436904596806,44.556598741102555],[-80.94379804461398,44.55657172241239],[-80.94390659972785,44.55653932813213],[-80.94401231796205,44.556502446075044],[-80.9441148346006,44.55646120297299],[-80.94424655996059,44.55640452822551]]}},{"type":"Feature","properties":{"road_id":"road_c16fd964d22ea5adb797","name":"5th Street East","road_class":3,"lane_count":2,"speed_limit_kmh":50,"left_from":100,"left_to":198,"right_from":101,"right_to":199,"left_parity":"E","right_parity":"O","source":"Grey County road centrelines"},"geometry":{"type":"LineString","coordinates":[[-80.94304543247567,44.55875659523081],[-80.94278666107999,44.55874154444058],[-80.94126559411505,44.558912010382045]]}},{"type":"Feature","properties":{"road_id":"road_d1311a6cd0303350d1c3","name":"5th Avenue A West","road_class":3,"lane_count":2,"speed_limit_kmh":50,"left_from":600,"left_to":698,"right_from":601,"right_to":699,"left_parity":"E","right_parity":"O","source":"Grey County road centrelines"},"geometry":{"type":"LineString","coordinates":[[-80.94997245302261,44.559669459919256],[-80.95058534299824,44.559601328512024],[-80.95060788981357,44.559600113662064],[-80.95063042225584,44.559601452045236],[-80.95065237887802,44.55960531101783],[-80.95067321170778,44.559611593288984],[-80.95069240151886,44.55962014140114],[-80.95070946950926,44.559630744130764],[-80.95072399077583,44.5596431352085],[-80.95073560060257,44.55965700612046],[-80.9507440124269,44.559672011869154],[-80.95074901334806,44.559687776734016],[-80.95101668165833,44.56100798292069]]}},{"type":"Feature","properties":{"road_id":"road_2a511c9afd5812a890bc","name":"4th Avenue West","road_class":3,"lane_count":2,"speed_limit_kmh":50,"left_from":472,"left_to":498,"right_from":743,"right_to":499,"left_parity":"E","right_parity":"O","source":"Grey County road centrelines"},"geometry":{"type":"LineString","coordinates":[[-80.94718191025434,44.55698693767749],[-80.9473472568605,44.55764521249489]]}},{"type":"Feature","properties":{"road_id":"road_987ac4d114e5d19afc1c","name":"8th Street West","road_class":3,"lane_count":2,"speed_limit_kmh":50,"left_from":401,"left_to":455,"right_from":400,"right_to":454,"left_parity":"O","right_parity":"E","source":"Grey County road centrelines"},"geometry":{"type":"LineString","coordinates":[[-80.94864440796108,44.56320315491132],[-80.94959996209849,44.563112502436546]]}},{"type":"Feature","properties":{"road_id":"road_59fa9b35b1ff2da7d20c","name":"6th Avenue West","road_class":3,"lane_count":2,"speed_limit_kmh":50,"left_from":272,"left_to":420,"right_from":271,"right_to":419,"left_parity":"E","right_parity":"O","source":"Grey County road centrelines"},"geometry":{"type":"LineString","coordinates":[[-80.95016938619078,44.552188573655414],[-80.95048187684046,44.55355812517993],[-80.950342924534,44.55396662713622],[-80.95031600921143,44.554222961046456],[-80.95031507226861,44.55449292464358],[-80.95039755108643,44.55475935479675],[-80.9506774337896,44.55529441024166],[-80.950778214883,44.55573384042365]]}},{"type":"Feature","properties":{"road_id":"road_0ed396a86997f8577af7","name":"9th Avenue A East","road_class":3,"lane_count":2,"speed_limit_kmh":50,"left_from":800,"left_to":898,"right_from":801,"right_to":899,"left_parity":"E","right_parity":"O","source":"Grey County road centrelines"},"geometry":{"type":"LineString","coordinates":[[-80.9250376560682,44.56592221995009],[-80.92526506098912,44.56686252948375],[-80.92559432318512,44.56750200191275],[-80.92577024565712,44.56777529450739]]}},{"type":"Feature","properties":{"road_id":"road_ab74b733daf46d59290e","name":"9th Avenue A East","road_class":3,"lane_count":2,"speed_limit_kmh":50,"left_from":900,"left_to":998,"right_from":901,"right_to":999,"left_parity":"E","right_parity":"O","source":"Grey County road centrelines"},"geometry":{"type":"LineString","coordinates":[[-80.92577024565712,44.56777529450739],[-80.92595210778977,44.568551898792045],[-80.925926613602,44.56870664844895]]}},{"type":"Feature","properties":{"road_id":"road_af232523d3c61331ff7d","name":"2nd Avenue West","road_class":3,"lane_count":2,"speed_limit_kmh":50,"left_from":400,"left_to":498,"right_from":401,"right_to":499,"left_parity":"E","right_parity":"O","source":"Grey County road centrelines"},"geometry":{"type":"LineString","coordinates":[[-80.94424655996059,44.55640452822551],[-80.9447624516485,44.556746885362664],[-80.94542852638052,44.55808858705161]]}},{"type":"Feature","properties":{"road_id":"road_c24d6bb87b8b892cae75","name":"6th Street East","road_class":2,"lane_count":2,"speed_limit_kmh":50,"left_from":300,"left_to":398,"right_from":301,"right_to":399,"left_parity":"E","right_parity":"O","source":"Grey County road centrelines"},"geometry":{"type":"LineString","coordinates":[[-80.9396779413263,44.56036048123638],[-80.93790083653907,44.56056739886015],[-80.93789966154267,44.56056753583252]]}},{"type":"Feature","properties":{"road_id":"road_dfecb53f63c32fb21ba3","name":"6th Street East","road_class":2,"lane_count":2,"speed_limit_kmh":50,"left_from":200,"left_to":298,"right_from":201,"right_to":299,"left_parity":"E","right_parity":"O","source":"Grey County road centrelines"},"geometry":{"type":"LineString","coordinates":[[-80.94154246746201,44.56014139976994],[-80.94079790512698,44.560230323587646],[-80.93974915976202,44.56035220589863],[-80.9397489405731,44.56035223086097],[-80.9396779413263,44.56036048123638]]}},{"type":"Feature","properties":{"road_id":"road_3d361f86af682f1fe3a7","name":"4th Avenue East","road_class":3,"lane_count":2,"speed_limit_kmh":50,"left_from":500,"left_to":598,"right_from":501,"right_to":599,"left_parity":"E","right_parity":"O","source":"Grey County road centrelines"},"geometry":{"type":"LineString","coordinates":[[-80.93741024500285,44.55867218107551],[-80.93789966154267,44.56056753583252]]}},{"type":"Feature","properties":{"road_id":"road_d6c4e3658f22f81de070","name":"4th Street East","road_class":3,"lane_count":2,"speed_limit_kmh":50,"left_from":200,"left_to":298,"right_from":201,"right_to":299,"left_parity":"E","right_parity":"O","source":"Grey County road centrelines"},"geometry":{"type":"LineString","coordinates":[[-80.94072575154506,44.55653295591495],[-80.93875643064322,44.55673481435827]]}},{"type":"Feature","properties":{"road_id":"road_597365230319454a1048","name":"3rd Avenue East","road_class":3,"lane_count":2,"speed_limit_kmh":50,"left_from":500,"left_to":598,"right_from":501,"right_to":599,"left_parity":"E","right_parity":"O","source":"Grey County road centrelines"},"geometry":{"type":"LineString","coordinates":[[-80.9393486171465,44.55876737669948],[-80.9396779413263,44.56036048123638]]}},{"type":"Feature","properties":{"road_id":"road_4d22a3fc5b5370f36873","name":"3rd Avenue East","road_class":2,"lane_count":2,"speed_limit_kmh":50,"left_from":600,"left_to":698,"right_from":601,"right_to":699,"left_parity":"E","right_parity":"O","source":"Grey County road centrelines"},"geometry":{"type":"LineString","coordinates":[[-80.9396779413263,44.56036048123638],[-80.9398545950269,44.561162600954866],[-80.93996365948556,44.56163370175455],[-80.9399939066595,44.56176435485853],[-80.94008495989668,44.56217422521667],[-80.9400851377631,44.56217501822644]]}},{"type":"Feature","properties":{"road_id":"road_4b7030991341f8f0d28f","name":"4th Avenue East","road_class":3,"lane_count":2,"speed_limit_kmh":50,"left_from":600,"left_to":698,"right_from":601,"right_to":699,"left_parity":"E","right_parity":"O","source":"Grey County road centrelines"},"geometry":{"type":"LineString","coordinates":[[-80.93789966154267,44.56056753583252],[-80.93834755435681,44.562388249770486]]}},{"type":"Feature","properties":{"road_id":"road_4f187286f1c558225513","name":"6th Avenue East","road_class":3,"lane_count":2,"speed_limit_kmh":50,"left_from":500,"left_to":598,"right_from":501,"right_to":599,"left_parity":"E","right_parity":"O","source":"Grey County road centrelines"},"geometry":{"type":"LineString","coordinates":[[-80.93387603192662,44.55943889299173],[-80.93415641858466,44.560695634945496]]}},{"type":"Feature","properties":{"road_id":"road_e7a9b650a5efe15b6346","name":"4th Street East","road_class":3,"lane_count":2,"speed_limit_kmh":50,"left_from":500,"left_to":598,"right_from":501,"right_to":599,"left_parity":"E","right_parity":"O","source":"Grey County road centrelines"},"geometry":{"type":"LineString","coordinates":[[-80.93472633944533,44.55756083257234],[-80.9345467752032,44.55741379582425],[-80.93395983036959,44.55721994092013],[-80.9333290585299,44.557287916372545]]}},{"type":"Feature","properties":{"road_id":"road_5c0d2103ede13228760e","name":"6th Street East","road_class":2,"lane_count":2,"speed_limit_kmh":50,"left_from":400,"left_to":428,"right_from":401,"right_to":429,"left_parity":"E","right_parity":"O","source":"Grey County road centrelines"},"geometry":{"type":"LineString","coordinates":[[-80.93789966154267,44.56056753583252],[-80.93685171837325,44.5606853978822]]}},{"type":"Feature","properties":{"road_id":"road_90e0ab1cba9e0b9be5a5","name":"5th Street East","road_class":3,"lane_count":2,"speed_limit_kmh":50,"left_from":500,"left_to":598,"right_from":501,"right_to":599,"left_parity":"E","right_parity":"O","source":"Grey County road centrelines"},"geometry":{"type":"LineString","coordinates":[[-80.93537470568818,44.55987349778583],[-80.93507313226412,44.559719068345984],[-80.93470833720703,44.55945270314574],[-80.93465735062814,44.5594281833354],[-80.93460235576643,44.55940858437756],[-80.93454427698838,44.55939423719371],[-80.93448409076267,44.55938538117432],[-80.93442280769398,44.55938216609842],[-80.93387603192662,44.55943889299173]]}},{"type":"Feature","properties":{"road_id":"road_3b842cfebe1ac0175400","name":"4th Street A East","road_class":3,"lane_count":2,"speed_limit_kmh":50,"left_from":200,"left_to":298,"right_from":201,"right_to":299,"left_parity":"E","right_parity":"O","source":"Grey County road centrelines"},"geometry":{"type":"LineString","coordinates":[[-80.94093339173307,44.557429853823216],[-80.93942428763278,44.557594526307795],[-80.9389374079353,44.557526094188376]]}},{"type":"Feature","properties":{"road_id":"road_bf38fa811abfa3c96c04","name":"5th Street East","road_class":3,"lane_count":2,"speed_limit_kmh":50,"left_from":300,"left_to":398,"right_from":301,"right_to":399,"left_parity":"E","right_parity":"O","source":"Grey County road centrelines"},"geometry":{"type":"LineString","coordinates":[[-80.9393486171465,44.55876737669948],[-80.93834135598135,44.55858104468133],[-80.93750249659261,44.558663582257914]]}},{"type":"Feature","properties":{"road_id":"road_2d084c11acffc7423f8c","name":"5th Street East","road_class":3,"lane_count":2,"speed_limit_kmh":50,"left_from":200,"left_to":298,"right_from":201,"right_to":299,"left_parity":"E","right_parity":"O","source":"Grey County road centrelines"},"geometry":{"type":"LineString","coordinates":[[-80.94109954412804,44.558163821325536],[-80.94022827082891,44.55864350234316],[-80.9393486171465,44.55876737669948]]}},{"type":"Feature","properties":{"road_id":"road_b834288fc96ea8cd6337","name":"4th Avenue East","road_class":3,"lane_count":2,"speed_limit_kmh":50,"left_from":400,"left_to":498,"right_from":401,"right_to":499,"left_parity":"E","right_parity":"O","source":"Grey County road centrelines"},"geometry":{"type":"LineString","coordinates":[[-80.93714145829006,44.556888619301574],[-80.93721975095863,44.55726514630747],[-80.93750249659261,44.558663582257914]]}},{"type":"Feature","properties":{"road_id":"road_69f1e912f55291a9bef3","name":"5th Street East","road_class":3,"lane_count":2,"speed_limit_kmh":50,"left_from":400,"left_to":498,"right_from":401,"right_to":499,"left_parity":"E","right_parity":"O","source":"Grey County road centrelines"},"geometry":{"type":"LineString","coordinates":[[-80.93750249659261,44.558663582257914],[-80.93659204417071,44.558743778952554]]}},{"type":"Feature","properties":{"road_id":"road_62341d82f77c0dcfbbf1","name":"5th Avenue East","road_class":3,"lane_count":2,"speed_limit_kmh":50,"left_from":500,"left_to":598,"right_from":501,"right_to":599,"left_parity":"E","right_parity":"O","source":"Grey County road centrelines"},"geometry":{"type":"LineString","coordinates":[[-80.93659204417071,44.558743778952554],[-80.93650040702857,44.55899044588754],[-80.93648700596117,44.559058324540615],[-80.93685171837325,44.5606853978822]]}},{"type":"Feature","properties":{"road_id":"road_970550473d582dca24a5","name":"4th Avenue West","road_class":3,"lane_count":2,"speed_limit_kmh":50,"left_from":300,"left_to":348,"right_from":301,"right_to":349,"left_parity":"E","right_parity":"O","source":"Grey County road centrelines"},"geometry":{"type":"LineString","coordinates":[[-80.94642645404987,44.55362976327673],[-80.94675120310991,44.55501223177362]]}},{"type":"Feature","properties":{"road_id":"road_088ee09b595e5e69f05a","name":"7th Street East","road_class":3,"lane_count":2,"speed_limit_kmh":50,"left_from":200,"left_to":298,"right_from":201,"right_to":299,"left_parity":"E","right_parity":"O","source":"Grey County road centrelines"},"geometry":{"type":"LineString","coordinates":[[-80.94197565934653,44.56202853397389],[-80.94012455044788,44.56217018144286],[-80.94008495989668,44.56217422521667]]}},{"type":"Feature","properties":{"road_id":"road_93c0b133f2f1b01ec3bf","name":"9th Street East","road_class":3,"lane_count":2,"speed_limit_kmh":50,"left_from":200,"left_to":298,"right_from":201,"right_to":299,"left_parity":"E","right_parity":"O","source":"Grey County road centrelines"},"geometry":{"type":"LineString","coordinates":[[-80.94282678792541,44.56581300467178],[-80.94096681355323,44.56603173582221]]}},{"type":"Feature","properties":{"road_id":"road_73e04b852f7e5bcab112","name":"4th Avenue East","road_class":3,"lane_count":2,"speed_limit_kmh":50,"left_from":800,"left_to":898,"right_from":801,"right_to":899,"left_parity":"E","right_parity":"O","source":"Grey County road centrelines"},"geometry":{"type":"LineString","coordinates":[[-80.93870524104507,44.56434145745901],[-80.93914254990854,44.56623604001416]]}},{"type":"Feature","properties":{"road_id":"road_0068ab345381059f2021","name":"7th Street East","road_class":3,"lane_count":2,"speed_limit_kmh":50,"left_from":300,"left_to":398,"right_from":301,"right_to":399,"left_parity":"E","right_parity":"O","source":"Grey County road centrelines"},"geometry":{"type":"LineString","coordinates":[[-80.9400851377631,44.56217501822644],[-80.93834755435681,44.562388249770486]]}},{"type":"Feature","properties":{"road_id":"road_7f1102036fa87c6a3c13","name":"4th Avenue East","road_class":3,"lane_count":2,"speed_limit_kmh":50,"left_from":700,"left_to":798,"right_from":701,"right_to":799,"left_parity":"E","right_parity":"O","source":"Grey County road centrelines"},"geometry":{"type":"LineString","coordinates":[[-80.93834755435681,44.562388249770486],[-80.93870524104507,44.56434145745901]]}},{"type":"Feature","properties":{"road_id":"road_a2717100f7ae4d3d66da","name":"3rd Avenue East","road_class":2,"lane_count":2,"speed_limit_kmh":50,"left_from":900,"left_to":998,"right_from":901,"right_to":999,"left_parity":"E","right_parity":"O","source":"Grey County road centrelines"},"geometry":{"type":"LineString","coordinates":[[-80.94096681355323,44.56603173582221],[-80.94134063667893,44.567646248452974],[-80.94139159181678,44.56781280107713],[-80.94139536114771,44.56782490178215],[-80.94141031989383,44.56787291867071],[-80.94142568108519,44.56792223211284]]}},{"type":"Feature","properties":{"road_id":"road_0aef55cd4cbee5ce9400","name":"3rd Avenue East","road_class":2,"lane_count":2,"speed_limit_kmh":50,"left_from":800,"left_to":898,"right_from":801,"right_to":899,"left_parity":"E","right_parity":"O","source":"Grey County road centrelines"},"geometry":{"type":"LineString","coordinates":[[-80.94054811059593,44.56413893034475],[-80.94096681355323,44.56603173582221]]}},{"type":"Feature","properties":{"road_id":"road_57e789cb4b9668d573b1","name":"8th Street A East","road_class":3,"lane_count":2,"speed_limit_kmh":50,"left_from":500,"left_to":548,"right_from":501,"right_to":549,"left_parity":"E","right_parity":"O","source":"Grey County road centrelines"},"geometry":{"type":"LineString","coordinates":[[-80.9370114990179,44.56527147948805],[-80.93603686196892,44.56538851088207]]}},{"type":"Feature","properties":{"road_id":"road_a156aa992e460711112a","name":"9th Street East","road_class":3,"lane_count":2,"speed_limit_kmh":50,"left_from":300,"left_to":398,"right_from":301,"right_to":399,"left_parity":"E","right_parity":"O","source":"Grey County road centrelines"},"geometry":{"type":"LineString","coordinates":[[-80.94096681355323,44.56603173582221],[-80.93914254990854,44.56623604001416]]}},{"type":"Feature","properties":{"road_id":"road_dfe2dadcda71b0640a7b","name":"3rd Avenue East","road_class":2,"lane_count":2,"speed_limit_kmh":50,"left_from":700,"left_to":798,"right_from":701,"right_to":799,"left_parity":"E","right_parity":"O","source":"Grey County road centrelines"},"geometry":{"type":"LineString","coordinates":[[-80.9400851377631,44.56217501822644],[-80.94016352205986,44.56252355168404],[-80.94054811059593,44.56413893034475]]}},{"type":"Feature","properties":{"road_id":"road_d5711a9481b8a5a536ed","name":"4th Avenue East","road_class":3,"lane_count":2,"speed_limit_kmh":50,"left_from":900,"left_to":998,"right_from":901,"right_to":999,"left_parity":"E","right_parity":"O","source":"Grey County road centrelines"},"geometry":{"type":"LineString","coordinates":[[-80.93914254990854,44.56623604001416],[-80.93956604268293,44.56813246478965]]}},{"type":"Feature","properties":{"road_id":"road_2cd5f51114ea146b7505","name":"11th Street A West","road_class":3,"lane_count":2,"speed_limit_kmh":50,"left_from":401,"left_to":499,"right_from":400,"right_to":498,"left_parity":"O","right_parity":"E","source":"Grey County road centrelines"},"geometry":{"type":"LineString","coordinates":[[-80.95004110407325,44.569652984252436],[-80.9514750146927,44.569484315431]]}},{"type":"Feature","properties":{"road_id":"road_d8c193c831116b4ae9c4","name":"11th Street West","road_class":3,"lane_count":2,"speed_limit_kmh":50,"left_from":401,"left_to":499,"right_from":400,"right_to":498,"left_parity":"O","right_parity":"E","source":"Grey County road centrelines"},"geometry":{"type":"LineString","coordinates":[[-80.94985457609103,44.56880909192195],[-80.95072666146717,44.56870711242595]]}},{"type":"Feature","properties":{"road_id":"road_a748fd4ef25fe651fa2d","name":"9th Street West","road_class":3,"lane_count":2,"speed_limit_kmh":50,"left_from":301,"left_to":499,"right_from":300,"right_to":498,"left_parity":"O","right_parity":"E","source":"Grey County road centrelines"},"geometry":{"type":"LineString","coordinates":[[-80.94735870768541,44.56528543801895],[-80.95102949522754,44.564865943342035]]}},{"type":"Feature","properties":{"road_id":"road_fb7a310b111774ab4ed6","name":"11th Street West","road_class":3,"lane_count":2,"speed_limit_kmh":50,"left_from":301,"left_to":399,"right_from":300,"right_to":398,"left_parity":"O","right_parity":"E","source":"Grey County road centrelines"},"geometry":{"type":"LineString","coordinates":[[-80.94824625486422,44.56900390719805],[-80.94985457609103,44.56880909192195]]}},{"type":"Feature","properties":{"road_id":"road_19b9e5354007d581ad62","name":"3rd Avenue West","road_class":3,"lane_count":2,"speed_limit_kmh":50,"left_from":1000,"left_to":1098,"right_from":1001,"right_to":1099,"left_parity":"E","right_parity":"O","source":"Grey County road centrelines"},"geometry":{"type":"LineString","coordinates":[[-80.94778422526245,44.56719891930584],[-80.94819117735753,44.569007819944034]]}},{"type":"Feature","properties":{"road_id":"road_78a0a4f9a7c33cb5236a","name":"11th Street West","road_class":3,"lane_count":2,"speed_limit_kmh":50,"left_from":201,"left_to":299,"right_from":200,"right_to":298,"left_parity":"O","right_parity":"E","source":"Grey County road centrelines"},"geometry":{"type":"LineString","coordinates":[[-80.94653146530995,44.56917896616444],[-80.94824625486422,44.56900390719805]]}},{"type":"Feature","properties":{"road_id":"road_8cd764764939f31dd9f5","name":"1st Avenue West","road_class":3,"lane_count":2,"speed_limit_kmh":50,"left_from":1100,"left_to":1198,"right_from":1101,"right_to":1199,"left_parity":"E","right_parity":"O","source":"Grey County road centrelines"},"geometry":{"type":"LineString","coordinates":[[-80.94468995760506,44.569391994767294],[-80.94520835289764,44.571751148125784]]}},{"type":"Feature","properties":{"road_id":"road_7f984f4b7379e5290970","name":"1st Avenue West","road_class":3,"lane_count":2,"speed_limit_kmh":50,"left_from":1000,"left_to":1098,"right_from":1001,"right_to":1099,"left_parity":"E","right_parity":"O","source":"Grey County road centrelines"},"geometry":{"type":"LineString","coordinates":[[-80.94457744361573,44.567562160146366],[-80.94448192215829,44.568284443199836],[-80.94468995760506,44.569391994767294]]}},{"type":"Feature","properties":{"road_id":"road_9edff0092dac64a47ddd","name":"1st Avenue East","road_class":3,"lane_count":1,"speed_limit_kmh":40,"left_from":900,"left_to":998,"right_from":901,"right_to":999,"left_parity":"E","right_parity":"O","source":"Grey County road centrelines"},"geometry":{"type":"LineString","coordinates":[[-80.94378916656402,44.565695337330354],[-80.94377106281608,44.56637018546949],[-80.94374463438044,44.56668593012834],[-80.943949808693,44.5676340421141]]}},{"type":"Feature","properties":{"road_id":"road_c8406ecdd11fb21bfa8f","name":"1st Avenue East","road_class":3,"lane_count":1,"speed_limit_kmh":50,"left_from":1000,"left_to":1098,"right_from":1001,"right_to":1099,"left_parity":"E","right_parity":"O","source":"Grey County road centrelines"},"geometry":{"type":"LineString","coordinates":[[-80.943949808693,44.5676340421141],[-80.94355425981217,44.569178913687495],[-80.94317503421836,44.57062814644376]]}},{"type":"Feature","properties":{"road_id":"road_8c4549fe62587c1f48e9","name":"12th Street West","road_class":3,"lane_count":2,"speed_limit_kmh":50,"left_from":101,"left_to":199,"right_from":100,"right_to":198,"left_parity":"O","right_parity":"E","source":"Grey County road centrelines"},"geometry":{"type":"LineString","coordinates":[[-80.94520835289764,44.571751148125784],[-80.94705195906704,44.57154478862899]]}},{"type":"Feature","properties":{"road_id":"road_dcf993d90b134aa7d4d9","name":"1st Avenue West","road_class":3,"lane_count":2,"speed_limit_kmh":50,"left_from":1400,"left_to":1498,"right_from":1401,"right_to":1499,"left_parity":"E","right_parity":"O","source":"Grey County road centrelines"},"geometry":{"type":"LineString","coordinates":[[-80.94548507263269,44.57302752564704],[-80.94587135000151,44.574762717163246],[-80.94583316261878,44.57497421515186],[-80.94576783353806,44.57573422500834],[-80.94584423255804,44.57597320715302],[-80.94592203833973,44.57616332342363],[-80.94590593334331,44.576280506951775],[-80.94585940959475,44.576429659462406]]}},{"type":"Feature","properties":{"road_id":"road_f395ca1611058048d22c","name":"12th Street West","road_class":3,"lane_count":2,"speed_limit_kmh":50,"left_from":401,"left_to":499,"right_from":400,"right_to":498,"left_parity":"O","right_parity":"E","source":"Grey County road centrelines"},"geometry":{"type":"LineString","coordinates":[[-80.95039723308282,44.571143265775746],[-80.95264470293931,44.570895543903134]]}},{"type":"Feature","properties":{"road_id":"road_c8520b971d49dae7f289","name":"13th Street West","road_class":3,"lane_count":2,"speed_limit_kmh":50,"left_from":401,"left_to":499,"right_from":400,"right_to":498,"left_parity":"O","right_parity":"E","source":"Grey County road centrelines"},"geometry":{"type":"LineString","coordinates":[[-80.95059838473954,44.572059935678524],[-80.95284189482228,44.57180390240583]]}},{"type":"Feature","properties":{"road_id":"road_976eda4df525017c371f","name":"3rd Avenue East","road_class":2,"lane_count":2,"speed_limit_kmh":50,"left_from":1600,"left_to":1698,"right_from":1601,"right_to":1699,"left_parity":"E","right_parity":"O","source":"Grey County road centrelines"},"geometry":{"type":"LineString","coordinates":[[-80.93611834725003,44.57608269450249],[-80.93575041707258,44.57666494279811]]}},{"type":"Feature","properties":{"road_id":"road_762d16e4866a877f1439","name":"3rd Avenue East","road_class":2,"lane_count":2,"speed_limit_kmh":50,"left_from":1400,"left_to":1498,"right_from":1401,"right_to":1499,"left_parity":"E","right_parity":"O","source":"Grey County road centrelines"},"geometry":{"type":"LineString","coordinates":[[-80.93689203116995,44.574911062173754],[-80.93644378262296,44.57559180046398]]}},{"type":"Feature","properties":{"road_id":"road_51024bd8d43208764377","name":"6th Avenue West","road_class":3,"lane_count":2,"speed_limit_kmh":50,"left_from":2000,"left_to":2098,"right_from":2001,"right_to":2099,"left_parity":"E","right_parity":"O","source":"Grey County road centrelines"},"geometry":{"type":"LineString","coordinates":[[-80.9526441846114,44.581931502947725],[-80.95224790180697,44.583162316961506]]}},{"type":"Feature","properties":{"road_id":"road_89ee868dcafa172c106c","name":"20th Street West","road_class":3,"lane_count":2,"speed_limit_kmh":50,"left_from":701,"left_to":799,"right_from":700,"right_to":798,"left_parity":"O","right_parity":"E","source":"Grey County road centrelines"},"geometry":{"type":"LineString","coordinates":[[-80.95409445085723,44.582181723014415],[-80.95559955026799,44.58242214640125]]}},{"type":"Feature","properties":{"road_id":"road_afddff9383b04fe78941","name":"8th Avenue West","road_class":3,"lane_count":2,"speed_limit_kmh":50,"left_from":2300,"left_to":2398,"right_from":2301,"right_to":2399,"left_parity":"E","right_parity":"O","source":"Grey County road centrelines"},"geometry":{"type":"LineString","coordinates":[[-80.95415313060822,44.586809823957815],[-80.9537769197605,44.58805517677215],[-80.95377051028093,44.58807639553444]]}},{"type":"Feature","properties":{"road_id":"road_2cc74b1db8b3afdf6904","name":"20th Street West","road_class":3,"lane_count":2,"speed_limit_kmh":50,"left_from":917,"left_to":927,"right_from":918,"right_to":928,"left_parity":"O","right_parity":"E","source":"Grey County road centrelines"},"geometry":{"type":"LineString","coordinates":[[-80.96007637994488,44.583134267078954],[-80.95858727863101,44.58290268948044]]}},{"type":"Feature","properties":{"road_id":"road_3ae1510f60da3ff0707c","name":"20th Street West","road_class":3,"lane_count":2,"speed_limit_kmh":50,"left_from":601,"left_to":699,"right_from":600,"right_to":698,"left_parity":"O","right_parity":"E","source":"Grey County road centrelines"},"geometry":{"type":"LineString","coordinates":[[-80.9526441846114,44.581931502947725],[-80.95409445085723,44.582181723014415]]}},{"type":"Feature","properties":{"road_id":"road_e53193313cf91bbfdbd3","name":"30th Street West","road_class":3,"lane_count":2,"speed_limit_kmh":50,"left_from":857,"left_to":867,"right_from":858,"right_to":866,"left_parity":"O","right_parity":"E","source":"Grey County road centrelines"},"geometry":{"type":"LineString","coordinates":[[-80.96283035409456,44.597368277673034],[-80.9615686630915,44.597168491996015]]}},{"type":"Feature","properties":{"road_id":"road_ffc7cda7853aea0ba29f","name":"30th Street West","road_class":3,"lane_count":2,"speed_limit_kmh":50,"left_from":845,"left_to":855,"right_from":846,"right_to":856,"left_parity":"O","right_parity":"E","source":"Grey County road centrelines"},"geometry":{"type":"LineString","coordinates":[[-80.96423372558762,44.59758976856434],[-80.96283035409456,44.597368277673034]]}},{"type":"Feature","properties":{"road_id":"road_4c217ebee77b46fa4f60","name":"30th Street West","road_class":3,"lane_count":2,"speed_limit_kmh":50,"left_from":891,"left_to":903,"right_from":890,"right_to":904,"left_parity":"O","right_parity":"E","source":"Grey County road centrelines"},"geometry":{"type":"LineString","coordinates":[[-80.95901917514489,44.596752770376135],[-80.95724841875177,44.59647449730309],[-80.9572178877102,44.596469699193044]]}},{"type":"Feature","properties":{"road_id":"road_54eae16a8171375a92a9","name":"27th Street West","road_class":3,"lane_count":2,"speed_limit_kmh":50,"left_from":889,"left_to":927,"right_from":890,"right_to":928,"left_parity":"O","right_parity":"E","source":"Grey County road centrelines"},"geometry":{"type":"LineString","coordinates":[[-80.96017758234818,44.593024154110495],[-80.95551790957835,44.59226612690173]]}},{"type":"Feature","properties":{"road_id":"road_aa9f6842ce10eb426e86","name":"5th Avenue West","road_class":3,"lane_count":2,"speed_limit_kmh":50,"left_from":1800,"left_to":1898,"right_from":1801,"right_to":1899,"left_parity":"E","right_parity":"O","source":"Grey County road centrelines"},"geometry":{"type":"LineString","coordinates":[[-80.95197600243172,44.5792195989215],[-80.95157429380296,44.58043946831328]]}},{"type":"Feature","properties":{"road_id":"road_64e2bfe41f916f827dd4","name":"15th Street A West","road_class":3,"lane_count":2,"speed_limit_kmh":50,"left_from":701,"left_to":799,"right_from":700,"right_to":798,"left_parity":"O","right_parity":"E","source":"Grey County road centrelines"},"geometry":{"type":"LineString","coordinates":[[-80.95618383339341,44.57581126462921],[-80.95680859640215,44.57592464472768],[-80.95698347593009,44.5760289215632]]}},{"type":"Feature","properties":{"road_id":"road_1eee5674c05a30bfe87d","name":"6th Avenue West","road_class":3,"lane_count":2,"speed_limit_kmh":50,"left_from":1500,"left_to":1598,"right_from":1501,"right_to":1599,"left_parity":"E","right_parity":"O","source":"Grey County road centrelines"},"geometry":{"type":"LineString","coordinates":[[-80.95493447446256,44.57487405098493],[-80.9542036761143,44.57697628232608]]}},{"type":"Feature","properties":{"road_id":"road_7170453b91f31bc3286a","name":"7th Avenue West","road_class":3,"lane_count":2,"speed_limit_kmh":50,"left_from":1600,"left_to":1698,"right_from":1601,"right_to":1699,"left_parity":"E","right_parity":"O","source":"Grey County road centrelines"},"geometry":{"type":"LineString","coordinates":[[-80.95572554886806,44.577224347505286],[-80.9552998121021,44.57844922344008]]}},{"type":"Feature","properties":{"road_id":"road_e047e81fce9920ee2ecd","name":"5th Avenue West","road_class":3,"lane_count":2,"speed_limit_kmh":50,"left_from":1700,"left_to":1798,"right_from":1701,"right_to":1799,"left_parity":"E","right_parity":"O","source":"Grey County road centrelines"},"geometry":{"type":"LineString","coordinates":[[-80.95237657469163,44.577970247695916],[-80.95197600243172,44.5792195989215]]}},{"type":"Feature","properties":{"road_id":"road_9564529dbda883df0e2f","name":"5th Avenue A West","road_class":3,"lane_count":2,"speed_limit_kmh":50,"left_from":1500,"left_to":1598,"right_from":1501,"right_to":1599,"left_parity":"E","right_parity":"O","source":"Grey County road centrelines"},"geometry":{"type":"LineString","coordinates":[[-80.95422774108246,44.57464838902281],[-80.95348500771733,44.57685760416391]]}},{"type":"Feature","properties":{"road_id":"road_7559acd09cc9d44a8aa8","name":"16th Street West","road_class":3,"lane_count":2,"speed_limit_kmh":50,"left_from":701,"left_to":799,"right_from":700,"right_to":798,"left_parity":"O","right_parity":"E","source":"Grey County road centrelines"},"geometry":{"type":"LineString","coordinates":[[-80.95572554886806,44.577224347505286],[-80.95720597065967,44.57746931656605]]}},{"type":"Feature","properties":{"road_id":"road_a7c7f8d9e2db5afef757","name":"5th Avenue West","road_class":3,"lane_count":2,"speed_limit_kmh":50,"left_from":1500,"left_to":1598,"right_from":1501,"right_to":1599,"left_parity":"E","right_parity":"O","source":"Grey County road centrelines"},"geometry":{"type":"LineString","coordinates":[[-80.95350441132747,44.57445499084575],[-80.95276252507367,44.576742264012864]]}},{"type":"Feature","properties":{"road_id":"road_f7e52749ede120626dee","name":"17th Street West","road_class":3,"lane_count":2,"speed_limit_kmh":50,"left_from":500,"left_to":598,"right_from":501,"right_to":599,"left_parity":"E","right_parity":"O","source":"Grey County road centrelines"},"geometry":{"type":"LineString","coordinates":[[-80.95237703283242,44.57797822234971],[-80.95327323438067,44.57812418973855]]}},{"type":"Feature","properties":{"road_id":"road_d31e5068e264dee112c5","name":"5th Avenue West","road_class":3,"lane_count":2,"speed_limit_kmh":50,"left_from":1600,"left_to":1698,"right_from":1601,"right_to":1699,"left_parity":"E","right_parity":"O","source":"Grey County road centrelines"},"geometry":{"type":"LineString","coordinates":[[-80.95276252507367,44.576742264012864],[-80.95237657469163,44.577970247695916]]}},{"type":"Feature","properties":{"road_id":"road_c9b1de11a82df6402b2d","name":"16th Street West","road_class":3,"lane_count":2,"speed_limit_kmh":50,"left_from":943,"left_to":955,"right_from":944,"right_to":956,"left_parity":"O","right_parity":"E","source":"Grey County road centrelines"},"geometry":{"type":"LineString","coordinates":[[-80.9587010475668,44.577711558752114],[-80.95720597065967,44.57746931656605]]}},{"type":"Feature","properties":{"road_id":"road_99e45fc13d34f5ed9922","name":"16th Street West","road_class":3,"lane_count":2,"speed_limit_kmh":50,"left_from":889,"left_to":915,"right_from":890,"right_to":916,"left_parity":"O","right_parity":"E","source":"Grey County road centrelines"},"geometry":{"type":"LineString","coordinates":[[-80.96484460962522,44.5787221523446],[-80.96164819633348,44.57819167046612]]}},{"type":"Feature","properties":{"road_id":"road_594112fc05a888a2bf91","name":"17th Street West","road_class":3,"lane_count":2,"speed_limit_kmh":50,"left_from":601,"left_to":699,"right_from":600,"right_to":698,"left_parity":"O","right_parity":"E","source":"Grey County road centrelines"},"geometry":{"type":"LineString","coordinates":[[-80.95399011513022,44.578250701721565],[-80.9552998121021,44.57844922344008]]}},{"type":"Feature","properties":{"road_id":"road_5258b12a39dd7911bb6d","name":"7th Avenue West","road_class":3,"lane_count":2,"speed_limit_kmh":50,"left_from":1700,"left_to":1798,"right_from":1701,"right_to":1799,"left_parity":"E","right_parity":"O","source":"Grey County road centrelines"},"geometry":{"type":"LineString","coordinates":[[-80.9552998121021,44.57844922344008],[-80.95504323169737,44.57927041535324]]}},{"type":"Feature","properties":{"road_id":"road_7472f4e6604346880629","name":"15th Street West","road_class":3,"lane_count":2,"speed_limit_kmh":50,"left_from":401,"left_to":499,"right_from":400,"right_to":498,"left_parity":"O","right_parity":"E","source":"Grey County road centrelines"},"geometry":{"type":"LineString","coordinates":[[-80.95142105648685,44.57487306809787],[-80.95210989183323,44.57473262578042],[-80.9532271508066,44.57445678385962],[-80.95350441132747,44.57445499084575]]}},{"type":"Feature","properties":{"road_id":"road_029c68a8c8347fd2dfa3","name":"16th Street West","road_class":3,"lane_count":2,"speed_limit_kmh":50,"left_from":917,"left_to":941,"right_from":918,"right_to":942,"left_parity":"O","right_parity":"E","source":"Grey County road centrelines"},"geometry":{"type":"LineString","coordinates":[[-80.96164819633348,44.57819167046612],[-80.9587010475668,44.577711558752114]]}},{"type":"Feature","properties":{"road_id":"road_b684dd9861ce0b986254","name":"16th Street West","road_class":3,"lane_count":2,"speed_limit_kmh":50,"left_from":601,"left_to":699,"right_from":600,"right_to":698,"left_parity":"O","right_parity":"E","source":"Grey County road centrelines"},"geometry":{"type":"LineString","coordinates":[[-80.9542036761143,44.57697628232608],[-80.95572554886806,44.577224347505286]]}},{"type":"Feature","properties":{"road_id":"road_9ab65fc1b94ccc788276","name":"11th Street A West","road_class":3,"lane_count":2,"speed_limit_kmh":50,"left_from":501,"left_to":599,"right_from":500,"right_to":598,"left_parity":"O","right_parity":"E","source":"Grey County road centrelines"},"geometry":{"type":"LineString","coordinates":[[-80.95259548154995,44.568953948307744],[-80.95398524985465,44.56879751683479]]}},{"type":"Feature","properties":{"road_id":"road_af9cf99929aa91c60326","name":"6th Avenue West","road_class":3,"lane_count":2,"speed_limit_kmh":50,"left_from":800,"left_to":898,"right_from":801,"right_to":899,"left_parity":"E","right_parity":"O","source":"Grey County road centrelines"},"geometry":{"type":"LineString","coordinates":[[-80.9526340219706,44.56276023023028],[-80.95305013059335,44.56464384069983]]}},{"type":"Feature","properties":{"road_id":"road_b0fc0b5c92a31d6850a6","name":"6th Avenue West","road_class":3,"lane_count":2,"speed_limit_kmh":50,"left_from":900,"left_to":948,"right_from":901,"right_to":949,"left_parity":"E","right_parity":"O","source":"Grey County road centrelines"},"geometry":{"type":"LineString","coordinates":[[-80.95305013059335,44.56464384069983],[-80.95327940401005,44.565582346890515]]}},{"type":"Feature","properties":{"road_id":"road_338ff527c4d5e3d3206b","name":"9th Street West","road_class":3,"lane_count":2,"speed_limit_kmh":50,"left_from":601,"left_to":699,"right_from":600,"right_to":698,"left_parity":"O","right_parity":"E","source":"Grey County road centrelines"},"geometry":{"type":"LineString","coordinates":[[-80.95305013059335,44.56464384069983],[-80.9549827885535,44.56442548001974]]}},{"type":"Feature","properties":{"road_id":"road_1f056b3fc6c856db1b6c","name":"8th Street West","road_class":3,"lane_count":2,"speed_limit_kmh":50,"left_from":601,"left_to":699,"right_from":600,"right_to":698,"left_parity":"O","right_parity":"E","source":"Grey County road centrelines"},"geometry":{"type":"LineString","coordinates":[[-80.9526340219706,44.56276023023028],[-80.95442534619045,44.562549443067184]]}},{"type":"Feature","properties":{"road_id":"road_465cf16dd06b84960295","name":"7th Avenue West","road_class":3,"lane_count":2,"speed_limit_kmh":50,"left_from":900,"left_to":998,"right_from":901,"right_to":999,"left_parity":"E","right_parity":"O","source":"Grey County road centrelines"},"geometry":{"type":"LineString","coordinates":[[-80.95721060776314,44.56593546728622],[-80.95737365468216,44.56665473506219]]}},{"type":"Feature","properties":{"road_id":"road_a12c5ffff38663f4f2d4","name":"5th Avenue A West","road_class":3,"lane_count":2,"speed_limit_kmh":50,"left_from":950,"left_to":998,"right_from":951,"right_to":999,"left_parity":"E","right_parity":"O","source":"Grey County road centrelines"},"geometry":{"type":"LineString","coordinates":[[-80.95196704083844,44.56573336940211],[-80.9521198873874,44.56636741557541]]}},{"type":"Feature","properties":{"road_id":"road_e7bd9a4110b07cc06271","name":"6th Avenue West","road_class":3,"lane_count":2,"speed_limit_kmh":50,"left_from":600,"left_to":698,"right_from":601,"right_to":699,"left_parity":"E","right_parity":"O","source":"Grey County road centrelines"},"geometry":{"type":"LineString","coordinates":[[-80.95174898109143,44.558649603575816],[-80.95222170154338,44.56094644371383]]}},{"type":"Feature","properties":{"road_id":"road_37fed931bdb61f45c63a","name":"6th Avenue West","road_class":3,"lane_count":2,"speed_limit_kmh":50,"left_from":700,"left_to":798,"right_from":701,"right_to":799,"left_parity":"E","right_parity":"O","source":"Grey County road centrelines"},"geometry":{"type":"LineString","coordinates":[[-80.95222170154338,44.56094644371383],[-80.9526340219706,44.56276023023028]]}},{"type":"Feature","properties":{"road_id":"road_3b19faa340b77a53a561","name":"7th Avenue West","road_class":3,"lane_count":2,"speed_limit_kmh":50,"left_from":800,"left_to":898,"right_from":801,"right_to":899,"left_parity":"E","right_parity":"O","source":"Grey County road centrelines"},"geometry":{"type":"LineString","coordinates":[[-80.95442534619045,44.562549443067184],[-80.95449529800163,44.56256804955155],[-80.95455923649028,44.56260952129789],[-80.9549827885535,44.56442548001974]]}},{"type":"Feature","properties":{"road_id":"road_53a840f2ccda91e435ed","name":"9th Avenue West","road_class":3,"lane_count":2,"speed_limit_kmh":50,"left_from":900,"left_to":998,"right_from":901,"right_to":999,"left_parity":"E","right_parity":"O","source":"Grey County road centrelines"},"geometry":{"type":"LineString","coordinates":[[-80.96163140771915,44.563675131380684],[-80.96201936134426,44.56534242347873],[-80.96213901873674,44.566000977523906]]}},{"type":"Feature","properties":{"road_id":"road_053165355a902cbbfbdd","name":"10th Street A West","road_class":3,"lane_count":2,"speed_limit_kmh":50,"left_from":501,"left_to":599,"right_from":500,"right_to":598,"left_parity":"O","right_parity":"E","source":"Grey County road centrelines"},"geometry":{"type":"LineString","coordinates":[[-80.9520164499757,44.56743473597424],[-80.95363196401297,44.56725980423493]]}},{"type":"Feature","properties":{"road_id":"road_643ca228e89c92cb82cf","name":"7th Avenue West","road_class":3,"lane_count":2,"speed_limit_kmh":50,"left_from":1000,"left_to":1098,"right_from":1001,"right_to":1099,"left_parity":"E","right_parity":"O","source":"Grey County road centrelines"},"geometry":{"type":"LineString","coordinates":[[-80.95737365468216,44.56665473506219],[-80.95767732297745,44.56792525216384]]}},{"type":"Feature","properties":{"road_id":"road_02c569940a69f7e5bb47","name":"11th Street West","road_class":3,"lane_count":2,"speed_limit_kmh":50,"left_from":801,"left_to":899,"right_from":800,"right_to":898,"left_parity":"O","right_parity":"E","source":"Grey County road centrelines"},"geometry":{"type":"LineString","coordinates":[[-80.95767732297745,44.56792525216384],[-80.96026033066057,44.56765630125724]]}},{"type":"Feature","properties":{"road_id":"road_f806dc9cae537884ea3b","name":"6th Avenue West","road_class":3,"lane_count":2,"speed_limit_kmh":50,"left_from":1350,"left_to":1398,"right_from":1351,"right_to":1399,"left_parity":"E","right_parity":"O","source":"Grey County road centrelines"},"geometry":{"type":"LineString","coordinates":[[-80.95680794781852,44.57266359838274],[-80.95765878444492,44.57345710349454],[-80.95790355559691,44.57372203452055]]}},{"type":"Feature","properties":{"road_id":"road_7c833c316fe8db591a68","name":"6th Avenue West","road_class":3,"lane_count":2,"speed_limit_kmh":50,"left_from":1300,"left_to":1330,"right_from":1301,"right_to":1329,"left_parity":"E","right_parity":"O","source":"Grey County road centrelines"},"geometry":{"type":"LineString","coordinates":[[-80.95460724515401,44.571604470408204],[-80.95474656307479,44.57214072632032],[-80.95486122763091,44.572190806619766]]}},{"type":"Feature","properties":{"road_id":"road_a8a3cbb59e0e543302cf","name":"6th Avenue West","road_class":3,"lane_count":2,"speed_limit_kmh":50,"left_from":1300,"left_to":1348,"right_from":1301,"right_to":1349,"left_parity":"E","right_parity":"O","source":"Grey County road centrelines"},"geometry":{"type":"LineString","coordinates":[[-80.95570562693001,44.57147993929129],[-80.95680794781852,44.57266359838274]]}},{"type":"Feature","properties":{"road_id":"road_272bc6cd2c3e4758547c","name":"12th Street West","road_class":3,"lane_count":2,"speed_limit_kmh":50,"left_from":701,"left_to":799,"right_from":700,"right_to":798,"left_parity":"O","right_parity":"E","source":"Grey County road centrelines"},"geometry":{"type":"LineString","coordinates":[[-80.95648751246846,44.57003980870202],[-80.95677731167407,44.56988687302561],[-80.95775971735362,44.56976121958673]]}},{"type":"Feature","properties":{"road_id":"road_cecae3a95eda4631067e","name":"3rd Avenue East","road_class":2,"lane_count":2,"speed_limit_kmh":50,"left_from":1500,"left_to":1598,"right_from":1501,"right_to":1599,"left_parity":"E","right_parity":"O","source":"Grey County road centrelines"},"geometry":{"type":"LineString","coordinates":[[-80.93644378262296,44.57559180046398],[-80.93611834725003,44.57608269450249]]}},{"type":"Feature","properties":{"road_id":"road_d0731e7f9a4dda95ba57","name":"4th Avenue East","road_class":3,"lane_count":2,"speed_limit_kmh":50,"left_from":1600,"left_to":1698,"right_from":1601,"right_to":1699,"left_parity":"E","right_parity":"O","source":"Grey County road centrelines"},"geometry":{"type":"LineString","coordinates":[[-80.93495801675373,44.575693828678105],[-80.9347431648906,44.576322285664844]]}},{"type":"Feature","properties":{"road_id":"road_09290fd30bcfe5eb688e","name":"26th Street East","road_class":3,"lane_count":2,"speed_limit_kmh":50,"left_from":900,"left_to":2798,"right_from":901,"right_to":2799,"left_parity":"E","right_parity":"O","source":"Grey County road centrelines"},"geometry":{"type":"LineString","coordinates":[[-80.9195331680793,44.59075272455279],[-80.89898081930646,44.59314908495834]]}},{"type":"Feature","properties":{"road_id":"road_c4aa6bb5cd543e63c772","name":"28th Avenue East","road_class":3,"lane_count":2,"speed_limit_kmh":50,"left_from":2600,"left_to":2900,"right_from":398563,"right_to":398613,"left_parity":"E","right_parity":"O","source":"Grey County road centrelines"},"geometry":{"type":"LineString","coordinates":[[-80.89898081930646,44.59314908495834],[-80.90008081266006,44.597966651284295]]}},{"type":"Feature","properties":{"road_id":"road_15a643d3fdfbb4891d60","name":"15th Street West","road_class":3,"lane_count":2,"speed_limit_kmh":50,"left_from":501,"left_to":549,"right_from":500,"right_to":548,"left_parity":"O","right_parity":"E","source":"Grey County road centrelines"},"geometry":{"type":"LineString","coordinates":[[-80.95350441132747,44.57445499084575],[-80.95386242320586,44.5745300567771],[-80.95422774108246,44.57464838902281]]}},{"type":"Feature","properties":{"road_id":"road_3a6e4d31a4c64120ed75","name":"15th Street West","road_class":3,"lane_count":2,"speed_limit_kmh":50,"left_from":551,"left_to":599,"right_from":550,"right_to":598,"left_parity":"O","right_parity":"E","source":"Grey County road centrelines"},"geometry":{"type":"LineString","coordinates":[[-80.95422774108246,44.57464838902281],[-80.95493447446256,44.57487405098493]]}},{"type":"Feature","properties":{"road_id":"road_9dc03ab7d5d85b1a48b4","name":"27th Street West","road_class":3,"lane_count":2,"speed_limit_kmh":60,"left_from":401,"left_to":399,"right_from":400,"right_to":498,"left_parity":"O","right_parity":"E","source":"Grey County road centrelines"},"geometry":{"type":"LineString","coordinates":[[-80.94661488286724,44.59078486372198],[-80.9481085036053,44.59102808869837]]}},{"type":"Feature","properties":{"road_id":"road_6ee268385760cf6e2210","name":"27th Street West","road_class":3,"lane_count":2,"speed_limit_kmh":60,"left_from":501,"left_to":799,"right_from":500,"right_to":798,"left_parity":"O","right_parity":"E","source":"Grey County road centrelines"},"geometry":{"type":"LineString","coordinates":[[-80.9481085036053,44.59102808869837],[-80.95256331826953,44.59177073285031]]}},{"type":"Feature","properties":{"road_id":"road_10c17e2fdfd858cac576","name":"3rd Avenue West","road_class":2,"lane_count":2,"speed_limit_kmh":50,"left_from":2600,"left_to":2698,"right_from":2601,"right_to":2699,"left_parity":"E","right_parity":"O","source":"Grey County road centrelines"},"geometry":{"type":"LineString","coordinates":[[-80.94555910189696,44.58928646377284],[-80.94515642129107,44.590549789781]]}},{"type":"Feature","properties":{"road_id":"road_1d8c261508ca4c21b027","name":"3rd Avenue West","road_class":2,"lane_count":2,"speed_limit_kmh":50,"left_from":2700,"left_to":2798,"right_from":2701,"right_to":2799,"left_parity":"E","right_parity":"O","source":"Grey County road centrelines"},"geometry":{"type":"LineString","coordinates":[[-80.94515642129107,44.590549789781],[-80.94501013963021,44.59099951420011],[-80.94493367682985,44.59122637295172],[-80.94488845204518,44.59137122851307],[-80.9447687587201,44.591737163184256]]}},{"type":"Feature","properties":{"road_id":"road_ef0f19f98e747dc36c1e","name":"3rd Avenue West","road_class":2,"lane_count":2,"speed_limit_kmh":50,"left_from":2800,"left_to":2898,"right_from":2801,"right_to":2899,"left_parity":"E","right_parity":"O","source":"Grey County road centrelines"},"geometry":{"type":"LineString","coordinates":[[-80.9447687587201,44.591737163184256],[-80.94472696370319,44.59186294889703],[-80.94472689812618,44.59186314656849],[-80.94459675739434,44.5922548117276],[-80.9444579892425,44.592672436661815],[-80.94433928047097,44.59303152921907],[-80.94433927148782,44.5930315548071]]}},{"type":"Feature","properties":{"road_id":"road_605b4b44bd14c553c7b8","name":"27th Street West","road_class":3,"lane_count":2,"speed_limit_kmh":60,"left_from":301,"left_to":399,"right_from":300,"right_to":398,"left_parity":"O","right_parity":"E","source":"Grey County road centrelines"},"geometry":{"type":"LineString","coordinates":[[-80.94515642129107,44.590549789781],[-80.94661488286724,44.59078486372198]]}},{"type":"Feature","properties":{"road_id":"road_69bc04a1d2fa81f49784","name":"32nd Street East","road_class":3,"lane_count":2,"speed_limit_kmh":50,"left_from":600,"left_to":898,"right_from":601,"right_to":899,"left_parity":"E","right_parity":"O","source":"Grey County road centrelines"},"geometry":{"type":"LineString","coordinates":[[-80.9200957748569,44.60172820924396],[-80.91790573788977,44.601293580769386],[-80.91575213030237,44.60087455179557]]}},{"type":"Feature","properties":{"road_id":"road_d4223e15597acd5f1d99","name":"9th Avenue East","road_class":3,"lane_count":2,"speed_limit_kmh":50,"left_from":2300,"left_to":2498,"right_from":2301,"right_to":2499,"left_parity":"E","right_parity":"O","source":"Grey County road centrelines"},"geometry":{"type":"LineString","coordinates":[[-80.9212960884682,44.586155021744545],[-80.92103438766635,44.58684088921626],[-80.92029178545528,44.58879071293424]]}},{"type":"Feature","properties":{"road_id":"road_71aa2a8ec021b71f8247","name":"20th Street East","road_class":3,"lane_count":2,"speed_limit_kmh":50,"left_from":1600,"left_to":1998,"right_from":1601,"right_to":1999,"left_parity":"E","right_parity":"O","source":"Grey County road centrelines"},"geometry":{"type":"LineString","coordinates":[[-80.91804626943451,44.581739891071244],[-80.90784974596937,44.58293241706107]]}},{"type":"Feature","properties":{"road_id":"road_46bd1cd1afdf93a11099","name":"18th Avenue East","road_class":3,"lane_count":2,"speed_limit_kmh":50,"left_from":2100,"left_to":2298,"right_from":2101,"right_to":2299,"left_parity":"E","right_parity":"O","source":"Grey County road centrelines"},"geometry":{"type":"LineString","coordinates":[[-80.91336922145047,44.58448242544273],[-80.91386984986336,44.58668843916585]]}},{"type":"Feature","properties":{"road_id":"road_50a5c60447c5092aa223","name":"20th Street East","road_class":3,"lane_count":2,"speed_limit_kmh":50,"left_from":2000,"left_to":2198,"right_from":2001,"right_to":2199,"left_parity":"E","right_parity":"O","source":"Grey County road centrelines"},"geometry":{"type":"LineString","coordinates":[[-80.90784974596937,44.58293241706107],[-80.89694298479623,44.58420769823523]]}},{"type":"Feature","properties":{"road_id":"road_a639ac2497daa7109f6a","name":"8th Street East","road_class":2,"lane_count":2,"speed_limit_kmh":80,"left_from":1600,"left_to":2598,"right_from":1601,"right_to":2599,"left_parity":"E","right_parity":"O","source":"Grey County road centrelines"},"geometry":{"type":"LineString","coordinates":[[-80.91463384814789,44.56713688169899],[-80.91460855518274,44.56713980771291],[-80.9145291315352,44.56714889422666],[-80.91353822150485,44.567262256654324],[-80.91249235703702,44.567387018235934],[-80.91249228068023,44.5673870271957],[-80.91241721026854,44.56739598247435],[-80.91217981338673,44.5674231849329],[-80.9107488186987,44.567587151394214],[-80.9085872313766,44.56783884818077],[-80.90858687474545,44.567838889139374],[-80.90858683072798,44.56783889425919],[-80.90852802341624,44.5678457413816],[-80.90485414387288,44.56827482504584],[-80.89753037519421,44.56913730327259],[-80.89505698892519,44.569430418637616],[-80.89447449434552,44.56949949911351],[-80.89447431198752,44.5694995202322],[-80.89447425988524,44.56949952663181],[-80.89356702972022,44.56960553519653],[-80.8935607451065,44.569606269228785]]}},{"type":"Feature","properties":{"road_id":"road_8be31308a0d91bf44457","name":"8th Street East","road_class":2,"lane_count":4,"speed_limit_kmh":50,"left_from":1100,"left_to":1598,"right_from":1101,"right_to":1599,"left_parity":"E","right_parity":"O","source":"Grey County road centrelines"},"geometry":{"type":"LineString","coordinates":[[-80.92295828615417,44.566165675669886],[-80.9229580058798,44.56616570766972],[-80.92275977464605,44.56618865217046],[-80.92177002523906,44.56630529004252],[-80.9204376700608,44.566462655567896],[-80.92043731702289,44.56646269652743],[-80.9200724644736,44.56650578659841],[-80.92000701951021,44.566513515147314],[-80.91921767076838,44.56660590757893],[-80.9186482888969,44.56667254856508],[-80.9170065961556,44.56686263764183],[-80.91564399649836,44.567020038778665],[-80.91463384814789,44.56713688169899]]}},{"type":"Feature","properties":{"road_id":"road_2faaa617d08ce4bdf4f1","name":"8th Street East","road_class":3,"lane_count":2,"speed_limit_kmh":50,"left_from":700,"left_to":798,"right_from":701,"right_to":799,"left_parity":"E","right_parity":"O","source":"Grey County road centrelines"},"geometry":{"type":"LineString","coordinates":[[-80.93223308334056,44.565123156609936],[-80.92958405577227,44.56541254689708]]}},{"type":"Feature","properties":{"road_id":"road_b8a462ce53154bf7abfb","name":"8th Street East","road_class":3,"lane_count":2,"speed_limit_kmh":50,"left_from":800,"left_to":898,"right_from":801,"right_to":899,"left_parity":"E","right_parity":"O","source":"Grey County road centrelines"},"geometry":{"type":"LineString","coordinates":[[-80.92958405577227,44.56541254689708],[-80.92746644457658,44.565637458773466]]}},{"type":"Feature","properties":{"road_id":"road_a4836256c8ecec21b91e","name":"8th Street East","road_class":3,"lane_count":2,"speed_limit_kmh":50,"left_from":500,"left_to":698,"right_from":501,"right_to":699,"left_parity":"E","right_parity":"O","source":"Grey County road centrelines"},"geometry":{"type":"LineString","coordinates":[[-80.93686669957725,44.56454861756992],[-80.93223308334056,44.565123156609936]]}},{"type":"Feature","properties":{"road_id":"road_3fa017ff1a512a8d4372","name":"17th Street East","road_class":3,"lane_count":2,"speed_limit_kmh":50,"left_from":1800,"left_to":1998,"right_from":1801,"right_to":1999,"left_parity":"E","right_parity":"O","source":"Grey County road centrelines"},"geometry":{"type":"LineString","coordinates":[[-80.91341059425919,44.576494664531204],[-80.90808201975914,44.577109349135505]]}},{"type":"Feature","properties":{"road_id":"road_f4590832fbfa4a3a3bf0","name":"18th Avenue East","road_class":3,"lane_count":2,"speed_limit_kmh":50,"left_from":1600,"left_to":1698,"right_from":1601,"right_to":1699,"left_parity":"E","right_parity":"O","source":"Grey County road centrelines"},"geometry":{"type":"LineString","coordinates":[[-80.91309098625752,44.57514639388716],[-80.91341059425919,44.576494664531204]]}},{"type":"Feature","properties":{"road_id":"road_bbed5a9943ff2b6a7660","name":"16th Avenue East","road_class":3,"lane_count":2,"speed_limit_kmh":50,"left_from":1700,"left_to":1998,"right_from":1701,"right_to":1999,"left_parity":"E","right_parity":"O","source":"Grey County road centrelines"},"geometry":{"type":"LineString","coordinates":[[-80.91665921134702,44.576115381847245],[-80.91804626943451,44.581739891071244]]}},{"type":"Feature","properties":{"road_id":"road_ecd04f2e4eb1955b3a8e","name":"16th Avenue East","road_class":3,"lane_count":2,"speed_limit_kmh":50,"left_from":1600,"left_to":1698,"right_from":1601,"right_to":1699,"left_parity":"E","right_parity":"O","source":"Grey County road centrelines"},"geometry":{"type":"LineString","coordinates":[[-80.91635543794887,44.57480479900015],[-80.91665921134702,44.576115381847245]]}},{"type":"Feature","properties":{"road_id":"road_cbd9cde4f73b675cd34a","name":"9th Avenue East","road_class":3,"lane_count":4,"speed_limit_kmh":50,"left_from":1600,"left_to":1698,"right_from":1601,"right_to":1699,"left_parity":"E","right_parity":"O","source":"Grey County road centrelines"},"geometry":{"type":"LineString","coordinates":[[-80.92694971206559,44.57382383436705],[-80.9265832245825,44.57481390031397],[-80.92624283675168,44.57570867671632]]}},{"type":"Feature","properties":{"road_id":"road_241c4fac8e0a36563d34","name":"9th Avenue East","road_class":3,"lane_count":2,"speed_limit_kmh":50,"left_from":1700,"left_to":1798,"right_from":1701,"right_to":1799,"left_parity":"E","right_parity":"O","source":"Grey County road centrelines"},"geometry":{"type":"LineString","coordinates":[[-80.92624283675168,44.57570867671632],[-80.92553432021575,44.577550005632006]]}},{"type":"Feature","properties":{"road_id":"road_6b34f3f060bb0b85ff92","name":"9th Avenue East","road_class":3,"lane_count":2,"speed_limit_kmh":50,"left_from":1800,"left_to":1898,"right_from":1801,"right_to":1899,"left_parity":"E","right_parity":"O","source":"Grey County road centrelines"},"geometry":{"type":"LineString","coordinates":[[-80.92553432021575,44.577550005632006],[-80.92481391088374,44.579476087111196]]}},{"type":"Feature","properties":{"road_id":"road_45837a63dcc091dd5e24","name":"9th Avenue East","road_class":3,"lane_count":2,"speed_limit_kmh":50,"left_from":1900,"left_to":1998,"right_from":1901,"right_to":1999,"left_parity":"E","right_parity":"O","source":"Grey County road centrelines"},"geometry":{"type":"LineString","coordinates":[[-80.92481391088374,44.579476087111196],[-80.92410615971242,44.58130315585284]]}},{"type":"Feature","properties":{"road_id":"road_d2d8f3b2f92046faf38e","name":"20th Street East","road_class":3,"lane_count":2,"speed_limit_kmh":50,"left_from":900,"left_to":1598,"right_from":901,"right_to":1599,"left_parity":"E","right_parity":"O","source":"Grey County road centrelines"},"geometry":{"type":"LineString","coordinates":[[-80.92410615971242,44.58130315585284],[-80.9229851889003,44.581203371770144],[-80.91804626943451,44.581739891071244]]}},{"type":"Feature","properties":{"road_id":"road_549a3a246fdca86b1049","name":"9th Avenue East","road_class":3,"lane_count":2,"speed_limit_kmh":50,"left_from":2000,"left_to":2098,"right_from":2001,"right_to":2099,"left_parity":"E","right_parity":"O","source":"Grey County road centrelines"},"geometry":{"type":"LineString","coordinates":[[-80.92410615971242,44.58130315585284],[-80.92369053797655,44.582401356172205],[-80.92355801670921,44.58262100257625],[-80.92343207919457,44.58277328798481],[-80.92285544252886,44.583149596913124]]}},{"type":"Feature","properties":{"road_id":"road_dea95ed255ca59610a0a","name":"9th Avenue East","road_class":3,"lane_count":2,"speed_limit_kmh":50,"left_from":2100,"left_to":2198,"right_from":2101,"right_to":2199,"left_parity":"E","right_parity":"O","source":"Grey County road centrelines"},"geometry":{"type":"LineString","coordinates":[[-80.92285544252886,44.583149596913124],[-80.92250427671125,44.5833953433277],[-80.92235408558228,44.58352684711827],[-80.92220673762117,44.583709827919094],[-80.92191566999438,44.58453997494618]]}},{"type":"Feature","properties":{"road_id":"road_8b1b26eaaef327cf6bde","name":"9th Avenue East","road_class":3,"lane_count":2,"speed_limit_kmh":50,"left_from":2200,"left_to":2298,"right_from":2201,"right_to":2299,"left_parity":"E","right_parity":"O","source":"Grey County road centrelines"},"geometry":{"type":"LineString","coordinates":[[-80.92191566999438,44.58453997494618],[-80.9212960884682,44.586155021744545]]}},{"type":"Feature","properties":{"road_id":"road_7b33ee9cd4a7b9602c1d","name":"4th Avenue West","road_class":3,"lane_count":2,"speed_limit_kmh":50,"left_from":2100,"left_to":2198,"right_from":2101,"right_to":2199,"left_parity":"E","right_parity":"O","source":"Grey County road centrelines"},"geometry":{"type":"LineString","coordinates":[[-80.94928822064375,44.582682225817926],[-80.94889188214376,44.583916689357736]]}},{"type":"Feature","properties":{"road_id":"road_7a94f75042cf7f8d4a62","name":"4th Avenue West","road_class":3,"lane_count":2,"speed_limit_kmh":50,"left_from":1800,"left_to":1898,"right_from":1801,"right_to":1899,"left_parity":"E","right_parity":"O","source":"Grey County road centrelines"},"geometry":{"type":"LineString","coordinates":[[-80.95049902478091,44.57895858518246],[-80.95012059778938,44.580139342013794]]}},{"type":"Feature","properties":{"road_id":"road_30baca5242e76f922f1c","name":"24th Street West","road_class":3,"lane_count":2,"speed_limit_kmh":50,"left_from":501,"left_to":599,"right_from":500,"right_to":598,"left_parity":"O","right_parity":"E","source":"Grey County road centrelines"},"geometry":{"type":"LineString","coordinates":[[-80.94934221118895,44.58734108448639],[-80.95078303344619,44.587581610649615]]}},{"type":"Feature","properties":{"road_id":"road_534adb700c76a74fc0ca","name":"4th Avenue West","road_class":3,"lane_count":2,"speed_limit_kmh":50,"left_from":2200,"left_to":2298,"right_from":2201,"right_to":2291,"left_parity":"E","right_parity":"O","source":"Grey County road centrelines"},"geometry":{"type":"LineString","coordinates":[[-80.94889188214376,44.583916689357736],[-80.9485021866853,44.58509783493499]]}},{"type":"Feature","properties":{"road_id":"road_159b4b298e595679fe57","name":"4th Avenue West","road_class":3,"lane_count":2,"speed_limit_kmh":50,"left_from":2000,"left_to":2098,"right_from":2001,"right_to":2099,"left_parity":"E","right_parity":"O","source":"Grey County road centrelines"},"geometry":{"type":"LineString","coordinates":[[-80.94969896273099,44.58145574799183],[-80.94928822064375,44.582682225817926]]}},{"type":"Feature","properties":{"road_id":"road_bdef17d0f81ec8b1dcf7","name":"4th Avenue West","road_class":3,"lane_count":2,"speed_limit_kmh":50,"left_from":1900,"left_to":1998,"right_from":1901,"right_to":1999,"left_parity":"E","right_parity":"O","source":"Grey County road centrelines"},"geometry":{"type":"LineString","coordinates":[[-80.95012059778938,44.580139342013794],[-80.94969896273099,44.58145574799183]]}},{"type":"Feature","properties":{"road_id":"road_a79954499b13a60a45c1","name":"24th Street West","road_class":3,"lane_count":2,"speed_limit_kmh":50,"left_from":401,"left_to":499,"right_from":400,"right_to":498,"left_parity":"O","right_parity":"E","source":"Grey County road centrelines"},"geometry":{"type":"LineString","coordinates":[[-80.9479616030052,44.58702656899767],[-80.948187620029,44.58713772643356],[-80.94934221118895,44.58734108448639]]}},{"type":"Feature","properties":{"road_id":"road_e821201a99e3b316ef94","name":"24th Street West","road_class":3,"lane_count":2,"speed_limit_kmh":50,"left_from":601,"left_to":799,"right_from":600,"right_to":798,"left_parity":"O","right_parity":"E","source":"Grey County road centrelines"},"geometry":{"type":"LineString","coordinates":[[-80.95078303344619,44.587581610649615],[-80.95377051028093,44.58807639553444]]}},{"type":"Feature","properties":{"road_id":"road_9c9dcd0f1482670d7874","name":"19th Street West","road_class":3,"lane_count":2,"speed_limit_kmh":50,"left_from":401,"left_to":499,"right_from":400,"right_to":498,"left_parity":"O","right_parity":"E","source":"Grey County road centrelines"},"geometry":{"type":"LineString","coordinates":[[-80.95012059778938,44.580139342013794],[-80.95157429380296,44.58043946831328]]}},{"type":"Feature","properties":{"road_id":"road_e07fcd2708213f1c2653","name":"4th Avenue West","road_class":3,"lane_count":2,"speed_limit_kmh":50,"left_from":2300,"left_to":2398,"right_from":2301,"right_to":2399,"left_parity":"E","right_parity":"O","source":"Grey County road centrelines"},"geometry":{"type":"LineString","coordinates":[[-80.9485021866853,44.58509783493499],[-80.94793262425245,44.58682959537777],[-80.9479616030052,44.58702656899767]]}},{"type":"Feature","properties":{"road_id":"road_0a07cfa7ec26382e99ac","name":"2nd Avenue East","road_class":3,"lane_count":2,"speed_limit_kmh":50,"left_from":1300,"left_to":1398,"right_from":1301,"right_to":1399,"left_parity":"E","right_parity":"O","source":"Grey County road centrelines"},"geometry":{"type":"LineString","coordinates":[[-80.93943146966348,44.57361508830545],[-80.93830869862751,44.57533398399448]]}},{"type":"Feature","properties":{"road_id":"road_c8bff4d76e1247b73eb7","name":"2nd Avenue East","road_class":3,"lane_count":2,"speed_limit_kmh":50,"left_from":1100,"left_to":1198,"right_from":1101,"right_to":1199,"left_parity":"E","right_parity":"O","source":"Grey County road centrelines"},"geometry":{"type":"LineString","coordinates":[[-80.94171461431486,44.57013225888782],[-80.94059204989142,44.57184207254889],[-80.94054819503756,44.57190907101796]]}},{"type":"Feature","properties":{"road_id":"road_ba25f984b088b6e512b7","name":"2nd Avenue East","road_class":3,"lane_count":2,"speed_limit_kmh":50,"left_from":1400,"left_to":1698,"right_from":1400,"right_to":1699,"left_parity":"E","right_parity":"E","source":"Grey County road centrelines"},"geometry":{"type":"LineString","coordinates":[[-80.93830869862751,44.57533398399448],[-80.93755175660955,44.57648589110035],[-80.93690878564831,44.57706170524174]]}},{"type":"Feature","properties":{"road_id":"road_192f050b42e47b6f04ef","name":"2nd Avenue East","road_class":3,"lane_count":2,"speed_limit_kmh":50,"left_from":1700,"left_to":1798,"right_from":1701,"right_to":1799,"left_parity":"E","right_parity":"O","source":"Grey County road centrelines"},"geometry":{"type":"LineString","coordinates":[[-80.93690878564831,44.57706170524174],[-80.93530747756893,44.57854624229566]]}},{"type":"Feature","properties":{"road_id":"road_551f636e84bd39e91975","name":"4th Avenue West","road_class":3,"lane_count":2,"speed_limit_kmh":50,"left_from":1600,"left_to":1698,"right_from":1601,"right_to":1699,"left_parity":"E","right_parity":"O","source":"Grey County road centrelines"},"geometry":{"type":"LineString","coordinates":[[-80.95129140893009,44.57648677925752],[-80.950902657601,44.57773116306134]]}},{"type":"Feature","properties":{"road_id":"road_2efae11bb672f89bc05f","name":"4th Avenue West","road_class":3,"lane_count":2,"speed_limit_kmh":50,"left_from":1400,"left_to":1498,"right_from":1401,"right_to":1499,"left_parity":"E","right_parity":"O","source":"Grey County road centrelines"},"geometry":{"type":"LineString","coordinates":[[-80.95105014839424,44.574084486570044],[-80.95123709319476,44.57455105011067],[-80.95142105648685,44.57487306809787]]}},{"type":"Feature","properties":{"road_id":"road_dfb4311092817998e9a9","name":"4th Avenue West","road_class":3,"lane_count":2,"speed_limit_kmh":50,"left_from":1350,"left_to":1398,"right_from":1351,"right_to":1399,"left_parity":"E","right_parity":"O","source":"Grey County road centrelines"},"geometry":{"type":"LineString","coordinates":[[-80.95085101615027,44.573119714475844],[-80.95105014839424,44.574084486570044]]}},{"type":"Feature","properties":{"road_id":"road_44f940819707fe11d1d8","name":"4th Avenue West","road_class":3,"lane_count":2,"speed_limit_kmh":50,"left_from":1300,"left_to":1348,"right_from":1301,"right_to":1349,"left_parity":"E","right_parity":"O","source":"Grey County road centrelines"},"geometry":{"type":"LineString","coordinates":[[-80.95059838473954,44.572059935678524],[-80.95085101615027,44.573119714475844]]}},{"type":"Feature","properties":{"road_id":"road_61fca2c9286799c87b3f","name":"4th Avenue West","road_class":3,"lane_count":2,"speed_limit_kmh":50,"left_from":1160,"left_to":1198,"right_from":1161,"right_to":1199,"left_parity":"E","right_parity":"O","source":"Grey County road centrelines"},"geometry":{"type":"LineString","coordinates":[[-80.95020395515952,44.57028164795085],[-80.95039723308282,44.571143265775746]]}},{"type":"Feature","properties":{"road_id":"road_a3907a927180b1165dc6","name":"2nd Avenue East","road_class":3,"lane_count":2,"speed_limit_kmh":50,"left_from":1000,"left_to":1098,"right_from":1001,"right_to":1099,"left_parity":"E","right_parity":"O","source":"Grey County road centrelines"},"geometry":{"type":"LineString","coordinates":[[-80.94337927518134,44.56769740074812],[-80.94171461431486,44.57013225888782]]}},{"type":"Feature","properties":{"road_id":"road_43e46016e315a0e9578c","name":"2nd Avenue West","road_class":3,"lane_count":2,"speed_limit_kmh":50,"left_from":900,"left_to":998,"right_from":901,"right_to":999,"left_parity":"E","right_parity":"O","source":"Grey County road centrelines"},"geometry":{"type":"LineString","coordinates":[[-80.9457032302961,44.56548093518068],[-80.9461196596174,44.56738217868576]]}},{"type":"Feature","properties":{"road_id":"road_0a5a19e4f11b1a8ddaab","name":"8th Street West","road_class":3,"lane_count":2,"speed_limit_kmh":40,"left_from":101,"left_to":199,"right_from":100,"right_to":198,"left_parity":"O","right_parity":"E","source":"Grey County road centrelines"},"geometry":{"type":"LineString","coordinates":[[-80.94479666668103,44.56366260227653],[-80.9452791095993,44.563605357241386]]}},{"type":"Feature","properties":{"road_id":"road_a0955e45083390a04902","name":"8th Street East","road_class":3,"lane_count":2,"speed_limit_kmh":40,"left_from":100,"left_to":198,"right_from":101,"right_to":199,"left_parity":"E","right_parity":"O","source":"Grey County road centrelines"},"geometry":{"type":"LineString","coordinates":[[-80.94326914262584,44.56382355971431],[-80.94240618592958,44.563927060781516]]}},{"type":"Feature","properties":{"road_id":"road_1ef852417c6b3f66c096","name":"2nd Avenue West","road_class":3,"lane_count":2,"speed_limit_kmh":50,"left_from":800,"left_to":898,"right_from":801,"right_to":899,"left_parity":"E","right_parity":"O","source":"Grey County road centrelines"},"geometry":{"type":"LineString","coordinates":[[-80.9452791095993,44.563605357241386],[-80.9457032302961,44.56548093518068]]}},{"type":"Feature","properties":{"road_id":"road_61d96e7bcf917d39e03a","name":"8th Street East","road_class":3,"lane_count":2,"speed_limit_kmh":40,"left_from":2,"left_to":48,"right_from":1,"right_to":49,"left_parity":"E","right_parity":"O","source":"Grey County road centrelines"},"geometry":{"type":"LineString","coordinates":[[-80.94428380501061,44.56371672394225],[-80.94379919984743,44.56375998245322]]}},{"type":"Feature","properties":{"road_id":"road_cb2984b1ad2e304b9e42","name":"8th Street West","road_class":3,"lane_count":2,"speed_limit_kmh":40,"left_from":1,"left_to":99,"right_from":2,"right_to":98,"left_parity":"O","right_parity":"E","source":"Grey County road centrelines"},"geometry":{"type":"LineString","coordinates":[[-80.94428380501061,44.56371672394225],[-80.94479666668103,44.56366260227653]]}},{"type":"Feature","properties":{"road_id":"road_501a04acd9e8775374fc","name":"8th Street East","road_class":3,"lane_count":2,"speed_limit_kmh":50,"left_from":200,"left_to":298,"right_from":201,"right_to":299,"left_parity":"E","right_parity":"O","source":"Grey County road centrelines"},"geometry":{"type":"LineString","coordinates":[[-80.94240618592958,44.563927060781516],[-80.94054811059593,44.56413893034475]]}},{"type":"Feature","properties":{"road_id":"road_c50fb786427d68f2b3e4","name":"8th Street East","road_class":3,"lane_count":2,"speed_limit_kmh":50,"left_from":400,"left_to":498,"right_from":401,"right_to":499,"left_parity":"E","right_parity":"O","source":"Grey County road centrelines"},"geometry":{"type":"LineString","coordinates":[[-80.93870524104507,44.56434145745901],[-80.93686669957725,44.56454861756992]]}},{"type":"Feature","properties":{"road_id":"road_4c648eac61672346c293","name":"8th Street East","road_class":3,"lane_count":2,"speed_limit_kmh":50,"left_from":300,"left_to":398,"right_from":301,"right_to":399,"left_parity":"E","right_parity":"O","source":"Grey County road centrelines"},"geometry":{"type":"LineString","coordinates":[[-80.94054811059593,44.56413893034475],[-80.93870524104507,44.56434145745901]]}},{"type":"Feature","properties":{"road_id":"road_3ad00da5ea65a0b23f89","name":"4th Avenue West","road_class":3,"lane_count":2,"speed_limit_kmh":50,"left_from":1100,"left_to":1128,"right_from":1101,"right_to":1129,"left_parity":"E","right_parity":"O","source":"Grey County road centrelines"},"geometry":{"type":"LineString","coordinates":[[-80.94985457609103,44.56880909192195],[-80.95004110407325,44.569652984252436]]}},{"type":"Feature","properties":{"road_id":"road_79ea08f785e84c0a214f","name":"4th Avenue West","road_class":3,"lane_count":2,"speed_limit_kmh":50,"left_from":1130,"left_to":1158,"right_from":1131,"right_to":1159,"left_parity":"E","right_parity":"O","source":"Grey County road centrelines"},"geometry":{"type":"LineString","coordinates":[[-80.95004110407325,44.569652984252436],[-80.95020395515952,44.57028164795085]]}},{"type":"Feature","properties":{"road_id":"road_c5b4264142a67dc45683","name":"4th Avenue West","road_class":3,"lane_count":2,"speed_limit_kmh":50,"left_from":1000,"left_to":1098,"right_from":1001,"right_to":1099,"left_parity":"E","right_parity":"O","source":"Grey County road centrelines"},"geometry":{"type":"LineString","coordinates":[[-80.94944306863917,44.56702680407917],[-80.94985457609103,44.56880909192195]]}},{"type":"Feature","properties":{"road_id":"road_5238f6fe1009e9acc4ca","name":"2nd Avenue West","road_class":2,"lane_count":2,"speed_limit_kmh":50,"left_from":1000,"left_to":1098,"right_from":1001,"right_to":1099,"left_parity":"E","right_parity":"O","source":"Grey County road centrelines"},"geometry":{"type":"LineString","coordinates":[[-80.9461196596174,44.56738217868576],[-80.94614786402236,44.567509506975796],[-80.94615534609038,44.56753885779794],[-80.9462350158763,44.567851357186136],[-80.94630302732646,44.56817164146173],[-80.94635282184097,44.56837591701872],[-80.94644805134593,44.56881277045305],[-80.94653146530995,44.56917896616444]]}},{"type":"Feature","properties":{"road_id":"road_1359b264e6bf7d154149","name":"2nd Avenue West","road_class":2,"lane_count":2,"speed_limit_kmh":50,"left_from":1100,"left_to":1198,"right_from":1101,"right_to":1199,"left_parity":"E","right_parity":"O","source":"Grey County road centrelines"},"geometry":{"type":"LineString","coordinates":[[-80.94653146530995,44.56917896616444],[-80.94668962180056,44.5699165816629],[-80.94678387034521,44.57033775306401],[-80.94685072566361,44.57063483325107],[-80.94700567876193,44.571335030962],[-80.94705195906704,44.57154478862899]]}},{"type":"Feature","properties":{"road_id":"road_9445ff64466e224cbbbc","name":"2nd Avenue East","road_class":3,"lane_count":2,"speed_limit_kmh":40,"left_from":900,"left_to":998,"right_from":901,"right_to":999,"left_parity":"E","right_parity":"O","source":"Grey County road centrelines"},"geometry":{"type":"LineString","coordinates":[[-80.94282678792541,44.56581300467178],[-80.94325233335022,44.5677114982124]]}},{"type":"Feature","properties":{"road_id":"road_9d7bbae87a2e4659f215","name":"2nd Avenue East","road_class":3,"lane_count":2,"speed_limit_kmh":40,"left_from":800,"left_to":898,"right_from":801,"right_to":899,"left_parity":"E","right_parity":"O","source":"Grey County road centrelines"},"geometry":{"type":"LineString","coordinates":[[-80.94240618592958,44.563927060781516],[-80.94282678792541,44.56581300467178]]}},{"type":"Feature","properties":{"road_id":"road_0daf33066c5625c0f0f7","name":"2nd Avenue East","road_class":3,"lane_count":2,"speed_limit_kmh":50,"left_from":700,"left_to":798,"right_from":701,"right_to":799,"left_parity":"E","right_parity":"O","source":"Grey County road centrelines"},"geometry":{"type":"LineString","coordinates":[[-80.94197565934653,44.56202853397389],[-80.94240618592958,44.563927060781516]]}},{"type":"Feature","properties":{"road_id":"road_5727816a0fdac6c37788","name":"2nd Avenue East","road_class":3,"lane_count":2,"speed_limit_kmh":50,"left_from":600,"left_to":698,"right_from":601,"right_to":699,"left_parity":"E","right_parity":"O","source":"Grey County road centrelines"},"geometry":{"type":"LineString","coordinates":[[-80.94154246746201,44.56014139976994],[-80.94197565934653,44.56202853397389]]}},{"type":"Feature","properties":{"road_id":"road_336be58e959b3c3aa24e","name":"14th Street West","road_class":3,"lane_count":2,"speed_limit_kmh":50,"left_from":401,"left_to":449,"right_from":400,"right_to":448,"left_parity":"O","right_parity":"E","source":"Grey County road centrelines"},"geometry":{"type":"LineString","coordinates":[[-80.95105014839424,44.574084486570044],[-80.95290774851914,44.573828498045366]]}},{"type":"Feature","properties":{"road_id":"road_e8cfe4d54812f9cfcbf0","name":"4th Avenue West","road_class":3,"lane_count":2,"speed_limit_kmh":50,"left_from":1200,"left_to":1298,"right_from":1201,"right_to":1299,"left_parity":"E","right_parity":"O","source":"Grey County road centrelines"},"geometry":{"type":"LineString","coordinates":[[-80.95039723308282,44.571143265775746],[-80.95059838473954,44.572059935678524]]}},{"type":"Feature","properties":{"road_id":"road_e2a6e8327e39f30cbc41","name":"4th Avenue West","road_class":3,"lane_count":2,"speed_limit_kmh":50,"left_from":1700,"left_to":1798,"right_from":1701,"right_to":1799,"left_parity":"E","right_parity":"O","source":"Grey County road centrelines"},"geometry":{"type":"LineString","coordinates":[[-80.950902657601,44.57773116306134],[-80.95049902478091,44.57895858518246]]}},{"type":"Feature","properties":{"road_id":"road_04bd0481a4f76e48bd54","name":"3rd Avenue West","road_class":2,"lane_count":4,"speed_limit_kmh":50,"left_from":2200,"left_to":2298,"right_from":2201,"right_to":2299,"left_parity":"E","right_parity":"O","source":"Grey County road centrelines"},"geometry":{"type":"LineString","coordinates":[[-80.94724554151918,44.58358955119333],[-80.94719938877485,44.58376388806437],[-80.94715722005876,44.5839553761866],[-80.94705660425538,44.58447966088984],[-80.94698116014455,44.58483970041245]]}},{"type":"Feature","properties":{"road_id":"road_9aa24e22899de5e58864","name":"4th Avenue East","road_class":3,"lane_count":2,"speed_limit_kmh":50,"left_from":1400,"left_to":1498,"right_from":1401,"right_to":1499,"left_parity":"E","right_parity":"O","source":"Grey County road centrelines"},"geometry":{"type":"LineString","coordinates":[[-80.93546595835134,44.57442692332432],[-80.93513919796338,44.575122530187535]]}},{"type":"Feature","properties":{"road_id":"road_a8aa52dd57ba9bbd323b","name":"4th Avenue East","road_class":3,"lane_count":2,"speed_limit_kmh":50,"left_from":1500,"left_to":1598,"right_from":1501,"right_to":1599,"left_parity":"E","right_parity":"O","source":"Grey County road centrelines"},"geometry":{"type":"LineString","coordinates":[[-80.93513919796338,44.575122530187535],[-80.93495801675373,44.575693828678105]]}},{"type":"Feature","properties":{"road_id":"road_014d3ec142eca8dd03e8","name":"9th Avenue East","road_class":1,"lane_count":4,"speed_limit_kmh":50,"left_from":1000,"left_to":1000,"right_from":1001,"right_to":1001,"left_parity":"E","right_parity":"O","source":"Grey County road centrelines"},"geometry":{"type":"LineString","coordinates":[[-80.92835724545337,44.569465965222854],[-80.92843214518513,44.56988704261378]]}},{"type":"Feature","properties":{"road_id":"road_87f9b5053111572646d4","name":"24th Street West","road_class":3,"lane_count":2,"speed_limit_kmh":50,"left_from":845,"left_to":887,"right_from":846,"right_to":888,"left_parity":"O","right_parity":"E","source":"Grey County road centrelines"},"geometry":{"type":"LineString","coordinates":[[-80.96660398975357,44.59017875344817],[-80.96140406747693,44.58930096863708]]}},{"type":"Feature","properties":{"road_id":"road_771316dcb8ec6282390c","name":"24th Street West","road_class":3,"lane_count":2,"speed_limit_kmh":50,"left_from":919,"left_to":927,"right_from":918,"right_to":928,"left_parity":"O","right_parity":"E","source":"Grey County road centrelines"},"geometry":{"type":"LineString","coordinates":[[-80.95820975354802,44.58879782308494],[-80.95674496603564,44.5885556750706]]}},{"type":"Feature","properties":{"road_id":"road_119f49fce184edf917f8","name":"19th Street West","road_class":3,"lane_count":2,"speed_limit_kmh":50,"left_from":917,"left_to":927,"right_from":918,"right_to":928,"left_parity":"O","right_parity":"E","source":"Grey County road centrelines"},"geometry":{"type":"LineString","coordinates":[[-80.9604727498859,44.58190744496717],[-80.9589983405185,44.58165801454466]]}},{"type":"Feature","properties":{"road_id":"road_16680532ddb5c191c52c","name":"24th Street West","road_class":3,"lane_count":2,"speed_limit_kmh":50,"left_from":929,"left_to":953,"right_from":930,"right_to":952,"left_parity":"O","right_parity":"E","source":"Grey County road centrelines"},"geometry":{"type":"LineString","coordinates":[[-80.95674496603564,44.5885556750706],[-80.9537769197605,44.58805517677215]]}},{"type":"Feature","properties":{"road_id":"road_3b6a8753c5fcfe39507d","name":"19th Street West","road_class":3,"lane_count":2,"speed_limit_kmh":50,"left_from":701,"left_to":799,"right_from":700,"right_to":798,"left_parity":"O","right_parity":"E","source":"Grey County road centrelines"},"geometry":{"type":"LineString","coordinates":[[-80.95452069696798,44.58093566211951],[-80.95599482875593,44.58118959877131]]}},{"type":"Feature","properties":{"road_id":"road_6b6bffab210fb6a93a1e","name":"19th Street West","road_class":3,"lane_count":2,"speed_limit_kmh":50,"left_from":889,"left_to":915,"right_from":890,"right_to":916,"left_parity":"O","right_parity":"E","source":"Grey County road centrelines"},"geometry":{"type":"LineString","coordinates":[[-80.96364345608916,44.58243407835397],[-80.9604727498859,44.58190744496717]]}},{"type":"Feature","properties":{"road_id":"road_b5bf8b8294c786a1de22","name":"24th Street West","road_class":3,"lane_count":2,"speed_limit_kmh":50,"left_from":889,"left_to":917,"right_from":890,"right_to":916,"left_parity":"O","right_parity":"E","source":"Grey County road centrelines"},"geometry":{"type":"LineString","coordinates":[[-80.96140406747693,44.58930096863708],[-80.95820975354802,44.58879782308494]]}},{"type":"Feature","properties":{"road_id":"road_a4495586165f9264a0c8","name":"27th Street West","road_class":3,"lane_count":2,"speed_limit_kmh":60,"left_from":929,"left_to":953,"right_from":930,"right_to":952,"left_parity":"O","right_parity":"E","source":"Grey County road centrelines"},"geometry":{"type":"LineString","coordinates":[[-80.95551790957835,44.59226612690173],[-80.95256331826953,44.59177073285031]]}},{"type":"Feature","properties":{"road_id":"road_f0f057bf3eb0fd9f3e45","name":"19th Street West","road_class":3,"lane_count":2,"speed_limit_kmh":50,"left_from":501,"left_to":599,"right_from":500,"right_to":598,"left_parity":"O","right_parity":"E","source":"Grey County road centrelines"},"geometry":{"type":"LineString","coordinates":[[-80.95157429380296,44.58043946831328],[-80.95305045937674,44.580691156187875]]}},{"type":"Feature","properties":{"road_id":"road_7b80edf6197daf592e2c","name":"19th Street West","road_class":3,"lane_count":2,"speed_limit_kmh":50,"left_from":943,"left_to":951,"right_from":944,"right_to":952,"left_parity":"O","right_parity":"E","source":"Grey County road centrelines"},"geometry":{"type":"LineString","coordinates":[[-80.95746776578459,44.58142120430797],[-80.95599482875593,44.58118959877131]]}},{"type":"Feature","properties":{"road_id":"road_7962009169d04c3c89f3","name":"19th Street West","road_class":3,"lane_count":2,"speed_limit_kmh":50,"left_from":601,"left_to":699,"right_from":600,"right_to":698,"left_parity":"O","right_parity":"E","source":"Grey County road centrelines"},"geometry":{"type":"LineString","coordinates":[[-80.95305045937674,44.580691156187875],[-80.95452069696798,44.58093566211951]]}},{"type":"Feature","properties":{"road_id":"road_26cfbca7ebb923d0c9a6","name":"19th Street West","road_class":3,"lane_count":2,"speed_limit_kmh":50,"left_from":929,"left_to":941,"right_from":930,"right_to":942,"left_parity":"O","right_parity":"E","source":"Grey County road centrelines"},"geometry":{"type":"LineString","coordinates":[[-80.9589983405185,44.58165801454466],[-80.95746776578459,44.58142120430797]]}},{"type":"Feature","properties":{"road_id":"road_cfaac0db7b531b0b3f64","name":"14th Street West","road_class":3,"lane_count":2,"speed_limit_kmh":50,"left_from":909,"left_to":961,"right_from":910,"right_to":960,"left_parity":"O","right_parity":"E","source":"Grey County road centrelines"},"geometry":{"type":"LineString","coordinates":[[-80.96356633931528,44.57466559472962],[-80.96351879687717,44.57474534895012],[-80.96347296483138,44.57478447765464],[-80.96342223427234,44.57482038571115],[-80.96336472861941,44.574853992022895],[-80.96330293890091,44.574883458800166],[-80.96323744722513,44.57490851025243],[-80.96316887073465,44.57492891026228],[-80.96312162204565,44.57493986470623],[-80.96307348043128,44.57494860829509],[-80.96167150402185,44.575180665503424],[-80.96152416594221,44.57520323594776],[-80.96144473600647,44.57520902829335],[-80.96136490093055,44.575209819205696],[-80.96127708432333,44.57520488304215],[-80.96119034838937,44.57519389793301],[-80.96110550610405,44.575176965618574],[-80.96102335427301,44.57515424478814],[-80.96094466185411,44.57512595044056],[-80.96087842278,44.57509643451399],[-80.96081596920651,44.5750629665604],[-80.96075775927441,44.57502579485367],[-80.96070422597168,44.57498519070398],[-80.96065575916717,44.574941455496855],[-80.9605420908427,44.57474081268582],[-80.96037060874315,44.57453709700281],[-80.96007588137991,44.574338140869436],[-80.96007582298942,44.57433810183515]]}},{"type":"Feature","properties":{"road_id":"road_97084ecf4af60bee6378","name":"7th Avenue West","road_class":3,"lane_count":2,"speed_limit_kmh":50,"left_from":1400,"left_to":1498,"right_from":1401,"right_to":1499,"left_parity":"E","right_parity":"O","source":"Grey County road centrelines"},"geometry":{"type":"LineString","coordinates":[[-80.95933150589445,44.57364826721133],[-80.95938978679345,44.57369949997637],[-80.95964779641778,44.57406283716092],[-80.95978265330487,44.57421532927883],[-80.9600757044118,44.574338052562396],[-80.96007582298942,44.57433810183515]]}},{"type":"Feature","properties":{"road_id":"road_d2cf19ac33c8b9a213d2","name":"13th Street West","road_class":3,"lane_count":2,"speed_limit_kmh":50,"left_from":801,"left_to":831,"right_from":800,"right_to":830,"left_parity":"O","right_parity":"E","source":"Grey County road centrelines"},"geometry":{"type":"LineString","coordinates":[[-80.9667614716094,44.57267949603101],[-80.96460052388781,44.57305167433106],[-80.96449537338884,44.573074077302714],[-80.96445204404942,44.573088355201136],[-80.96441871385744,44.57309906362265],[-80.96438704465041,44.57311691802653],[-80.96436130791753,44.573136891838544],[-80.96433536906369,44.573158585746796],[-80.96431563936511,44.5731785845013],[-80.96421291072416,44.57330297567855],[-80.96356633931528,44.57466559472962]]}},{"type":"Feature","properties":{"road_id":"road_d573866456dcdb344f75","name":"10th Street East","road_class":1,"lane_count":4,"speed_limit_kmh":50,"left_from":600,"left_to":698,"right_from":601,"right_to":699,"left_parity":"E","right_parity":"O","source":"Grey County road centrelines"},"geometry":{"type":"LineString","coordinates":[[-80.93441750583717,44.56877682988861],[-80.93306715920039,44.568928491112004]]}},{"type":"Feature","properties":{"road_id":"road_b7f1bedafc4256d9a132","name":"9th Avenue East","road_class":1,"lane_count":2,"speed_limit_kmh":80,"left_from":600,"left_to":698,"right_from":601,"right_to":699,"left_parity":"E","right_parity":"O","source":"Grey County road centrelines"},"geometry":{"type":"LineString","coordinates":[[-80.92659611091526,44.56184929896414],[-80.92703137790808,44.56374028767106]]}},{"type":"Feature","properties":{"road_id":"road_d801edb466214c2abf6e","name":"9th Avenue East","road_class":1,"lane_count":2,"speed_limit_kmh":80,"left_from":400,"left_to":598,"right_from":401,"right_to":599,"left_parity":"E","right_parity":"O","source":"Grey County road centrelines"},"geometry":{"type":"LineString","coordinates":[[-80.92574783808068,44.558239542605726],[-80.92659920650974,44.56184876580775]]}},{"type":"Feature","properties":{"road_id":"road_353a84c3417451f2aeac","name":"9th Avenue East","road_class":1,"lane_count":2,"speed_limit_kmh":80,"left_from":900,"left_to":998,"right_from":901,"right_to":999,"left_parity":"E","right_parity":"O","source":"Grey County road centrelines"},"geometry":{"type":"LineString","coordinates":[[-80.92793991242688,44.567513651495574],[-80.92835724545337,44.569465965222854]]}},{"type":"Feature","properties":{"road_id":"road_161c65389364a2662f2f","name":"9th Avenue East","road_class":1,"lane_count":2,"speed_limit_kmh":80,"left_from":700,"left_to":798,"right_from":701,"right_to":799,"left_parity":"E","right_parity":"O","source":"Grey County road centrelines"},"geometry":{"type":"LineString","coordinates":[[-80.92703137790808,44.56374028767106],[-80.92746644457658,44.565637458773466]]}},{"type":"Feature","properties":{"road_id":"road_63618d5f8413a3b5b18d","name":"10th Street East","road_class":1,"lane_count":4,"speed_limit_kmh":50,"left_from":800,"left_to":898,"right_from":801,"right_to":899,"left_parity":"E","right_parity":"O","source":"Grey County road centrelines"},"geometry":{"type":"LineString","coordinates":[[-80.93044107460446,44.5692337181807],[-80.92835724545337,44.569465965222854]]}},{"type":"Feature","properties":{"road_id":"road_8a51f0ac826fd1be1cb2","name":"10th Street West","road_class":1,"lane_count":4,"speed_limit_kmh":70,"left_from":401,"left_to":599,"right_from":400,"right_to":598,"left_parity":"O","right_parity":"E","source":"Grey County road centrelines"},"geometry":{"type":"LineString","coordinates":[[-80.94944306863917,44.56702680407917],[-80.95134324531526,44.56680008960494],[-80.9519390448426,44.566754608110266],[-80.95214895776832,44.56675755462305],[-80.95229089337982,44.56676618872387],[-80.95249078739516,44.566799143700806],[-80.95287257767913,44.56686933128196],[-80.9535821829732,44.56700825021984]]}},{"type":"Feature","properties":{"road_id":"road_61fccf80bd53399c6f37","name":"10th Street East","road_class":1,"lane_count":4,"speed_limit_kmh":50,"left_from":100,"left_to":198,"right_from":101,"right_to":199,"left_parity":"E","right_parity":"O","source":"Grey County road centrelines"},"geometry":{"type":"LineString","coordinates":[[-80.943949808693,44.5676340421141],[-80.94337927518134,44.56769740074812],[-80.94325233335022,44.5677114982124]]}},{"type":"Feature","properties":{"road_id":"road_c0c25431d97881b87cab","name":"10th Street West","road_class":1,"lane_count":4,"speed_limit_kmh":50,"left_from":301,"left_to":399,"right_from":300,"right_to":398,"left_parity":"O","right_parity":"E","source":"Grey County road centrelines"},"geometry":{"type":"LineString","coordinates":[[-80.94778422526245,44.56719891930584],[-80.94944306863917,44.56702680407917]]}},{"type":"Feature","properties":{"road_id":"road_6ebc2e2c03f6ab4c1374","name":"10th Street West","road_class":1,"lane_count":4,"speed_limit_kmh":50,"left_from":1,"left_to":99,"right_from":2,"right_to":98,"left_parity":"O","right_parity":"E","source":"Grey County road centrelines"},"geometry":{"type":"LineString","coordinates":[[-80.943949808693,44.5676340421141],[-80.94457744361573,44.567562160146366]]}},{"type":"Feature","properties":{"road_id":"road_0afa8312eb198c3932e4","name":"10th Street East","road_class":1,"lane_count":4,"speed_limit_kmh":50,"left_from":400,"left_to":498,"right_from":401,"right_to":499,"left_parity":"E","right_parity":"O","source":"Grey County road centrelines"},"geometry":{"type":"LineString","coordinates":[[-80.93956604268293,44.56813246478965],[-80.93772582046721,44.5683670809257]]}},{"type":"Feature","properties":{"road_id":"road_965957308b3f7775291f","name":"10th Street East","road_class":1,"lane_count":4,"speed_limit_kmh":50,"left_from":200,"left_to":298,"right_from":201,"right_to":299,"left_parity":"E","right_parity":"O","source":"Grey County road centrelines"},"geometry":{"type":"LineString","coordinates":[[-80.94325233335022,44.5677114982124],[-80.94309909244086,44.56773038527649],[-80.94142568108519,44.56792223211284]]}},{"type":"Feature","properties":{"road_id":"road_342b31ccb6656487869e","name":"10th Street West","road_class":1,"lane_count":4,"speed_limit_kmh":50,"left_from":201,"left_to":299,"right_from":200,"right_to":298,"left_parity":"O","right_parity":"E","source":"Grey County road centrelines"},"geometry":{"type":"LineString","coordinates":[[-80.9461196596174,44.56738217868576],[-80.94778422526245,44.56719891930584]]}},{"type":"Feature","properties":{"road_id":"road_1bcd4f1064a442cc0d57","name":"10th Street East","road_class":1,"lane_count":4,"speed_limit_kmh":50,"left_from":300,"left_to":398,"right_from":301,"right_to":399,"left_parity":"E","right_parity":"O","source":"Grey County road centrelines"},"geometry":{"type":"LineString","coordinates":[[-80.94142568108519,44.56792223211284],[-80.93956604268293,44.56813246478965]]}},{"type":"Feature","properties":{"road_id":"road_0c7f394ed29a7fe3ed8f","name":"10th Street West","road_class":1,"lane_count":4,"speed_limit_kmh":50,"left_from":101,"left_to":199,"right_from":100,"right_to":198,"left_parity":"O","right_parity":"E","source":"Grey County road centrelines"},"geometry":{"type":"LineString","coordinates":[[-80.94457744361573,44.567562160146366],[-80.9461196596174,44.56738217868576]]}},{"type":"Feature","properties":{"road_id":"road_e09128e649e002ea1a22","name":"10th Street East","road_class":1,"lane_count":4,"speed_limit_kmh":50,"left_from":500,"left_to":598,"right_from":501,"right_to":599,"left_parity":"E","right_parity":"O","source":"Grey County road centrelines"},"geometry":{"type":"LineString","coordinates":[[-80.93772582046721,44.5683670809257],[-80.93441750583717,44.56877682988861]]}},{"type":"Feature","properties":{"road_id":"road_c8b1b202a134ddce230b","name":"10th Street West","road_class":1,"lane_count":4,"speed_limit_kmh":70,"left_from":601,"left_to":699,"right_from":600,"right_to":698,"left_parity":"O","right_parity":"E","source":"Grey County road centrelines"},"geometry":{"type":"LineString","coordinates":[[-80.9535821829732,44.56700825021984],[-80.95384571813483,44.56704313397925],[-80.9542109228237,44.567022319691716],[-80.95567713865739,44.56685139816141],[-80.95737365468216,44.56665473506219]]}},{"type":"Feature","properties":{"road_id":"road_27474da91f6b500d71c1","name":"10th Street West","road_class":1,"lane_count":4,"speed_limit_kmh":70,"left_from":801,"left_to":899,"right_from":800,"right_to":898,"left_parity":"O","right_parity":"E","source":"Grey County road centrelines"},"geometry":{"type":"LineString","coordinates":[[-80.95957617374019,44.566388377295866],[-80.96159654140803,44.56615444949475],[-80.96185012143968,44.56611972264161],[-80.96213901873674,44.566000977523906]]}},{"type":"Feature","properties":{"road_id":"road_ce3ea2a0bf8c43571de8","name":"10th Street West","road_class":1,"lane_count":4,"speed_limit_kmh":70,"left_from":701,"left_to":799,"right_from":700,"right_to":798,"left_parity":"O","right_parity":"E","source":"Grey County road centrelines"},"geometry":{"type":"LineString","coordinates":[[-80.95737365468216,44.56665473506219],[-80.95957617374019,44.566388377295866]]}},{"type":"Feature","properties":{"road_id":"road_f70e72c298f42d547539","name":"7th Avenue West","road_class":3,"lane_count":2,"speed_limit_kmh":50,"left_from":1500,"left_to":1532,"right_from":1501,"right_to":1533,"left_parity":"E","right_parity":"O","source":"Grey County road centrelines"},"geometry":{"type":"LineString","coordinates":[[-80.95635094429075,44.57516224926342],[-80.95638421429562,44.5752366974217],[-80.95618383339341,44.57581126462921]]}},{"type":"Feature","properties":{"road_id":"road_dc002379627e9498dfc4","name":"29th Street West","road_class":3,"lane_count":2,"speed_limit_kmh":60,"left_from":917,"left_to":945,"right_from":918,"right_to":944,"left_parity":"O","right_parity":"E","source":"Grey County road centrelines"},"geometry":{"type":"LineString","coordinates":[[-80.95614183086568,44.59509098062736],[-80.95606153764894,44.59499817863937],[-80.95585623936886,44.59492949946926],[-80.95517626859768,44.59481871259723],[-80.95500828453787,44.59478053578792],[-80.9548874216063,44.59473138009448],[-80.95480507573916,44.59461758825315]]}},{"type":"Feature","properties":{"road_id":"road_9f974ded04abdb0af421","name":"30th Street West","road_class":3,"lane_count":2,"speed_limit_kmh":60,"left_from":905,"left_to":915,"right_from":906,"right_to":916,"left_parity":"O","right_parity":"E","source":"Grey County road centrelines"},"geometry":{"type":"LineString","coordinates":[[-80.9572178877102,44.596469699193044],[-80.95605791294676,44.59626917673079]]}},{"type":"Feature","properties":{"road_id":"road_09a1d4b1e88d3234e35b","name":"19th Street West","road_class":3,"lane_count":2,"speed_limit_kmh":50,"left_from":845,"left_to":887,"right_from":846,"right_to":888,"left_parity":"O","right_parity":"E","source":"Grey County road centrelines"},"geometry":{"type":"LineString","coordinates":[[-80.9687084927326,44.58324569555882],[-80.96857517555793,44.583245659089755],[-80.96820441209407,44.5831979178547],[-80.96628400086622,44.58286389510236],[-80.96364345608916,44.58243407835397]]}},{"type":"Feature","properties":{"road_id":"road_9470d647a7dbff00886c","name":"2nd Avenue Southwest","road_class":3,"lane_count":2,"speed_limit_kmh":50,"left_from":115,"left_to":169,"right_from":116,"right_to":170,"left_parity":"O","right_parity":"E","source":"Grey County road centrelines"},"geometry":{"type":"LineString","coordinates":[[-80.9425621316663,44.54615663976119],[-80.94241297090494,44.545419110980944],[-80.942433009624,44.545364812879214]]}},{"type":"Feature","properties":{"road_id":"road_cc6ba501edee04ad6ac9","name":"2nd Street SW","road_class":3,"lane_count":2,"speed_limit_kmh":50,"left_from":221,"left_to":311,"right_from":220,"right_to":310,"left_parity":"O","right_parity":"E","source":"Grey County road centrelines"},"geometry":{"type":"LineString","coordinates":[[-80.942433009624,44.545364812879214],[-80.94248499782444,44.54533625563372],[-80.94254895966927,44.54532485449925],[-80.94341376420005,44.545222848562446]]}},{"type":"Feature","properties":{"road_id":"road_40f9d3e253eae4355bd6","name":"9th Avenue East","road_class":3,"lane_count":2,"speed_limit_kmh":50,"left_from":2600,"left_to":2698,"right_from":2601,"right_to":2753,"left_parity":"E","right_parity":"O","source":"Grey County road centrelines"},"geometry":{"type":"LineString","coordinates":[[-80.9195331680793,44.59075272455279],[-80.9186986232989,44.592939768575]]}},{"type":"Feature","properties":{"road_id":"road_18018c5e0c5d7a9999e8","name":"9th Avenue East","road_class":3,"lane_count":2,"speed_limit_kmh":50,"left_from":2700,"left_to":2798,"right_from":2755,"right_to":2799,"left_parity":"E","right_parity":"O","source":"Grey County road centrelines"},"geometry":{"type":"LineString","coordinates":[[-80.9186986232989,44.592939768575],[-80.91839003762576,44.59369297010687]]}},{"type":"Feature","properties":{"road_id":"road_6e312ec56372c654b3d3","name":"25th Street East","road_class":3,"lane_count":2,"speed_limit_kmh":50,"left_from":800,"left_to":850,"right_from":801,"right_to":849,"left_parity":"E","right_parity":"O","source":"Grey County road centrelines"},"geometry":{"type":"LineString","coordinates":[[-80.92231955254613,44.58918820702448],[-80.92126155812699,44.58899842314704]]}},{"type":"Feature","properties":{"road_id":"road_23c48c8bf72b8bb78adb","name":"25th Street East","road_class":3,"lane_count":2,"speed_limit_kmh":50,"left_from":852,"left_to":898,"right_from":851,"right_to":899,"left_parity":"E","right_parity":"O","source":"Grey County road centrelines"},"geometry":{"type":"LineString","coordinates":[[-80.92126155812699,44.58899842314704],[-80.92029178545528,44.58879071293424]]}},{"type":"Feature","properties":{"road_id":"road_644931b6e9b2e2c6d15e","name":"9th Avenue East","road_class":3,"lane_count":2,"speed_limit_kmh":50,"left_from":2500,"left_to":2550,"right_from":2501,"right_to":2549,"left_parity":"E","right_parity":"O","source":"Grey County road centrelines"},"geometry":{"type":"LineString","coordinates":[[-80.92029178545528,44.58879071293424],[-80.91982400843233,44.589987703572675]]}},{"type":"Feature","properties":{"road_id":"road_ab606ce2b56edf60ee4b","name":"9th Avenue East","road_class":3,"lane_count":2,"speed_limit_kmh":50,"left_from":2552,"left_to":2598,"right_from":2551,"right_to":2599,"left_parity":"E","right_parity":"O","source":"Grey County road centrelines"},"geometry":{"type":"LineString","coordinates":[[-80.91982400843233,44.589987703572675],[-80.9195331680793,44.59075272455279]]}},{"type":"Feature","properties":{"road_id":"road_8cf8fdfa3a5ea98547d2","name":"8th Avenue East","road_class":3,"lane_count":2,"speed_limit_kmh":50,"left_from":600,"left_to":642,"right_from":601,"right_to":641,"left_parity":"E","right_parity":"O","source":"Grey County road centrelines"},"geometry":{"type":"LineString","coordinates":[[-80.92870511175893,44.561627636677386],[-80.92892862158479,44.562562419796166]]}},{"type":"Feature","properties":{"road_id":"road_8402fe57b34880fd0073","name":"8th Avenue East","road_class":3,"lane_count":2,"speed_limit_kmh":50,"left_from":644,"left_to":698,"right_from":643,"right_to":699,"left_parity":"E","right_parity":"O","source":"Grey County road centrelines"},"geometry":{"type":"LineString","coordinates":[[-80.92892862158479,44.562562419796166],[-80.9291440313017,44.56351295108367]]}},{"type":"Feature","properties":{"road_id":"road_0d4a69454bd4e2d25010","name":"7th Avenue East","road_class":3,"lane_count":2,"speed_limit_kmh":50,"left_from":600,"left_to":654,"right_from":601,"right_to":653,"left_parity":"E","right_parity":"O","source":"Grey County road centrelines"},"geometry":{"type":"LineString","coordinates":[[-80.93135694566416,44.56132411831224],[-80.93157774886608,44.56223771076499]]}},{"type":"Feature","properties":{"road_id":"road_b2468c04608f95373a93","name":"6th Street East","road_class":2,"lane_count":2,"speed_limit_kmh":50,"left_from":686,"left_to":698,"right_from":685,"right_to":699,"left_parity":"E","right_parity":"O","source":"Grey County road centrelines"},"geometry":{"type":"LineString","coordinates":[[-80.93190375197425,44.561260493516144],[-80.93135694566416,44.56132411831224]]}},{"type":"Feature","properties":{"road_id":"road_ea99c004f728840fb40b","name":"4th Street East","road_class":3,"lane_count":2,"speed_limit_kmh":50,"left_from":850,"left_to":898,"right_from":851,"right_to":899,"left_parity":"E","right_parity":"O","source":"Grey County road centrelines"},"geometry":{"type":"LineString","coordinates":[[-80.92860098444109,44.557845393890354],[-80.92748938844727,44.557987734515635]]}},{"type":"Feature","properties":{"road_id":"road_56591aab7dd199959ba0","name":"8th Avenue A East","road_class":3,"lane_count":2,"speed_limit_kmh":50,"left_from":200,"left_to":348,"right_from":201,"right_to":349,"left_parity":"E","right_parity":"O","source":"Grey County road centrelines"},"geometry":{"type":"LineString","coordinates":[[-80.92864793848268,44.554937435107455],[-80.92812867002763,44.555846453123245],[-80.92811444879837,44.55587778840814],[-80.92810683827128,44.55591028035324],[-80.92810600553301,44.55594321971621],[-80.92811196765155,44.55597588637435],[-80.92844378465625,44.55712493735357]]}},{"type":"Feature","properties":{"road_id":"road_db7f131358c430eea318","name":"8th Avenue A East","road_class":3,"lane_count":2,"speed_limit_kmh":50,"left_from":350,"left_to":398,"right_from":351,"right_to":399,"left_parity":"E","right_parity":"O","source":"Grey County road centrelines"},"geometry":{"type":"LineString","coordinates":[[-80.92844378465625,44.55712493735357],[-80.92860098444109,44.557845393890354]]}},{"type":"Feature","properties":{"road_id":"road_df4db9f43ad8940c0018","name":"7th Avenue East","road_class":3,"lane_count":2,"speed_limit_kmh":50,"left_from":400,"left_to":426,"right_from":401,"right_to":425,"left_parity":"E","right_parity":"O","source":"Grey County road centrelines"},"geometry":{"type":"LineString","coordinates":[[-80.93104969668417,44.55754966426513],[-80.93122511070972,44.55828797513912]]}},{"type":"Feature","properties":{"road_id":"road_147bdadaf2801361ef90","name":"7th Avenue East","road_class":3,"lane_count":2,"speed_limit_kmh":50,"left_from":428,"left_to":496,"right_from":427,"right_to":497,"left_parity":"E","right_parity":"O","source":"Grey County road centrelines"},"geometry":{"type":"LineString","coordinates":[[-80.93122511070972,44.55828797513912],[-80.93161344522052,44.55998070353202]]}},{"type":"Feature","properties":{"road_id":"road_d3b225770dd81898bfc3","name":"7th Avenue East","road_class":3,"lane_count":2,"speed_limit_kmh":50,"left_from":498,"left_to":498,"right_from":499,"right_to":499,"left_parity":"E","right_parity":"O","source":"Grey County road centrelines"},"geometry":{"type":"LineString","coordinates":[[-80.93161344522052,44.55998070353202],[-80.93163849743713,44.560106758936115]]}},{"type":"Feature","properties":{"road_id":"road_dba582dc9d29d1631843","name":"6th Avenue East","road_class":3,"lane_count":2,"speed_limit_kmh":50,"left_from":400,"left_to":426,"right_from":401,"right_to":425,"left_parity":"E","right_parity":"O","source":"Grey County road centrelines"},"geometry":{"type":"LineString","coordinates":[[-80.9333290585299,44.557287916372545],[-80.93351703639298,44.55803727076637]]}},{"type":"Feature","properties":{"road_id":"road_01daa83e4b7846d4d174","name":"2nd Avenue East","road_class":2,"lane_count":2,"speed_limit_kmh":50,"left_from":458,"left_to":464,"right_from":459,"right_to":465,"left_parity":"E","right_parity":"O","source":"Grey County road centrelines"},"geometry":{"type":"LineString","coordinates":[[-80.94106809680488,44.55802157458354],[-80.94109954412804,44.558163821325536]]}},{"type":"Feature","properties":{"road_id":"road_a7eafd3ad2aea716a877","name":"6th Avenue East","road_class":3,"lane_count":2,"speed_limit_kmh":50,"left_from":428,"left_to":498,"right_from":427,"right_to":499,"left_parity":"E","right_parity":"O","source":"Grey County road centrelines"},"geometry":{"type":"LineString","coordinates":[[-80.93351703639298,44.55803727076637],[-80.93387603192662,44.55943889299173]]}},{"type":"Feature","properties":{"road_id":"road_0d646485ac4caea9e449","name":"4th Street East","road_class":3,"lane_count":2,"speed_limit_kmh":50,"left_from":600,"left_to":616,"right_from":601,"right_to":617,"left_parity":"E","right_parity":"O","source":"Grey County road centrelines"},"geometry":{"type":"LineString","coordinates":[[-80.9333290585299,44.557287916372545],[-80.93227395309272,44.55741194403658]]}},{"type":"Feature","properties":{"road_id":"road_378cc9733523c96746ff","name":"4th Street East","road_class":3,"lane_count":2,"speed_limit_kmh":50,"left_from":618,"left_to":698,"right_from":619,"right_to":699,"left_parity":"E","right_parity":"O","source":"Grey County road centrelines"},"geometry":{"type":"LineString","coordinates":[[-80.93227395309272,44.55741194403658],[-80.93104969668417,44.55754966426513]]}},{"type":"Feature","properties":{"road_id":"road_b6e39d4a3764519bfe0d","name":"7th Avenue East","road_class":3,"lane_count":2,"speed_limit_kmh":50,"left_from":200,"left_to":264,"right_from":201,"right_to":263,"left_parity":"E","right_parity":"O","source":"Grey County road centrelines"},"geometry":{"type":"LineString","coordinates":[[-80.93010704235427,44.55337090077308],[-80.93040757552919,44.554748499611556]]}},{"type":"Feature","properties":{"road_id":"road_ad4a73e553ac52507a80","name":"7th Avenue East","road_class":3,"lane_count":2,"speed_limit_kmh":50,"left_from":266,"left_to":298,"right_from":265,"right_to":299,"left_parity":"E","right_parity":"O","source":"Grey County road centrelines"},"geometry":{"type":"LineString","coordinates":[[-80.93039830222052,44.554722448567084],[-80.93067391343453,44.55590196277552]]}},{"type":"Feature","properties":{"road_id":"road_e45f23bf92f547c71b6d","name":"2nd Avenue East","road_class":2,"lane_count":2,"speed_limit_kmh":50,"left_from":400,"left_to":444,"right_from":419,"right_to":441,"left_parity":"E","right_parity":"O","source":"Grey County road centrelines"},"geometry":{"type":"LineString","coordinates":[[-80.94080541055118,44.55687581285348],[-80.94093339173307,44.557429853823216],[-80.94093347078481,44.55743019819287]]}},{"type":"Feature","properties":{"road_id":"road_71f97f17cf2865afcf98","name":"2nd Avenue East","road_class":2,"lane_count":2,"speed_limit_kmh":50,"left_from":446,"left_to":456,"right_from":421,"right_to":457,"left_parity":"E","right_parity":"O","source":"Grey County road centrelines"},"geometry":{"type":"LineString","coordinates":[[-80.94093347078481,44.55743019819287],[-80.9409799181766,44.55763221674662],[-80.94106809680488,44.55802157458354]]}},{"type":"Feature","properties":{"road_id":"road_db84321ef5d1c3c6f422","name":"2nd Avenue East","road_class":2,"lane_count":2,"speed_limit_kmh":50,"left_from":388,"left_to":398,"right_from":397,"right_to":417,"left_parity":"E","right_parity":"O","source":"Grey County road centrelines"},"geometry":{"type":"LineString","coordinates":[[-80.94072575154506,44.55653295591495],[-80.94075355170814,44.556655525758224],[-80.94080541055118,44.55687581285348]]}},{"type":"Feature","properties":{"road_id":"road_5c43739b3c854cec5fa5","name":"2nd Avenue East","road_class":2,"lane_count":2,"speed_limit_kmh":50,"left_from":314,"left_to":374,"right_from":315,"right_to":377,"left_parity":"E","right_parity":"O","source":"Grey County road centrelines"},"geometry":{"type":"LineString","coordinates":[[-80.9403988680879,44.55506496026731],[-80.94062158559964,44.55606458611961],[-80.94063835445105,44.55614047271865]]}},{"type":"Feature","properties":{"road_id":"road_a1eecb53e1d01e384e58","name":"2nd Avenue East","road_class":2,"lane_count":2,"speed_limit_kmh":50,"left_from":376,"left_to":386,"right_from":379,"right_to":395,"left_parity":"E","right_parity":"O","source":"Grey County road centrelines"},"geometry":{"type":"LineString","coordinates":[[-80.94063835445105,44.55614047271865],[-80.94065652467431,44.556222706506475],[-80.94071770174179,44.55649746607701],[-80.94072575154506,44.55653295591495]]}},{"type":"Feature","properties":{"road_id":"road_959a3cec22e70e3dd0fd","name":"2nd Avenue West","road_class":3,"lane_count":2,"speed_limit_kmh":50,"left_from":500,"left_to":598,"right_from":501,"right_to":599,"left_parity":"E","right_parity":"O","source":"Grey County road centrelines"},"geometry":{"type":"LineString","coordinates":[[-80.94542852638052,44.55808858705161],[-80.94531417264149,44.56004162737912]]}},{"type":"Feature","properties":{"road_id":"road_9177c5c729611dcac33a","name":"2nd Avenue West","road_class":3,"lane_count":2,"speed_limit_kmh":50,"left_from":null,"left_to":null,"right_from":null,"right_to":null,"left_parity":null,"right_parity":null,"source":"Grey County road centrelines"},"geometry":{"type":"LineString","coordinates":[[-80.94534569182986,44.55950333458841],[-80.9451681721533,44.559710774995146],[-80.94467949492693,44.56004132206876],[-80.94460230808447,44.56012185993811]]}},{"type":"Feature","properties":{"road_id":"road_de96b1739be09bd6914a","name":"4th Avenue West","road_class":3,"lane_count":2,"speed_limit_kmh":50,"left_from":296,"left_to":298,"right_from":297,"right_to":299,"left_parity":"E","right_parity":"O","source":"Grey County road centrelines"},"geometry":{"type":"LineString","coordinates":[[-80.94639735851614,44.553492851224014],[-80.94642645404987,44.55362976327673]]}},{"type":"Feature","properties":{"road_id":"road_d70e5b3f9e31534dac6e","name":"6th Avenue West","road_class":3,"lane_count":2,"speed_limit_kmh":50,"left_from":2800,"left_to":2898,"right_from":2801,"right_to":2899,"left_parity":"E","right_parity":"O","source":"Grey County road centrelines"},"geometry":{"type":"LineString","coordinates":[[-80.9491222919293,44.59253432556652],[-80.94915390813573,44.592595079059215],[-80.94913883979515,44.59267129350979],[-80.9487761926099,44.59377039469519]]}},{"type":"Feature","properties":{"road_id":"road_9618d0c8fea65f110d70","name":"29th Street West","road_class":3,"lane_count":2,"speed_limit_kmh":50,"left_from":401,"left_to":599,"right_from":400,"right_to":598,"left_parity":"O","right_parity":"E","source":"Grey County road centrelines"},"geometry":{"type":"LineString","coordinates":[[-80.94580652577396,44.593276193708995],[-80.9487761926099,44.59377039469519]]}},{"type":"Feature","properties":{"road_id":"road_a842acca786c5f0f3ca8","name":"28th Street West","road_class":3,"lane_count":2,"speed_limit_kmh":50,"left_from":501,"left_to":599,"right_from":500,"right_to":598,"left_parity":"O","right_parity":"E","source":"Grey County road centrelines"},"geometry":{"type":"LineString","coordinates":[[-80.94778040652417,44.59223628190972],[-80.94901565741348,44.592492593047176],[-80.9491222919293,44.59253432556652]]}},{"type":"Feature","properties":{"road_id":"road_5ef2744f52ae8cbd624c","name":"2nd Avenue West","road_class":3,"lane_count":2,"speed_limit_kmh":50,"left_from":2600,"left_to":2698,"right_from":2601,"right_to":2699,"left_parity":"E","right_parity":"O","source":"Grey County road centrelines"},"geometry":{"type":"LineString","coordinates":[[-80.94421010722469,44.589128507466555],[-80.94385274303163,44.590206158280694],[-80.94388571299918,44.590305781052216]]}},{"type":"Feature","properties":{"road_id":"road_384ff9eeb1e3d3f4834d","name":"27th Street West","road_class":3,"lane_count":2,"speed_limit_kmh":50,"left_from":201,"left_to":299,"right_from":200,"right_to":298,"left_parity":"O","right_parity":"E","source":"Grey County road centrelines"},"geometry":{"type":"LineString","coordinates":[[-80.94388571299918,44.590305781052216],[-80.94397260344334,44.59035103877533],[-80.94515642129107,44.590549789781]]}},{"type":"Feature","properties":{"road_id":"road_202a636e392bd37216dc","name":"26th Street West","road_class":3,"lane_count":2,"speed_limit_kmh":50,"left_from":201,"left_to":299,"right_from":200,"right_to":298,"left_parity":"O","right_parity":"E","source":"Grey County road centrelines"},"geometry":{"type":"LineString","coordinates":[[-80.94421010722469,44.589128507466555],[-80.94436214708652,44.58908427686017],[-80.94555910189696,44.58928646377284]]}},{"type":"Feature","properties":{"road_id":"road_c1c65a24f6cd8256f2e6","name":"21st Street West","road_class":3,"lane_count":2,"speed_limit_kmh":50,"left_from":301,"left_to":399,"right_from":300,"right_to":398,"left_parity":"O","right_parity":"E","source":"Grey County road centrelines"},"geometry":{"type":"LineString","coordinates":[[-80.9480340485396,44.58243520571189],[-80.94928822064375,44.582682225817926]]}},{"type":"Feature","properties":{"road_id":"road_d62dd8a3755e7eac1970","name":"3rd Avenue West","road_class":3,"lane_count":2,"speed_limit_kmh":50,"left_from":1500,"left_to":1598,"right_from":1501,"right_to":1599,"left_parity":"E","right_parity":"O","source":"Grey County road centrelines"},"geometry":{"type":"LineString","coordinates":[[-80.95040273526392,44.57517156424699],[-80.9503160181946,44.57525846733415],[-80.95008907680436,44.575646625789844],[-80.94985362477516,44.57624081615476]]}},{"type":"Feature","properties":{"road_id":"road_3133250acfc0391ef76b","name":"3rd Avenue West","road_class":3,"lane_count":2,"speed_limit_kmh":50,"left_from":2000,"left_to":2098,"right_from":2001,"right_to":2099,"left_parity":"E","right_parity":"O","source":"Grey County road centrelines"},"geometry":{"type":"LineString","coordinates":[[-80.94826626393885,44.58124462676405],[-80.94819981825225,44.581417955259354],[-80.94817316523778,44.58170345943184],[-80.9480340485396,44.58243520571189]]}},{"type":"Feature","properties":{"road_id":"road_79a58ec8df5fba8dd799","name":"3rd Avenue West","road_class":2,"lane_count":2,"speed_limit_kmh":50,"left_from":2900,"left_to":2998,"right_from":2901,"right_to":2999,"left_parity":"E","right_parity":"O","source":"Grey County road centrelines"},"geometry":{"type":"LineString","coordinates":[[-80.94433927148782,44.5930315548071],[-80.94433925891141,44.593031593828826],[-80.94423954681317,44.59334987278659],[-80.9442013504473,44.59355422430084],[-80.94419728826557,44.59361853470613],[-80.94419753081071,44.59363098890979],[-80.94419833120963,44.5936720067137],[-80.94419935978063,44.59371379915695],[-80.94419936067895,44.59371385289117],[-80.9442008096615,44.59375535488392],[-80.94420374355923,44.593839343266005],[-80.94421695418379,44.593969164712796],[-80.94424349580716,44.59410137510732],[-80.94427838098291,44.594224062174625],[-80.94431638780428,44.594368231557645],[-80.94431690433555,44.59436983780888]]}},{"type":"Feature","properties":{"road_id":"road_26d658b6137e748c3fda","name":"8th Avenue West","road_class":3,"lane_count":2,"speed_limit_kmh":50,"left_from":900,"left_to":998,"right_from":901,"right_to":999,"left_parity":"E","right_parity":"O","source":"Grey County road centrelines"},"geometry":{"type":"LineString","coordinates":[[-80.95906098992474,44.563918984997606],[-80.95957617374019,44.566388377295866]]}},{"type":"Feature","properties":{"road_id":"road_18a69b9d6620a71a98d4","name":"7th Street West","road_class":3,"lane_count":2,"speed_limit_kmh":50,"left_from":601,"left_to":699,"right_from":600,"right_to":698,"left_parity":"O","right_parity":"E","source":"Grey County road centrelines"},"geometry":{"type":"LineString","coordinates":[[-80.95222170154338,44.56094644371383],[-80.95354515172224,44.56080407256325]]}},{"type":"Feature","properties":{"road_id":"road_58df9d5d5ed16c222808","name":"9th Street West","road_class":3,"lane_count":2,"speed_limit_kmh":50,"left_from":701,"left_to":799,"right_from":700,"right_to":798,"left_parity":"O","right_parity":"E","source":"Grey County road centrelines"},"geometry":{"type":"LineString","coordinates":[[-80.9549827885535,44.56442548001974],[-80.95906098992474,44.563918984997606]]}},{"type":"Feature","properties":{"road_id":"road_620dfb676b90b2ee648d","name":"22nd Street West","road_class":3,"lane_count":2,"speed_limit_kmh":50,"left_from":601,"left_to":699,"right_from":600,"right_to":698,"left_parity":"O","right_parity":"E","source":"Grey County road centrelines"},"geometry":{"type":"LineString","coordinates":[[-80.95182324391764,44.584413587972385],[-80.95317626214408,44.58463900538418],[-80.95325353432649,44.584707637214315]]}},{"type":"Feature","properties":{"road_id":"road_a9a6c69b3fdc87ee814f","name":"6th Avenue West","road_class":3,"lane_count":2,"speed_limit_kmh":50,"left_from":1800,"left_to":1898,"right_from":1801,"right_to":1899,"left_parity":"E","right_parity":"O","source":"Grey County road centrelines"},"geometry":{"type":"LineString","coordinates":[[-80.95352468181186,44.579479418808916],[-80.95343504611618,44.57952529281827],[-80.95305045937674,44.580691156187875]]}},{"type":"Feature","properties":{"road_id":"road_04dc5853e216379c4b14","name":"18th Street West","road_class":3,"lane_count":2,"speed_limit_kmh":50,"left_from":601,"left_to":699,"right_from":600,"right_to":698,"left_parity":"O","right_parity":"E","source":"Grey County road centrelines"},"geometry":{"type":"LineString","coordinates":[[-80.95352468181186,44.579479418808916],[-80.95361266999731,44.57947373758274],[-80.95479362850747,44.57967810589184],[-80.95490592061294,44.57972697102933]]}},{"type":"Feature","properties":{"road_id":"road_65ddf93cf3f6ab2a43b5","name":"7th Avenue West","road_class":3,"lane_count":2,"speed_limit_kmh":50,"left_from":2200,"left_to":2298,"right_from":2201,"right_to":2299,"left_parity":"E","right_parity":"O","source":"Grey County road centrelines"},"geometry":{"type":"LineString","coordinates":[[-80.95325353432649,44.584707637214315],[-80.9532597587531,44.58476538738938],[-80.9526894111927,44.58656722238035]]}},{"type":"Feature","properties":{"road_id":"road_bcb53a9156430a9af136","name":"7th Avenue West","road_class":3,"lane_count":2,"speed_limit_kmh":50,"left_from":1800,"left_to":1898,"right_from":1801,"right_to":1899,"left_parity":"E","right_parity":"O","source":"Grey County road centrelines"},"geometry":{"type":"LineString","coordinates":[[-80.95490592061294,44.57972697102933],[-80.95491083619417,44.5798134469297],[-80.95452069696798,44.58093566211951]]}},{"type":"Feature","properties":{"road_id":"road_5c791a49a85aba7e5b54","name":"7th Avenue West","road_class":3,"lane_count":2,"speed_limit_kmh":50,"left_from":700,"left_to":798,"right_from":701,"right_to":799,"left_parity":"E","right_parity":"O","source":"Grey County road centrelines"},"geometry":{"type":"LineString","coordinates":[[-80.95354515172224,44.56080407256325],[-80.95365108195885,44.56082555345281],[-80.95375297875984,44.56088990774636],[-80.95387283737496,44.5609928559065],[-80.9539407311458,44.56108578002888],[-80.95403453592273,44.5612730378588],[-80.95410630682234,44.561518884411186],[-80.9541740829139,44.561761870205096],[-80.9542938597823,44.56197343531305],[-80.95435567016204,44.562176401353184],[-80.95442534619045,44.562549443067184]]}},{"type":"Feature","properties":{"road_id":"road_f90038859bd51502198d","name":"5th Street West","road_class":3,"lane_count":2,"speed_limit_kmh":50,"left_from":541,"left_to":599,"right_from":540,"right_to":598,"left_parity":"O","right_parity":"E","source":"Grey County road centrelines"},"geometry":{"type":"LineString","coordinates":[[-80.94996016945942,44.55732304535574],[-80.9513483558309,44.55716131078042]]}},{"type":"Feature","properties":{"road_id":"road_ad913113e922ea7e9618","name":"6th Avenue West","road_class":3,"lane_count":2,"speed_limit_kmh":50,"left_from":500,"left_to":598,"right_from":501,"right_to":599,"left_parity":"E","right_parity":"O","source":"Grey County road centrelines"},"geometry":{"type":"LineString","coordinates":[[-80.9513483558309,44.55716131078042],[-80.95174898109143,44.558649603575816]]}},{"type":"Feature","properties":{"road_id":"road_8442ec161b659da2eea1","name":"1st Street A West","road_class":3,"lane_count":2,"speed_limit_kmh":50,"left_from":501,"left_to":599,"right_from":500,"right_to":598,"left_parity":"O","right_parity":"E","source":"Grey County road centrelines"},"geometry":{"type":"LineString","coordinates":[[-80.94691329601808,44.54963771524715],[-80.94705273521144,44.5496685474946],[-80.94710895717182,44.549677856318056],[-80.9471664682146,44.54968126590394],[-80.94722406729232,44.5496787071141],[-80.94736651943512,44.54966493113058],[-80.94924272456787,44.54944242540191]]}},{"type":"Feature","properties":{"road_id":"road_25b2c6203f38ec9929dc","name":"2nd Street West","road_class":3,"lane_count":2,"speed_limit_kmh":50,"left_from":501,"left_to":599,"right_from":500,"right_to":598,"left_parity":"O","right_parity":"E","source":"Grey County road centrelines"},"geometry":{"type":"LineString","coordinates":[[-80.94717287410091,44.550662249755064],[-80.94855788223292,44.55051882533048]]}},{"type":"Feature","properties":{"road_id":"road_45ca466d0ad6adac2b8b","name":"5th Street A West","road_class":3,"lane_count":2,"speed_limit_kmh":50,"left_from":401,"left_to":499,"right_from":400,"right_to":498,"left_parity":"O","right_parity":"E","source":"Grey County road centrelines"},"geometry":{"type":"LineString","coordinates":[[-80.9500401599439,44.55786639900701],[-80.94991931587693,44.55795566874797],[-80.94879034107561,44.55844644536942],[-80.9487546222633,44.55845770055548],[-80.94870836621268,44.55846174970801],[-80.94864874143403,44.55845829135031]]}},{"type":"Feature","properties":{"road_id":"road_ab12a6b34a5df4a585d1","name":"5th Avenue West","road_class":3,"lane_count":2,"speed_limit_kmh":50,"left_from":100,"left_to":198,"right_from":101,"right_to":199,"left_parity":"E","right_parity":"O","source":"Grey County road centrelines"},"geometry":{"type":"LineString","coordinates":[[-80.94648510505476,44.548807793378494],[-80.94657721560904,44.549251683396875],[-80.94661867735098,44.54940910209206],[-80.94663512101226,44.54944028655979],[-80.9466568692253,44.54946976365103],[-80.94668358332521,44.549497073719365],[-80.94671516898892,44.54952542982792],[-80.94674616984936,44.54954990515749],[-80.9467812364848,44.54957139404285],[-80.9468198101431,44.549589551430984],[-80.94691329601808,44.54963771524715]]}},{"type":"Feature","properties":{"road_id":"road_075f0a52bebdf35426d9","name":"5th Avenue A West","road_class":3,"lane_count":2,"speed_limit_kmh":50,"left_from":200,"left_to":298,"right_from":201,"right_to":299,"left_parity":"E","right_parity":"O","source":"Grey County road centrelines"},"geometry":{"type":"LineString","coordinates":[[-80.94855788223292,44.55051882533048],[-80.94898320667218,44.55230881610664]]}},{"type":"Feature","properties":{"road_id":"road_7dff3bbc809b0ee801ea","name":"5th Avenue West","road_class":3,"lane_count":2,"speed_limit_kmh":50,"left_from":200,"left_to":210,"right_from":201,"right_to":211,"left_parity":"E","right_parity":"O","source":"Grey County road centrelines"},"geometry":{"type":"LineString","coordinates":[[-80.94717287410091,44.550662249755064],[-80.94736104330515,44.55140054302895]]}},{"type":"Feature","properties":{"road_id":"road_c6bfa2ed04b50762d9b1","name":"5th Avenue West","road_class":3,"lane_count":2,"speed_limit_kmh":50,"left_from":212,"left_to":250,"right_from":213,"right_to":251,"left_parity":"E","right_parity":"O","source":"Grey County road centrelines"},"geometry":{"type":"LineString","coordinates":[[-80.94736104330515,44.55140054302895],[-80.9476207471521,44.552468250037805]]}},{"type":"Feature","properties":{"road_id":"road_8e8a0883ac38fc373357","name":"4th Avenue A West","road_class":3,"lane_count":2,"speed_limit_kmh":50,"left_from":500,"left_to":598,"right_from":501,"right_to":599,"left_parity":"E","right_parity":"O","source":"Grey County road centrelines"},"geometry":{"type":"LineString","coordinates":[[-80.94836839340351,44.557528211610354],[-80.94858248798685,44.55837978279822],[-80.94860522704165,44.55841642363482],[-80.94864874143403,44.55845829135031]]}},{"type":"Feature","properties":{"road_id":"road_c41f25ae3733c000b1c6","name":"11th Street B West","road_class":3,"lane_count":2,"speed_limit_kmh":50,"left_from":401,"left_to":499,"right_from":400,"right_to":498,"left_parity":"O","right_parity":"E","source":"Grey County road centrelines"},"geometry":{"type":"LineString","coordinates":[[-80.95020395515952,44.57028164795085],[-80.95129820827849,44.570165324589276],[-80.95180488684481,44.57017735121038],[-80.95241075558819,44.570122488730675]]}},{"type":"Feature","properties":{"road_id":"road_f196cb3735c5ab1127da","name":"5th Avenue West","road_class":3,"lane_count":2,"speed_limit_kmh":50,"left_from":1100,"left_to":1198,"right_from":1101,"right_to":1199,"left_parity":"E","right_parity":"O","source":"Grey County road centrelines"},"geometry":{"type":"LineString","coordinates":[[-80.95241075558819,44.570122488730675],[-80.95254264713653,44.5704768640223],[-80.95264470293931,44.570895543903134]]}},{"type":"Feature","properties":{"road_id":"road_e3392db9b74fd666f4cb","name":"15th Street West","road_class":3,"lane_count":2,"speed_limit_kmh":50,"left_from":601,"left_to":699,"right_from":600,"right_to":698,"left_parity":"O","right_parity":"E","source":"Grey County road centrelines"},"geometry":{"type":"LineString","coordinates":[[-80.95493447446256,44.57487405098493],[-80.95625934487788,44.57510564328503],[-80.95635094429075,44.57516224926342]]}},{"type":"Feature","properties":{"road_id":"road_9afbb1d7e62159bbfa95","name":"13th Street A West","road_class":3,"lane_count":2,"speed_limit_kmh":50,"left_from":401,"left_to":499,"right_from":400,"right_to":498,"left_parity":"O","right_parity":"E","source":"Grey County road centrelines"},"geometry":{"type":"LineString","coordinates":[[-80.95085101615027,44.573119714475844],[-80.95401537485772,44.572762549222176],[-80.95412695639578,44.57282690694874]]}},{"type":"Feature","properties":{"road_id":"road_0702bc7d2f71ea595b21","name":"13th Street A West","road_class":3,"lane_count":2,"speed_limit_kmh":50,"left_from":501,"left_to":599,"right_from":500,"right_to":598,"left_parity":"O","right_parity":"E","source":"Grey County road centrelines"},"geometry":{"type":"LineString","coordinates":[[-80.95412695639578,44.57282690694874],[-80.95527165081624,44.57278329490352],[-80.95673472973299,44.57269870592357],[-80.95680794781852,44.57266359838274]]}},{"type":"Feature","properties":{"road_id":"road_2b46d823c3ec715fc33b","name":"1st Avenue East","road_class":3,"lane_count":2,"speed_limit_kmh":40,"left_from":700,"left_to":798,"right_from":701,"right_to":799,"left_parity":"E","right_parity":"O","source":"Grey County road centrelines"},"geometry":{"type":"LineString","coordinates":[[-80.94296659093645,44.56192184531548],[-80.94318488963532,44.56311344648054],[-80.94327820213546,44.56323932164947],[-80.9437211407408,44.56358751271804],[-80.94379919984743,44.56375998245322]]}},{"type":"Feature","properties":{"road_id":"road_8912e93050f0167d05a3","name":"7th Street East","road_class":3,"lane_count":2,"speed_limit_kmh":40,"left_from":100,"left_to":198,"right_from":101,"right_to":199,"left_parity":"E","right_parity":"O","source":"Grey County road centrelines"},"geometry":{"type":"LineString","coordinates":[[-80.94296659093645,44.56192184531548],[-80.94197565934653,44.56202853397389]]}},{"type":"Feature","properties":{"road_id":"road_c203988aa057356b29ae","name":"13th Street East","road_class":3,"lane_count":2,"speed_limit_kmh":50,"left_from":100,"left_to":198,"right_from":101,"right_to":199,"left_parity":"E","right_parity":"O","source":"Grey County road centrelines"},"geometry":{"type":"LineString","coordinates":[[-80.94084166386111,44.57402093460179],[-80.94083102960477,44.57402628808701],[-80.94081467128346,44.57403363681016],[-80.9407973122389,44.57403969803424],[-80.94076915813957,44.57404634989419],[-80.94073986317986,44.57404963263002],[-80.94071021248728,44.5740494585746],[-80.94068099657927,44.574045833487226],[-80.94065299968513,44.57403885271364],[-80.94064731873927,44.57403696881971],[-80.93943146966348,44.57361508830545]]}},{"type":"Feature","properties":{"road_id":"road_caf59b4e738748abb236","name":"1st Avenue East","road_class":3,"lane_count":2,"speed_limit_kmh":50,"left_from":1200,"left_to":1298,"right_from":1201,"right_to":1299,"left_parity":"E","right_parity":"O","source":"Grey County road centrelines"},"geometry":{"type":"LineString","coordinates":[[-80.94194745583988,44.57240014460736],[-80.94084166386111,44.57402093460179]]}},{"type":"Feature","properties":{"road_id":"road_4210842a7b0ec9426ad7","name":"3rd Avenue East","road_class":3,"lane_count":2,"speed_limit_kmh":50,"left_from":2652,"left_to":2798,"right_from":2621,"right_to":2799,"left_parity":"E","right_parity":"O","source":"Grey County road centrelines"},"geometry":{"type":"LineString","coordinates":[[-80.92389274425541,44.592941399814066],[-80.92309305859962,44.592908548569795],[-80.92226899536193,44.59342800789483],[-80.92158540168522,44.59385599060033],[-80.92146693006895,44.59392260419828],[-80.92130348609456,44.59399633171245],[-80.92120843625266,44.594028422390565],[-80.9211261119451,44.594048291146635],[-80.92105712582284,44.59406835947897],[-80.92098604662598,44.59408426662753],[-80.92091290489724,44.5940959550238],[-80.92083865374912,44.59410323724145],[-80.9207638097129,44.5941060614674],[-80.9206888965064,44.59410440787192],[-80.92066110622478,44.5941026583231],[-80.92029661479825,44.59407553103389]]}},{"type":"Feature","properties":{"road_id":"road_42a0c39f59432191e8b2","name":"18th Street East","road_class":3,"lane_count":2,"speed_limit_kmh":50,"left_from":300,"left_to":398,"right_from":301,"right_to":399,"left_parity":"E","right_parity":"O","source":"Grey County road centrelines"},"geometry":{"type":"LineString","coordinates":[[-80.93464446070213,44.57833455254285],[-80.93409872877712,44.578149434313424]]}},{"type":"Feature","properties":{"road_id":"road_bcd21209faebc35efe6f","name":"4th Avenue East","road_class":3,"lane_count":2,"speed_limit_kmh":50,"left_from":1700,"left_to":1798,"right_from":1701,"right_to":1799,"left_parity":"E","right_parity":"O","source":"Grey County road centrelines"},"geometry":{"type":"LineString","coordinates":[[-80.9347431648906,44.576322285664844],[-80.93409872877712,44.578149434313424]]}},{"type":"Feature","properties":{"road_id":"road_3760fc08e79bc2460633","name":"7th Avenue West","road_class":3,"lane_count":2,"speed_limit_kmh":50,"left_from":1534,"left_to":1598,"right_from":1535,"right_to":1599,"left_parity":"E","right_parity":"O","source":"Grey County road centrelines"},"geometry":{"type":"LineString","coordinates":[[-80.95618383339341,44.57581126462921],[-80.95599574683416,44.57641326756945],[-80.95607916798471,44.57650794273336]]}},{"type":"Feature","properties":{"road_id":"road_80b02b7114e37c767a12","name":"16th Street East","road_class":3,"lane_count":2,"speed_limit_kmh":50,"left_from":500,"left_to":598,"right_from":501,"right_to":599,"left_parity":"E","right_parity":"O","source":"Grey County road centrelines"},"geometry":{"type":"LineString","coordinates":[[-80.93378714273095,44.57522342916765],[-80.93206201626269,44.574871302612515]]}},{"type":"Feature","properties":{"road_id":"road_fc19518c8fd23f90fe8b","name":"5th Avenue East","road_class":3,"lane_count":2,"speed_limit_kmh":50,"left_from":400,"left_to":498,"right_from":399,"right_to":499,"left_parity":"E","right_parity":"O","source":"Grey County road centrelines"},"geometry":{"type":"LineString","coordinates":[[-80.93622536444815,44.55697650153147],[-80.93659204417071,44.558743778952554]]}},{"type":"Feature","properties":{"road_id":"road_eff9f791b15c7569cf43","name":"5th Avenue East","road_class":3,"lane_count":2,"speed_limit_kmh":50,"left_from":1600,"left_to":1698,"right_from":1601,"right_to":1699,"left_parity":"E","right_parity":"O","source":"Grey County road centrelines"},"geometry":{"type":"LineString","coordinates":[[-80.93378714273095,44.57522342916765],[-80.93306717267512,44.57700550679433]]}},{"type":"Feature","properties":{"road_id":"road_909cd28f897270897303","name":"9th Street East","road_class":3,"lane_count":2,"speed_limit_kmh":50,"left_from":600,"left_to":698,"right_from":601,"right_to":699,"left_parity":"E","right_parity":"O","source":"Grey County road centrelines"},"geometry":{"type":"LineString","coordinates":[[-80.93401078101589,44.56680610294372],[-80.93267570843388,44.56696737743753]]}},{"type":"Feature","properties":{"road_id":"road_2e0b8838e6129696c24c","name":"6th Avenue East","road_class":3,"lane_count":2,"speed_limit_kmh":50,"left_from":900,"left_to":998,"right_from":901,"right_to":999,"left_parity":"E","right_parity":"O","source":"Grey County road centrelines"},"geometry":{"type":"LineString","coordinates":[[-80.93401078101589,44.56680610294372],[-80.93441750583717,44.56877682988861]]}},{"type":"Feature","properties":{"road_id":"road_825ad171bbdf6b337cf1","name":"21st Street East","road_class":3,"lane_count":2,"speed_limit_kmh":50,"left_from":700,"left_to":798,"right_from":701,"right_to":799,"left_parity":"E","right_parity":"O","source":"Grey County road centrelines"},"geometry":{"type":"LineString","coordinates":[[-80.92673435534927,44.583826938016536],[-80.92501737210907,44.58352441074005]]}},{"type":"Feature","properties":{"road_id":"road_167b5c767ab19374bea5","name":"7th Avenue East","road_class":3,"lane_count":2,"speed_limit_kmh":50,"left_from":2000,"left_to":2098,"right_from":2001,"right_to":2099,"left_parity":"E","right_parity":"O","source":"Grey County road centrelines"},"geometry":{"type":"LineString","coordinates":[[-80.9274812092866,44.581953525003115],[-80.92673435534927,44.583826938016536]]}},{"type":"Feature","properties":{"road_id":"road_50e505579fc9e0b9c53e","name":"7th Avenue East","road_class":3,"lane_count":2,"speed_limit_kmh":50,"left_from":1800,"left_to":1898,"right_from":1801,"right_to":1899,"left_parity":"E","right_parity":"O","source":"Grey County road centrelines"},"geometry":{"type":"LineString","coordinates":[[-80.92889656969545,44.57821834254746],[-80.92818887332135,44.580117446599935]]}},{"type":"Feature","properties":{"road_id":"road_f1d5827108fd8ed6338d","name":"7th Avenue East","road_class":3,"lane_count":2,"speed_limit_kmh":50,"left_from":1900,"left_to":1998,"right_from":1901,"right_to":1999,"left_parity":"E","right_parity":"O","source":"Grey County road centrelines"},"geometry":{"type":"LineString","coordinates":[[-80.92818887332135,44.580117446599935],[-80.9274812092866,44.581953525003115]]}},{"type":"Feature","properties":{"road_id":"road_d0c91eecf8cf14b04b68","name":"4th Avenue East","road_class":3,"lane_count":2,"speed_limit_kmh":50,"left_from":1300,"left_to":1398,"right_from":1301,"right_to":1399,"left_parity":"E","right_parity":"O","source":"Grey County road centrelines"},"geometry":{"type":"LineString","coordinates":[[-80.93661124476158,44.572659269931556],[-80.93558084928293,44.5741964161646],[-80.93546595835134,44.57442692332432]]}},{"type":"Feature","properties":{"road_id":"road_f0961cb2b2bf5d9fa2a4","name":"25th Street A East","road_class":3,"lane_count":2,"speed_limit_kmh":50,"left_from":700,"left_to":798,"right_from":701,"right_to":799,"left_parity":"E","right_parity":"O","source":"Grey County road centrelines"},"geometry":{"type":"LineString","coordinates":[[-80.92309686386317,44.5901860086482],[-80.92278444687533,44.59012479139001],[-80.922066492639,44.58998925620727]]}},{"type":"Feature","properties":{"road_id":"road_fab6ce50f76c11925620","name":"8th Street East","road_class":2,"lane_count":2,"speed_limit_kmh":50,"left_from":990,"left_to":998,"right_from":991,"right_to":999,"left_parity":"E","right_parity":"O","source":"Grey County road centrelines"},"geometry":{"type":"LineString","coordinates":[[-80.9250376560682,44.56592221995009],[-80.92422928999179,44.56601809746931]]}},{"type":"Feature","properties":{"road_id":"road_0282e07477002df43f12","name":"8th Street East","road_class":2,"lane_count":2,"speed_limit_kmh":50,"left_from":900,"left_to":998,"right_from":901,"right_to":999,"left_parity":"E","right_parity":"O","source":"Grey County road centrelines"},"geometry":{"type":"LineString","coordinates":[[-80.92422928999179,44.56601809746931],[-80.92422914356641,44.56601811410925],[-80.92406818523042,44.566037204602445],[-80.92295828615417,44.566165675669886]]}},{"type":"Feature","properties":{"road_id":"road_13877baeb31b29c0b5f1","name":"16th Street East","road_class":1,"lane_count":4,"speed_limit_kmh":50,"left_from":1600,"left_to":1798,"right_from":1601,"right_to":1799,"left_parity":"E","right_parity":"O","source":"Grey County road centrelines"},"geometry":{"type":"LineString","coordinates":[[-80.91635543794887,44.57480479900015],[-80.91309098625752,44.57514639388716]]}},{"type":"Feature","properties":{"road_id":"road_d170e2e75bf72f01bbf4","name":"27th Street East","road_class":3,"lane_count":2,"speed_limit_kmh":50,"left_from":800,"left_to":898,"right_from":801,"right_to":899,"left_parity":"E","right_parity":"O","source":"Grey County road centrelines"},"geometry":{"type":"LineString","coordinates":[[-80.9205885268414,44.59289607629965],[-80.92025680775306,44.593103936243935],[-80.92022455194615,44.59312737867779],[-80.92018752788172,44.593146896547005],[-80.92014666172281,44.593161999206266],[-80.92010297485392,44.59317231115572],[-80.9200575596264,44.5931775739595],[-80.9200115506125,44.59317765520125],[-80.91996609855407,44.59317255296195],[-80.91992234071829,44.59316239581978],[-80.9186986232989,44.592939768575]]}},{"type":"Feature","properties":{"road_id":"road_2dabb2447b2cdbcf2ef5","name":"8th Avenue B East","road_class":3,"lane_count":2,"speed_limit_kmh":50,"left_from":350,"left_to":398,"right_from":351,"right_to":399,"left_parity":"E","right_parity":"O","source":"Grey County road centrelines"},"geometry":{"type":"LineString","coordinates":[[-80.92733787320155,44.557254285188755],[-80.92748938844727,44.557987734515635]]}},{"type":"Feature","properties":{"road_id":"road_832c1cef6404cacf83f8","name":"2nd Street A East","road_class":3,"lane_count":2,"speed_limit_kmh":50,"left_from":700,"left_to":798,"right_from":701,"right_to":799,"left_parity":"E","right_parity":"O","source":"Grey County road centrelines"},"geometry":{"type":"LineString","coordinates":[[-80.93039830222052,44.554722448567084],[-80.92864793848268,44.554937435107455]]}},{"type":"Feature","properties":{"road_id":"road_02e90ddc3384d2df6576","name":"3rd Street A East","road_class":3,"lane_count":2,"speed_limit_kmh":50,"left_from":850,"left_to":898,"right_from":851,"right_to":899,"left_parity":"E","right_parity":"O","source":"Grey County road centrelines"},"geometry":{"type":"LineString","coordinates":[[-80.92844378465625,44.55712493735357],[-80.92733787320155,44.557254285188755]]}},{"type":"Feature","properties":{"road_id":"road_d4e840581cd1fb02ef94","name":"8th Avenue A East","road_class":3,"lane_count":2,"speed_limit_kmh":50,"left_from":850,"left_to":898,"right_from":851,"right_to":899,"left_parity":"E","right_parity":"O","source":"Grey County road centrelines"},"geometry":{"type":"LineString","coordinates":[[-80.92887801229831,44.566481170561694],[-80.9290483005368,44.56738830524134]]}},{"type":"Feature","properties":{"road_id":"road_0d717068bd664b218a92","name":"9th Street East","road_class":3,"lane_count":2,"speed_limit_kmh":50,"left_from":800,"left_to":850,"right_from":801,"right_to":849,"left_parity":"E","right_parity":"O","source":"Grey County road centrelines"},"geometry":{"type":"LineString","coordinates":[[-80.93004332485117,44.56726287871894],[-80.9290483005368,44.56738830524134]]}},{"type":"Feature","properties":{"road_id":"road_b7879d505989bd6e4832","name":"8th Avenue East","road_class":3,"lane_count":2,"speed_limit_kmh":50,"left_from":700,"left_to":740,"right_from":701,"right_to":739,"left_parity":"E","right_parity":"O","source":"Grey County road centrelines"},"geometry":{"type":"LineString","coordinates":[[-80.9291440313017,44.56351295108367],[-80.9293495891949,44.564351523634656]]}},{"type":"Feature","properties":{"road_id":"road_c86581ab71bf261aea35","name":"8th Avenue East","road_class":3,"lane_count":2,"speed_limit_kmh":50,"left_from":742,"left_to":798,"right_from":741,"right_to":799,"left_parity":"E","right_parity":"O","source":"Grey County road centrelines"},"geometry":{"type":"LineString","coordinates":[[-80.92934609295182,44.56434107856932],[-80.92958405577227,44.56541254689708]]}},{"type":"Feature","properties":{"road_id":"road_1e1eed327ee69ada5198","name":"8th Street A East","road_class":3,"lane_count":2,"speed_limit_kmh":50,"left_from":550,"left_to":598,"right_from":551,"right_to":599,"left_parity":"E","right_parity":"O","source":"Grey County road centrelines"},"geometry":{"type":"LineString","coordinates":[[-80.93607904505804,44.56569736229479],[-80.93506132031646,44.56583398899201]]}},{"type":"Feature","properties":{"road_id":"road_4a4622902c1a21d1b7b0","name":"5th Street East","road_class":3,"lane_count":2,"speed_limit_kmh":50,"left_from":700,"left_to":718,"right_from":701,"right_to":719,"left_parity":"E","right_parity":"O","source":"Grey County road centrelines"},"geometry":{"type":"LineString","coordinates":[[-80.93163849743713,44.560106758936115],[-80.93067323610481,44.56021668963521]]}},{"type":"Feature","properties":{"road_id":"road_a07af558e5c698dec603","name":"25th Street A East","road_class":3,"lane_count":2,"speed_limit_kmh":50,"left_from":800,"left_to":898,"right_from":801,"right_to":899,"left_parity":"E","right_parity":"O","source":"Grey County road centrelines"},"geometry":{"type":"LineString","coordinates":[[-80.92076864803902,44.59015041587303],[-80.92059225395151,44.59015930175402],[-80.91982400843233,44.589987703572675]]}},{"type":"Feature","properties":{"road_id":"road_bcc3a32fb6603b40e6e2","name":"26th Street East","road_class":3,"lane_count":2,"speed_limit_kmh":50,"left_from":800,"left_to":898,"right_from":801,"right_to":899,"left_parity":"E","right_parity":"O","source":"Grey County road centrelines"},"geometry":{"type":"LineString","coordinates":[[-80.92053374218547,44.590937556998824],[-80.9195331680793,44.59075272455279]]}},{"type":"Feature","properties":{"road_id":"road_3cc03e32927d8c1ae7ec","name":"23rd Street East","road_class":3,"lane_count":2,"speed_limit_kmh":50,"left_from":800,"left_to":898,"right_from":801,"right_to":899,"left_parity":"E","right_parity":"O","source":"Grey County road centrelines"},"geometry":{"type":"LineString","coordinates":[[-80.92372407298441,44.58666259947315],[-80.9212960884682,44.586155021744545]]}},{"type":"Feature","properties":{"road_id":"road_759f036041dd03e2f9b9","name":"8th Avenue East","road_class":3,"lane_count":2,"speed_limit_kmh":50,"left_from":2152,"left_to":2298,"right_from":2153,"right_to":2299,"left_parity":"E","right_parity":"O","source":"Grey County road centrelines"},"geometry":{"type":"LineString","coordinates":[[-80.92460911566022,44.58448018488172],[-80.92372407298441,44.58666259947315]]}},{"type":"Feature","properties":{"road_id":"road_7696290b914a759ced33","name":"8th Avenue A East","road_class":3,"lane_count":2,"speed_limit_kmh":50,"left_from":2500,"left_to":2598,"right_from":2501,"right_to":2599,"left_parity":"E","right_parity":"O","source":"Grey County road centrelines"},"geometry":{"type":"LineString","coordinates":[[-80.92126155812699,44.58899842314704],[-80.92085697399102,44.59005144280432],[-80.92076864803902,44.59015041587303]]}},{"type":"Feature","properties":{"road_id":"road_a4a59f3756aeba0e75d8","name":"2nd Avenue East","road_class":2,"lane_count":2,"speed_limit_kmh":50,"left_from":466,"left_to":500,"right_from":467,"right_to":529,"left_parity":"E","right_parity":"O","source":"Grey County road centrelines"},"geometry":{"type":"LineString","coordinates":[[-80.94109954412804,44.558163821325536],[-80.94110291460697,44.558179010523375],[-80.94126559411505,44.558912010382045]]}},{"type":"Feature","properties":{"road_id":"road_617de5485522306c35f9","name":"2nd Avenue East","road_class":2,"lane_count":2,"speed_limit_kmh":50,"left_from":502,"left_to":598,"right_from":531,"right_to":599,"left_parity":"E","right_parity":"O","source":"Grey County road centrelines"},"geometry":{"type":"LineString","coordinates":[[-80.94126559411505,44.558912010382045],[-80.94152320578569,44.560055884794416],[-80.94154246746201,44.56014139976994]]}},{"type":"Feature","properties":{"road_id":"road_aadc9703a71a603e72ea","name":"8th Avenue A East","road_class":3,"lane_count":2,"speed_limit_kmh":50,"left_from":2600,"left_to":2698,"right_from":2601,"right_to":2699,"left_parity":"E","right_parity":"O","source":"Grey County road centrelines"},"geometry":{"type":"LineString","coordinates":[[-80.92053374218547,44.590937556998824],[-80.92049023138638,44.59107748294196],[-80.92007306275158,44.59211249418183],[-80.92004304195311,44.59224048671909],[-80.9200449760259,44.59227967529735],[-80.92005209427623,44.5923185574289],[-80.92006394664809,44.592355775014155],[-80.92008054841284,44.592392053484765],[-80.92010284100495,44.59242866010257],[-80.9201299692282,44.592463559319754],[-80.92016167885942,44.59249642808764],[-80.9205885268414,44.59289607629965]]}},{"type":"Feature","properties":{"road_id":"road_927d7a80e33c3df0687c","name":"28th Street East","road_class":3,"lane_count":2,"speed_limit_kmh":50,"left_from":800,"left_to":898,"right_from":801,"right_to":899,"left_parity":"E","right_parity":"O","source":"Grey County road centrelines"},"geometry":{"type":"LineString","coordinates":[[-80.92029661479825,44.59407553103389],[-80.91839003762576,44.59369297010687]]}},{"type":"Feature","properties":{"road_id":"road_6b911eb939d52a35b8da","name":"12th Street East","road_class":3,"lane_count":2,"speed_limit_kmh":50,"left_from":1100,"left_to":1198,"right_from":1101,"right_to":1199,"left_parity":"E","right_parity":"O","source":"Grey County road centrelines"},"geometry":{"type":"LineString","coordinates":[[-80.9240919061438,44.57158853918932],[-80.92267024046,44.57173240827245]]}},{"type":"Feature","properties":{"road_id":"road_ee18e8026402c7b15ec4","name":"11th Street East","road_class":3,"lane_count":2,"speed_limit_kmh":50,"left_from":1000,"left_to":1098,"right_from":1001,"right_to":1099,"left_parity":"E","right_parity":"O","source":"Grey County road centrelines"},"geometry":{"type":"LineString","coordinates":[[-80.92637854434334,44.57076874074133],[-80.92581258774803,44.57062212326096],[-80.92392455988784,44.57081694590328]]}},{"type":"Feature","properties":{"road_id":"road_4a162727efb98ffb5910","name":"11th Street East","road_class":3,"lane_count":2,"speed_limit_kmh":50,"left_from":1200,"left_to":1298,"right_from":1201,"right_to":1299,"left_parity":"E","right_parity":"O","source":"Grey County road centrelines"},"geometry":{"type":"LineString","coordinates":[[-80.92241968146263,44.570732965211754],[-80.92132878175464,44.57085248524163]]}},{"type":"Feature","properties":{"road_id":"road_31501cf8768c73d2a690","name":"11th Avenue East","road_class":3,"lane_count":2,"speed_limit_kmh":50,"left_from":1100,"left_to":1198,"right_from":1101,"right_to":1199,"left_parity":"E","right_parity":"O","source":"Grey County road centrelines"},"geometry":{"type":"LineString","coordinates":[[-80.92383999967353,44.57042705230559],[-80.9240919061438,44.57158853918932]]}},{"type":"Feature","properties":{"road_id":"road_b5ce9ec2042eb70e95a3","name":"12th Avenue East","road_class":3,"lane_count":2,"speed_limit_kmh":50,"left_from":1100,"left_to":1198,"right_from":1101,"right_to":1199,"left_parity":"E","right_parity":"O","source":"Grey County road centrelines"},"geometry":{"type":"LineString","coordinates":[[-80.92241968146263,44.570732965211754],[-80.92267024046,44.57173240827245]]}},{"type":"Feature","properties":{"road_id":"road_a927f311b3521da22225","name":"13th Avenue East","road_class":3,"lane_count":2,"speed_limit_kmh":50,"left_from":1100,"left_to":1498,"right_from":1101,"right_to":1499,"left_parity":"E","right_parity":"O","source":"Grey County road centrelines"},"geometry":{"type":"LineString","coordinates":[[-80.92132878175464,44.57085248524163],[-80.92173680014996,44.57268694731228]]}},{"type":"Feature","properties":{"road_id":"road_b909c14a1d499418a79c","name":"16th Avenue East","road_class":3,"lane_count":2,"speed_limit_kmh":50,"left_from":2000,"left_to":2298,"right_from":2001,"right_to":2299,"left_parity":"E","right_parity":"O","source":"Grey County road centrelines"},"geometry":{"type":"LineString","coordinates":[[-80.91804626943451,44.581739891071244],[-80.9185348721007,44.58389206213582],[-80.91753641981524,44.58622300113312]]}},{"type":"Feature","properties":{"road_id":"road_202b688995c6515ff697","name":"20th Avenue East","road_class":3,"lane_count":2,"speed_limit_kmh":50,"left_from":2000,"left_to":2298,"right_from":2001,"right_to":2299,"left_parity":"E","right_parity":"O","source":"Grey County road centrelines"},"geometry":{"type":"LineString","coordinates":[[-80.90784974596937,44.58293241706107],[-80.90880608253939,44.58725227504698]]}},{"type":"Feature","properties":{"road_id":"road_c5c8f7f0b32ffacbca29","name":"23rd Street East","road_class":3,"lane_count":2,"speed_limit_kmh":50,"left_from":1600,"left_to":1798,"right_from":1601,"right_to":1799,"left_parity":"E","right_parity":"O","source":"Grey County road centrelines"},"geometry":{"type":"LineString","coordinates":[[-80.91753641981524,44.58622300113312],[-80.91386984986336,44.58668843916585]]}},{"type":"Feature","properties":{"road_id":"road_8c8fe8991219137a7411","name":"23rd Street East","road_class":3,"lane_count":2,"speed_limit_kmh":50,"left_from":1800,"left_to":1998,"right_from":1801,"right_to":1899,"left_parity":"E","right_parity":"O","source":"Grey County road centrelines"},"geometry":{"type":"LineString","coordinates":[[-80.91386984986336,44.58668843916585],[-80.90880608253939,44.58725227504698]]}},{"type":"Feature","properties":{"road_id":"road_cd67f7177c09dad1e905","name":"16th Street West","road_class":3,"lane_count":2,"speed_limit_kmh":50,"left_from":551,"left_to":599,"right_from":550,"right_to":598,"left_parity":"O","right_parity":"E","source":"Grey County road centrelines"},"geometry":{"type":"LineString","coordinates":[[-80.95348500771733,44.57685760416391],[-80.9542036761143,44.57697628232608]]}},{"type":"Feature","properties":{"road_id":"road_e827ac13a2c9cae2773c","name":"15th Street West","road_class":3,"lane_count":2,"speed_limit_kmh":50,"left_from":301,"left_to":399,"right_from":300,"right_to":398,"left_parity":"O","right_parity":"E","source":"Grey County road centrelines"},"geometry":{"type":"LineString","coordinates":[[-80.95040273526392,44.57517156424699],[-80.95054276375208,44.57509659384857],[-80.95071778251891,44.57502044721955],[-80.95142105648685,44.57487306809787]]}},{"type":"Feature","properties":{"road_id":"road_45ce43f9e942e3d2fc71","name":"14th Street West","road_class":3,"lane_count":2,"speed_limit_kmh":50,"left_from":451,"left_to":583,"right_from":450,"right_to":584,"left_parity":"O","right_parity":"E","source":"Grey County road centrelines"},"geometry":{"type":"LineString","coordinates":[[-80.95290774851914,44.573828498045366],[-80.9537264038988,44.57385585619363],[-80.95701070117141,44.573763360733764]]}},{"type":"Feature","properties":{"road_id":"road_9b2c13457acea7d88dfa","name":"14th Street West","road_class":3,"lane_count":2,"speed_limit_kmh":50,"left_from":585,"left_to":599,"right_from":586,"right_to":598,"left_parity":"O","right_parity":"E","source":"Grey County road centrelines"},"geometry":{"type":"LineString","coordinates":[[-80.95701070117141,44.573763360733764],[-80.95790355559691,44.57372203452055]]}},{"type":"Feature","properties":{"road_id":"road_12b8adc6cbba9204d9f6","name":"Grey Road 17B","road_class":2,"lane_count":2,"speed_limit_kmh":50,"left_from":1000,"left_to":1098,"right_from":1001,"right_to":1099,"left_parity":"E","right_parity":"O","source":"Grey County road centrelines"},"geometry":{"type":"LineString","coordinates":[[-80.96213901873674,44.566000977523906],[-80.96223948182656,44.56644636454443]]}},{"type":"Feature","properties":{"road_id":"road_fdc3ed0ac9428ace8809","name":"7th Avenue West","road_class":3,"lane_count":2,"speed_limit_kmh":50,"left_from":1300,"left_to":1360,"right_from":1301,"right_to":1359,"left_parity":"E","right_parity":"O","source":"Grey County road centrelines"},"geometry":{"type":"LineString","coordinates":[[-80.95788506018351,44.57058949618326],[-80.95726753849429,44.57115642617071],[-80.95807302816515,44.571921953508784]]}},{"type":"Feature","properties":{"road_id":"road_0dfd5eb80ff718e71c56","name":"7th Avenue A West","road_class":3,"lane_count":2,"speed_limit_kmh":50,"left_from":1300,"left_to":1318,"right_from":1301,"right_to":1319,"left_parity":"E","right_parity":"O","source":"Grey County road centrelines"},"geometry":{"type":"LineString","coordinates":[[-80.9572556492915,44.570184154540804],[-80.95788506018351,44.57058949618326]]}},{"type":"Feature","properties":{"road_id":"road_146efaef64bf47f5be94","name":"7th Avenue A West","road_class":3,"lane_count":2,"speed_limit_kmh":50,"left_from":1320,"left_to":1398,"right_from":1321,"right_to":1399,"left_parity":"E","right_parity":"O","source":"Grey County road centrelines"},"geometry":{"type":"LineString","coordinates":[[-80.95788506018351,44.57058949618326],[-80.95862993064071,44.57128073016172],[-80.95865322305771,44.571305144506105],[-80.95867242634354,44.57133131355412],[-80.95868728178338,44.571358890456395],[-80.95870063793502,44.57140039561189],[-80.95870417280567,44.5714429099203],[-80.95869779027558,44.571485253334274],[-80.95868166731286,44.57152625220924],[-80.9586562494819,44.57156477066018],[-80.95863188447643,44.5715910387815],[-80.95860318509975,44.571614964724276],[-80.95857058703471,44.57163618500762],[-80.95807302816515,44.571921953508784]]}},{"type":"Feature","properties":{"road_id":"road_680091c29eba22d51746","name":"12th Street West","road_class":3,"lane_count":2,"speed_limit_kmh":50,"left_from":201,"left_to":249,"right_from":200,"right_to":248,"left_parity":"O","right_parity":"E","source":"Grey County road centrelines"},"geometry":{"type":"LineString","coordinates":[[-80.94705195906704,44.57154478862899],[-80.94803175334404,44.57142518874959]]}},{"type":"Feature","properties":{"road_id":"road_b8a633e981e70a8635c0","name":"12th Street West","road_class":3,"lane_count":2,"speed_limit_kmh":50,"left_from":251,"left_to":299,"right_from":250,"right_to":298,"left_parity":"O","right_parity":"E","source":"Grey County road centrelines"},"geometry":{"type":"LineString","coordinates":[[-80.94803175334404,44.57142518874959],[-80.94879759047996,44.57132978025926]]}},{"type":"Feature","properties":{"road_id":"road_db1f2c36d8fb623011d7","name":"12th Street West","road_class":3,"lane_count":2,"speed_limit_kmh":50,"left_from":301,"left_to":351,"right_from":352,"right_to":398,"left_parity":"O","right_parity":"E","source":"Grey County road centrelines"},"geometry":{"type":"LineString","coordinates":[[-80.94879759047996,44.57132978025926],[-80.94940345383344,44.57126287967364]]}},{"type":"Feature","properties":{"road_id":"road_e27ca1f51b764b818183","name":"12th Street West","road_class":3,"lane_count":2,"speed_limit_kmh":50,"left_from":353,"left_to":399,"right_from":354,"right_to":398,"left_parity":"O","right_parity":"E","source":"Grey County road centrelines"},"geometry":{"type":"LineString","coordinates":[[-80.94940345383344,44.57126287967364],[-80.95039723308282,44.571143265775746]]}},{"type":"Feature","properties":{"road_id":"road_d473cb1469f4fb7417eb","name":"6th Avenue West","road_class":3,"lane_count":2,"speed_limit_kmh":50,"left_from":1000,"left_to":1010,"right_from":1001,"right_to":1009,"left_parity":"E","right_parity":"O","source":"Grey County road centrelines"},"geometry":{"type":"LineString","coordinates":[[-80.9535821829732,44.56700825021984],[-80.95363196401297,44.56725980423493]]}},{"type":"Feature","properties":{"road_id":"road_092db8f3aacb746a78e4","name":"6th Avenue West","road_class":3,"lane_count":2,"speed_limit_kmh":50,"left_from":1012,"left_to":1098,"right_from":1011,"right_to":1099,"left_parity":"E","right_parity":"O","source":"Grey County road centrelines"},"geometry":{"type":"LineString","coordinates":[[-80.95363196401297,44.56725980423493],[-80.9538956330236,44.56836114006512]]}},{"type":"Feature","properties":{"road_id":"road_bf7886ee08c5698da145","name":"9th Street A West","road_class":3,"lane_count":2,"speed_limit_kmh":50,"left_from":501,"left_to":567,"right_from":500,"right_to":566,"left_parity":"O","right_parity":"E","source":"Grey County road centrelines"},"geometry":{"type":"LineString","coordinates":[[-80.9512499489848,44.56580357170923],[-80.95196704083844,44.56573336940211]]}},{"type":"Feature","properties":{"road_id":"road_af1e423b89aa5efdabd8","name":"9th Street A West","road_class":3,"lane_count":2,"speed_limit_kmh":50,"left_from":568,"left_to":599,"right_from":569,"right_to":598,"left_parity":"E","right_parity":"O","source":"Grey County road centrelines"},"geometry":{"type":"LineString","coordinates":[[-80.95196704083844,44.56573336940211],[-80.95327940401005,44.565582346890515]]}},{"type":"Feature","properties":{"road_id":"road_fe985864a72dcfdfd5b3","name":"8th Street West","road_class":3,"lane_count":2,"speed_limit_kmh":50,"left_from":201,"left_to":297,"right_from":200,"right_to":296,"left_parity":"O","right_parity":"E","source":"Grey County road centrelines"},"geometry":{"type":"LineString","coordinates":[[-80.9452791095993,44.563605357241386],[-80.94677641432837,44.56343052599068]]}},{"type":"Feature","properties":{"road_id":"road_a600d3f8622358d50d3a","name":"8th Street West","road_class":3,"lane_count":2,"speed_limit_kmh":50,"left_from":299,"left_to":299,"right_from":298,"right_to":298,"left_parity":"O","right_parity":"E","source":"Grey County road centrelines"},"geometry":{"type":"LineString","coordinates":[[-80.94677641432837,44.56343052599068],[-80.94691766542363,44.563418164520805]]}},{"type":"Feature","properties":{"road_id":"road_92668d484ced9615ab88","name":"11th Street East","road_class":3,"lane_count":2,"speed_limit_kmh":50,"left_from":300,"left_to":328,"right_from":301,"right_to":329,"left_parity":"E","right_parity":"O","source":"Grey County road centrelines"},"geometry":{"type":"LineString","coordinates":[[-80.94034846002404,44.569670161999085],[-80.9398135752561,44.56948309502777]]}},{"type":"Feature","properties":{"road_id":"road_bed24854c19b94f26201","name":"11th Street East","road_class":3,"lane_count":2,"speed_limit_kmh":50,"left_from":330,"left_to":398,"right_from":331,"right_to":399,"left_parity":"E","right_parity":"O","source":"Grey County road centrelines"},"geometry":{"type":"LineString","coordinates":[[-80.9398135752561,44.56948309502777],[-80.93888194325471,44.569176509346136]]}},{"type":"Feature","properties":{"road_id":"road_f4904ebd262ca7d81f1a","name":"5th Avenue East","road_class":3,"lane_count":2,"speed_limit_kmh":50,"left_from":800,"left_to":834,"right_from":801,"right_to":833,"left_parity":"E","right_parity":"O","source":"Grey County road centrelines"},"geometry":{"type":"LineString","coordinates":[[-80.93686669957725,44.56454861756992],[-80.9370114990179,44.56527147948805]]}},{"type":"Feature","properties":{"road_id":"road_67a465b8fa734fc7d513","name":"7th Avenue East","road_class":3,"lane_count":2,"speed_limit_kmh":50,"left_from":900,"left_to":948,"right_from":901,"right_to":949,"left_parity":"E","right_parity":"O","source":"Grey County road centrelines"},"geometry":{"type":"LineString","coordinates":[[-80.93267570843388,44.56696737743753],[-80.93290118287524,44.568002816670266]]}},{"type":"Feature","properties":{"road_id":"road_b1938dc305fd8161e809","name":"7th Avenue East","road_class":3,"lane_count":2,"speed_limit_kmh":50,"left_from":950,"left_to":998,"right_from":951,"right_to":999,"left_parity":"E","right_parity":"O","source":"Grey County road centrelines"},"geometry":{"type":"LineString","coordinates":[[-80.93290118287524,44.568002816670266],[-80.93306715920039,44.568928491112004]]}},{"type":"Feature","properties":{"road_id":"road_d42d76dfd9aa5c4c838a","name":"9th Avenue East","road_class":1,"lane_count":4,"speed_limit_kmh":50,"left_from":1002,"left_to":1498,"right_from":1003,"right_to":1499,"left_parity":"E","right_parity":"O","source":"Grey County road centrelines"},"geometry":{"type":"LineString","coordinates":[[-80.92843214518513,44.56988704261378],[-80.92765392567132,44.57201087083839]]}},{"type":"Feature","properties":{"road_id":"road_b05ea515f0116585d38a","name":"3rd Avenue East","road_class":2,"lane_count":2,"speed_limit_kmh":50,"left_from":1800,"left_to":1834,"right_from":1801,"right_to":1835,"left_parity":"E","right_parity":"O","source":"Grey County road centrelines"},"geometry":{"type":"LineString","coordinates":[[-80.93464446070213,44.57833455254285],[-80.93459368882057,44.57841440346933],[-80.93445439874758,44.5786980597634],[-80.93425553060828,44.5791173503855]]}},{"type":"Feature","properties":{"road_id":"road_8cbe67f3b53aded02fbf","name":"3rd Avenue East","road_class":2,"lane_count":2,"speed_limit_kmh":50,"left_from":1836,"left_to":2650,"right_from":1837,"right_to":2527,"left_parity":"E","right_parity":"O","source":"Grey County road centrelines"},"geometry":{"type":"LineString","coordinates":[[-80.93425553060828,44.5791173503855],[-80.93342254709984,44.58089761183561],[-80.93334190713341,44.58106897196181],[-80.93300747064134,44.5817853589281],[-80.93281770153756,44.58218674688088],[-80.93267605428527,44.582475926224575],[-80.93264025462456,44.582536601296646],[-80.93263531209385,44.58254497840823],[-80.93250543367009,44.58274279382579],[-80.93247557277172,44.58278245459204],[-80.93108768194597,44.584625727119565],[-80.92995147031674,44.58613930563817],[-80.9284417769216,44.58814777169096],[-80.92788688577396,44.58888429956747],[-80.92723313592764,44.589764057861125],[-80.92678008139387,44.590361984556175],[-80.92661078938698,44.59057119955087],[-80.92651844077916,44.59066767999942],[-80.92647888346563,44.590700991194126],[-80.92644125214005,44.590732681304324],[-80.92644111020624,44.59073277662347],[-80.92547919599663,44.59136554716957],[-80.92490695029603,44.591732285358404],[-80.92443388219607,44.59203181253222],[-80.92423199212416,44.59216300507743],[-80.92414568738155,44.59222076000016],[-80.92406559448914,44.592294199885345],[-80.9240630881895,44.59229705874345],[-80.92403888757573,44.59232467048241],[-80.92402021519425,44.592343694126775],[-80.92401084935909,44.592353236012904],[-80.92399078728386,44.592399907814475],[-80.92396804283918,44.592458964944996],[-80.92394262949979,44.592519925141595],[-80.92393186678437,44.59259232960534],[-80.92389274425541,44.592941399814066]]}},{"type":"Feature","properties":{"road_id":"road_822989e23629bd6a87c0","name":"5th Avenue East","road_class":3,"lane_count":2,"speed_limit_kmh":50,"left_from":1800,"left_to":1850,"right_from":1801,"right_to":1849,"left_parity":"E","right_parity":"O","source":"Grey County road centrelines"},"geometry":{"type":"LineString","coordinates":[[-80.93232186384009,44.57888661739326],[-80.93200275350509,44.579689662177465]]}},{"type":"Feature","properties":{"road_id":"road_648d29178e9741c48c6d","name":"5th Avenue East","road_class":3,"lane_count":2,"speed_limit_kmh":50,"left_from":1852,"left_to":1898,"right_from":1851,"right_to":1899,"left_parity":"E","right_parity":"O","source":"Grey County road centrelines"},"geometry":{"type":"LineString","coordinates":[[-80.93200275350509,44.579689662177465],[-80.93158908291001,44.58076771064438]]}},{"type":"Feature","properties":{"road_id":"road_a789ee647d5b242a56f2","name":"6th Avenue East","road_class":3,"lane_count":2,"speed_limit_kmh":50,"left_from":1800,"left_to":1850,"right_from":1801,"right_to":1829,"left_parity":"E","right_parity":"O","source":"Grey County road centrelines"},"geometry":{"type":"LineString","coordinates":[[-80.93064699362041,44.57856150487454],[-80.93033971948758,44.579372582998865]]}},{"type":"Feature","properties":{"road_id":"road_fc8e1a803b96fedf4cd9","name":"6th Avenue East","road_class":3,"lane_count":2,"speed_limit_kmh":50,"left_from":1852,"left_to":1898,"right_from":1831,"right_to":1899,"left_parity":"E","right_parity":"O","source":"Grey County road centrelines"},"geometry":{"type":"LineString","coordinates":[[-80.93033971948758,44.579372582998865],[-80.92992676844304,44.58044261376265]]}},{"type":"Feature","properties":{"road_id":"road_5d7d9b681b439c1e9957","name":"7th Avenue East","road_class":3,"lane_count":2,"speed_limit_kmh":50,"left_from":2500,"left_to":2650,"right_from":2501,"right_to":2659,"left_parity":"E","right_parity":"O","source":"Grey County road centrelines"},"geometry":{"type":"LineString","coordinates":[[-80.92309686386317,44.5901860086482],[-80.92254320610242,44.59152003140851],[-80.92242958628697,44.591700004696364],[-80.92210168863183,44.59195184213094],[-80.92168556922931,44.59220365480496]]}},{"type":"Feature","properties":{"road_id":"road_47321a03fec5e81747b9","name":"7th Avenue East","road_class":3,"lane_count":2,"speed_limit_kmh":50,"left_from":2652,"left_to":2698,"right_from":2661,"right_to":2699,"left_parity":"E","right_parity":"O","source":"Grey County road centrelines"},"geometry":{"type":"LineString","coordinates":[[-80.92168556922931,44.59220365480496],[-80.9205885268414,44.59289607629965]]}},{"type":"Feature","properties":{"road_id":"road_7d20338bc5fafbd7abb1","name":"2nd Street A West","road_class":3,"lane_count":2,"speed_limit_kmh":50,"left_from":501,"left_to":599,"right_from":500,"right_to":598,"left_parity":"O","right_parity":"E","source":"Grey County road centrelines"},"geometry":{"type":"LineString","coordinates":[[-80.9476207471521,44.552468250037805],[-80.94898320667218,44.55230881610664]]}},{"type":"Feature","properties":{"road_id":"road_95933db6fdfc52b53d7e","name":"2nd Street A West","road_class":3,"lane_count":2,"speed_limit_kmh":50,"left_from":501,"left_to":599,"right_from":500,"right_to":598,"left_parity":"O","right_parity":"E","source":"Grey County road centrelines"},"geometry":{"type":"LineString","coordinates":[[-80.94898320667218,44.55230881610664],[-80.95016938619078,44.552188573655414]]}},{"type":"Feature","properties":{"road_id":"road_6eb1f8bacea0562c53c5","name":"2nd Avenue SE","road_class":2,"lane_count":2,"speed_limit_kmh":60,"left_from":131,"left_to":673,"right_from":130,"right_to":680,"left_parity":"O","right_parity":"E","source":"Grey County road centrelines"},"geometry":{"type":"LineString","coordinates":[[-80.94085539640686,44.5463580860465],[-80.94085541437316,44.54635804763368],[-80.94086813990748,44.54633001585124],[-80.9408940024045,44.54627181200688],[-80.94089404103205,44.54627172365723],[-80.9411852874236,44.54561626008589],[-80.94134752046894,44.54526028900285],[-80.94137432350207,44.545202158355224],[-80.94150040295052,44.54492870338362],[-80.94157302545304,44.54477396730593],[-80.94180681649729,44.544275823412],[-80.94200173923586,44.543863844150486],[-80.9421278887529,44.54361075355009],[-80.94226706923145,44.5433167955011],[-80.94233917340603,44.54315295335442],[-80.94239193415763,44.54301415992842],[-80.94241199443623,44.54293651792975],[-80.9424240462341,44.542874594027076],[-80.94242603959569,44.54285988358518],[-80.94244887297359,44.54269138614306],[-80.9424745818587,44.54228961100005],[-80.94247468785991,44.54228799946845],[-80.94254849344365,44.54116469922382],[-80.94258084177703,44.540672363129005],[-80.94265341217726,44.53963263610949],[-80.94268884891858,44.53915602355066],[-80.94270223920623,44.53905482189964],[-80.94271736953054,44.5389404709616],[-80.94272995402935,44.5388430550109],[-80.94278253511789,44.5387126686711],[-80.94283254073649,44.53862819022506],[-80.94285759295313,44.53858586707687],[-80.94292513009282,44.538487645674905],[-80.94298157393708,44.53841677651167]]}},{"type":"Feature","properties":{"road_id":"road_03ecaf93bf55a5c678d5","name":"28th Avenue East","road_class":3,"lane_count":2,"speed_limit_kmh":50,"left_from":2000,"left_to":2598,"right_from":2001,"right_to":2599,"left_parity":"E","right_parity":"O","source":"Grey County road centrelines"},"geometry":{"type":"LineString","coordinates":[[-80.89694298479623,44.58420769823523],[-80.89778056947556,44.587872509695245],[-80.89898081930646,44.59314908495834]]}},{"type":"Feature","properties":{"road_id":"road_dcc869cf3b6468903238","name":"14th Street West","road_class":3,"lane_count":2,"speed_limit_kmh":50,"left_from":601,"left_to":651,"right_from":600,"right_to":650,"left_parity":"O","right_parity":"E","source":"Grey County road centrelines"},"geometry":{"type":"LineString","coordinates":[[-80.95790355559691,44.57372203452055],[-80.95933150589445,44.57364826721133]]}},{"type":"Feature","properties":{"road_id":"road_10b5fce65e77ff11128f","name":"14th Street West","road_class":3,"lane_count":2,"speed_limit_kmh":50,"left_from":653,"left_to":699,"right_from":652,"right_to":698,"left_parity":"O","right_parity":"E","source":"Grey County road centrelines"},"geometry":{"type":"LineString","coordinates":[[-80.95933150589445,44.57364826721133],[-80.96003632496469,44.573621123336665]]}},{"type":"Feature","properties":{"road_id":"road_d531d7f7677481506580","name":"6th Street West","road_class":3,"lane_count":2,"speed_limit_kmh":50,"left_from":101,"left_to":199,"right_from":100,"right_to":198,"left_parity":"O","right_parity":"E","source":"Grey County road centrelines"},"geometry":{"type":"LineString","coordinates":[[-80.94386875909483,44.560132810770384],[-80.94409883830033,44.5601493045415],[-80.9441142462041,44.560150804847844],[-80.94453937930219,44.56017705956209]]}},{"type":"Feature","properties":{"road_id":"road_9e44d5812b3b346087e4","name":"6th Street West","road_class":3,"lane_count":2,"speed_limit_kmh":50,"left_from":201,"left_to":299,"right_from":200,"right_to":298,"left_parity":"O","right_parity":"E","source":"Grey County road centrelines"},"geometry":{"type":"LineString","coordinates":[[-80.94460230808447,44.56012185993811],[-80.94516981337532,44.56006841659555],[-80.94531417264149,44.56004162737912]]}},{"type":"Feature","properties":{"road_id":"road_8416c5e906e3974a6cbd","name":"4th Avenue West","road_class":3,"lane_count":2,"speed_limit_kmh":50,"left_from":2,"left_to":28,"right_from":1,"right_to":29,"left_parity":"E","right_parity":"O","source":"Grey County road centrelines"},"geometry":{"type":"LineString","coordinates":[[-80.94464360723136,44.54593257257214],[-80.9451627589054,44.548023370574256]]}},{"type":"Feature","properties":{"road_id":"road_4eb9f53cca2e2b50b22a","name":"20th Street West","road_class":3,"lane_count":2,"speed_limit_kmh":50,"left_from":301,"left_to":399,"right_from":300,"right_to":398,"left_parity":"O","right_parity":"E","source":"Grey County road centrelines"},"geometry":{"type":"LineString","coordinates":[[-80.94826626393885,44.58124462676405],[-80.94969896273099,44.58145574799183]]}},{"type":"Feature","properties":{"road_id":"road_201c5ffb0bada221a9f2","name":"16th Street West","road_class":3,"lane_count":2,"speed_limit_kmh":50,"left_from":501,"left_to":549,"right_from":500,"right_to":548,"left_parity":"O","right_parity":"E","source":"Grey County road centrelines"},"geometry":{"type":"LineString","coordinates":[[-80.95276252507367,44.576742264012864],[-80.95348500771733,44.57685760416391]]}},{"type":"Feature","properties":{"road_id":"road_a57ae047c2cccf300e09","name":"6th Avenue West","road_class":3,"lane_count":2,"speed_limit_kmh":50,"left_from":422,"left_to":498,"right_from":421,"right_to":499,"left_parity":"E","right_parity":"O","source":"Grey County road centrelines"},"geometry":{"type":"LineString","coordinates":[[-80.950778214883,44.55573384042365],[-80.95089347142891,44.556191679298244]]}},{"type":"Feature","properties":{"road_id":"road_ceab94d52efd8bc7000e","name":"4th Street East","road_class":3,"lane_count":2,"speed_limit_kmh":50,"left_from":300,"left_to":398,"right_from":301,"right_to":399,"left_parity":"E","right_parity":"O","source":"Grey County road centrelines"},"geometry":{"type":"LineString","coordinates":[[-80.93761604274623,44.55683671050671],[-80.93714145829006,44.556888619301574]]}},{"type":"Feature","properties":{"road_id":"road_9e2f15d31e7c6747992e","name":"4th Street East","road_class":3,"lane_count":2,"speed_limit_kmh":50,"left_from":400,"left_to":498,"right_from":401,"right_to":499,"left_parity":"E","right_parity":"O","source":"Grey County road centrelines"},"geometry":{"type":"LineString","coordinates":[[-80.93714145829006,44.556888619301574],[-80.93622536444815,44.55697650153147]]}},{"type":"Feature","properties":{"road_id":"road_17ac1aa15fd3bcc6cd6b","name":"8th Street West","road_class":3,"lane_count":2,"speed_limit_kmh":50,"left_from":301,"left_to":329,"right_from":300,"right_to":330,"left_parity":"O","right_parity":"E","source":"Grey County road centrelines"},"geometry":{"type":"LineString","coordinates":[[-80.94691766542363,44.563418164520805],[-80.94742183858862,44.563354705861734]]}},{"type":"Feature","properties":{"road_id":"road_8d82e4c10529d71c6627","name":"4th Avenue A West","road_class":3,"lane_count":2,"speed_limit_kmh":50,"left_from":1000,"left_to":1098,"right_from":1001,"right_to":1099,"left_parity":"E","right_parity":"O","source":"Grey County road centrelines"},"geometry":{"type":"LineString","coordinates":[[-80.95049982787478,44.567759531833964],[-80.95072666146717,44.56870711242595]]}},{"type":"Feature","properties":{"road_id":"road_a7bbd4b4e892854e5260","name":"4th Avenue A West","road_class":3,"lane_count":2,"speed_limit_kmh":50,"left_from":1100,"left_to":1198,"right_from":1101,"right_to":1199,"left_parity":"E","right_parity":"O","source":"Grey County road centrelines"},"geometry":{"type":"LineString","coordinates":[[-80.95072666146717,44.56870711242595],[-80.95074129592146,44.568767483802354],[-80.95077058369466,44.56886854484053],[-80.95079257624946,44.56891185903732],[-80.95084760524713,44.56896437526573],[-80.95092650966842,44.569006403061564],[-80.95105130183107,44.56905632350894],[-80.95166802222306,44.56918387980085]]}},{"type":"Feature","properties":{"road_id":"road_fd979bbb068c1a197b08","name":"6th Avenue West","road_class":3,"lane_count":2,"speed_limit_kmh":50,"left_from":1100,"left_to":1122,"right_from":1101,"right_to":1123,"left_parity":"E","right_parity":"O","source":"Grey County road centrelines"},"geometry":{"type":"LineString","coordinates":[[-80.9538956330236,44.56836114006512],[-80.95398524985465,44.56879751683479]]}},{"type":"Feature","properties":{"road_id":"road_0ce7d61b38fe8917d23d","name":"6th Avenue West","road_class":3,"lane_count":2,"speed_limit_kmh":50,"left_from":1124,"left_to":1172,"right_from":1125,"right_to":1173,"left_parity":"E","right_parity":"O","source":"Grey County road centrelines"},"geometry":{"type":"LineString","coordinates":[[-80.95398524985465,44.56879751683479],[-80.95415799318886,44.569579779425275]]}},{"type":"Feature","properties":{"road_id":"road_261cbac9623727f56cd4","name":"5th Street East","road_class":3,"lane_count":2,"speed_limit_kmh":50,"left_from":1,"left_to":75,"right_from":2,"right_to":76,"left_parity":"O","right_parity":"E","source":"Grey County road centrelines"},"geometry":{"type":"LineString","coordinates":[[-80.94304543247567,44.55875659523081],[-80.94326032206804,44.5588298168792],[-80.94341682116696,44.55885525993229],[-80.9435608453615,44.55883294941573],[-80.94367780601151,44.5587404947128],[-80.94370087205304,44.558627104157054],[-80.94365092392663,44.55848234303023],[-80.94353414204136,44.558389772555536],[-80.94335679034978,44.55834790543083],[-80.94320647615162,44.55840154749888],[-80.94316878553722,44.558529852365886],[-80.94316442960643,44.55871636697024],[-80.94304543247567,44.55875659523081]]}},{"type":"Feature","properties":{"road_id":"road_48f69b18e7368dc18efc","name":"5th Street A East","road_class":3,"lane_count":2,"speed_limit_kmh":50,"left_from":100,"left_to":198,"right_from":101,"right_to":199,"left_parity":"E","right_parity":"O","source":"Grey County road centrelines"},"geometry":{"type":"LineString","coordinates":[[-80.94304543247567,44.55875659523081],[-80.94168502201276,44.55996592636595],[-80.94154246746201,44.56014139976994]]}},{"type":"Feature","properties":{"road_id":"road_da6bc9f9663e2a3d3581","name":"4th Avenue West","road_class":3,"lane_count":2,"speed_limit_kmh":50,"left_from":400,"left_to":470,"right_from":401,"right_to":471,"left_parity":"E","right_parity":"O","source":"Grey County road centrelines"},"geometry":{"type":"LineString","coordinates":[[-80.94689172656982,44.55563744602773],[-80.94718191025434,44.55698693767749]]}},{"type":"Feature","properties":{"road_id":"road_de486af1bfc18fb38a6c","name":"2nd Avenue East","road_class":2,"lane_count":2,"speed_limit_kmh":50,"left_from":290,"left_to":312,"right_from":297,"right_to":313,"left_parity":"E","right_parity":"O","source":"Grey County road centrelines"},"geometry":{"type":"LineString","coordinates":[[-80.94023970278923,44.55433777038301],[-80.94037056037665,44.554937900474485],[-80.9403988680879,44.55506496026731]]}},{"type":"Feature","properties":{"road_id":"road_f75ab4f9faca12b9e0d9","name":"4th Avenue SW","road_class":3,"lane_count":2,"speed_limit_kmh":50,"left_from":189,"left_to":293,"right_from":188,"right_to":292,"left_parity":"O","right_parity":"E","source":"Grey County road centrelines"},"geometry":{"type":"LineString","coordinates":[[-80.94448389845194,44.54510634192708],[-80.94437475134828,44.544538768166646],[-80.94437100896681,44.54443694844135]]}},{"type":"Feature","properties":{"road_id":"road_cdefcaa879337fef015f","name":"4th Avenue SW","road_class":3,"lane_count":2,"speed_limit_kmh":50,"left_from":295,"left_to":295,"right_from":294,"right_to":294,"left_parity":"O","right_parity":"E","source":"Grey County road centrelines"},"geometry":{"type":"LineString","coordinates":[[-80.94437100896681,44.54443694844135],[-80.94438255052158,44.5441914516345]]}},{"type":"Feature","properties":{"road_id":"road_4b47ea2b918c5ba1d17f","name":"8th Street West","road_class":3,"lane_count":2,"speed_limit_kmh":50,"left_from":457,"left_to":499,"right_from":456,"right_to":498,"left_parity":"O","right_parity":"E","source":"Grey County road centrelines"},"geometry":{"type":"LineString","coordinates":[[-80.94959996209849,44.563112502436546],[-80.95065265106753,44.56300134066896]]}},{"type":"Feature","properties":{"road_id":"road_1bfbf102e113ee5b3f30","name":"9th Avenue East","road_class":3,"lane_count":2,"speed_limit_kmh":50,"left_from":3000,"left_to":3098,"right_from":3001,"right_to":3099,"left_parity":"E","right_parity":"O","source":"Grey County road centrelines"},"geometry":{"type":"LineString","coordinates":[[-80.91730138819756,44.59682251370271],[-80.91624987961477,44.599454184639555]]}},{"type":"Feature","properties":{"road_id":"road_54e879cfad0f168ed58d","name":"9th Avenue East","road_class":3,"lane_count":2,"speed_limit_kmh":50,"left_from":3000,"left_to":3098,"right_from":3001,"right_to":3099,"left_parity":"E","right_parity":"O","source":"Grey County road centrelines"},"geometry":{"type":"LineString","coordinates":[[-80.91624987961477,44.599454184639555],[-80.916180339232,44.59963538830624],[-80.91575213030237,44.60087455179557]]}},{"type":"Feature","properties":{"road_id":"road_d9011ecbae89b0caf268","name":"16th Avenue East","road_class":3,"lane_count":3,"speed_limit_kmh":50,"left_from":800,"left_to":998,"right_from":801,"right_to":999,"left_parity":"E","right_parity":"O","source":"Grey County road centrelines"},"geometry":{"type":"LineString","coordinates":[[-80.91463384814789,44.56713688169899],[-80.91464097178809,44.56717146970811],[-80.91475134060052,44.567707319147864],[-80.91510699170634,44.56931932205966],[-80.91543521365327,44.570931478038794]]}},{"type":"Feature","properties":{"road_id":"road_1bce125056425f9c0942","name":"16th Avenue East","road_class":3,"lane_count":3,"speed_limit_kmh":50,"left_from":1000,"left_to":1398,"right_from":1001,"right_to":1399,"left_parity":"E","right_parity":"O","source":"Grey County road centrelines"},"geometry":{"type":"LineString","coordinates":[[-80.9154330630865,44.57092709122387],[-80.91607072320777,44.57364453267363]]}},{"type":"Feature","properties":{"road_id":"road_5a162d933faf69188803","name":"4th Avenue West","road_class":3,"lane_count":2,"speed_limit_kmh":50,"left_from":30,"left_to":40,"right_from":31,"right_to":41,"left_parity":"E","right_parity":"O","source":"Grey County road centrelines"},"geometry":{"type":"LineString","coordinates":[[-80.9451627589054,44.548023370574256],[-80.94537478916023,44.54893476796657]]}},{"type":"Feature","properties":{"road_id":"road_97cb9342e74c7c45907b","name":"22nd Street West","road_class":3,"lane_count":2,"speed_limit_kmh":50,"left_from":351,"left_to":399,"right_from":350,"right_to":398,"left_parity":"O","right_parity":"E","source":"Grey County road centrelines"},"geometry":{"type":"LineString","coordinates":[[-80.94830783258033,44.58381445164132],[-80.94889188214376,44.583916689357736]]}},{"type":"Feature","properties":{"road_id":"road_1eac945d5c849727fbae","name":"22nd Street West","road_class":3,"lane_count":2,"speed_limit_kmh":50,"left_from":301,"left_to":333,"right_from":300,"right_to":332,"left_parity":"O","right_parity":"E","source":"Grey County road centrelines"},"geometry":{"type":"LineString","coordinates":[[-80.94768193230442,44.58372770081846],[-80.94794316238904,44.58376290788679]]}},{"type":"Feature","properties":{"road_id":"road_3704d1747de9b909695e","name":"22nd Street West","road_class":3,"lane_count":2,"speed_limit_kmh":50,"left_from":335,"left_to":349,"right_from":334,"right_to":348,"left_parity":"O","right_parity":"E","source":"Grey County road centrelines"},"geometry":{"type":"LineString","coordinates":[[-80.94794316238904,44.58376290788679],[-80.94830783258033,44.58381445164132]]}},{"type":"Feature","properties":{"road_id":"road_56bd603433fd611eb2c6","name":"8th Avenue West","road_class":3,"lane_count":2,"speed_limit_kmh":50,"left_from":1600,"left_to":1634,"right_from":1601,"right_to":1635,"left_parity":"E","right_parity":"O","source":"Grey County road centrelines"},"geometry":{"type":"LineString","coordinates":[[-80.95720597065967,44.57746931656605],[-80.95696180856542,44.57822917479773]]}},{"type":"Feature","properties":{"road_id":"road_8b28beb7bf3b4424ddf9","name":"8th Avenue West","road_class":3,"lane_count":2,"speed_limit_kmh":50,"left_from":1636,"left_to":1898,"right_from":1637,"right_to":1899,"left_parity":"E","right_parity":"O","source":"Grey County road centrelines"},"geometry":{"type":"LineString","coordinates":[[-80.95696180856542,44.57822917479773],[-80.95599482875593,44.58118959877131]]}},{"type":"Feature","properties":{"road_id":"road_9ac6f0b32d45ea9e2308","name":"11th Street West","road_class":3,"lane_count":2,"speed_limit_kmh":50,"left_from":101,"left_to":149,"right_from":100,"right_to":148,"left_parity":"O","right_parity":"E","source":"Grey County road centrelines"},"geometry":{"type":"LineString","coordinates":[[-80.94468995760506,44.569391994767294],[-80.94568323828943,44.569273052181686]]}},{"type":"Feature","properties":{"road_id":"road_67c61016861ca1cd144b","name":"11th Street West","road_class":3,"lane_count":2,"speed_limit_kmh":50,"left_from":151,"left_to":199,"right_from":150,"right_to":198,"left_parity":"O","right_parity":"E","source":"Grey County road centrelines"},"geometry":{"type":"LineString","coordinates":[[-80.94568323828943,44.569273052181686],[-80.94653146530995,44.56917896616444]]}},{"type":"Feature","properties":{"road_id":"road_a89ff2db9de0b0199418","name":"28th Street East","road_class":3,"lane_count":2,"speed_limit_kmh":50,"left_from":600,"left_to":698,"right_from":601,"right_to":699,"left_parity":"E","right_parity":"O","source":"Grey County road centrelines"},"geometry":{"type":"LineString","coordinates":[[-80.92370081560172,44.594873686749224],[-80.92212295175462,44.5944989704098]]}},{"type":"Feature","properties":{"road_id":"road_610ac424b8fa3ef01e89","name":"1st Avenue East","road_class":3,"lane_count":2,"speed_limit_kmh":50,"left_from":1100,"left_to":1198,"right_from":1101,"right_to":1199,"left_parity":"E","right_parity":"O","source":"Grey County road centrelines"},"geometry":{"type":"LineString","coordinates":[[-80.94317503421836,44.57062814644376],[-80.94194745583988,44.57240014460736]]}},{"type":"Feature","properties":{"road_id":"road_8d46141ccb1d4caf4f5b","name":"2nd Avenue East","road_class":3,"lane_count":2,"speed_limit_kmh":50,"left_from":1200,"left_to":1258,"right_from":1201,"right_to":1257,"left_parity":"E","right_parity":"O","source":"Grey County road centrelines"},"geometry":{"type":"LineString","coordinates":[[-80.94054819503756,44.57190907101796],[-80.93982959491255,44.57300689651841]]}},{"type":"Feature","properties":{"road_id":"road_3501742460fb420491d8","name":"2nd Avenue East","road_class":3,"lane_count":2,"speed_limit_kmh":50,"left_from":1260,"left_to":1298,"right_from":1259,"right_to":1299,"left_parity":"E","right_parity":"O","source":"Grey County road centrelines"},"geometry":{"type":"LineString","coordinates":[[-80.93982959491255,44.57300689651841],[-80.93943146966348,44.57361508830545]]}},{"type":"Feature","properties":{"road_id":"road_34aa51ffa18e28b81c81","name":"6th Street East","road_class":2,"lane_count":2,"speed_limit_kmh":50,"left_from":500,"left_to":598,"right_from":501,"right_to":599,"left_parity":"E","right_parity":"O","source":"Grey County road centrelines"},"geometry":{"type":"LineString","coordinates":[[-80.93685171837325,44.5606853978822],[-80.93416981875377,44.56099586031589],[-80.93391345484305,44.561025709825444]]}},{"type":"Feature","properties":{"road_id":"road_a691f5b6184ce2e34eec","name":"6th Street East","road_class":2,"lane_count":2,"speed_limit_kmh":50,"left_from":600,"left_to":684,"right_from":601,"right_to":683,"left_parity":"E","right_parity":"O","source":"Grey County road centrelines"},"geometry":{"type":"LineString","coordinates":[[-80.93391345484305,44.561025709825444],[-80.93391103478166,44.56102599336886],[-80.93190375197425,44.561260493516144]]}},{"type":"Feature","properties":{"road_id":"road_ff110258522998678b62","name":"7th Avenue West","road_class":3,"lane_count":2,"speed_limit_kmh":50,"left_from":2000,"left_to":2098,"right_from":2001,"right_to":2099,"left_parity":"E","right_parity":"O","source":"Grey County road centrelines"},"geometry":{"type":"LineString","coordinates":[[-80.95409445085723,44.582181723014415],[-80.95382472091339,44.58304209604607]]}},{"type":"Feature","properties":{"road_id":"road_1709109b57645fd964d5","name":"6th Avenue West","road_class":3,"lane_count":2,"speed_limit_kmh":50,"left_from":2100,"left_to":2198,"right_from":2101,"right_to":2199,"left_parity":"E","right_parity":"O","source":"Grey County road centrelines"},"geometry":{"type":"LineString","coordinates":[[-80.95224790180697,44.583162316961506],[-80.95197017236552,44.58399496766696]]}},{"type":"Feature","properties":{"road_id":"road_6c27cd4093257cb9ff4a","name":"8th Avenue West","road_class":3,"lane_count":2,"speed_limit_kmh":50,"left_from":1300,"left_to":1398,"right_from":1301,"right_to":1399,"left_parity":"E","right_parity":"O","source":"Grey County road centrelines"},"geometry":{"type":"LineString","coordinates":[[-80.95794875702539,44.56959923544578],[-80.95850265194136,44.56994154310124],[-80.95945517156973,44.570871010997074],[-80.95951043233273,44.57092934510608],[-80.95955949921188,44.57099044435097],[-80.95960210181423,44.571053972753354],[-80.9596380056795,44.57111958217685],[-80.95966455898099,44.5711804751609],[-80.95968533970844,44.571242503975405],[-80.95970025443712,44.571305388963054],[-80.95970923669165,44.57136884726804],[-80.95971178970368,44.57140762691816],[-80.9597199257452,44.57162644070056],[-80.9597175398198,44.57167201885573],[-80.95970704929393,44.571717007594884],[-80.95966481230589,44.571846530327505],[-80.95963876924749,44.57191422759828],[-80.95960535102061,44.57198024944758],[-80.95956476513607,44.57204418568506],[-80.95951726222384,44.57210563956035],[-80.95946313872797,44.57216422904306],[-80.95939652954797,44.57223046050544],[-80.95938681067491,44.5722388832571],[-80.959375607785,44.57224630579793],[-80.95936312210087,44.572252593743286],[-80.95934957460807,44.57225763702562],[-80.95913481257647,44.5723248871478],[-80.95906719638504,44.57234313470535],[-80.9589973002694,44.57235627371115],[-80.95892587432286,44.57236416594423],[-80.9588536892999,44.57236672373656]]}},{"type":"Feature","properties":{"road_id":"road_38c8771c47947742d0ab","name":"7th Avenue West","road_class":3,"lane_count":2,"speed_limit_kmh":50,"left_from":1362,"left_to":1398,"right_from":1361,"right_to":1399,"left_parity":"E","right_parity":"O","source":"Grey County road centrelines"},"geometry":{"type":"LineString","coordinates":[[-80.95807302816515,44.571921953508784],[-80.95836434282865,44.572195221496294],[-80.95840499788346,44.572229525568424],[-80.95845038975476,44.572260645332776],[-80.95850003604724,44.57228824867144],[-80.95855975784397,44.57231452158546],[-80.95862331275201,44.57233570705741],[-80.958689856355,44.57235152416442],[-80.95875850291407,44.572361762374484],[-80.95879880762591,44.5723650874406],[-80.9588527676284,44.57236672373656],[-80.9588536892999,44.57236672373656]]}},{"type":"Feature","properties":{"road_id":"road_ca9933e65249c5c255ba","name":"10th Street East","road_class":3,"lane_count":2,"speed_limit_kmh":50,"left_from":1100,"left_to":1220,"right_from":1101,"right_to":1221,"left_parity":"E","right_parity":"O","source":"Grey County road centrelines"},"geometry":{"type":"LineString","coordinates":[[-80.92389419772955,44.56996872965035],[-80.92202998780081,44.57018353762706]]}},{"type":"Feature","properties":{"road_id":"road_e08ba24c80e262b3b709","name":"10th Street East","road_class":3,"lane_count":2,"speed_limit_kmh":50,"left_from":1222,"left_to":1298,"right_from":1223,"right_to":1299,"left_parity":"E","right_parity":"O","source":"Grey County road centrelines"},"geometry":{"type":"LineString","coordinates":[[-80.92202998780081,44.57018353762706],[-80.92196723688495,44.57019129064541],[-80.92106913000998,44.57030225564788]]}},{"type":"Feature","properties":{"road_id":"road_60d8834c8ddacb7c0895","name":"8th Avenue East","road_class":3,"lane_count":2,"speed_limit_kmh":50,"left_from":950,"left_to":998,"right_from":951,"right_to":999,"left_parity":"E","right_parity":"O","source":"Grey County road centrelines"},"geometry":{"type":"LineString","coordinates":[[-80.93025756047001,44.5683793479081],[-80.93044107460446,44.5692337181807]]}},{"type":"Feature","properties":{"road_id":"road_5b7d108dde70b888ae1e","name":"8th Avenue East","road_class":3,"lane_count":2,"speed_limit_kmh":50,"left_from":900,"left_to":948,"right_from":901,"right_to":949,"left_parity":"E","right_parity":"O","source":"Grey County road centrelines"},"geometry":{"type":"LineString","coordinates":[[-80.93004332485117,44.56726287871894],[-80.93025756047001,44.5683793479081]]}},{"type":"Feature","properties":{"road_id":"road_e0d86c9c4d3fd50de396","name":"3rd Street West","road_class":3,"lane_count":2,"speed_limit_kmh":50,"left_from":401,"left_to":599,"right_from":400,"right_to":598,"left_parity":"O","right_parity":"E","source":"Grey County road centrelines"},"geometry":{"type":"LineString","coordinates":[[-80.94639735851614,44.553492851224014],[-80.94922947621406,44.553169248308066]]}},{"type":"Feature","properties":{"road_id":"road_dd7a82ae7777b8e99701","name":"5th Avenue A West","road_class":3,"lane_count":2,"speed_limit_kmh":50,"left_from":301,"left_to":337,"right_from":300,"right_to":336,"left_parity":"O","right_parity":"E","source":"Grey County road centrelines"},"geometry":{"type":"LineString","coordinates":[[-80.94922947621406,44.553169248308066],[-80.94932320193921,44.55356207481235],[-80.94931224428939,44.55406009442756]]}},{"type":"Feature","properties":{"road_id":"road_a1423e98e2f7db1a442d","name":"3rd Street A West","road_class":3,"lane_count":2,"speed_limit_kmh":50,"left_from":101,"left_to":199,"right_from":100,"right_to":198,"left_parity":"O","right_parity":"E","source":"Grey County road centrelines"},"geometry":{"type":"LineString","coordinates":[[-80.94063835445105,44.55614047271865],[-80.94140118043413,44.55591979749401],[-80.94159553723406,44.555850439086605],[-80.94190415434825,44.55580565379272],[-80.94211272339427,44.555809845234286],[-80.94226413892699,44.55582422210687],[-80.94259552024877,44.55587341774084],[-80.94273266244993,44.555875530102085],[-80.94282123543864,44.55587353104023],[-80.94291837925346,44.555873579688566],[-80.94300409290462,44.555873622575916],[-80.94325839069019,44.55586353444981]]}},{"type":"Feature","properties":{"road_id":"road_4438eac80bc2f3e44349","name":"2nd Avenue West","road_class":3,"lane_count":2,"speed_limit_kmh":50,"left_from":301,"left_to":399,"right_from":300,"right_to":398,"left_parity":"O","right_parity":"E","source":"Grey County road centrelines"},"geometry":{"type":"LineString","coordinates":[[-80.94325839069019,44.55586353444981],[-80.9433498095417,44.55587379412523],[-80.94354683972792,44.55599237940354],[-80.94424655996059,44.55640452822551]]}},{"type":"Feature","properties":{"road_id":"road_dc938c6738f4743c0411","name":"6th Street West","road_class":3,"lane_count":2,"speed_limit_kmh":50,"left_from":449,"left_to":599,"right_from":448,"right_to":598,"left_parity":"O","right_parity":"E","source":"Grey County road centrelines"},"geometry":{"type":"LineString","coordinates":[[-80.94985987435457,44.55920652974638],[-80.94985488870475,44.559161236257],[-80.94985795645144,44.559115855682364],[-80.94986902459407,44.559071116426736],[-80.94988791796112,44.55902773729563],[-80.94991433292205,44.558986415334005],[-80.94994784547204,44.55894781238441],[-80.94998097533973,44.55891803733777],[-80.95001833267912,44.558890939074935],[-80.95005949528206,44.55886682483635],[-80.95009512785613,44.55884974439139],[-80.95013267384175,44.55883490485062],[-80.95018152871849,44.55881975422865],[-80.95023235539726,44.558808393499866],[-80.95028458075294,44.55880095004183],[-80.95174898109143,44.558649603575816]]}},{"type":"Feature","properties":{"road_id":"road_a01507f2af98f97885e3","name":"5th Avenue West","road_class":3,"lane_count":2,"speed_limit_kmh":50,"left_from":600,"left_to":628,"right_from":601,"right_to":629,"left_parity":"E","right_parity":"O","source":"Grey County road centrelines"},"geometry":{"type":"LineString","coordinates":[[-80.94985987435457,44.55920652974638],[-80.9498622854328,44.55921732585336],[-80.94997245302261,44.559669459919256]]}},{"type":"Feature","properties":{"road_id":"road_4098e467516483f2972a","name":"5th Avenue West","road_class":3,"lane_count":2,"speed_limit_kmh":50,"left_from":500,"left_to":510,"right_from":501,"right_to":509,"left_parity":"E","right_parity":"O","source":"Grey County road centrelines"},"geometry":{"type":"LineString","coordinates":[[-80.94996016945942,44.55732304535574],[-80.95005830321769,44.55771736083215],[-80.9500401599439,44.55786639900701]]}},{"type":"Feature","properties":{"road_id":"road_15cec8a22d1253aa4fce","name":"4th Street A West","road_class":3,"lane_count":2,"speed_limit_kmh":50,"left_from":501,"left_to":599,"right_from":500,"right_to":598,"left_parity":"O","right_parity":"E","source":"Grey County road centrelines"},"geometry":{"type":"LineString","coordinates":[[-80.9481154448875,44.556117585705124],[-80.94815014950187,44.556052812623655],[-80.94821948866203,44.55599948780422],[-80.94836343470314,44.5559652528936],[-80.94952820467358,44.55582857357453],[-80.95033272506225,44.55577653645203],[-80.950778214883,44.55573384042365]]}},{"type":"Feature","properties":{"road_id":"road_0e89d18d389d8d37a20e","name":"4th Street A West","road_class":3,"lane_count":2,"speed_limit_kmh":50,"left_from":415,"left_to":499,"right_from":416,"right_to":498,"left_parity":"O","right_parity":"E","source":"Grey County road centrelines"},"geometry":{"type":"LineString","coordinates":[[-80.9481154448875,44.556117585705124],[-80.94812111864684,44.55619091757217],[-80.94821472220112,44.556588030923415],[-80.94824758976073,44.55662071386225],[-80.94828228539197,44.556653397422785],[-80.9483407450557,44.55667955834021],[-80.94840286804917,44.55669788057694],[-80.94847230692234,44.556709673145384],[-80.94857464569444,44.55671625209558],[-80.9494629600345,44.556601657404876],[-80.94959819331568,44.5566108639834],[-80.94969336712509,44.556644035946555],[-80.94975895312399,44.55669195196672],[-80.9498027702486,44.55674554691384],[-80.94984625948814,44.5568221015283],[-80.94996016945942,44.55732304535574]]}},{"type":"Feature","properties":{"road_id":"road_38d5c6dca83e537ac3f2","name":"8th Avenue East","road_class":3,"lane_count":0,"speed_limit_kmh":0,"left_from":400,"left_to":498,"right_from":401,"right_to":499,"left_parity":"E","right_parity":"O","source":"Grey County road centrelines"},"geometry":{"type":"LineString","coordinates":[[-80.92985230529251,44.55771900074062],[-80.92996114068076,44.55818565267575],[-80.93008524922546,44.55850667825595]]}},{"type":"Feature","properties":{"road_id":"road_46e1e49b0280b4e92e28","name":"4th Street East","road_class":3,"lane_count":2,"speed_limit_kmh":50,"left_from":800,"left_to":848,"right_from":801,"right_to":859,"left_parity":"E","right_parity":"O","source":"Grey County road centrelines"},"geometry":{"type":"LineString","coordinates":[[-80.92985230529251,44.55771900074062],[-80.92860098444109,44.557845393890354]]}},{"type":"Feature","properties":{"road_id":"road_e2fed09cbf05229076a2","name":"4th Street East","road_class":3,"lane_count":2,"speed_limit_kmh":50,"left_from":700,"left_to":798,"right_from":701,"right_to":799,"left_parity":"E","right_parity":"O","source":"Grey County road centrelines"},"geometry":{"type":"LineString","coordinates":[[-80.93104969668417,44.55754966426513],[-80.92985230529251,44.55771900074062]]}},{"type":"Feature","properties":{"road_id":"road_fb5af1da63d883c36bae","name":"8th Avenue East","road_class":3,"lane_count":2,"speed_limit_kmh":50,"left_from":200,"left_to":398,"right_from":201,"right_to":399,"left_parity":"E","right_parity":"O","source":"Grey County road centrelines"},"geometry":{"type":"LineString","coordinates":[[-80.92941509165047,44.555631113398704],[-80.92985230529251,44.55771900074062]]}},{"type":"Feature","properties":{"road_id":"road_47ea85811f007c351acc","name":"8th Avenue A East","road_class":3,"lane_count":0,"speed_limit_kmh":0,"left_from":430,"left_to":478,"right_from":415,"right_to":495,"left_parity":"E","right_parity":"O","source":"Grey County road centrelines"},"geometry":{"type":"LineString","coordinates":[[-80.93008524922546,44.55850667825595],[-80.92933833240608,44.55859457020355],[-80.92930043158593,44.5586013121609],[-80.92926454299202,44.5586123234468],[-80.92923159727896,44.55862732050381],[-80.92920245593115,44.55864590968024],[-80.92917787533003,44.55866760899332],[-80.9291584968727,44.55869185197022],[-80.92914482451408,44.55871800877082],[-80.92914182503937,44.55880547474784],[-80.9292506954619,44.559239761676736],[-80.92929192993007,44.55931365863277],[-80.92931246901072,44.55933004254381],[-80.92933627256913,44.55934398585849],[-80.92936278005654,44.55935516150215],[-80.92939136714382,44.55936330576711],[-80.92942136099283,44.55936822727341],[-80.92945205552778,44.55936980888887],[-80.9294827249099,44.5593680134897],[-80.92963533520195,44.55935058051262]]}},{"type":"Feature","properties":{"road_id":"road_307774fd82726aea23d7","name":"8th Avenue East","road_class":3,"lane_count":0,"speed_limit_kmh":0,"left_from":436,"left_to":498,"right_from":435,"right_to":465,"left_parity":"E","right_parity":"O","source":"Grey County road centrelines"},"geometry":{"type":"LineString","coordinates":[[-80.93008524922546,44.55850667825595],[-80.9301492685625,44.558598417081406],[-80.9302730995278,44.55913251744105],[-80.93026503355486,44.5592123454476],[-80.93025208972993,44.559232537178666],[-80.93023494628105,44.559251061514445],[-80.93021401283998,44.55926747424637],[-80.9301897924633,44.55928138365223],[-80.93016286186939,44.559292457536465],[-80.93013386515034,44.55930043027098],[-80.93010349580553,44.55930511239579],[-80.92963533520195,44.55935058051262]]}},{"type":"Feature","properties":{"road_id":"road_98306564753551830584","name":"8th Avenue A East","road_class":3,"lane_count":0,"speed_limit_kmh":0,"left_from":450,"left_to":498,"right_from":451,"right_to":499,"left_parity":"E","right_parity":"O","source":"Grey County road centrelines"},"geometry":{"type":"LineString","coordinates":[[-80.92963533520195,44.55935058051262],[-80.92977782237904,44.56005190039923]]}},{"type":"Feature","properties":{"road_id":"road_0e38e607c8d425f69d86","name":"5th Street East","road_class":3,"lane_count":2,"speed_limit_kmh":50,"left_from":702,"left_to":790,"right_from":0,"right_to":0,"left_parity":"E","right_parity":"E","source":"Grey County road centrelines"},"geometry":{"type":"LineString","coordinates":[[-80.93067323610481,44.56021668963521],[-80.9307216067896,44.56044054566018],[-80.93072371693219,44.560463206952704],[-80.93072032309703,44.560485787588995],[-80.93071152948872,44.56050761102737],[-80.93069759661867,44.560528021848924],[-80.93067894489842,44.560546405599545],[-80.93065613667338,44.56056221247131],[-80.93062985196815,44.560574966263424],[-80.93060088399518,44.560584284863424],[-80.93057009962871,44.560589888567854],[-80.92914400704719,44.56075721666134],[-80.92910336187384,44.56075947477798],[-80.9290627697011,44.560756773102725],[-80.92902340552533,44.56074919100182],[-80.928986410207,44.5607369467325],[-80.92895285363956,44.56072039552289],[-80.92892370780018,44.56070001613154],[-80.92889981710519,44.56067639996676],[-80.92888187235906,44.56065022868522],[-80.92887039188975,44.560622261391316],[-80.92881166991792,44.560415402848136]]}},{"type":"Feature","properties":{"road_id":"road_7117437ef928537ecd65","name":"5th Street East","road_class":3,"lane_count":2,"speed_limit_kmh":50,"left_from":0,"left_to":0,"right_from":741,"right_to":791,"left_parity":"E","right_parity":"O","source":"Grey County road centrelines"},"geometry":{"type":"LineString","coordinates":[[-80.92977782237904,44.56005190039923],[-80.9289781052822,44.5601506096288],[-80.92894511195844,44.56015664413696],[-80.92891754356069,44.560164975187924],[-80.92889186521829,44.560175969536296],[-80.92886857819119,44.56018941403996],[-80.92884680931691,44.560206225265674],[-80.92882878821398,44.56022516853179],[-80.92881491642937,44.560245819475504],[-80.92880550478013,44.560267719171115],[-80.92880076347207,44.56029037669063],[-80.92880079850637,44.56031328638513],[-80.92881166991792,44.560415402848136]]}},{"type":"Feature","properties":{"road_id":"road_657e792156ed7e9a75b8","name":"5th Street East","road_class":3,"lane_count":2,"speed_limit_kmh":50,"left_from":0,"left_to":0,"right_from":701,"right_to":735,"left_parity":"E","right_parity":"O","source":"Grey County road centrelines"},"geometry":{"type":"LineString","coordinates":[[-80.93067323610481,44.56021668963521],[-80.93063334282135,44.56007391921962],[-80.93062851976659,44.56006065710737],[-80.93061815410653,44.56004280957659],[-80.93060388706317,44.560026396423304],[-80.93058740028276,44.560012767543576],[-80.93056822484472,44.56000107421442],[-80.9305468000252,44.55999158526391],[-80.93052361810096,44.55998451575479],[-80.93049920907806,44.559980030184384],[-80.93047413260692,44.5599782296835],[-80.93044561738485,44.55997949061016],[-80.93044511702323,44.559979546935814],[-80.92977782237904,44.56005190039923]]}},{"type":"Feature","properties":{"road_id":"road_b388ca60cf648da20426","name":"5th Avenue East","road_class":3,"lane_count":2,"speed_limit_kmh":50,"left_from":700,"left_to":798,"right_from":701,"right_to":799,"left_parity":"E","right_parity":"O","source":"Grey County road centrelines"},"geometry":{"type":"LineString","coordinates":[[-80.93647486163684,44.56266890566896],[-80.93686669957725,44.56454861756992]]}},{"type":"Feature","properties":{"road_id":"road_2e625ca033a60568d53a","name":"7th Street East","road_class":3,"lane_count":2,"speed_limit_kmh":50,"left_from":400,"left_to":498,"right_from":401,"right_to":499,"left_parity":"E","right_parity":"O","source":"Grey County road centrelines"},"geometry":{"type":"LineString","coordinates":[[-80.93834755435681,44.562388249770486],[-80.93647486163684,44.56266890566896]]}},{"type":"Feature","properties":{"road_id":"road_2df086b9c3a405408f6d","name":"7th Street East","road_class":3,"lane_count":2,"speed_limit_kmh":50,"left_from":500,"left_to":550,"right_from":501,"right_to":549,"left_parity":"E","right_parity":"O","source":"Grey County road centrelines"},"geometry":{"type":"LineString","coordinates":[[-80.93647486163684,44.56266890566896],[-80.93546476269371,44.562784374216875]]}},{"type":"Feature","properties":{"road_id":"road_9737838fe95963c92f7a","name":"7th Street East","road_class":3,"lane_count":2,"speed_limit_kmh":50,"left_from":586,"left_to":698,"right_from":587,"right_to":699,"left_parity":"E","right_parity":"O","source":"Grey County road centrelines"},"geometry":{"type":"LineString","coordinates":[[-80.93463505444278,44.562882748553854],[-80.9318151825788,44.56321634078388]]}},{"type":"Feature","properties":{"road_id":"road_eb8102246a9f25a51280","name":"7th Street East","road_class":3,"lane_count":2,"speed_limit_kmh":50,"left_from":700,"left_to":798,"right_from":701,"right_to":799,"left_parity":"E","right_parity":"O","source":"Grey County road centrelines"},"geometry":{"type":"LineString","coordinates":[[-80.9318151825788,44.56321634078388],[-80.9291440313017,44.56351295108367]]}},{"type":"Feature","properties":{"road_id":"road_b0cb8547112919db34e0","name":"7th Avenue East","road_class":3,"lane_count":2,"speed_limit_kmh":50,"left_from":656,"left_to":698,"right_from":655,"right_to":699,"left_parity":"E","right_parity":"O","source":"Grey County road centrelines"},"geometry":{"type":"LineString","coordinates":[[-80.93157774886608,44.56223771076499],[-80.9318151825788,44.56321634078388]]}},{"type":"Feature","properties":{"road_id":"road_4d3964dfa586a7dc388f","name":"7th Street A East","road_class":3,"lane_count":2,"speed_limit_kmh":50,"left_from":700,"left_to":798,"right_from":701,"right_to":799,"left_parity":"E","right_parity":"O","source":"Grey County road centrelines"},"geometry":{"type":"LineString","coordinates":[[-80.9320065991928,44.564037332432946],[-80.9293495891949,44.564351523634656]]}},{"type":"Feature","properties":{"road_id":"road_09ef0eb3b42bb3af0107","name":"7th Avenue East","road_class":3,"lane_count":2,"speed_limit_kmh":50,"left_from":742,"left_to":798,"right_from":741,"right_to":799,"left_parity":"E","right_parity":"O","source":"Grey County road centrelines"},"geometry":{"type":"LineString","coordinates":[[-80.9320065991928,44.564037332432946],[-80.93223160830686,44.565122452601464]]}},{"type":"Feature","properties":{"road_id":"road_3f303e79ed6b4f42ca09","name":"7th Avenue East","road_class":3,"lane_count":2,"speed_limit_kmh":50,"left_from":700,"left_to":740,"right_from":701,"right_to":739,"left_parity":"E","right_parity":"O","source":"Grey County road centrelines"},"geometry":{"type":"LineString","coordinates":[[-80.9318151825788,44.56321634078388],[-80.9320065991928,44.564037332432946]]}},{"type":"Feature","properties":{"road_id":"road_7295ff2c6b82eaa9664e","name":"7th Street A East","road_class":3,"lane_count":2,"speed_limit_kmh":50,"left_from":500,"left_to":698,"right_from":501,"right_to":699,"left_parity":"E","right_parity":"O","source":"Grey County road centrelines"},"geometry":{"type":"LineString","coordinates":[[-80.93508506548437,44.563660928614304],[-80.9320065991928,44.564037332432946]]}},{"type":"Feature","properties":{"road_id":"road_555203db6555e720fe5d","name":"6th Avenue East","road_class":3,"lane_count":2,"speed_limit_kmh":50,"left_from":2000,"left_to":2298,"right_from":2001,"right_to":2299,"left_parity":"E","right_parity":"O","source":"Grey County road centrelines"},"geometry":{"type":"LineString","coordinates":[[-80.92921910710325,44.58229672030963],[-80.92881472778316,44.58335875981177],[-80.92825878650497,44.58469769932111],[-80.92824098818424,44.584736481599016],[-80.92822014008311,44.584774480106475],[-80.9281794958081,44.58483483480357],[-80.92813117003907,44.58489222529022],[-80.92807558139097,44.58494615381886],[-80.92801321136079,44.584996150794005],[-80.92797206223258,44.585024523511294],[-80.92792872391001,44.58505118094193],[-80.92774904288689,44.58515551690502],[-80.92703281790749,44.58546579755162],[-80.92694534535501,44.58550694651574],[-80.92679066803949,44.58558573962795],[-80.92664970260849,44.585662153285256],[-80.92624078679621,44.58611065708146],[-80.9256562341762,44.58709878197757]]}},{"type":"Feature","properties":{"road_id":"road_f019aa43b91cdb93ceeb","name":"3rd Avenue West","road_class":2,"lane_count":2,"speed_limit_kmh":50,"left_from":2400,"left_to":2598,"right_from":2401,"right_to":2599,"left_parity":"E","right_parity":"O","source":"Grey County road centrelines"},"geometry":{"type":"LineString","coordinates":[[-80.94634503254913,44.5868351210611],[-80.94634500829463,44.586835197833366],[-80.94619423056578,44.58730631398462],[-80.94602974274903,44.58784245772456],[-80.94588733911526,44.58828357346646],[-80.94555910189696,44.58928646377284]]}},{"type":"Feature","properties":{"road_id":"road_9d6e81ba32f11c5095e5","name":"24th Street West","road_class":3,"lane_count":2,"speed_limit_kmh":50,"left_from":301,"left_to":399,"right_from":300,"right_to":398,"left_parity":"O","right_parity":"E","source":"Grey County road centrelines"},"geometry":{"type":"LineString","coordinates":[[-80.94634503254913,44.5868351210611],[-80.94751576014654,44.5870300211786]]}},{"type":"Feature","properties":{"road_id":"road_0ebf28e8b87ef07dcb7a","name":"3rd Avenue West","road_class":2,"lane_count":2,"speed_limit_kmh":50,"left_from":2300,"left_to":2398,"right_from":2301,"right_to":2399,"left_parity":"E","right_parity":"O","source":"Grey County road centrelines"},"geometry":{"type":"LineString","coordinates":[[-80.94698116014455,44.58483970041245],[-80.94659662281245,44.58604594426541],[-80.94636519433736,44.58677188116116],[-80.94634504512555,44.58683508139543],[-80.94634503254913,44.5868351210611]]}},{"type":"Feature","properties":{"road_id":"road_b3f772ea8c31b366e76d","name":"24th Street West","road_class":3,"lane_count":2,"speed_limit_kmh":50,"left_from":191,"left_to":299,"right_from":190,"right_to":298,"left_parity":"O","right_parity":"E","source":"Grey County road centrelines"},"geometry":{"type":"LineString","coordinates":[[-80.94558153642286,44.585339401074535],[-80.94561886681282,44.58569075727832],[-80.94556547454559,44.58594237827466],[-80.94537436335878,44.58664974072064],[-80.94634503254913,44.5868351210611]]}},{"type":"Feature","properties":{"road_id":"road_e6b91d3a9fa459858768","name":"4th Avenue West","road_class":3,"lane_count":2,"speed_limit_kmh":50,"left_from":90,"left_to":198,"right_from":91,"right_to":199,"left_parity":"E","right_parity":"O","source":"Grey County road centrelines"},"geometry":{"type":"LineString","coordinates":[[-80.94556606743366,44.54987670538901],[-80.94598859182419,44.55156193832845]]}},{"type":"Feature","properties":{"road_id":"road_47f87144f52a63f9d1a3","name":"1st Street West","road_class":3,"lane_count":2,"speed_limit_kmh":50,"left_from":301,"left_to":399,"right_from":300,"right_to":398,"left_parity":"O","right_parity":"E","source":"Grey County road centrelines"},"geometry":{"type":"LineString","coordinates":[[-80.94428760218929,44.55002599474795],[-80.94556606743366,44.54987670538901]]}},{"type":"Feature","properties":{"road_id":"road_a36406be2202bbfe5c4e","name":"4th Avenue West","road_class":3,"lane_count":2,"speed_limit_kmh":50,"left_from":42,"left_to":88,"right_from":43,"right_to":89,"left_parity":"E","right_parity":"O","source":"Grey County road centrelines"},"geometry":{"type":"LineString","coordinates":[[-80.94537478916023,44.54893476796657],[-80.94556606743366,44.54987670538901]]}},{"type":"Feature","properties":{"road_id":"road_f5fcbedf54e015311f53","name":"3rd Avenue West","road_class":3,"lane_count":2,"speed_limit_kmh":50,"left_from":100,"left_to":118,"right_from":101,"right_to":119,"left_parity":"E","right_parity":"O","source":"Grey County road centrelines"},"geometry":{"type":"LineString","coordinates":[[-80.94428760218929,44.55002599474795],[-80.94439068476646,44.550480877417655]]}},{"type":"Feature","properties":{"road_id":"road_303e5e5b225ef0dabeb4","name":"1st Street West","road_class":3,"lane_count":2,"speed_limit_kmh":50,"left_from":201,"left_to":299,"right_from":200,"right_to":298,"left_parity":"O","right_parity":"E","source":"Grey County road centrelines"},"geometry":{"type":"LineString","coordinates":[[-80.94331885000375,44.550146269834734],[-80.94428760218929,44.55002599474795]]}},{"type":"Feature","properties":{"road_id":"road_0e0dae44d14de0d0b325","name":"1st Street A West","road_class":3,"lane_count":2,"speed_limit_kmh":50,"left_from":201,"left_to":299,"right_from":200,"right_to":298,"left_parity":"O","right_parity":"E","source":"Grey County road centrelines"},"geometry":{"type":"LineString","coordinates":[[-80.94320553292056,44.55066534880241],[-80.94425177917239,44.5505510706022],[-80.9443024423578,44.55054155962529],[-80.94434996054137,44.550520162642165],[-80.94437406773034,44.550503210981766],[-80.94439068476646,44.550480877417655]]}},{"type":"Feature","properties":{"road_id":"road_7dd1cef8904f64589639","name":"2nd Avenue East","road_class":2,"lane_count":2,"speed_limit_kmh":50,"left_from":100,"left_to":160,"right_from":101,"right_to":159,"left_parity":"E","right_parity":"O","source":"Grey County road centrelines"},"geometry":{"type":"LineString","coordinates":[[-80.93963743898507,44.55158795301846],[-80.93963759169867,44.551588660391516],[-80.93974490084926,44.55208717764782]]}},{"type":"Feature","properties":{"road_id":"road_a196bdf2e0eb047ec2fe","name":"2nd Avenue East","road_class":2,"lane_count":2,"speed_limit_kmh":50,"left_from":98,"left_to":98,"right_from":99,"right_to":99,"left_parity":"E","right_parity":"O","source":"Grey County road centrelines"},"geometry":{"type":"LineString","coordinates":[[-80.93961684331056,44.55148389482876],[-80.93963743898507,44.55158795301846]]}},{"type":"Feature","properties":{"road_id":"road_4715ace5bca47ea1a450","name":"2nd Avenue East","road_class":2,"lane_count":2,"speed_limit_kmh":50,"left_from":2,"left_to":96,"right_from":1,"right_to":97,"left_parity":"E","right_parity":"O","source":"Grey County road centrelines"},"geometry":{"type":"LineString","coordinates":[[-80.94085539640686,44.5463580860465],[-80.9405716725075,44.54698303219598],[-80.94056952733062,44.54698775628516],[-80.94019161776869,44.54784430945019],[-80.94014216461397,44.54794226795121],[-80.94011595177399,44.54798761690742],[-80.94007236641471,44.54805975033022],[-80.94002788992668,44.5481278811667],[-80.93987153725317,44.548336816002845],[-80.9397131238444,44.5485240732493],[-80.93965426532866,44.548591706114976],[-80.93953804039889,44.54872525526636],[-80.93949654002938,44.54877645684745],[-80.93939629253526,44.54890013454519],[-80.93930289559349,44.5490251384431],[-80.93928119588948,44.54905721297291],[-80.93922533056028,44.54913978774492],[-80.93918194103374,44.54922313317967],[-80.93918015338633,44.54922802417466],[-80.93914562484174,44.549322495198844],[-80.93913345087302,44.54940532694711],[-80.93913297835917,44.54941965226696],[-80.93913017651381,44.5495309040008],[-80.9391307460457,44.54960409948758],[-80.93913410933811,44.549636242837565],[-80.93914146564198,44.549706528586135],[-80.9391460281853,44.54973064662077],[-80.93916057729965,44.54980754143469],[-80.93917459281471,44.54988162001559],[-80.93926167370172,44.55022776437261],[-80.93937927215558,44.55061105239354],[-80.93961684331056,44.55148389482876]]}},{"type":"Feature","properties":{"road_id":"road_9222041c6ab43ab051b3","name":"2nd Avenue East","road_class":2,"lane_count":2,"speed_limit_kmh":50,"left_from":162,"left_to":164,"right_from":161,"right_to":163,"left_parity":"E","right_parity":"O","source":"Grey County road centrelines"},"geometry":{"type":"LineString","coordinates":[[-80.93974490084926,44.55208717764782],[-80.93977589631983,44.55222648204584]]}},{"type":"Feature","properties":{"road_id":"road_1eba59f3eee0b60badc0","name":"2nd Avenue East","road_class":2,"lane_count":2,"speed_limit_kmh":50,"left_from":166,"left_to":288,"right_from":165,"right_to":295,"left_parity":"E","right_parity":"O","source":"Grey County road centrelines"},"geometry":{"type":"LineString","coordinates":[[-80.93977589631983,44.55222648204584],[-80.93989550969484,44.55277098625375],[-80.94023970278923,44.55433777038301]]}},{"type":"Feature","properties":{"road_id":"road_d730739bc18f6a9df9a8","name":"2nd Street West","road_class":3,"lane_count":1,"speed_limit_kmh":50,"left_from":37,"left_to":101,"right_from":36,"right_to":100,"left_parity":"O","right_parity":"E","source":"Grey County road centrelines"},"geometry":{"type":"LineString","coordinates":[[-80.93974490084926,44.55208717764782],[-80.94110059425859,44.55193066561066]]}},{"type":"Feature","properties":{"road_id":"road_deb64f4dcb1a12082616","name":"2nd Street East","road_class":3,"lane_count":2,"speed_limit_kmh":50,"left_from":100,"left_to":198,"right_from":101,"right_to":199,"left_parity":"E","right_parity":"O","source":"Grey County road centrelines"},"geometry":{"type":"LineString","coordinates":[[-80.93977589631983,44.55222648204584],[-80.9387676910253,44.55231803488703]]}},{"type":"Feature","properties":{"road_id":"road_2f28021fea7dea81fab7","name":"3rd Avenue East","road_class":3,"lane_count":2,"speed_limit_kmh":50,"left_from":100,"left_to":198,"right_from":101,"right_to":199,"left_parity":"E","right_parity":"O","source":"Grey County road centrelines"},"geometry":{"type":"LineString","coordinates":[[-80.93862409442883,44.55173674762933],[-80.9387676910253,44.55231803488703]]}},{"type":"Feature","properties":{"road_id":"road_034b289e86a15a687c7d","name":"3rd Avenue East","road_class":3,"lane_count":2,"speed_limit_kmh":50,"left_from":200,"left_to":298,"right_from":201,"right_to":299,"left_parity":"E","right_parity":"O","source":"Grey County road centrelines"},"geometry":{"type":"LineString","coordinates":[[-80.9387676910253,44.55231803488703],[-80.93870904720693,44.55238553723501],[-80.93875534458004,44.55273020781218]]}},{"type":"Feature","properties":{"road_id":"road_98006a06bfa3c8a4b74f","name":"15th Street B East","road_class":3,"lane_count":2,"speed_limit_kmh":50,"left_from":1300,"left_to":1398,"right_from":1301,"right_to":1399,"left_parity":"E","right_parity":"O","source":"Grey County road centrelines"},"geometry":{"type":"LineString","coordinates":[[-80.92173680014996,44.57268694731228],[-80.92064067224702,44.57280575685147]]}},{"type":"Feature","properties":{"road_id":"road_9d624f942538126aaca0","name":"14th Avenue East","road_class":3,"lane_count":2,"speed_limit_kmh":50,"left_from":1100,"left_to":1398,"right_from":1101,"right_to":1399,"left_parity":"E","right_parity":"O","source":"Grey County road centrelines"},"geometry":{"type":"LineString","coordinates":[[-80.92021585176263,44.5709583185557],[-80.92048656446339,44.572241871727414]]}},{"type":"Feature","properties":{"road_id":"road_d957f42d5d78372d2f5a","name":"3rd Avenue West","road_class":3,"lane_count":2,"speed_limit_kmh":50,"left_from":220,"left_to":298,"right_from":221,"right_to":299,"left_parity":"E","right_parity":"O","source":"Grey County road centrelines"},"geometry":{"type":"LineString","coordinates":[[-80.94510911421158,44.55305388358487],[-80.94524708825269,44.553761767750316]]}},{"type":"Feature","properties":{"road_id":"road_f115ded5b69a0b086c45","name":"2nd Street A West","road_class":3,"lane_count":2,"speed_limit_kmh":50,"left_from":201,"left_to":299,"right_from":200,"right_to":298,"left_parity":"O","right_parity":"E","source":"Grey County road centrelines"},"geometry":{"type":"LineString","coordinates":[[-80.94299793405503,44.55327959092021],[-80.94510911421158,44.55305388358487]]}},{"type":"Feature","properties":{"road_id":"road_354f30ba23d3d3d86ecf","name":"2nd Avenue West","road_class":3,"lane_count":2,"speed_limit_kmh":50,"left_from":244,"left_to":298,"right_from":245,"right_to":299,"left_parity":"E","right_parity":"O","source":"Grey County road centrelines"},"geometry":{"type":"LineString","coordinates":[[-80.94277766714735,44.552186194857946],[-80.94289023234066,44.55274497081223],[-80.94299793405503,44.55327959092021],[-80.9431427757165,44.55399855683395]]}},{"type":"Feature","properties":{"road_id":"road_24b46098e556b2fbdf2f","name":"2nd Street West","road_class":3,"lane_count":2,"speed_limit_kmh":50,"left_from":201,"left_to":287,"right_from":200,"right_to":286,"left_parity":"O","right_parity":"E","source":"Grey County road centrelines"},"geometry":{"type":"LineString","coordinates":[[-80.94277766714735,44.552186194857946],[-80.94367405824015,44.55187627884026]]}},{"type":"Feature","properties":{"road_id":"road_31dcd48af5eba726211c","name":"2nd Street West","road_class":3,"lane_count":2,"speed_limit_kmh":50,"left_from":103,"left_to":173,"right_from":102,"right_to":172,"left_parity":"O","right_parity":"E","source":"Grey County road centrelines"},"geometry":{"type":"LineString","coordinates":[[-80.94130507237684,44.55284714344723],[-80.94180805347746,44.55287836640182],[-80.94289023234066,44.55274497081223]]}},{"type":"Feature","properties":{"road_id":"road_ecdcfa82fec7172a71bf","name":"8th Street West","road_class":3,"lane_count":2,"speed_limit_kmh":50,"left_from":331,"left_to":399,"right_from":332,"right_to":398,"left_parity":"O","right_parity":"E","source":"Grey County road centrelines"},"geometry":{"type":"LineString","coordinates":[[-80.94742183858862,44.563354705861734],[-80.94781734974025,44.56330983737983]]}},{"type":"Feature","properties":{"road_id":"road_aa9b4ac80e9d402e932f","name":"5th Avenue East","road_class":3,"lane_count":2,"speed_limit_kmh":50,"left_from":972,"left_to":998,"right_from":973,"right_to":999,"left_parity":"E","right_parity":"O","source":"Grey County road centrelines"},"geometry":{"type":"LineString","coordinates":[[-80.93758325244173,44.5678687754565],[-80.93772582046721,44.5683670809257]]}},{"type":"Feature","properties":{"road_id":"road_132d217af190c57173f6","name":"9th Street A East","road_class":3,"lane_count":2,"speed_limit_kmh":50,"left_from":500,"left_to":564,"right_from":501,"right_to":565,"left_parity":"E","right_parity":"O","source":"Grey County road centrelines"},"geometry":{"type":"LineString","coordinates":[[-80.93758325244173,44.5678687754565],[-80.9364845867981,44.56796464528751]]}},{"type":"Feature","properties":{"road_id":"road_e44d9fde89cc8639a662","name":"5th Avenue East","road_class":3,"lane_count":2,"speed_limit_kmh":50,"left_from":900,"left_to":970,"right_from":901,"right_to":971,"left_parity":"E","right_parity":"O","source":"Grey County road centrelines"},"geometry":{"type":"LineString","coordinates":[[-80.93728612657667,44.566484893399505],[-80.93758325244173,44.5678687754565]]}},{"type":"Feature","properties":{"road_id":"road_3fc9cf753a6fb076e43c","name":"9th Street East","road_class":3,"lane_count":2,"speed_limit_kmh":50,"left_from":400,"left_to":498,"right_from":401,"right_to":499,"left_parity":"E","right_parity":"O","source":"Grey County road centrelines"},"geometry":{"type":"LineString","coordinates":[[-80.93914254990854,44.56623604001416],[-80.93728612657667,44.566484893399505]]}},{"type":"Feature","properties":{"road_id":"road_b05e8d9147b81af475f9","name":"5th Avenue East","road_class":3,"lane_count":2,"speed_limit_kmh":50,"left_from":836,"left_to":898,"right_from":835,"right_to":899,"left_parity":"E","right_parity":"O","source":"Grey County road centrelines"},"geometry":{"type":"LineString","coordinates":[[-80.9370114990179,44.56527147948805],[-80.93728612657667,44.566484893399505]]}},{"type":"Feature","properties":{"road_id":"road_e5ea94cea9e13d01ce8a","name":"9th Street East","road_class":3,"lane_count":2,"speed_limit_kmh":50,"left_from":500,"left_to":528,"right_from":501,"right_to":529,"left_parity":"E","right_parity":"O","source":"Grey County road centrelines"},"geometry":{"type":"LineString","coordinates":[[-80.93728612657667,44.566484893399505],[-80.93603921286002,44.56661811477357]]}},{"type":"Feature","properties":{"road_id":"road_187048c213ed2caf69bc","name":"5th Avenue A East","road_class":3,"lane_count":2,"speed_limit_kmh":50,"left_from":900,"left_to":948,"right_from":901,"right_to":949,"left_parity":"E","right_parity":"O","source":"Grey County road centrelines"},"geometry":{"type":"LineString","coordinates":[[-80.93603921286002,44.56661811477357],[-80.93621431427184,44.567374957118766],[-80.9364845867981,44.56796464528751]]}},{"type":"Feature","properties":{"road_id":"road_e6d6243860a5e16a85b2","name":"5th Avenue A East","road_class":3,"lane_count":2,"speed_limit_kmh":50,"left_from":850,"left_to":898,"right_from":851,"right_to":899,"left_parity":"E","right_parity":"O","source":"Grey County road centrelines"},"geometry":{"type":"LineString","coordinates":[[-80.93506132031646,44.56583398899201],[-80.9352548084455,44.56670648278021]]}},{"type":"Feature","properties":{"road_id":"road_fed880e0190795df4f63","name":"9th Street East","road_class":3,"lane_count":2,"speed_limit_kmh":50,"left_from":530,"left_to":556,"right_from":531,"right_to":557,"left_parity":"E","right_parity":"O","source":"Grey County road centrelines"},"geometry":{"type":"LineString","coordinates":[[-80.93603921286002,44.56661811477357],[-80.9352548084455,44.56670648278021]]}},{"type":"Feature","properties":{"road_id":"road_df6a71a471032948a199","name":"9th Street East","road_class":3,"lane_count":2,"speed_limit_kmh":50,"left_from":558,"left_to":598,"right_from":559,"right_to":599,"left_parity":"E","right_parity":"O","source":"Grey County road centrelines"},"geometry":{"type":"LineString","coordinates":[[-80.9352548084455,44.56670648278021],[-80.9349280759053,44.56674893140078]]}},{"type":"Feature","properties":{"road_id":"road_8b2549fb12db8da3b71a","name":"14th Street West","road_class":3,"lane_count":4,"speed_limit_kmh":50,"left_from":101,"left_to":199,"right_from":100,"right_to":198,"left_parity":"O","right_parity":"E","source":"Grey County road centrelines"},"geometry":{"type":"LineString","coordinates":[[-80.94548507263269,44.57302752564704],[-80.94745042837087,44.573389564799356],[-80.94746257000025,44.57339250009741],[-80.94747865074216,44.57339638759141]]}},{"type":"Feature","properties":{"road_id":"road_3d848fc756ac2c00d7c8","name":"14th Street West","road_class":3,"lane_count":4,"speed_limit_kmh":50,"left_from":201,"left_to":399,"right_from":200,"right_to":398,"left_parity":"O","right_parity":"E","source":"Grey County road centrelines"},"geometry":{"type":"LineString","coordinates":[[-80.94747865074216,44.57339638759141],[-80.95105014839424,44.574084486570044]]}},{"type":"Feature","properties":{"road_id":"road_0e03aab263ee89ff89ba","name":"13th Street West","road_class":3,"lane_count":2,"speed_limit_kmh":50,"left_from":101,"left_to":199,"right_from":100,"right_to":198,"left_parity":"O","right_parity":"E","source":"Grey County road centrelines"},"geometry":{"type":"LineString","coordinates":[[-80.94530590005603,44.57220138210113],[-80.94728541054813,44.572604826384435]]}},{"type":"Feature","properties":{"road_id":"road_47f05015ccd5a7c8f1ea","name":"2nd Avenue West","road_class":2,"lane_count":2,"speed_limit_kmh":50,"left_from":1302,"left_to":1398,"right_from":1303,"right_to":1399,"left_parity":"E","right_parity":"O","source":"Grey County road centrelines"},"geometry":{"type":"LineString","coordinates":[[-80.94728541054813,44.572604826384435],[-80.94734498412282,44.57287585399465],[-80.94741736228357,44.573193867046754],[-80.94743275401765,44.57326149747754],[-80.94746257000025,44.57339250009741]]}},{"type":"Feature","properties":{"road_id":"road_d59f5c4175633d8bff53","name":"2nd Avenue West","road_class":2,"lane_count":2,"speed_limit_kmh":50,"left_from":1300,"left_to":1300,"right_from":1301,"right_to":1301,"left_parity":"E","right_parity":"O","source":"Grey County road centrelines"},"geometry":{"type":"LineString","coordinates":[[-80.94725264090488,44.57245193392866],[-80.94727240294282,44.57254413774826],[-80.94728541054813,44.572604826384435]]}},{"type":"Feature","properties":{"road_id":"road_8dc23a87abfe0cd68939","name":"13th Street West","road_class":3,"lane_count":2,"speed_limit_kmh":50,"left_from":201,"left_to":259,"right_from":200,"right_to":258,"left_parity":"O","right_parity":"E","source":"Grey County road centrelines"},"geometry":{"type":"LineString","coordinates":[[-80.94725264090488,44.57245193392866],[-80.94823446447612,44.57232633658577]]}},{"type":"Feature","properties":{"road_id":"road_33b6bcb0d7bcdc054c7d","name":"2nd Avenue West","road_class":2,"lane_count":2,"speed_limit_kmh":50,"left_from":1200,"left_to":1298,"right_from":1201,"right_to":1299,"left_parity":"E","right_parity":"O","source":"Grey County road centrelines"},"geometry":{"type":"LineString","coordinates":[[-80.94703830467472,44.57148245936616],[-80.94705195906704,44.57154478862899],[-80.94725264090488,44.57245193392866]]}},{"type":"Feature","properties":{"road_id":"road_32f7d8f35551cf3b0f93","name":"7th Avenue East","road_class":4,"lane_count":2,"speed_limit_kmh":50,"left_from":36,"left_to":98,"right_from":35,"right_to":99,"left_parity":"E","right_parity":"O","source":"Grey County road centrelines"},"geometry":{"type":"LineString","coordinates":[[-80.93027347771853,44.54475607859337],[-80.93044822519411,44.54599372816136],[-80.93021378556621,44.54676915712474],[-80.93031014515181,44.5477749369368],[-80.9298219530157,44.548940699927805],[-80.92960723949311,44.54997166445357],[-80.92965796286563,44.550263777213054],[-80.92961004942332,44.55060773504621]]}},{"type":"Feature","properties":{"road_id":"road_8d756c65364c49e4d773","name":"23rd Street A East","road_class":3,"lane_count":2,"speed_limit_kmh":50,"left_from":901,"left_to":965,"right_from":900,"right_to":964,"left_parity":"O","right_parity":"E","source":"Grey County road centrelines"},"geometry":{"type":"LineString","coordinates":[[-80.92103438766635,44.58684088921626],[-80.9198728776821,44.58659905933275]]}},{"type":"Feature","properties":{"road_id":"road_0b1d477fb18dbf1ead43","name":"10th Avenue East","road_class":3,"lane_count":2,"speed_limit_kmh":50,"left_from":2300,"left_to":2498,"right_from":2301,"right_to":2499,"left_parity":"E","right_parity":"O","source":"Grey County road centrelines"},"geometry":{"type":"LineString","coordinates":[[-80.9198728776821,44.58659905933275],[-80.91963275980328,44.587063159801936],[-80.91926944876303,44.58739511630405]]}},{"type":"Feature","properties":{"road_id":"road_b3d5b24ea0935fd6c1d2","name":"10th Street East","road_class":3,"lane_count":2,"speed_limit_kmh":50,"left_from":1300,"left_to":1598,"right_from":1301,"right_to":1599,"left_parity":"E","right_parity":"O","source":"Grey County road centrelines"},"geometry":{"type":"LineString","coordinates":[[-80.92106913000998,44.57030225564788],[-80.91543521365327,44.570931478038794]]}},{"type":"Feature","properties":{"road_id":"road_aeb852a7ff2c89f91818","name":"5th Avenue West","road_class":3,"lane_count":2,"speed_limit_kmh":50,"left_from":312,"left_to":388,"right_from":313,"right_to":389,"left_parity":"E","right_parity":"O","source":"Grey County road centrelines"},"geometry":{"type":"LineString","coordinates":[[-80.94849278940912,44.55413224785011],[-80.94827225031192,44.55477850147446],[-80.94834586545284,44.555162982149554]]}},{"type":"Feature","properties":{"road_id":"road_1868f0bae362d2579620","name":"5th Avenue A West","road_class":3,"lane_count":2,"speed_limit_kmh":50,"left_from":338,"left_to":388,"right_from":339,"right_to":389,"left_parity":"E","right_parity":"O","source":"Grey County road centrelines"},"geometry":{"type":"LineString","coordinates":[[-80.94931224428939,44.55406009442756],[-80.94932167300661,44.55453962555908],[-80.94943130789547,44.55505485087714]]}},{"type":"Feature","properties":{"road_id":"road_54283f9a43a862bee15e","name":"4th Street West","road_class":3,"lane_count":2,"speed_limit_kmh":50,"left_from":512,"left_to":599,"right_from":513,"right_to":598,"left_parity":"E","right_parity":"O","source":"Grey County road centrelines"},"geometry":{"type":"LineString","coordinates":[[-80.94834586545284,44.555162982149554],[-80.94943130789547,44.55505485087714]]}},{"type":"Feature","properties":{"road_id":"road_fc4193c28e5319f0b1fc","name":"4th Street West","road_class":3,"lane_count":2,"speed_limit_kmh":50,"left_from":401,"left_to":423,"right_from":400,"right_to":422,"left_parity":"O","right_parity":"E","source":"Grey County road centrelines"},"geometry":{"type":"LineString","coordinates":[[-80.94689172656982,44.55563744602773],[-80.94726398123701,44.55558770609849],[-80.94734995270466,44.55556344966617],[-80.94741795876493,44.55551203065615],[-80.94746998469459,44.55544845647454],[-80.9475920531653,44.55529058939009],[-80.94768618582731,44.55524700324339],[-80.94834586545284,44.555162982149554]]}},{"type":"Feature","properties":{"road_id":"road_5032302308dd33353b96","name":"3rd Street A West","road_class":3,"lane_count":2,"speed_limit_kmh":50,"left_from":514,"left_to":526,"right_from":515,"right_to":527,"left_parity":"E","right_parity":"O","source":"Grey County road centrelines"},"geometry":{"type":"LineString","coordinates":[[-80.94849278940912,44.55413224785011],[-80.94931224428939,44.55406009442756]]}},{"type":"Feature","properties":{"road_id":"road_e099ce8838b53599ed80","name":"19th Street West","road_class":3,"lane_count":2,"speed_limit_kmh":50,"left_from":301,"left_to":399,"right_from":300,"right_to":398,"left_parity":"O","right_parity":"E","source":"Grey County road centrelines"},"geometry":{"type":"LineString","coordinates":[[-80.94863163032448,44.57992503277776],[-80.95012059778938,44.580139342013794]]}},{"type":"Feature","properties":{"road_id":"road_ca06611533b298dc3679","name":"3rd Avenue West","road_class":3,"lane_count":2,"speed_limit_kmh":50,"left_from":1800,"left_to":1898,"right_from":1801,"right_to":1899,"left_parity":"E","right_parity":"O","source":"Grey County road centrelines"},"geometry":{"type":"LineString","coordinates":[[-80.94902075714937,44.57871269972042],[-80.94863163032448,44.57992503277776]]}},{"type":"Feature","properties":{"road_id":"road_a530ad6a632cc60f1718","name":"19th Street West","road_class":3,"lane_count":2,"speed_limit_kmh":50,"left_from":201,"left_to":299,"right_from":200,"right_to":298,"left_parity":"O","right_parity":"E","source":"Grey County road centrelines"},"geometry":{"type":"LineString","coordinates":[[-80.94762906644996,44.57987398017534],[-80.94776025461742,44.57985609905301],[-80.94809871646027,44.57986455909091],[-80.94863163032448,44.57992503277776]]}},{"type":"Feature","properties":{"road_id":"road_ab58d8c95e2baa02e465","name":"19th Street West","road_class":3,"lane_count":2,"speed_limit_kmh":50,"left_from":101,"left_to":199,"right_from":100,"right_to":198,"left_parity":"O","right_parity":"E","source":"Grey County road centrelines"},"geometry":{"type":"LineString","coordinates":[[-80.94697103792794,44.579980013339245],[-80.94761972037773,44.5798754863714],[-80.94762906644996,44.57987398017534]]}},{"type":"Feature","properties":{"road_id":"road_58fe8db377e7f5af735e","name":"16th Street East","road_class":1,"lane_count":4,"speed_limit_kmh":50,"left_from":1800,"left_to":1998,"right_from":1801,"right_to":1999,"left_parity":"E","right_parity":"O","source":"Grey County road centrelines"},"geometry":{"type":"LineString","coordinates":[[-80.91309098625752,44.57514639388716],[-80.90771741424656,44.57574170533316]]}},{"type":"Feature","properties":{"road_id":"road_06d71a5d5b4e9bac0a05","name":"4th Avenue West","road_class":3,"lane_count":2,"speed_limit_kmh":50,"left_from":350,"left_to":398,"right_from":351,"right_to":399,"left_parity":"E","right_parity":"O","source":"Grey County road centrelines"},"geometry":{"type":"LineString","coordinates":[[-80.94675120310991,44.55501223177362],[-80.94689172656982,44.55563744602773]]}},{"type":"Feature","properties":{"road_id":"road_1eb993c8aa270144a826","name":"8th Street West","road_class":3,"lane_count":2,"speed_limit_kmh":50,"left_from":701,"left_to":705,"right_from":700,"right_to":704,"left_parity":"O","right_parity":"E","source":"Grey County road centrelines"},"geometry":{"type":"LineString","coordinates":[[-80.95442534978372,44.562549441147056],[-80.95480453225838,44.56251195742505]]}},{"type":"Feature","properties":{"road_id":"road_18064f7283a9272dd1b7","name":"1st Street SW","road_class":3,"lane_count":2,"speed_limit_kmh":50,"left_from":401,"left_to":599,"right_from":400,"right_to":598,"left_parity":"O","right_parity":"E","source":"Grey County road centrelines"},"geometry":{"type":"LineString","coordinates":[[-80.9451627589054,44.548023370574256],[-80.94758917496314,44.54772731510825],[-80.94760774493669,44.54772531128512],[-80.94766980145482,44.54772212309353],[-80.94773999491281,44.547719829900224],[-80.9477932847721,44.547724618589704],[-80.94784323828841,44.5477365512595]]}},{"type":"Feature","properties":{"road_id":"road_d7e2da41fdaa6ffed46c","name":"16th Street A West","road_class":3,"lane_count":2,"speed_limit_kmh":0,"left_from":701,"left_to":799,"right_from":700,"right_to":798,"left_parity":"O","right_parity":"E","source":"Grey County road centrelines"},"geometry":{"type":"LineString","coordinates":[[-80.95647030074763,44.578151575939444],[-80.95696180856542,44.57822917479773]]}},{"type":"Feature","properties":{"road_id":"road_565d979bf6ac7e3ceb77","name":"3rd Avenue West","road_class":3,"lane_count":2,"speed_limit_kmh":0,"left_from":300,"left_to":322,"right_from":301,"right_to":321,"left_parity":"E","right_parity":"O","source":"Grey County road centrelines"},"geometry":{"type":"LineString","coordinates":[[-80.94438027508896,44.55387381903017],[-80.94451824014692,44.55437543348549],[-80.94457347396049,44.5545272455569]]}},{"type":"Feature","properties":{"road_id":"road_f0298069d3c3f2b92892","name":"6th Avenue West","road_class":3,"lane_count":2,"speed_limit_kmh":0,"left_from":1180,"left_to":1198,"right_from":1181,"right_to":1199,"left_parity":"E","right_parity":"O","source":"Grey County road centrelines"},"geometry":{"type":"LineString","coordinates":[[-80.95434773085157,44.57041378487407],[-80.95439468579147,44.5706940424037]]}},{"type":"Feature","properties":{"road_id":"road_779085d32bffc50693a2","name":"10th Street East","road_class":1,"lane_count":4,"speed_limit_kmh":50,"left_from":700,"left_to":770,"right_from":701,"right_to":771,"left_parity":"E","right_parity":"O","source":"Grey County road centrelines"},"geometry":{"type":"LineString","coordinates":[[-80.93306715920039,44.568928491112004],[-80.93114885182692,44.56916079760957]]}},{"type":"Feature","properties":{"road_id":"road_41ff97cdbda2325ebcff","name":"10th Street East","road_class":1,"lane_count":4,"speed_limit_kmh":50,"left_from":772,"left_to":798,"right_from":773,"right_to":799,"left_parity":"E","right_parity":"O","source":"Grey County road centrelines"},"geometry":{"type":"LineString","coordinates":[[-80.93114885182692,44.56916079760957],[-80.93044107460446,44.5692337181807]]}},{"type":"Feature","properties":{"road_id":"road_bc8469a0ed5c51444d31","name":"10th Street East","road_class":3,"lane_count":2,"speed_limit_kmh":50,"left_from":900,"left_to":998,"right_from":901,"right_to":961,"left_parity":"E","right_parity":"O","source":"Grey County road centrelines"},"geometry":{"type":"LineString","coordinates":[[-80.92835724545337,44.569465965222854],[-80.92666529466686,44.569637444793244]]}},{"type":"Feature","properties":{"road_id":"road_080cfac861d658168db1","name":"10th Street East","road_class":3,"lane_count":2,"speed_limit_kmh":50,"left_from":1000,"left_to":1056,"right_from":963,"right_to":999,"left_parity":"E","right_parity":"O","source":"Grey County road centrelines"},"geometry":{"type":"LineString","coordinates":[[-80.92666529466686,44.569637444793244],[-80.92516639542819,44.56981652397695]]}},{"type":"Feature","properties":{"road_id":"road_f115651e6b399a4bfd9a","name":"1st Avenue A West","road_class":3,"lane_count":0,"speed_limit_kmh":0,"left_from":1000,"left_to":1098,"right_from":1001,"right_to":1099,"left_parity":"E","right_parity":"O","source":"Grey County road centrelines"},"geometry":{"type":"LineString","coordinates":[[-80.94548816822719,44.56833018524705],[-80.94568323828943,44.569273052181686]]}},{"type":"Feature","properties":{"road_id":"road_39f125873e9e13b7f757","name":"4th Avenue A West","road_class":3,"lane_count":2,"speed_limit_kmh":0,"left_from":800,"left_to":898,"right_from":801,"right_to":899,"left_parity":"E","right_parity":"O","source":"Grey County road centrelines"},"geometry":{"type":"LineString","coordinates":[[-80.94959996209849,44.563112502436546],[-80.94994177914892,44.564735896254696]]}},{"type":"Feature","properties":{"road_id":"road_6ddbe67a565e3fefd6ae","name":"32nd Street East","road_class":4,"lane_count":2,"speed_limit_kmh":50,"left_from":900,"left_to":1598,"right_from":901,"right_to":1599,"left_parity":"E","right_parity":"O","source":"Grey County road centrelines"},"geometry":{"type":"LineString","coordinates":[[-80.91624987961477,44.599454184639555],[-80.91210208486015,44.59991984996273]]}},{"type":"Feature","properties":{"road_id":"road_ceade4661775a5ebf409","name":"10th Street East","road_class":3,"lane_count":0,"speed_limit_kmh":0,"left_from":1600,"left_to":1601,"right_from":1798,"right_to":1799,"left_parity":"E","right_parity":"E","source":"Grey County road centrelines"},"geometry":{"type":"LineString","coordinates":[[-80.91543521365327,44.570931478038794],[-80.915175061547,44.57096118998218],[-80.9149185404311,44.5709961052879],[-80.91474931310292,44.571040185831414],[-80.9146328321533,44.5710869073826],[-80.91451752081015,44.57114261047569],[-80.91442709010545,44.5712245760428],[-80.914058347851,44.57158816546637],[-80.9135488503713,44.572168023189334],[-80.9133966829487,44.57231273042532],[-80.91302303319785,44.57260113721445],[-80.91248413026564,44.57286655080189]]}},{"type":"Feature","properties":{"road_id":"road_6e2e65bcd47e47b4dac6","name":"18th Avenue East","road_class":3,"lane_count":0,"speed_limit_kmh":0,"left_from":1400,"left_to":1598,"right_from":1401,"right_to":1599,"left_parity":"E","right_parity":"O","source":"Grey County road centrelines"},"geometry":{"type":"LineString","coordinates":[[-80.91248413026564,44.57286655080189],[-80.91309098625752,44.57514639388716]]}},{"type":"Feature","properties":{"road_id":"road_f20bd3919c2e0e0b4194","name":"3rd Street West","road_class":3,"lane_count":0,"speed_limit_kmh":0,"left_from":313,"left_to":393,"right_from":326,"right_to":386,"left_parity":"O","right_parity":"E","source":"Grey County road centrelines"},"geometry":{"type":"LineString","coordinates":[[-80.94457347396049,44.5545272455569],[-80.94545037610317,44.55442427763521]]}},{"type":"Feature","properties":{"road_id":"road_420220fc7150d7dac135","name":"3rd Avenue A West","road_class":3,"lane_count":2,"speed_limit_kmh":0,"left_from":2100,"left_to":2198,"right_from":2101,"right_to":2199,"left_parity":"E","right_parity":"O","source":"Grey County road centrelines"},"geometry":{"type":"LineString","coordinates":[[-80.94794316238904,44.58376290788679],[-80.94812777156982,44.58320285014068],[-80.94845385103481,44.58326815922377],[-80.94830783258033,44.58381445164132]]}},{"type":"Feature","properties":{"road_id":"road_8b10cf2eac36220cb0c1","name":"2nd Avenue East R","road_class":3,"lane_count":0,"speed_limit_kmh":0,"left_from":1200,"left_to":1298,"right_from":1201,"right_to":1299,"left_parity":"E","right_parity":"O","source":"Grey County road centrelines"},"geometry":{"type":"LineString","coordinates":[[-80.93982959491255,44.57300689651841],[-80.93920192046399,44.5727987733694]]}},{"type":"Feature","properties":{"road_id":"road_0908e9341d5f688be4e8","name":"19th Street East","road_class":3,"lane_count":0,"speed_limit_kmh":0,"left_from":900,"left_to":950,"right_from":901,"right_to":949,"left_parity":"E","right_parity":"O","source":"Grey County road centrelines"},"geometry":{"type":"LineString","coordinates":[[-80.92481391088374,44.579476087111196],[-80.92383435376195,44.57929472844616]]}},{"type":"Feature","properties":{"road_id":"road_33b22836792b97d22c69","name":"3rd Avenue West","road_class":3,"lane_count":2,"speed_limit_kmh":0,"left_from":324,"left_to":350,"right_from":323,"right_to":349,"left_parity":"E","right_parity":"O","source":"Grey County road centrelines"},"geometry":{"type":"LineString","coordinates":[[-80.94457347396049,44.5545272455569],[-80.94461336185404,44.554639452833115],[-80.94480386667803,44.55489251916649],[-80.94511740745828,44.55517424117137],[-80.94521272679476,44.55523148169984],[-80.9452711631023,44.55525130738566]]}},{"type":"Feature","properties":{"road_id":"road_9583f38910c5ae0344e4","name":"3rd Street A West","road_class":3,"lane_count":2,"speed_limit_kmh":0,"left_from":291,"left_to":399,"right_from":290,"right_to":398,"left_parity":"O","right_parity":"E","source":"Grey County road centrelines"},"geometry":{"type":"LineString","coordinates":[[-80.9452711631023,44.55525130738566],[-80.94545268477344,44.55524699428175],[-80.9457050125536,44.555192120281],[-80.94637891161177,44.55504505386307],[-80.94675120310991,44.55501223177362]]}},{"type":"Feature","properties":{"road_id":"road_0f61328abcb50bb7b393","name":"1st Street East","road_class":3,"lane_count":0,"speed_limit_kmh":0,"left_from":100,"left_to":198,"right_from":101,"right_to":199,"left_parity":"E","right_parity":"O","source":"Grey County road centrelines"},"geometry":{"type":"LineString","coordinates":[[-80.93961684331056,44.55148389482876],[-80.93920906027384,44.55142927526341],[-80.93889042424931,44.55144289399059]]}},{"type":"Feature","properties":{"road_id":"road_941fe52e7902c475a4cd","name":"1st Street West","road_class":3,"lane_count":0,"speed_limit_kmh":0,"left_from":101,"left_to":199,"right_from":100,"right_to":198,"left_parity":"O","right_parity":"E","source":"Grey County road centrelines"},"geometry":{"type":"LineString","coordinates":[[-80.93963743898507,44.55158795301846],[-80.93970451528904,44.55158869560015],[-80.94049027705793,44.55127141199949],[-80.94070216987053,44.55094250449823]]}},{"type":"Feature","properties":{"road_id":"road_c83fc868b2a0aa266657","name":"2nd Avenue West","road_class":3,"lane_count":0,"speed_limit_kmh":0,"left_from":100,"left_to":198,"right_from":101,"right_to":199,"left_parity":"E","right_parity":"O","source":"Grey County road centrelines"},"geometry":{"type":"LineString","coordinates":[[-80.94320553292056,44.55066534880241],[-80.94329066895497,44.55103877351717]]}},{"type":"Feature","properties":{"road_id":"road_9ba37c5b542c779edd13","name":"20th Avenue East","road_class":3,"lane_count":2,"speed_limit_kmh":50,"left_from":1500,"left_to":1598,"right_from":1501,"right_to":1599,"left_parity":"E","right_parity":"O","source":"Grey County road centrelines"},"geometry":{"type":"LineString","coordinates":[[-80.90714791289916,44.57342368259121],[-80.90771741424656,44.57574170533316]]}},{"type":"Feature","properties":{"road_id":"road_5d03f2acecfcca8681fc","name":"9th Avenue East","road_class":3,"lane_count":2,"speed_limit_kmh":50,"left_from":2800,"left_to":2810,"right_from":2801,"right_to":2811,"left_parity":"E","right_parity":"O","source":"Grey County road centrelines"},"geometry":{"type":"LineString","coordinates":[[-80.91839003762576,44.59369297010687],[-80.9181592685141,44.59423112240474]]}},{"type":"Feature","properties":{"road_id":"road_e56cf90d2ec70da072a5","name":"17th Street East","road_class":3,"lane_count":2,"speed_limit_kmh":50,"left_from":900,"left_to":998,"right_from":901,"right_to":999,"left_parity":"E","right_parity":"O","source":"Grey County road centrelines"},"geometry":{"type":"LineString","coordinates":[[-80.92624283675168,44.57570867671632],[-80.9252686515553,44.575508671326695]]}},{"type":"Feature","properties":{"road_id":"road_7d2920c706d3df065368","name":"14th Avenue East","road_class":3,"lane_count":2,"speed_limit_kmh":50,"left_from":1400,"left_to":1498,"right_from":1401,"right_to":1499,"left_parity":"E","right_parity":"O","source":"Grey County road centrelines"},"geometry":{"type":"LineString","coordinates":[[-80.92048656446339,44.572241871727414],[-80.92064067224702,44.57280575685147]]}},{"type":"Feature","properties":{"road_id":"road_7c51275df5310afc54aa","name":"3rd Avenue West","road_class":3,"lane_count":2,"speed_limit_kmh":50,"left_from":2000,"left_to":2098,"right_from":2001,"right_to":2099,"left_parity":"E","right_parity":"O","source":"Grey County road centrelines"},"geometry":{"type":"LineString","coordinates":[[-80.9479642997477,44.581111523350344],[-80.94826626393885,44.58124462676405]]}},{"type":"Feature","properties":{"road_id":"road_c1c0cf5300e6d3d69144","name":"4th Avenue West","road_class":3,"lane_count":2,"speed_limit_kmh":50,"left_from":1400,"left_to":1498,"right_from":1401,"right_to":1499,"left_parity":"E","right_parity":"O","source":"Grey County road centrelines"},"geometry":{"type":"LineString","coordinates":[[-80.95188041270234,44.57477941283475],[-80.95160869209181,44.57538138678376]]}},{"type":"Feature","properties":{"road_id":"road_0e8c898c2dd607ceef2f","name":"25th Street East","road_class":3,"lane_count":2,"speed_limit_kmh":50,"left_from":290,"left_to":298,"right_from":291,"right_to":299,"left_parity":"E","right_parity":"O","source":"Grey County road centrelines"},"geometry":{"type":"LineString","coordinates":[[-80.92696393868475,44.59084747424493],[-80.92676203513811,44.59077066821545],[-80.92655361790737,44.5906324899075]]}},{"type":"Feature","properties":{"road_id":"road_277bbcf98e69cc0f0a63","name":"16th Avenue East","road_class":3,"lane_count":3,"speed_limit_kmh":50,"left_from":1400,"left_to":1598,"right_from":1401,"right_to":1599,"left_parity":"E","right_parity":"O","source":"Grey County road centrelines"},"geometry":{"type":"LineString","coordinates":[[-80.91607072320777,44.57364453267363],[-80.91635543794887,44.57480479900015]]}},{"type":"Feature","properties":{"road_id":"road_95a2fea272edc53637df","name":"17th Street East","road_class":3,"lane_count":2,"speed_limit_kmh":50,"left_from":2700,"left_to":2798,"right_from":2701,"right_to":2799,"left_parity":"E","right_parity":"O","source":"Grey County road centrelines"},"geometry":{"type":"LineString","coordinates":[[-80.89803264662575,44.57824010046604],[-80.89562685049704,44.57860698225545]]}},{"type":"Feature","properties":{"road_id":"road_108e6c31dbbc80db7d3b","name":"18th Street East","road_class":3,"lane_count":2,"speed_limit_kmh":50,"left_from":2700,"left_to":2798,"right_from":2701,"right_to":2799,"left_parity":"E","right_parity":"O","source":"Grey County road centrelines"},"geometry":{"type":"LineString","coordinates":[[-80.89855297778777,44.58033531391871],[-80.89611273396287,44.580674752699494]]}},{"type":"Feature","properties":{"road_id":"road_02a48877ba996c03f672","name":"28th Avenue East","road_class":3,"lane_count":2,"speed_limit_kmh":50,"left_from":1600,"left_to":1698,"right_from":398381,"right_to":398395,"left_parity":"E","right_parity":"O","source":"Grey County road centrelines"},"geometry":{"type":"LineString","coordinates":[[-80.8953197928582,44.57730016171341],[-80.89562685049704,44.57860698225545]]}},{"type":"Feature","properties":{"road_id":"road_67782acf415bcbe18986","name":"28th Avenue East","road_class":3,"lane_count":2,"speed_limit_kmh":50,"left_from":1700,"left_to":1798,"right_from":398397,"right_to":398419,"left_parity":"E","right_parity":"O","source":"Grey County road centrelines"},"geometry":{"type":"LineString","coordinates":[[-80.89562685049704,44.57860698225545],[-80.89611273396287,44.580674752699494]]}},{"type":"Feature","properties":{"road_id":"road_ea85d4962582825da97c","name":"28th Avenue East","road_class":4,"lane_count":2,"speed_limit_kmh":50,"left_from":2902,"left_to":3598,"right_from":398615,"right_to":398715,"left_parity":"E","right_parity":"O","source":"Grey County road centrelines"},"geometry":{"type":"LineString","coordinates":[[-80.90008079289713,44.59796662569845],[-80.90203734963708,44.60676936620779]]}},{"type":"Feature","properties":{"road_id":"road_b9cfdb6d1792f910d647","name":"22nd Street East","road_class":3,"lane_count":2,"speed_limit_kmh":50,"left_from":900,"left_to":998,"right_from":901,"right_to":999,"left_parity":"E","right_parity":"O","source":"Grey County road centrelines"},"geometry":{"type":"LineString","coordinates":[[-80.92191566999438,44.58453997494618],[-80.92100766458329,44.584368657040464],[-80.92058373792263,44.58441940819123]]}},{"type":"Feature","properties":{"road_id":"road_792140699b53e2764205","name":"22nd Street A East","road_class":3,"lane_count":2,"speed_limit_kmh":50,"left_from":900,"left_to":998,"right_from":901,"right_to":999,"left_parity":"E","right_parity":"O","source":"Grey County road centrelines"},"geometry":{"type":"LineString","coordinates":[[-80.92169649274317,44.585111307587304],[-80.92085435360534,44.58494779871786],[-80.9207083917447,44.58495917033647]]}},{"type":"Feature","properties":{"road_id":"road_f09a792680a5b8fa5c07","name":"10th Avenue East","road_class":3,"lane_count":2,"speed_limit_kmh":50,"left_from":2200,"left_to":2270,"right_from":2201,"right_to":2271,"left_parity":"E","right_parity":"O","source":"Grey County road centrelines"},"geometry":{"type":"LineString","coordinates":[[-80.92058373792263,44.58441940819123],[-80.9207083917447,44.58495917033647]]}},{"type":"Feature","properties":{"road_id":"road_fda66636d89435554437","name":"22nd Street East","road_class":3,"lane_count":2,"speed_limit_kmh":50,"left_from":1000,"left_to":1026,"right_from":1001,"right_to":1027,"left_parity":"E","right_parity":"O","source":"Grey County road centrelines"},"geometry":{"type":"LineString","coordinates":[[-80.92058373792263,44.58441940819123],[-80.92028761817068,44.58445485860256]]}},{"type":"Feature","properties":{"road_id":"road_baf5bd1e68e3d545e190","name":"8th Street East","road_class":3,"lane_count":2,"speed_limit_kmh":40,"left_from":50,"left_to":98,"right_from":51,"right_to":99,"left_parity":"E","right_parity":"O","source":"Grey County road centrelines"},"geometry":{"type":"LineString","coordinates":[[-80.94379919984743,44.56375998245322],[-80.94326914262584,44.56382355971431]]}},{"type":"Feature","properties":{"road_id":"road_0b90ec800e3ce159cf89","name":"3rd Avenue East","road_class":3,"lane_count":2,"speed_limit_kmh":50,"left_from":0,"left_to":0,"right_from":2529,"right_to":2547,"left_parity":"E","right_parity":"O","source":"Grey County road centrelines"},"geometry":{"type":"LineString","coordinates":[[-80.923710406914,44.59251938522951],[-80.92309440517421,44.592907699685284],[-80.92309305859962,44.592908548569795]]}},{"type":"Feature","properties":{"road_id":"road_529781a7296fa5f27bfd","name":"5th Avenue West","road_class":3,"lane_count":2,"speed_limit_kmh":50,"left_from":2200,"left_to":2298,"right_from":2201,"right_to":2299,"left_parity":"E","right_parity":"O","source":"Grey County road centrelines"},"geometry":{"type":"LineString","coordinates":[[-80.95035673253822,44.58417049334676],[-80.94998567532528,44.58534235560277]]}},{"type":"Feature","properties":{"road_id":"road_9d43a6ca0a10cf345325","name":"1st Avenue West","road_class":3,"lane_count":1,"speed_limit_kmh":40,"left_from":800,"left_to":898,"right_from":801,"right_to":899,"left_parity":"E","right_parity":"O","source":"Grey County road centrelines"},"geometry":{"type":"LineString","coordinates":[[-80.94479666668103,44.56366260227653],[-80.94469287982467,44.56559859527577]]}},{"type":"Feature","properties":{"road_id":"road_14b877f8294dbf911e1f","name":"14th Street East","road_class":3,"lane_count":2,"speed_limit_kmh":50,"left_from":1500,"left_to":1598,"right_from":1501,"right_to":1599,"left_parity":"E","right_parity":"O","source":"Grey County road centrelines"},"geometry":{"type":"LineString","coordinates":[[-80.91882933625757,44.57252222155638],[-80.9177680836489,44.57330600696864],[-80.91755839709866,44.57340084269117],[-80.91728226935336,44.57349197570735],[-80.91607072320777,44.57364453267363]]}},{"type":"Feature","properties":{"road_id":"road_d6a046c5c5c25ca1390b","name":"11th Street East","road_class":3,"lane_count":2,"speed_limit_kmh":50,"left_from":1400,"left_to":1498,"right_from":1401,"right_to":1499,"left_parity":"E","right_parity":"O","source":"Grey County road centrelines"},"geometry":{"type":"LineString","coordinates":[[-80.91925535329791,44.570926186983186],[-80.91844311638096,44.57101877910724]]}},{"type":"Feature","properties":{"road_id":"road_e2ec3089556f1e2f7f41","name":"20th Avenue East","road_class":3,"lane_count":2,"speed_limit_kmh":50,"left_from":1600,"left_to":1698,"right_from":1601,"right_to":1699,"left_parity":"E","right_parity":"O","source":"Grey County road centrelines"},"geometry":{"type":"LineString","coordinates":[[-80.90771741424656,44.57574170533316],[-80.90808201975914,44.577109349135505]]}},{"type":"Feature","properties":{"road_id":"road_fe98482213542df0fd37","name":"14th Avenue A East","road_class":3,"lane_count":2,"speed_limit_kmh":50,"left_from":1100,"left_to":1398,"right_from":1101,"right_to":1399,"left_parity":"E","right_parity":"O","source":"Grey County road centrelines"},"geometry":{"type":"LineString","coordinates":[[-80.91925567758973,44.57092615050639],[-80.91956992354747,44.57234306879276]]}},{"type":"Feature","properties":{"road_id":"road_3a168e8753c6bb6de5f4","name":"14th Avenue A East","road_class":3,"lane_count":2,"speed_limit_kmh":50,"left_from":1400,"left_to":1416,"right_from":1401,"right_to":1417,"left_parity":"E","right_parity":"O","source":"Grey County road centrelines"},"geometry":{"type":"LineString","coordinates":[[-80.91956992354747,44.57234306879276],[-80.9197645453504,44.573220573416485]]}},{"type":"Feature","properties":{"road_id":"road_8ff8bbeac6eb7ec93131","name":"14th Street East","road_class":3,"lane_count":2,"speed_limit_kmh":50,"left_from":1400,"left_to":1458,"right_from":1401,"right_to":1459,"left_parity":"E","right_parity":"O","source":"Grey County road centrelines"},"geometry":{"type":"LineString","coordinates":[[-80.92048656446339,44.572241871727414],[-80.91957053080861,44.572345800646495]]}},{"type":"Feature","properties":{"road_id":"road_71a54f7f836dd283b7c1","name":"14th Avenue A East","road_class":3,"lane_count":2,"speed_limit_kmh":50,"left_from":1000,"left_to":1098,"right_from":1001,"right_to":1099,"left_parity":"E","right_parity":"O","source":"Grey County road centrelines"},"geometry":{"type":"LineString","coordinates":[[-80.91921027134538,44.57072141098575],[-80.91925567758973,44.57092615050639]]}},{"type":"Feature","properties":{"road_id":"road_18155cfff89a7f0738d8","name":"14th Street East","road_class":3,"lane_count":2,"speed_limit_kmh":50,"left_from":1460,"left_to":1498,"right_from":1461,"right_to":1499,"left_parity":"E","right_parity":"O","source":"Grey County road centrelines"},"geometry":{"type":"LineString","coordinates":[[-80.91957053080861,44.572345800646495],[-80.91919020388025,44.57240830112455],[-80.918829331766,44.57252222539596]]}},{"type":"Feature","properties":{"road_id":"road_1569991e33a4931ce21b","name":"Highway 26","road_class":1,"lane_count":4,"speed_limit_kmh":80,"left_from":203311,"left_to":203449,"right_from":203310,"right_to":203450,"left_parity":"O","right_parity":"E","source":"Grey County road centrelines"},"geometry":{"type":"LineString","coordinates":[[-80.8953197928582,44.57730016171341],[-80.89442498459695,44.577376540830464],[-80.89279178632498,44.5773950485109],[-80.88989531960831,44.577368633920706],[-80.88758339293521,44.577635988870846],[-80.8781542112841,44.578704351490146]]}},{"type":"Feature","properties":{"road_id":"road_1c06ea7e422d0499d372","name":"28th Avenue East","road_class":2,"lane_count":2,"speed_limit_kmh":80,"left_from":800,"left_to":1498,"right_from":398295,"right_to":398355,"left_parity":"E","right_parity":"O","source":"Grey County road centrelines"},"geometry":{"type":"LineString","coordinates":[[-80.8935607451065,44.569606269228785],[-80.89371142941057,44.57027852051043],[-80.89371911719279,44.570312823153294],[-80.89431128662808,44.572905468316414],[-80.89476759306316,44.57490178810204]]}},{"type":"Feature","properties":{"road_id":"road_bca59ecca0638925599d","name":"Finden Street","road_class":3,"lane_count":2,"speed_limit_kmh":50,"left_from":144,"left_to":158,"right_from":145,"right_to":159,"left_parity":"E","right_parity":"O","source":"Grey County road centrelines"},"geometry":{"type":"LineString","coordinates":[[-80.9589983405185,44.58165801454466],[-80.95858727863101,44.58290268948044]]}},{"type":"Feature","properties":{"road_id":"road_f8771eb34d07b126ea6c","name":"Carney Street","road_class":3,"lane_count":2,"speed_limit_kmh":50,"left_from":160,"left_to":226,"right_from":161,"right_to":225,"left_parity":"E","right_parity":"O","source":"Grey County road centrelines"},"geometry":{"type":"LineString","coordinates":[[-80.96007637994488,44.583134267078954],[-80.95820975354802,44.58879782308494]]}},{"type":"Feature","properties":{"road_id":"road_795797e67f9bf73b93ea","name":"Somers Street","road_class":3,"lane_count":2,"speed_limit_kmh":50,"left_from":298,"left_to":340,"right_from":299,"right_to":341,"left_parity":"E","right_parity":"O","source":"Grey County road centrelines"},"geometry":{"type":"LineString","coordinates":[[-80.96140406747693,44.58930096863708],[-80.96017758234818,44.593024154110495]]}},{"type":"Feature","properties":{"road_id":"road_059e7c3791d86b2d42e9","name":"Finden Street","road_class":3,"lane_count":2,"speed_limit_kmh":50,"left_from":228,"left_to":268,"right_from":227,"right_to":269,"left_parity":"E","right_parity":"O","source":"Grey County road centrelines"},"geometry":{"type":"LineString","coordinates":[[-80.95674496603564,44.5885556750706],[-80.95551790957835,44.59226612690173]]}},{"type":"Feature","properties":{"road_id":"road_dd57fdaddb785e6c49fa","name":"Urstadt Street","road_class":3,"lane_count":2,"speed_limit_kmh":50,"left_from":374,"left_to":386,"right_from":375,"right_to":385,"left_parity":"E","right_parity":"O","source":"Grey County road centrelines"},"geometry":{"type":"LineString","coordinates":[[-80.96189106575203,44.596100541615314],[-80.9615686630915,44.597168491996015]]}},{"type":"Feature","properties":{"road_id":"road_b6beadb22db22f753273","name":"Gale Street","road_class":3,"lane_count":2,"speed_limit_kmh":50,"left_from":380,"left_to":386,"right_from":379,"right_to":385,"left_parity":"E","right_parity":"O","source":"Grey County road centrelines"},"geometry":{"type":"LineString","coordinates":[[-80.95742820667444,44.59600574355694],[-80.95724841875177,44.59647449730309]]}},{"type":"Feature","properties":{"road_id":"road_bc757819fe124fd84e2f","name":"Anderson Street","road_class":3,"lane_count":2,"speed_limit_kmh":50,"left_from":144,"left_to":158,"right_from":145,"right_to":159,"left_parity":"E","right_parity":"O","source":"Grey County road centrelines"},"geometry":{"type":"LineString","coordinates":[[-80.95746776578459,44.58142120430797],[-80.95707764542301,44.58265917393683]]}},{"type":"Feature","properties":{"road_id":"road_cade48bec34b09377f3f","name":"Finden Street","road_class":3,"lane_count":2,"speed_limit_kmh":50,"left_from":136,"left_to":142,"right_from":137,"right_to":143,"left_parity":"E","right_parity":"O","source":"Grey County road centrelines"},"geometry":{"type":"LineString","coordinates":[[-80.9592048856602,44.58098084459984],[-80.9589983405185,44.58165801454466]]}},{"type":"Feature","properties":{"road_id":"road_38ccbcd5f2aae6b8a35c","name":"Alpha Street","road_class":3,"lane_count":2,"speed_limit_kmh":50,"left_from":901,"left_to":1099,"right_from":900,"right_to":1098,"left_parity":"O","right_parity":"E","source":"Grey County road centrelines"},"geometry":{"type":"LineString","coordinates":[[-80.96026033066057,44.56765630125724],[-80.96144075646976,44.56671259468717],[-80.96194558540492,44.566502686474685],[-80.96223948182656,44.56644636454443]]}},{"type":"Feature","properties":{"road_id":"road_771a2e4522d65f38a63d","name":"8th Street A East","road_class":3,"lane_count":2,"speed_limit_kmh":50,"left_from":600,"left_to":698,"right_from":601,"right_to":699,"left_parity":"E","right_parity":"O","source":"Grey County road centrelines"},"geometry":{"type":"LineString","coordinates":[[-80.93409918691793,44.565891747673476],[-80.93244549807433,44.56607240510285]]}},{"type":"Feature","properties":{"road_id":"road_cc551bc0996d1181b505","name":"Moore's Hill","road_class":3,"lane_count":2,"speed_limit_kmh":50,"left_from":400,"left_to":498,"right_from":401,"right_to":499,"left_parity":"E","right_parity":"O","source":"Grey County road centrelines"},"geometry":{"type":"LineString","coordinates":[[-80.94718191025434,44.55698693767749],[-80.94694953495497,44.557053829718726],[-80.94633054991013,44.557384962209305],[-80.94585136428307,44.557694389306974],[-80.94542852638052,44.55808858705161]]}},{"type":"Feature","properties":{"road_id":"road_f130632a92aad3b16b87","name":"Kramer Court","road_class":3,"lane_count":2,"speed_limit_kmh":50,"left_from":341,"left_to":375,"right_from":340,"right_to":374,"left_parity":"O","right_parity":"E","source":"Grey County road centrelines"},"geometry":{"type":"LineString","coordinates":[[-80.94328860282981,44.5441780732206],[-80.94359713190909,44.54427398465125],[-80.94438255052158,44.5441914516345]]}},{"type":"Feature","properties":{"road_id":"road_ed7960e820d9fbee00c5","name":"Carney Street","road_class":3,"lane_count":2,"speed_limit_kmh":50,"left_from":100,"left_to":142,"right_from":101,"right_to":141,"left_parity":"E","right_parity":"O","source":"Grey County road centrelines"},"geometry":{"type":"LineString","coordinates":[[-80.96164819633348,44.57819167046612],[-80.96120761311082,44.579637732776604],[-80.96076262814326,44.580981266889765],[-80.9604727498859,44.58190744496717]]}},{"type":"Feature","properties":{"road_id":"road_b3eb21b19cf67f1ae923","name":"Finden Street","road_class":3,"lane_count":2,"speed_limit_kmh":50,"left_from":210,"left_to":226,"right_from":209,"right_to":225,"left_parity":"E","right_parity":"O","source":"Grey County road centrelines"},"geometry":{"type":"LineString","coordinates":[[-80.95710366153195,44.58736996403086],[-80.95674496603564,44.5885556750706]]}},{"type":"Feature","properties":{"road_id":"road_3c0395e7c036f646e1b4","name":"Carney Street","road_class":3,"lane_count":2,"speed_limit_kmh":50,"left_from":144,"left_to":158,"right_from":143,"right_to":159,"left_parity":"E","right_parity":"O","source":"Grey County road centrelines"},"geometry":{"type":"LineString","coordinates":[[-80.9604727498859,44.58190744496717],[-80.96007637994488,44.583134267078954]]}},{"type":"Feature","properties":{"road_id":"road_7818b6c87aba35e9b5d8","name":"Somers Street","road_class":3,"lane_count":2,"speed_limit_kmh":50,"left_from":342,"left_to":386,"right_from":343,"right_to":385,"left_parity":"E","right_parity":"O","source":"Grey County road centrelines"},"geometry":{"type":"LineString","coordinates":[[-80.96017758234818,44.593024154110495],[-80.95901917514489,44.596752770376135]]}},{"type":"Feature","properties":{"road_id":"road_06ad736a37c5ba8af9f8","name":"Anderson Street","road_class":3,"lane_count":2,"speed_limit_kmh":50,"left_from":100,"left_to":124,"right_from":101,"right_to":125,"left_parity":"E","right_parity":"O","source":"Grey County road centrelines"},"geometry":{"type":"LineString","coordinates":[[-80.9587010475668,44.577711558752114],[-80.95828041233334,44.578993203912866],[-80.9581601818157,44.57934687762233],[-80.95802297673247,44.57987103240751]]}},{"type":"Feature","properties":{"road_id":"road_baac30d5f35efacda88b","name":"Carney Street","road_class":3,"lane_count":2,"speed_limit_kmh":50,"left_from":300,"left_to":314,"right_from":301,"right_to":315,"left_parity":"E","right_parity":"O","source":"Grey County road centrelines"},"geometry":{"type":"LineString","coordinates":[[-80.95634720280762,44.59458669027035],[-80.95614183086568,44.59509098062736]]}},{"type":"Feature","properties":{"road_id":"road_7b846d266e5d28850953","name":"Alpha Street","road_class":3,"lane_count":2,"speed_limit_kmh":50,"left_from":401,"left_to":499,"right_from":400,"right_to":498,"left_parity":"O","right_parity":"E","source":"Grey County road centrelines"},"geometry":{"type":"LineString","coordinates":[[-80.95290774851914,44.573828498045366],[-80.95412695639578,44.57282690694874]]}},{"type":"Feature","properties":{"road_id":"road_4a433c715280295db7fb","name":"Mount Pleasant Drive","road_class":3,"lane_count":2,"speed_limit_kmh":80,"left_from":100,"left_to":200,"right_from":101,"right_to":201,"left_parity":"E","right_parity":"O","source":"Grey County road centrelines"},"geometry":{"type":"LineString","coordinates":[[-80.95045412967796,44.604067469571035],[-80.95002028831149,44.60453890269227],[-80.94930216609022,44.606306354933785]]}},{"type":"Feature","properties":{"road_id":"road_78ada45cf3b635e5428d","name":"Golf Course Road","road_class":3,"lane_count":2,"speed_limit_kmh":80,"left_from":298558,"left_to":298700,"right_from":298557,"right_to":298699,"left_parity":"E","right_parity":"O","source":"Grey County road centrelines"},"geometry":{"type":"LineString","coordinates":[[-80.95382821176658,44.607113232969766],[-80.9534668851048,44.608224598402906],[-80.95239368490284,44.61173630917728],[-80.9519172912397,44.613211713340874],[-80.95267243123719,44.61340853743023],[-80.95324751741073,44.61358741912541]]}},{"type":"Feature","properties":{"road_id":"road_884563991ded4df5ecad","name":"Concession 11","road_class":3,"lane_count":2,"speed_limit_kmh":50,"left_from":338100,"left_to":338198,"right_from":338101,"right_to":338197,"left_parity":"E","right_parity":"O","source":"Grey County road centrelines"},"geometry":{"type":"LineString","coordinates":[[-80.90643943858403,44.553886092909586],[-80.90886591303226,44.553602414819096],[-80.9103709118317,44.56000202342941]]}},{"type":"Feature","properties":{"road_id":"road_32227389a0d64d574194","name":"Grey Road 1","road_class":2,"lane_count":2,"speed_limit_kmh":60,"left_from":318456,"left_to":318594,"right_from":318455,"right_to":318595,"left_parity":"E","right_parity":"O","source":"Grey County road centrelines"},"geometry":{"type":"LineString","coordinates":[[-80.94567584335802,44.60575522970194],[-80.94567497019555,44.60580223674148],[-80.9456363516215,44.60646589029334],[-80.94562730378996,44.60663182264247],[-80.94561417760703,44.60679347721342],[-80.94559556900592,44.60708322932129],[-80.94557529223333,44.607373219812324],[-80.94556844347761,44.607480400035776],[-80.94555710494207,44.607657851432876],[-80.94553426258103,44.60801632057018],[-80.94551357348172,44.608300594098885],[-80.94551322403707,44.608305338790295],[-80.9455132195455,44.60830538419711],[-80.94549964240831,44.608489713142475],[-80.94548911415318,44.60860588628369],[-80.94547940336496,44.60873897214371],[-80.94546546600331,44.608934045661385],[-80.94544648819462,44.60917056218175],[-80.9454346501958,44.60928843061207],[-80.9454313470905,44.60932132567621],[-80.94542250766811,44.609409338443236],[-80.94540859545931,44.60957838898966],[-80.94538583664159,44.60984521337007],[-80.94536727924446,44.6100783955969],[-80.94536359345683,44.6101620284782],[-80.9453613171259,44.61021368695548],[-80.94536637284433,44.61031211023917],[-80.94537236999716,44.6104288393058],[-80.94538106209586,44.6104930363874],[-80.94538120223304,44.6104937564738],[-80.94539767284377,44.61057618264601],[-80.94541765946052,44.610658388710995],[-80.94544188702373,44.61074081337058],[-80.94546943565857,44.61082175234367],[-80.94550322938125,44.61090165776578],[-80.94550324375427,44.610901690380466],[-80.9455397090666,44.61098092293546],[-80.94558124087715,44.611059153922035],[-80.9456270064476,44.61113692883887],[-80.94570900646336,44.61125636261165],[-80.94590155764956,44.61150149457529],[-80.94600756603961,44.61163264572066],[-80.94601230465274,44.611638507338945],[-80.94613824755726,44.61179619142677],[-80.94627022085227,44.61196763312152],[-80.94637429516952,44.612112027064605],[-80.94648209480023,44.61228298117616],[-80.9466149286813,44.61252789969478],[-80.94663762282032,44.61257452651498],[-80.94663763629507,44.612574554012895],[-80.94663766144788,44.61257460645069],[-80.94665874850087,44.61262084762399],[-80.94667765444433,44.612664120913244],[-80.94676913348299,44.612906643604816],[-80.94681193551132,44.61305047183122],[-80.94685678659683,44.613233603322456],[-80.94687935676833,44.61336072185281],[-80.94688927596572,44.61343924123483],[-80.94688929123706,44.613439356340486],[-80.94689789170761,44.61351797089796],[-80.94690496055057,44.61359655145689],[-80.94690501624612,44.613597167270555],[-80.94691813883578,44.61383494950005],[-80.94693040982257,44.61409250185322],[-80.94693672857227,44.61424463126241],[-80.94694083926302,44.614343581029615],[-80.9469430536102,44.614396917581495],[-80.94695321175942,44.6146856712871],[-80.94696048901154,44.6149351812233],[-80.94696107381479,44.615106929543636],[-80.94695984851275,44.61519807263552],[-80.94695984761444,44.615198173669654],[-80.94695984581779,44.61519823313912],[-80.94695984491948,44.615198309234444],[-80.94695939306689,44.615222678918165],[-80.94695217240864,44.615290116577214],[-80.94695056442427,44.61530514889592],[-80.94693795567096,44.615381267055035],[-80.94693295924135,44.615411434593454],[-80.94691858529848,44.61547212771728],[-80.94689822857583,44.61555808555468],[-80.94689586690495,44.61556424731944],[-80.94683680447164,44.6157184197552],[-80.946751596572,44.61590488459256],[-80.94668560902618,44.61604181471018],[-80.94660083052123,44.61621458414906],[-80.94656845613672,44.616280223816744],[-80.94651320795012,44.616392241618826],[-80.9464879814603,44.61644339003409],[-80.9463928489734,44.61663555187888],[-80.9463068038439,44.61682356440998],[-80.94626418776683,44.616929420184114],[-80.9462620875057,44.61693560098648],[-80.94619354604953,44.61713732907194],[-80.94618141340328,44.617184366544954],[-80.94617011529196,44.617231106643],[-80.94613996872936,44.617374841032856],[-80.94609724575275,44.61759407775057],[-80.9460737449266,44.61770715319124],[-80.94607069694284,44.617721814015574]]}},{"type":"Feature","properties":{"road_id":"road_716069a1abfdc51745a0","name":"East Bay Shore Road","road_class":2,"lane_count":2,"speed_limit_kmh":50,"left_from":2700,"left_to":2798,"right_from":2701,"right_to":2799,"left_parity":"E","right_parity":"O","source":"Grey County road centrelines"},"geometry":{"type":"LineString","coordinates":[[-80.92389274425541,44.592941399814066],[-80.9238679273974,44.593158149496674],[-80.92386711621869,44.593165284701065],[-80.92380225246528,44.5938244966595],[-80.92375562271552,44.59430447403146],[-80.92371238859752,44.5947354798155],[-80.92370081560172,44.594873686749224]]}},{"type":"Feature","properties":{"road_id":"road_d9a02081840d885b2b6f","name":"East Bay Shore Road","road_class":2,"lane_count":2,"speed_limit_kmh":50,"left_from":2800,"left_to":3198,"right_from":2801,"right_to":3199,"left_parity":"E","right_parity":"O","source":"Grey County road centrelines"},"geometry":{"type":"LineString","coordinates":[[-80.92370081560172,44.594873686749224],[-80.92370047064865,44.59487780501091],[-80.92369139227438,44.59498623583233],[-80.9236785805018,44.59509579612251],[-80.9236562645535,44.59533607014669],[-80.92362029870448,44.595816149534876],[-80.92359869062864,44.596024410980775],[-80.92357856746796,44.59611729256754],[-80.9235584568837,44.59619969372374],[-80.92355465790835,44.596210667188025],[-80.92353369302626,44.596271230694946],[-80.92349422105268,44.596375057175216],[-80.92341365834136,44.596542214514656],[-80.92335557507171,44.596646586141404],[-80.9232238551016,44.59688327550561],[-80.92297257475708,44.597325764410066],[-80.9227553989523,44.597690625995305],[-80.92250749178166,44.59809776774651],[-80.92233375221582,44.59838500657933],[-80.92216068458981,44.598666528182335],[-80.92214310006813,44.59869553514415],[-80.92184300347442,44.5991905458714],[-80.92161841387362,44.59956975477177],[-80.92138886467411,44.59994937247574],[-80.92121778591815,44.60023327612441],[-80.92093312058438,44.6006884090389],[-80.92093048133408,44.600692003042816],[-80.92072369454557,44.600973714306505],[-80.92028421355575,44.60150877191704],[-80.92010938792673,44.60171235663553],[-80.92010693193274,44.601715216949145],[-80.9200957748569,44.60172820924396]]}},{"type":"Feature","properties":{"road_id":"road_67b7ba9ff584ce30f654","name":"Story Book Park Road","road_class":3,"lane_count":2,"speed_limit_kmh":80,"left_from":123001,"left_to":123277,"right_from":123000,"right_to":123276,"left_parity":"O","right_parity":"E","source":"Grey County road centrelines"},"geometry":{"type":"LineString","coordinates":[[-80.92159192345419,44.54001541956287],[-80.9036420865859,44.542186652159955],[-80.88773612180488,44.54407437248178]]}},{"type":"Feature","properties":{"road_id":"road_d7acdd557659917b2065","name":"Sideroad 21","road_class":3,"lane_count":2,"speed_limit_kmh":50,"left_from":243035,"left_to":243145,"right_from":243034,"right_to":243144,"left_parity":"O","right_parity":"E","source":"Grey County road centrelines"},"geometry":{"type":"LineString","coordinates":[[-80.89484208316316,44.593623575495656],[-80.88191774718437,44.59510428720588]]}},{"type":"Feature","properties":{"road_id":"road_7478f75fc87526b32aec","name":"Concession 3 Derby","road_class":3,"lane_count":2,"speed_limit_kmh":60,"left_from":218000,"left_to":218120,"right_from":218001,"right_to":218121,"left_parity":"E","right_parity":"O","source":"Grey County road centrelines"},"geometry":{"type":"LineString","coordinates":[[-80.95531495140958,44.53630519559601],[-80.95774925647214,44.54707428662662]]}},{"type":"Feature","properties":{"road_id":"road_13f25638c3ebc7792873","name":"Range Road","road_class":3,"lane_count":2,"speed_limit_kmh":60,"left_from":298432,"left_to":298556,"right_from":298433,"right_to":298555,"left_parity":"E","right_parity":"O","source":"Grey County road centrelines"},"geometry":{"type":"LineString","coordinates":[[-80.9572178877102,44.596469699193044],[-80.95681887941721,44.59765534548769],[-80.95439260978486,44.605271819709856],[-80.95382821176658,44.607113232969766]]}},{"type":"Feature","properties":{"road_id":"road_59ffb102ddab948cf722","name":"Grey Road 17A","road_class":2,"lane_count":2,"speed_limit_kmh":80,"left_from":178282,"left_to":178456,"right_from":178281,"right_to":178457,"left_parity":"E","right_parity":"O","source":"Grey County road centrelines"},"geometry":{"type":"LineString","coordinates":[[-80.95382821176658,44.607113232969766],[-80.9538290723526,44.60711339541437],[-80.95388202803862,44.607123409417945],[-80.95388221848145,44.607123445872034],[-80.95400134317298,44.60714597193769],[-80.95401049431077,44.60714768080246],[-80.95401305989921,44.60714815982177],[-80.97869872348264,44.61121784231943]]}},{"type":"Feature","properties":{"road_id":"road_3c1bd650163818bff723","name":"Somers Street","road_class":3,"lane_count":2,"speed_limit_kmh":50,"left_from":172,"left_to":214,"right_from":173,"right_to":215,"left_parity":"E","right_parity":"O","source":"Grey County road centrelines"},"geometry":{"type":"LineString","coordinates":[[-80.96484460962522,44.5787221523446],[-80.96364345608916,44.58243407835397]]}},{"type":"Feature","properties":{"road_id":"road_e994f0c02986afaf5551","name":"Somers Street","road_class":3,"lane_count":2,"speed_limit_kmh":50,"left_from":216,"left_to":296,"right_from":217,"right_to":297,"left_parity":"E","right_parity":"O","source":"Grey County road centrelines"},"geometry":{"type":"LineString","coordinates":[[-80.96364345608916,44.58243407835397],[-80.96140406747693,44.58930096863708]]}},{"type":"Feature","properties":{"road_id":"road_d95ba4ab21b28cada5d2","name":"9th Avenue East","road_class":1,"lane_count":2,"speed_limit_kmh":80,"left_from":800,"left_to":898,"right_from":801,"right_to":899,"left_parity":"E","right_parity":"O","source":"Grey County road centrelines"},"geometry":{"type":"LineString","coordinates":[[-80.92765937664848,44.56640199892212],[-80.92793991242688,44.567513651495574]]}},{"type":"Feature","properties":{"road_id":"road_5873ad85f56bfb25192e","name":"Finden Street","road_class":3,"lane_count":2,"speed_limit_kmh":60,"left_from":270,"left_to":298,"right_from":271,"right_to":297,"left_parity":"E","right_parity":"O","source":"Grey County road centrelines"},"geometry":{"type":"LineString","coordinates":[[-80.95551790957835,44.59226612690173],[-80.95478048705318,44.59449651913901],[-80.95480507573916,44.59461758825315]]}},{"type":"Feature","properties":{"road_id":"road_70ff77360531ba23a28d","name":"McMillan Street","road_class":3,"lane_count":2,"speed_limit_kmh":50,"left_from":374,"left_to":386,"right_from":375,"right_to":385,"left_parity":"E","right_parity":"O","source":"Grey County road centrelines"},"geometry":{"type":"LineString","coordinates":[[-80.96311437982783,44.596328655945754],[-80.96313075701377,44.596387238931044],[-80.96283035409456,44.597368277673034]]}},{"type":"Feature","properties":{"road_id":"road_118d594c05657e69bfbd","name":"Aiken Street","road_class":3,"lane_count":2,"speed_limit_kmh":50,"left_from":374,"left_to":386,"right_from":375,"right_to":385,"left_parity":"E","right_parity":"O","source":"Grey County road centrelines"},"geometry":{"type":"LineString","coordinates":[[-80.9606886096588,44.59591992373582],[-80.96060351854014,44.59597600603063],[-80.96030281738024,44.596963212894984]]}},{"type":"Feature","properties":{"road_id":"road_84fb57dd96d24412f19a","name":"Edmonstone Street","road_class":3,"lane_count":2,"speed_limit_kmh":50,"left_from":157,"left_to":167,"right_from":158,"right_to":166,"left_parity":"O","right_parity":"E","source":"Grey County road centrelines"},"geometry":{"type":"LineString","coordinates":[[-80.96311437982783,44.596328655945754],[-80.9630312290702,44.59626328989397],[-80.96189106575203,44.596100541615314]]}},{"type":"Feature","properties":{"road_id":"road_588919d5b1a8e960a26e","name":"Edmonstone Street","road_class":3,"lane_count":2,"speed_limit_kmh":50,"left_from":169,"left_to":177,"right_from":168,"right_to":178,"left_parity":"O","right_parity":"E","source":"Grey County road centrelines"},"geometry":{"type":"LineString","coordinates":[[-80.96189106575203,44.596100541615314],[-80.96080858595319,44.595905808802456],[-80.9606886096588,44.59591992373582]]}},{"type":"Feature","properties":{"road_id":"road_7c381c83717235d69267","name":"Grey Road 1","road_class":2,"lane_count":2,"speed_limit_kmh":60,"left_from":318320,"left_to":318454,"right_from":318319,"right_to":318453,"left_parity":"E","right_parity":"O","source":"Grey County road centrelines"},"geometry":{"type":"LineString","coordinates":[[-80.94431690433555,44.59436983780888],[-80.94440488892775,44.594643313744236],[-80.94445563116487,44.594803701203226],[-80.9445129427817,44.59499002081325],[-80.94452676336235,44.59503495249073],[-80.94456830146108,44.595213396301546],[-80.94457502984255,44.59524230199929],[-80.94458894115304,44.59534068284451],[-80.94458895822105,44.59534114277096],[-80.9445917942024,44.59541664869916],[-80.94459362227398,44.595456769699254],[-80.94459480535521,44.59548276348174],[-80.94459304555558,44.59563405312927],[-80.94457639707842,44.59591336713026],[-80.94456210128898,44.59615322263058],[-80.94456706717587,44.59627578702801],[-80.94456824217227,44.596284890737856],[-80.94457934265424,44.59637092494704],[-80.94458378033173,44.59640531198504],[-80.94460311836485,44.59650725186157],[-80.94464803951897,44.59666616487575],[-80.94483390634113,44.59709257384709],[-80.94486631845488,44.59716210631929],[-80.94488867213242,44.59721005932491],[-80.94496291160246,44.597369320946854],[-80.94505170108513,44.59760260314845],[-80.94510003943059,44.59778141326886],[-80.94511258170859,44.59784102718082],[-80.94512089471822,44.59788053372503],[-80.94513523093183,44.597977534864455],[-80.94515151828625,44.598094591270225],[-80.94521137572858,44.59853409854334],[-80.94531103931777,44.599227145648136],[-80.94535326462771,44.59952707489704],[-80.94538955297192,44.59975861696672],[-80.9454215958781,44.599915229952884],[-80.94542191118677,44.599916768250516],[-80.9454635202524,44.600074278201554],[-80.94551882413457,44.600259060533006],[-80.94552108519413,44.600264976387564],[-80.9455527391298,44.60034776694713],[-80.94562713939827,44.600558424789526],[-80.94569156477381,44.600739958891836],[-80.94579257493761,44.601016786480365],[-80.94584078482399,44.60116008257141],[-80.94589488765858,44.60133275876542],[-80.94592014828439,44.60141337953128],[-80.94593509804734,44.60146983900944],[-80.94595416029766,44.601586859597276],[-80.94596126597155,44.60165319250064],[-80.945962837125,44.60166784970254],[-80.9459696786942,44.60184191552526],[-80.94596573059852,44.60190346774531],[-80.94596572071706,44.60190363084405],[-80.94593299688788,44.60238729720062],[-80.94591572677655,44.60258463255202],[-80.94590348633248,44.60275207711397],[-80.94588153420189,44.60305367796392],[-80.94585410953457,44.60341607571138],[-80.94583977421927,44.60359358237658],[-80.94581992324812,44.60387720151246],[-80.94580093555797,44.604128069659204],[-80.94577690113255,44.60442698994165],[-80.94576452324624,44.604572928653866],[-80.94575965707234,44.60469119783212],[-80.9457445797486,44.604876258402655],[-80.94572233386893,44.60513363878733],[-80.94569281343205,44.60561391735437],[-80.94567584335802,44.60575522970194]]}},{"type":"Feature","properties":{"road_id":"road_a12b2160d98e2270400d","name":"Carney Street","road_class":3,"lane_count":2,"speed_limit_kmh":50,"left_from":300,"left_to":314,"right_from":301,"right_to":315,"left_parity":"E","right_parity":"O","source":"Grey County road centrelines"},"geometry":{"type":"LineString","coordinates":[[-80.95614183086568,44.59509098062736],[-80.95616808502817,44.59516971852914],[-80.95581540734594,44.596023267255056],[-80.95582334396147,44.59610711483103],[-80.95590328863186,44.59619289535609],[-80.95605791294676,44.59626917673079]]}},{"type":"Feature","properties":{"road_id":"road_e44dbe5cd66d2b019ac7","name":"8th Street East","road_class":2,"lane_count":4,"speed_limit_kmh":50,"left_from":900,"left_to":988,"right_from":901,"right_to":989,"left_parity":"E","right_parity":"O","source":"Grey County road centrelines"},"geometry":{"type":"LineString","coordinates":[[-80.92746644457658,44.565637458773466],[-80.92574857739416,44.56583822515113],[-80.92514926186077,44.5659089828509],[-80.925148852229,44.56590903085083],[-80.92514868693898,44.565909050690806],[-80.9250376560682,44.56592221995009]]}},{"type":"Feature","properties":{"road_id":"road_97993270153eeff3686c","name":"16th Street East","road_class":1,"lane_count":4,"speed_limit_kmh":60,"left_from":2000,"left_to":2698,"right_from":2001,"right_to":2699,"left_parity":"E","right_parity":"O","source":"Grey County road centrelines"},"geometry":{"type":"LineString","coordinates":[[-80.90771741424656,44.57574170533316],[-80.89806169724372,44.57695561108655]]}},{"type":"Feature","properties":{"road_id":"road_059d1847ba55cd8b4891","name":"Highway 6 & 21","road_class":1,"lane_count":4,"speed_limit_kmh":80,"left_from":202277,"left_to":202535,"right_from":202276,"right_to":202534,"left_parity":"O","right_parity":"E","source":"Grey County road centrelines"},"geometry":{"type":"LineString","coordinates":[[-80.99084450128278,44.558870602567964],[-80.99002619355112,44.558812166754706],[-80.98964440506381,44.558777832366694],[-80.98914468035608,44.558737769260894],[-80.98822819035713,44.55865764552696],[-80.98754058031281,44.55856896381612],[-80.98709183859071,44.55849888463523],[-80.98660612310985,44.558408790662476],[-80.98546555734643,44.5581501875289],[-80.9826766387322,44.557665376605904],[-80.98164159087868,44.5574665247022],[-80.98101303877606,44.55734628714686],[-80.98082246747676,44.55731253437907],[-80.9806302711251,44.55728387994023],[-80.98041965212357,44.55725854693634],[-80.98020777098908,44.557239336425056],[-80.97999497447132,44.557226278496955],[-80.97978161291324,44.55721939747978],[-80.97956803665781,44.55721870297703],[-80.9793545969463,44.557224196269225],[-80.97914164412168,44.557235869033356],[-80.97892952673027,44.5572537001426],[-80.97871859421673,44.55727766270734],[-80.97850919333074,44.55730771575394],[-80.97830166633042,44.55734381126607],[-80.97808150901724,44.55738918426151],[-80.9778643179411,44.557441356281544],[-80.97765050453043,44.55750022873375],[-80.97744047033216,44.557565690862106],[-80.97664290559874,44.55782915806165],[-80.96792773457983,44.56132007575941],[-80.96729795537856,44.56158096705225],[-80.96653435774265,44.56188638628623],[-80.96629973126517,44.56195035282068],[-80.96609813673898,44.56202914841397],[-80.96576125952429,44.562275128099635],[-80.96528258414031,44.562624669012926],[-80.96282444677325,44.565277930748934],[-80.96244482142913,44.56570217510506],[-80.962145475827,44.56599466842271],[-80.96213901873674,44.566000977523906]]}},{"type":"Feature","properties":{"road_id":"road_11670fad9b7f8357fa53","name":"Grey Road 17B","road_class":2,"lane_count":2,"speed_limit_kmh":50,"left_from":100,"left_to":160,"right_from":101,"right_to":159,"left_parity":"E","right_parity":"O","source":"Grey County road centrelines"},"geometry":{"type":"LineString","coordinates":[[-80.96223948182656,44.56644636454443],[-80.96231207737961,44.566575626378054],[-80.9623988456529,44.566713586032016],[-80.9625255817698,44.5668045983291],[-80.96264692350343,44.56689173535504],[-80.96265124080671,44.566894836098044],[-80.96266260808831,44.56690299850725],[-80.9626861295757,44.566922345345155],[-80.96271626086696,44.566948696201706],[-80.96274155023883,44.56697148103673],[-80.9627631349585,44.56699244125951],[-80.96283953487678,44.56709029969163],[-80.96297792393955,44.567442872068355],[-80.96309045859014,44.56772200795043],[-80.96323608627746,44.56808322320298],[-80.9634597533085,44.568428080466866],[-80.96361654076661,44.5685767411417],[-80.96362721454881,44.56859408367844],[-80.96369743315962,44.568641473402316],[-80.96412321573969,44.56895434508638],[-80.96433507172134,44.56907179976689],[-80.96441240858246,44.56912399202927],[-80.96456478441422,44.569202429766385],[-80.96458023274216,44.569207718419],[-80.9646654756761,44.56924594338279],[-80.96478273187182,44.56927704618471],[-80.96499175456708,44.56932438479524],[-80.96525162370403,44.56938078969353],[-80.96534420856881,44.56940420777685],[-80.96548254552928,44.56945167875561],[-80.96559726667928,44.56950691048473],[-80.96568303333103,44.56955718439985],[-80.96578961484623,44.56963820250356],[-80.96581774558936,44.56966110147751],[-80.96585455765138,44.56969598364595],[-80.96591866232836,44.569763888846026],[-80.96602224526715,44.569967748600284]]}},{"type":"Feature","properties":{"road_id":"road_a881c5b9daa9013f9414","name":"Alpha Street","road_class":3,"lane_count":2,"speed_limit_kmh":50,"left_from":801,"left_to":895,"right_from":800,"right_to":894,"left_parity":"O","right_parity":"E","source":"Grey County road centrelines"},"geometry":{"type":"LineString","coordinates":[[-80.95794875702539,44.56959923544578],[-80.9597311870256,44.56811641742428]]}},{"type":"Feature","properties":{"road_id":"road_07ad43a2d4b600deff7f","name":"Alpha Street","road_class":3,"lane_count":2,"speed_limit_kmh":50,"left_from":897,"left_to":899,"right_from":896,"right_to":898,"left_parity":"O","right_parity":"E","source":"Grey County road centrelines"},"geometry":{"type":"LineString","coordinates":[[-80.9597311870256,44.56811641742428],[-80.96026033066057,44.56765630125724]]}},{"type":"Feature","properties":{"road_id":"road_0fff85cd456570220bd9","name":"Alpha Street","road_class":3,"lane_count":2,"speed_limit_kmh":50,"left_from":795,"left_to":799,"right_from":796,"right_to":798,"left_parity":"O","right_parity":"E","source":"Grey County road centrelines"},"geometry":{"type":"LineString","coordinates":[[-80.95775971735362,44.56976121958673],[-80.95794875702539,44.56959923544578]]}},{"type":"Feature","properties":{"road_id":"road_2d9464cefb9f2e39a164","name":"Alpha Street","road_class":3,"lane_count":2,"speed_limit_kmh":50,"left_from":639,"left_to":699,"right_from":600,"right_to":698,"left_parity":"O","right_parity":"E","source":"Grey County road centrelines"},"geometry":{"type":"LineString","coordinates":[[-80.95570562693001,44.57147993929129],[-80.9572556492915,44.570184154540804]]}},{"type":"Feature","properties":{"road_id":"road_969a6b1a96d1b06ef028","name":"Alpha Street","road_class":3,"lane_count":2,"speed_limit_kmh":50,"left_from":701,"left_to":793,"right_from":700,"right_to":794,"left_parity":"O","right_parity":"E","source":"Grey County road centrelines"},"geometry":{"type":"LineString","coordinates":[[-80.9572556492915,44.570184154540804],[-80.95775971735362,44.56976121958673]]}},{"type":"Feature","properties":{"road_id":"road_a560884f822778cfd388","name":"Alpha Street","road_class":3,"lane_count":2,"speed_limit_kmh":50,"left_from":501,"left_to":599,"right_from":500,"right_to":546,"left_parity":"O","right_parity":"E","source":"Grey County road centrelines"},"geometry":{"type":"LineString","coordinates":[[-80.95412695639578,44.57282690694874],[-80.95486122763091,44.572190806619766]]}},{"type":"Feature","properties":{"road_id":"road_3c28aed5d4e3b0f7c197","name":"Alpha Street","road_class":3,"lane_count":2,"speed_limit_kmh":50,"left_from":601,"left_to":637,"right_from":548,"right_to":598,"left_parity":"O","right_parity":"E","source":"Grey County road centrelines"},"geometry":{"type":"LineString","coordinates":[[-80.95486122763091,44.572190806619766],[-80.95570562693001,44.57147993929129]]}},{"type":"Feature","properties":{"road_id":"road_f7b55472fa94838ae4f3","name":"7th Avenue East","road_class":3,"lane_count":2,"speed_limit_kmh":50,"left_from":800,"left_to":838,"right_from":801,"right_to":837,"left_parity":"E","right_parity":"O","source":"Grey County road centrelines"},"geometry":{"type":"LineString","coordinates":[[-80.93223160830686,44.565122452601464],[-80.93244549807433,44.56607240510285]]}},{"type":"Feature","properties":{"road_id":"road_409adb8fa7fe3c113dd7","name":"7th Avenue East","road_class":3,"lane_count":2,"speed_limit_kmh":50,"left_from":840,"left_to":898,"right_from":839,"right_to":899,"left_parity":"E","right_parity":"O","source":"Grey County road centrelines"},"geometry":{"type":"LineString","coordinates":[[-80.93244549807433,44.56607240510285],[-80.93267570843388,44.56696737743753]]}},{"type":"Feature","properties":{"road_id":"road_f47e2b4f04db43d2754f","name":"Beattie Street","road_class":3,"lane_count":2,"speed_limit_kmh":50,"left_from":301,"left_to":399,"right_from":300,"right_to":398,"left_parity":"O","right_parity":"E","source":"Grey County road centrelines"},"geometry":{"type":"LineString","coordinates":[[-80.94524708825269,44.553761767750316],[-80.94642645404987,44.55362976327673]]}},{"type":"Feature","properties":{"road_id":"road_03c877f0f3c079f2265b","name":"Beattie Street","road_class":3,"lane_count":2,"speed_limit_kmh":50,"left_from":171,"left_to":199,"right_from":170,"right_to":198,"left_parity":"O","right_parity":"E","source":"Grey County road centrelines"},"geometry":{"type":"LineString","coordinates":[[-80.94218325551712,44.55411478961959],[-80.9431427757165,44.55399855683395]]}},{"type":"Feature","properties":{"road_id":"road_1c03884f6bdc02fc9326","name":"Grey Road 17A","road_class":2,"lane_count":2,"speed_limit_kmh":80,"left_from":178240,"left_to":178280,"right_from":178241,"right_to":178279,"left_parity":"E","right_parity":"O","source":"Grey County road centrelines"},"geometry":{"type":"LineString","coordinates":[[-80.94930216609022,44.606306354933785],[-80.95382821176658,44.607113232969766]]}},{"type":"Feature","properties":{"road_id":"road_62ff722cc0a7fed54992","name":"Grey Road 17A","road_class":2,"lane_count":2,"speed_limit_kmh":80,"left_from":178210,"left_to":178238,"right_from":178211,"right_to":178239,"left_parity":"E","right_parity":"O","source":"Grey County road centrelines"},"geometry":{"type":"LineString","coordinates":[[-80.94567584335802,44.60575522970194],[-80.9456958964501,44.60575804504728],[-80.94576576741291,44.60576785718349],[-80.94576705649533,44.60576803881862],[-80.94930216609022,44.606306354933785]]}},{"type":"Feature","properties":{"road_id":"road_97d538e2b12031487600","name":"Beattie Street","road_class":3,"lane_count":2,"speed_limit_kmh":50,"left_from":201,"left_to":257,"right_from":200,"right_to":258,"left_parity":"O","right_parity":"E","source":"Grey County road centrelines"},"geometry":{"type":"LineString","coordinates":[[-80.9431427757165,44.55399855683395],[-80.94438027508896,44.55387381903017]]}},{"type":"Feature","properties":{"road_id":"road_6a75d89c4d6bccfe2d02","name":"Beattie Street","road_class":3,"lane_count":2,"speed_limit_kmh":50,"left_from":259,"left_to":299,"right_from":260,"right_to":298,"left_parity":"O","right_parity":"E","source":"Grey County road centrelines"},"geometry":{"type":"LineString","coordinates":[[-80.94438027508896,44.55387381903017],[-80.94524708825269,44.553761767750316]]}},{"type":"Feature","properties":{"road_id":"road_eb905afb7c90f34fdfdd","name":"Highway 6 & 10","road_class":1,"lane_count":2,"speed_limit_kmh":80,"left_from":318000,"left_to":318124,"right_from":318001,"right_to":318125,"left_parity":"E","right_parity":"O","source":"Grey County road centrelines"},"geometry":{"type":"LineString","coordinates":[[-80.92159192345419,44.54001541956287],[-80.92406522438324,44.550862526870894]]}},{"type":"Feature","properties":{"road_id":"road_32959f0a2c84a6e10fe8","name":"Highway 6 & 10","road_class":1,"lane_count":2,"speed_limit_kmh":80,"left_from":100,"left_to":298,"right_from":318127,"right_to":318209,"left_parity":"E","right_parity":"O","source":"Grey County road centrelines"},"geometry":{"type":"LineString","coordinates":[[-80.92406522438324,44.550862526870894],[-80.9240677612256,44.550873661892645],[-80.92574783808068,44.558239542605726]]}},{"type":"Feature","properties":{"road_id":"road_c38878827a7c0687311c","name":"East Bay Shore Road","road_class":2,"lane_count":2,"speed_limit_kmh":50,"left_from":3200,"left_to":3600,"right_from":3201,"right_to":3601,"left_parity":"E","right_parity":"O","source":"Grey County road centrelines"},"geometry":{"type":"LineString","coordinates":[[-80.9200957748569,44.60172820924396],[-80.92006515488215,44.60176386656404],[-80.91995298854081,44.601898081009246],[-80.9198781436063,44.60198763687084],[-80.91964305898802,44.602256439222266],[-80.91943803379577,44.60248562693334],[-80.91916891560464,44.60276945870653],[-80.91868745723991,44.6032621769796],[-80.91832052419245,44.603632257387844],[-80.9182507978584,44.60369949296595],[-80.91816476530533,44.603782451318594],[-80.91790386130916,44.604034028528595],[-80.91756866304571,44.604354013732525],[-80.91724809923659,44.60469601764829],[-80.91711918829836,44.604845127954604],[-80.91702300208765,44.604959391595955],[-80.91686693956996,44.60516391525878],[-80.91646112653866,44.60572250018318],[-80.91640631583161,44.6057936647182],[-80.91628005402515,44.605952208891274],[-80.91620858316284,44.60603438056904],[-80.91610573953753,44.606138157625665],[-80.91602989028652,44.606209742478974],[-80.9160113813984,44.60622721193523],[-80.91597586740197,44.60626072910132],[-80.91593993389229,44.606293287555765],[-80.9157539493908,44.60645723138877],[-80.9154116589282,44.60675208877947],[-80.91457560857138,44.60747666831087],[-80.91405806578001,44.607922660502524],[-80.91403551177817,44.6079420966578],[-80.91379114217311,44.60814192267278],[-80.91354552121486,44.60833471634509],[-80.9133772523891,44.608468382241206]]}},{"type":"Feature","properties":{"road_id":"road_3a45302e65b2df4a725a","name":"Eddie Sargent Parkway","road_class":2,"lane_count":4,"speed_limit_kmh":50,"left_from":1800,"left_to":1898,"right_from":1801,"right_to":1899,"left_parity":"E","right_parity":"O","source":"Grey County road centrelines"},"geometry":{"type":"LineString","coordinates":[[-80.9471100324552,44.57841122271788],[-80.94718073885122,44.57861818299222],[-80.94723240275984,44.57876940456477],[-80.94729992642482,44.5789617383902],[-80.94739694806874,44.57923810281602],[-80.94744405123068,44.57937355173319],[-80.94744411051948,44.579373719374104],[-80.94749368045517,44.579516262625226],[-80.94751518252981,44.57957679554047],[-80.94751521307253,44.57957688192001],[-80.94756049804433,44.57970437098833],[-80.94761970690301,44.579875446701024],[-80.94761972037773,44.5798754863714]]}},{"type":"Feature","properties":{"road_id":"road_7c1ae2650fd3432e57fb","name":"Eddie Sargent Parkway","road_class":2,"lane_count":4,"speed_limit_kmh":50,"left_from":1900,"left_to":1998,"right_from":1901,"right_to":1999,"left_parity":"E","right_parity":"O","source":"Grey County road centrelines"},"geometry":{"type":"LineString","coordinates":[[-80.94761972037773,44.5798754863714],[-80.94761973205583,44.57987552028321],[-80.94761976798846,44.5798756239382],[-80.94762332531697,44.579885904333054],[-80.94770709052227,44.580130329191874],[-80.94773969846878,44.580226196726855],[-80.94780282218547,44.58041177606704],[-80.94788356994972,44.58067963849149],[-80.94788813878127,44.58069877343983],[-80.94790285588056,44.580760405001406],[-80.94791821258035,44.58082471932564],[-80.94792640252079,44.58085901766743],[-80.94795622928318,44.58104796690503],[-80.94795793787884,44.58106142002127],[-80.9479642997477,44.581111523350344]]}},{"type":"Feature","properties":{"road_id":"road_ebb507627038791a9c35","name":"Eddie Sargent Parkway","road_class":2,"lane_count":4,"speed_limit_kmh":50,"left_from":2000,"left_to":2198,"right_from":2001,"right_to":2199,"left_parity":"E","right_parity":"O","source":"Grey County road centrelines"},"geometry":{"type":"LineString","coordinates":[[-80.9479642997477,44.581111523350344],[-80.94796622393902,44.58112667712433],[-80.94797310772904,44.58118088683277],[-80.94797897552449,44.581328808538316],[-80.94797987114482,44.58144528488371],[-80.94797168389933,44.58165651159393],[-80.94796459080183,44.58172005905623],[-80.94794950988485,44.581855155407],[-80.94793142140828,44.581957333226626],[-80.94790731781258,44.58207737147696],[-80.94787620735768,44.58220512506624],[-80.94783106252305,44.582373744837625],[-80.94779598061628,44.58247048330304],[-80.94779540479617,44.58247209500161],[-80.9477714853551,44.58253894622259],[-80.9477578911499,44.582576939128515],[-80.94770808136403,44.58269476618073],[-80.94770678868834,44.58269782257386],[-80.94766971880982,44.58278069702462],[-80.94763366582421,44.582844707122334],[-80.9474837495797,44.58311227426227],[-80.947356754748,44.5833389270694],[-80.94727861389468,44.5835039600021],[-80.9472499863832,44.58357805070609],[-80.94724554151918,44.58358955119333]]}},{"type":"Feature","properties":{"road_id":"road_6216bc11b78b9a9f231a","name":"Eddie Sargent Parkway","road_class":2,"lane_count":4,"speed_limit_kmh":50,"left_from":1500,"left_to":1798,"right_from":1501,"right_to":1799,"left_parity":"E","right_parity":"O","source":"Grey County road centrelines"},"geometry":{"type":"LineString","coordinates":[[-80.94776759654823,44.57544670657251],[-80.94773159746154,44.57565462571813],[-80.94772030923167,44.575698379585575],[-80.94771755140376,44.57570906960956],[-80.94771455462397,44.575718217493936],[-80.94770882067752,44.575735717873926],[-80.94767143728697,44.57584982247483],[-80.94763938000773,44.57592197959054],[-80.94759081079528,44.576012566670784],[-80.9475904775203,44.57601317264462],[-80.9475337309438,44.576116154830416],[-80.94747666277041,44.576206881103296],[-80.9472407759566,44.576512849351694],[-80.94720240621587,44.5765626168232],[-80.94719452888914,44.57657308848862],[-80.94710030639561,44.57669834008278],[-80.94703386879382,44.576804031583514],[-80.94700636327815,44.57684778650578],[-80.94699930341834,44.576859017655714],[-80.94698516752902,44.57688150618408],[-80.94693908934484,44.57697838112356],[-80.94690802290738,44.57705940104694],[-80.94686992176291,44.57717943277291],[-80.94686576346146,44.57720307999061],[-80.94686242622018,44.57722206315306],[-80.94685833169912,44.57724535458332],[-80.94685484713415,44.57726517596705],[-80.94684676768647,44.57735392323918],[-80.94684365412569,44.57747968760833],[-80.94685356344158,44.57757630496309],[-80.94685542295423,44.577588563604415],[-80.94685570861849,44.57759044162445],[-80.94685600596084,44.57759240986621],[-80.94687145339047,44.577694218934106],[-80.94690035758305,44.57779284447904],[-80.94693225406385,44.577898331792326],[-80.94709459131379,44.57836612590176],[-80.94709678949128,44.578372462454766],[-80.9471100324552,44.57841122271788]]}},{"type":"Feature","properties":{"road_id":"road_7116b7ab7432096b86ef","name":"2nd Avenue W","road_class":2,"lane_count":4,"speed_limit_kmh":50,"left_from":1400,"left_to":1498,"right_from":1401,"right_to":1499,"left_parity":"E","right_parity":"O","source":"Grey County road centrelines"},"geometry":{"type":"LineString","coordinates":[[-80.94746257000025,44.57339250009741],[-80.9474749146489,44.57345765830172],[-80.94748487337212,44.57351022353862],[-80.94752586080358,44.573692743130934],[-80.94755303394263,44.573813739754684],[-80.94758110360031,44.57393361500307],[-80.94758436089153,44.57394794964248],[-80.94763087206367,44.57415258501791],[-80.94769640596027,44.574452172703886],[-80.9477574033647,44.57474592614157],[-80.94776995732082,44.57481634537598],[-80.94778441750194,44.57489746557659],[-80.94779492868908,44.57495642722782],[-80.9478024655543,44.575098871245444],[-80.94780022335935,44.575140838297415],[-80.94779495294358,44.57523948161099],[-80.94776759654823,44.57544670657251]]}},{"type":"Feature","properties":{"road_id":"road_17f796ce0a36e462bc17","name":"Grey Road 15","road_class":2,"lane_count":2,"speed_limit_kmh":60,"left_from":359000,"left_to":359390,"right_from":359001,"right_to":359399,"left_parity":"E","right_parity":"O","source":"Grey County road centrelines"},"geometry":{"type":"LineString","coordinates":[[-80.9133772523891,44.608468382241206],[-80.9130751759085,44.60870794097395],[-80.91271555514744,44.608991957865925],[-80.91268058373343,44.60901957702043],[-80.91244088626618,44.60921071013741],[-80.91219384237652,44.609407267676474],[-80.91209969444317,44.60948446540069],[-80.91209292653582,44.60949010660158],[-80.91199506856034,44.60957165613925],[-80.91196548074983,44.609596312769774],[-80.911898316411,44.609654872784795],[-80.91189069151085,44.60966151993019],[-80.91178260441924,44.609761943917384],[-80.91167096988057,44.60987470270075],[-80.91159213642618,44.609961983024995],[-80.91156900750256,44.60999290608644],[-80.9114805423117,44.610111176380386],[-80.91147853278041,44.61011386297256],[-80.91139935706789,44.61023593363531],[-80.91139924477848,44.61023610630335],[-80.91137692703354,44.610270514552795],[-80.91134262755938,44.61033383823859],[-80.91132141923383,44.610372989673664],[-80.91129290221515,44.61043121444239],[-80.91124609459895,44.610526778756864],[-80.91123511988113,44.61054918519369],[-80.91112601948986,44.610809397110906],[-80.911005187101,44.611234411771726],[-80.9108845343752,44.61172425086464],[-80.91083591845033,44.61189467981497],[-80.91082028686606,44.611949477937465],[-80.91080432649842,44.61200280197985],[-80.91077124513976,44.61210374566168],[-80.91067153753313,44.61232337765982],[-80.91066412014382,44.61233850411175],[-80.9105872423218,44.61249528590227],[-80.91029262006144,44.613043183674975],[-80.91007992954489,44.613436034902506],[-80.90997617772283,44.613624623727155],[-80.90978226648728,44.61397709298193],[-80.90978096932001,44.61397945006825],[-80.90968270350939,44.61412293544055],[-80.90951358757232,44.614369874584796],[-80.90899498387058,44.61501039119664],[-80.90821789264082,44.615951337968774],[-80.9078040621456,44.6163994443088],[-80.90757819783542,44.61663323518511],[-80.90730998065449,44.61689824887749],[-80.90695626631643,44.61732160952545],[-80.90685553463037,44.61745668770538],[-80.9068107500202,44.61751674309711],[-80.90675975355983,44.617585128924745],[-80.90659232376055,44.61780436676675],[-80.90641790686497,44.61801216637718],[-80.90624954551274,44.618187099518074],[-80.9059991338391,44.618419596042294],[-80.90590465352908,44.618507316873796],[-80.90586091635453,44.618547129074095],[-80.9058146126932,44.61858620079962],[-80.90576855696692,44.61862506213007],[-80.90573297380018,44.6186550866718],[-80.9056298481039,44.61874210187004],[-80.90547059297367,44.61885201507975],[-80.90529331584227,44.618968630430096],[-80.905097034851,44.61908137005942],[-80.9049738731306,44.619143436003846],[-80.90485986973452,44.61919853676206],[-80.90473056623252,44.61925685115209],[-80.90455837536223,44.619321019292805],[-80.9044142236069,44.61936948983428],[-80.90436618619708,44.619382235843965],[-80.90426111025832,44.6194101179702],[-80.9042150365657,44.61942234413058],[-80.90415374092059,44.619435758312015],[-80.90404520287471,44.619459466346704],[-80.90391900035706,44.619478923578114],[-80.90382922721915,44.619492763593065],[-80.9037917899297,44.61949707896591],[-80.90370614185555,44.619506951443185],[-80.90366321765634,44.61951005257721],[-80.90357906258221,44.61951613399648],[-80.90353386205204,44.619517727403675],[-80.90340488014692,44.61952227551955],[-80.90340096169565,44.6195224142713],[-80.90327068711485,44.61952203190477],[-80.90305879160731,44.61952141039925],[-80.90212137265887,44.6194898836937],[-80.90128650987484,44.619455580014915],[-80.90043616283026,44.61940839412035],[-80.89908613150214,44.61932431865422],[-80.89786629031323,44.619231900017475],[-80.89766410918719,44.619216581619185],[-80.89671858384162,44.6191562818116],[-80.89642299768896,44.61913743063571],[-80.89590845886389,44.619108855893735],[-80.89581003854305,44.619107720934785],[-80.89554962143376,44.619104717609574],[-80.89551551240241,44.61910561982203],[-80.89545679941375,44.619107174236284],[-80.89539793550813,44.61910873248694],[-80.89533928180829,44.61911028498284],[-80.89532349840876,44.619110703159265],[-80.89505362922604,44.61913039645104],[-80.89481417879547,44.61914786969412],[-80.89443992897002,44.619183253522685],[-80.89410769604534,44.61922029468628],[-80.89385084075616,44.61925292644199],[-80.89371253074512,44.6192766978531],[-80.89362307561079,44.61929214028131],[-80.89362289954101,44.619292170333686],[-80.89361053243451,44.61929432515025],[-80.8934489443795,44.61932471125262],[-80.89328868762776,44.619358412683816],[-80.89313275716243,44.619401093973856],[-80.8929768266971,44.619443772674884],[-80.89297624728374,44.61944393700322],[-80.8928215088828,44.61948794116826],[-80.89266983194034,44.619536976168355],[-80.89252061458511,44.61959556900036],[-80.89241707746041,44.61964050594619],[-80.89237736384003,44.61966043691784],[-80.892288225811,44.619705173039726],[-80.89225748995356,44.61972221451028],[-80.89217071269711,44.61977032664935],[-80.89214133239743,44.619788743463076],[-80.89205384996347,44.619843578895114],[-80.89203038596827,44.61986025010941],[-80.89189890045844,44.619953668413466],[-80.89174993552983,44.62007357575484],[-80.89159370502719,44.62020823128244],[-80.89156387556984,44.620233941605974],[-80.8913427265166,44.6204311447157],[-80.89110888067508,44.620640531498715],[-80.89068659972801,44.62102838115466],[-80.8905592886893,44.62115690334865],[-80.89029765436281,44.62142102618754],[-80.8902973480373,44.621421346520975],[-80.88986924331225,44.62186927254118],[-80.88912103920703,44.622638766896436],[-80.8889280208969,44.622831265647235],[-80.88854294816889,44.62321529642731],[-80.88854009601785,44.62321756618456],[-80.88848539849852,44.62326110650539],[-80.88843201162119,44.62330243969774],[-80.88832701203921,44.623371218315135],[-80.88821867072436,44.623438022489495],[-80.8881056141526,44.623498613876315],[-80.88799011506156,44.623555049330655],[-80.88790919482078,44.62359074248308],[-80.88785278690914,44.62361545134362],[-80.8878231326233,44.62362864653323],[-80.88782307333449,44.62362867274715],[-80.88768819488784,44.623688692344416],[-80.88762846590458,44.62371527129937],[-80.88755648300256,44.62374421524379],[-80.88741813436398,44.62379984742096],[-80.88728477946005,44.62384611482051],[-80.8871455693371,44.623889677047565],[-80.88700565493497,44.62392603045357],[-80.88686421968507,44.62395760845651],[-80.88672044612046,44.62398419432131],[-80.88654527374175,44.62400755716262],[-80.88637113622224,44.62402596368122],[-80.88616360293373,44.624040757175464],[-80.88586381985206,44.62405379306798],[-80.88544184702711,44.62406791011348],[-80.88448657046915,44.62409505472714],[-80.88408830957445,44.6241097049875],[-80.88387616433526,44.624120922529656],[-80.88326774617312,44.624152696070134],[-80.88307560641532,44.62416583871026],[-80.8829301736624,44.6241735020522],[-80.882722236132,44.62419035487943],[-80.88269799958563,44.62419231962506],[-80.88250518609138,44.62420974722907],[-80.88232937231554,44.624231480258466],[-80.88214254160106,44.62425844130024],[-80.88199420818809,44.62427989235522],[-80.88197572894437,44.62428256486544],[-80.88173282628819,44.624328522431966],[-80.88127637612266,44.62441856222761],[-80.88096204931652,44.62448826402894],[-80.8799850532916,44.62469208660488],[-80.87940945867163,44.62481467326885],[-80.87857393562587,44.62498766850766],[-80.87787087635527,44.625133359278706],[-80.87753586224648,44.6252025519414],[-80.87733699051392,44.62524330834012],[-80.8771714795161,44.625280764408764],[-80.87701930490698,44.625320045144136],[-80.87694564215535,44.625348780501454],[-80.87690847975036,44.62536327636338],[-80.87680399669966,44.62542278588881],[-80.87679385561843,44.625428561721726],[-80.87674251420499,44.625462840133714],[-80.87663415941542,44.6255351824453],[-80.87663411899123,44.62553520929772],[-80.8766326475508,44.62553620475429],[-80.87661678779446,44.62554392865287],[-80.87661173117772,44.62554534479674],[-80.876589254431,44.62555164040294],[-80.8765629823022,44.62555488698416],[-80.87654763997547,44.625555643326315],[-80.87652102828349,44.62555656845487],[-80.87649473010354,44.6255562813901],[-80.87646667571723,44.62555418754351],[-80.87644132166665,44.62555019804615],[-80.87644122105533,44.625550182062604]]}},{"type":"Feature","properties":{"road_id":"road_fabd28ad22cc31bd26f4","name":"Superior Street","road_class":3,"lane_count":2,"speed_limit_kmh":50,"left_from":1702,"left_to":2798,"right_from":143128,"right_to":143278,"left_parity":"E","right_parity":"E","source":"Grey County road centrelines"},"geometry":{"type":"LineString","coordinates":[[-80.9103709118317,44.56000202342941],[-80.89475365929478,44.561834222092095],[-80.89442617576303,44.5618699525316],[-80.8918693701401,44.56218264174408]]}},{"type":"Feature","properties":{"road_id":"road_c8cbc1228287d83df0f6","name":"Superior Street","road_class":3,"lane_count":2,"speed_limit_kmh":50,"left_from":900,"left_to":1700,"right_from":143000,"right_to":143126,"left_parity":"E","right_parity":"E","source":"Grey County road centrelines"},"geometry":{"type":"LineString","coordinates":[[-80.92574783808068,44.558239542605726],[-80.9103709118317,44.56000202342941]]}},{"type":"Feature","properties":{"road_id":"road_b6b476f37d6d6027a5f9","name":"Beattie Street","road_class":3,"lane_count":2,"speed_limit_kmh":50,"left_from":1,"left_to":155,"right_from":2,"right_to":154,"left_parity":"O","right_parity":"E","source":"Grey County road centrelines"},"geometry":{"type":"LineString","coordinates":[[-80.94023970278923,44.55433777038301],[-80.94127438323177,44.55421228627724]]}},{"type":"Feature","properties":{"road_id":"road_15cfe82c3d55d98099ac","name":"Laurie Crescent","road_class":3,"lane_count":0,"speed_limit_kmh":0,"left_from":95,"left_to":99,"right_from":0,"right_to":0,"left_parity":"O","right_parity":"E","source":"Grey County road centrelines"},"geometry":{"type":"LineString","coordinates":[[-80.92125488094949,44.56900175563565],[-80.92116207240421,44.56863773022351]]}},{"type":"Feature","properties":{"road_id":"road_5456f3113a5c35a84c71","name":"Laurie Crescent","road_class":3,"lane_count":0,"speed_limit_kmh":0,"left_from":61,"left_to":93,"right_from":62,"right_to":94,"left_parity":"O","right_parity":"E","source":"Grey County road centrelines"},"geometry":{"type":"LineString","coordinates":[[-80.92166976427019,44.568959797592726],[-80.92247595013541,44.56886729626585],[-80.92239379920267,44.56850137377953],[-80.92116207240421,44.56863773022351]]}},{"type":"Feature","properties":{"road_id":"road_bf9e05e738634feb87c2","name":"Lamson Crescent","road_class":3,"lane_count":0,"speed_limit_kmh":0,"left_from":46,"left_to":52,"right_from":34,"right_to":45,"left_parity":"E","right_parity":"E","source":"Grey County road centrelines"},"geometry":{"type":"LineString","coordinates":[[-80.92188089171816,44.56980520187302],[-80.92166976427019,44.568959797592726]]}},{"type":"Feature","properties":{"road_id":"road_70d980e36150921077ed","name":"Lamson Crescent","road_class":3,"lane_count":0,"speed_limit_kmh":0,"left_from":23,"left_to":25,"right_from":0,"right_to":0,"left_parity":"O","right_parity":"E","source":"Grey County road centrelines"},"geometry":{"type":"LineString","coordinates":[[-80.92166976427019,44.568959797592726],[-80.92125488094949,44.56900175563565]]}},{"type":"Feature","properties":{"road_id":"road_65a802ed63c839a74a4f","name":"Lamson Crescent","road_class":3,"lane_count":0,"speed_limit_kmh":0,"left_from":26,"left_to":30,"right_from":0,"right_to":0,"left_parity":"E","right_parity":"E","source":"Grey County road centrelines"},"geometry":{"type":"LineString","coordinates":[[-80.92125488094949,44.56900175563565],[-80.92078297437116,44.56905859538263]]}},{"type":"Feature","properties":{"road_id":"road_9e78d2ce09131776c6eb","name":"Lamson Crescent","road_class":3,"lane_count":0,"speed_limit_kmh":0,"left_from":7,"left_to":15,"right_from":16,"right_to":22,"left_parity":"O","right_parity":"E","source":"Grey County road centrelines"},"geometry":{"type":"LineString","coordinates":[[-80.92098067380226,44.569908552147325],[-80.92078297437116,44.56905859538263]]}},{"type":"Feature","properties":{"road_id":"road_3c438d8f2fc55d42d0e0","name":"Lila Road","road_class":3,"lane_count":0,"speed_limit_kmh":0,"left_from":53,"left_to":60,"right_from":0,"right_to":0,"left_parity":"O","right_parity":"E","source":"Grey County road centrelines"},"geometry":{"type":"LineString","coordinates":[[-80.92188089171816,44.56980520187302],[-80.92098067380226,44.569908552147325]]}},{"type":"Feature","properties":{"road_id":"road_94e06976c0e327b4e660","name":"Lamson Crescent","road_class":3,"lane_count":0,"speed_limit_kmh":0,"left_from":1,"left_to":5,"right_from":0,"right_to":0,"left_parity":"O","right_parity":"E","source":"Grey County road centrelines"},"geometry":{"type":"LineString","coordinates":[[-80.92106913000998,44.57030225564788],[-80.92098067380226,44.569908552147325]]}},{"type":"Feature","properties":{"road_id":"road_4972180d0c3452dff03b","name":"Lamson Crescent","road_class":3,"lane_count":0,"speed_limit_kmh":0,"left_from":0,"left_to":0,"right_from":31,"right_to":33,"left_parity":"E","right_parity":"O","source":"Grey County road centrelines"},"geometry":{"type":"LineString","coordinates":[[-80.92196723688495,44.57019129064541],[-80.92188089171816,44.56980520187302]]}},{"type":"Feature","properties":{"road_id":"road_e2c85b68a160619fcc8d","name":"15th Avenue East","road_class":3,"lane_count":2,"speed_limit_kmh":50,"left_from":1200,"left_to":1398,"right_from":1201,"right_to":1399,"left_parity":"E","right_parity":"O","source":"Grey County road centrelines"},"geometry":{"type":"LineString","coordinates":[[-80.91838573020398,44.571329260628474],[-80.91863772291254,44.57229709696732],[-80.91882933985082,44.57252222731572]]}},{"type":"Feature","properties":{"road_id":"road_02716737b8912626d7cb","name":"27th Avenue East","road_class":3,"lane_count":2,"speed_limit_kmh":50,"left_from":1500,"left_to":1598,"right_from":1501,"right_to":1599,"left_parity":"E","right_parity":"O","source":"Grey County road centrelines"},"geometry":{"type":"LineString","coordinates":[[-80.89747816061832,44.5745933381497],[-80.89806169724372,44.57695561108655]]}},{"type":"Feature","properties":{"road_id":"road_1f0722ed4bee300f96fc","name":"22nd Street B East","road_class":3,"lane_count":2,"speed_limit_kmh":50,"left_from":900,"left_to":998,"right_from":901,"right_to":999,"left_parity":"E","right_parity":"O","source":"Grey County road centrelines"},"geometry":{"type":"LineString","coordinates":[[-80.9214752852994,44.58568792240694],[-80.92110812318151,44.58561598022152],[-80.92086144221123,44.58564082040031]]}},{"type":"Feature","properties":{"road_id":"road_e2ecc7ed95f0935fd106","name":"10th Avenue East","road_class":3,"lane_count":2,"speed_limit_kmh":50,"left_from":2272,"left_to":2298,"right_from":2273,"right_to":2299,"left_parity":"E","right_parity":"O","source":"Grey County road centrelines"},"geometry":{"type":"LineString","coordinates":[[-80.9207083917447,44.58495917033647],[-80.92086144221123,44.58564082040031]]}},{"type":"Feature","properties":{"road_id":"road_3e4648cc3f523ebb52cc","name":"16th Street East","road_class":1,"lane_count":4,"speed_limit_kmh":80,"left_from":2700,"left_to":2798,"right_from":2701,"right_to":2799,"left_parity":"E","right_parity":"O","source":"Grey County road centrelines"},"geometry":{"type":"LineString","coordinates":[[-80.89806169724372,44.57695561108655],[-80.8953197928582,44.57730016171341]]}},{"type":"Feature","properties":{"road_id":"road_34e80d79c9c012fd482d","name":"Concession 3 Derby","road_class":3,"lane_count":2,"speed_limit_kmh":60,"left_from":218122,"left_to":218216,"right_from":218123,"right_to":218217,"left_parity":"E","right_parity":"O","source":"Grey County road centrelines"},"geometry":{"type":"LineString","coordinates":[[-80.95774925647214,44.54707428662662],[-80.95774931396431,44.54707454334928],[-80.95876799271672,44.551557146753915]]}},{"type":"Feature","properties":{"road_id":"road_794e8d5aaf01615ccf42","name":"Sideroad 21","road_class":3,"lane_count":2,"speed_limit_kmh":50,"left_from":243001,"left_to":243033,"right_from":243000,"right_to":243032,"left_parity":"O","right_parity":"E","source":"Grey County road centrelines"},"geometry":{"type":"LineString","coordinates":[[-80.89898081930646,44.59314908495834],[-80.89484208316316,44.593623575495656]]}},{"type":"Feature","properties":{"road_id":"road_c3009e449f79f81cfb62","name":"22nd Street B East","road_class":3,"lane_count":2,"speed_limit_kmh":50,"left_from":1000,"left_to":1036,"right_from":1001,"right_to":1037,"left_parity":"E","right_parity":"O","source":"Grey County road centrelines"},"geometry":{"type":"LineString","coordinates":[[-80.92086144221123,44.58564082040031],[-80.92049640460901,44.58568939646327]]}},{"type":"Feature","properties":{"road_id":"road_5f0ae0da3e1445aa8d71","name":"15th Street East","road_class":3,"lane_count":2,"speed_limit_kmh":50,"left_from":2700,"left_to":2798,"right_from":2701,"right_to":2799,"left_parity":"E","right_parity":"O","source":"Grey County road centrelines"},"geometry":{"type":"LineString","coordinates":[[-80.89747816061832,44.5745933381497],[-80.89476759306316,44.57490178810204]]}},{"type":"Feature","properties":{"road_id":"road_bdaac72f82180406a76c","name":"27th Avenue East","road_class":3,"lane_count":2,"speed_limit_kmh":50,"left_from":1700,"left_to":1798,"right_from":1701,"right_to":1799,"left_parity":"E","right_parity":"O","source":"Grey County road centrelines"},"geometry":{"type":"LineString","coordinates":[[-80.89804280297835,44.578238837375686],[-80.89855297778777,44.58033531391871]]}},{"type":"Feature","properties":{"road_id":"road_99c738ae063e9029dd4b","name":"28th Avenue East","road_class":2,"lane_count":2,"speed_limit_kmh":80,"left_from":800,"left_to":1598,"right_from":398357,"right_to":398379,"left_parity":"E","right_parity":"O","source":"Grey County road centrelines"},"geometry":{"type":"LineString","coordinates":[[-80.89476759306316,44.57490178810204],[-80.89489583116323,44.57546279670797],[-80.89517691581227,44.57669706864053],[-80.8953197928582,44.57730016171341]]}},{"type":"Feature","properties":{"road_id":"road_f48190e096d451842df7","name":"8th Street A East","road_class":3,"lane_count":2,"speed_limit_kmh":50,"left_from":900,"left_to":926,"right_from":901,"right_to":927,"left_parity":"E","right_parity":"O","source":"Grey County road centrelines"},"geometry":{"type":"LineString","coordinates":[[-80.92765937664848,44.56640199892212],[-80.92678548565861,44.56650740193949]]}},{"type":"Feature","properties":{"road_id":"road_a6e2bf7c253f3f2b174e","name":"9th Avenue East","road_class":1,"lane_count":2,"speed_limit_kmh":80,"left_from":800,"left_to":898,"right_from":801,"right_to":899,"left_parity":"E","right_parity":"O","source":"Grey County road centrelines"},"geometry":{"type":"LineString","coordinates":[[-80.92746644457658,44.565637458773466],[-80.92765937664848,44.56640199892212]]}}]}
