{"type":"FeatureCollection","features":[{"type":"Feature","id":"structure_4d9f9b4e7365c21ac902","geometry":{"type":"MultiPolygon","coordinates":[[[[-80.9230367,44.5695692],[-80.922823,44.5691421],[-80.9226864,44.5691768],[-80.9227183,44.5692404],[-80.922441,44.5693109],[-80.9225203,44.5694693],[-80.9227377,44.5694141],[-80.9228403,44.5696191],[-80.9230367,44.5695692]]]]},"properties":{"structure_id":"structure_4d9f9b4e7365c21ac902","external_source":"openstreetmap","external_id":"a226403638","building_type":"unclassified","source_building_tag":"yes","source_timestamp":null,"confidence":"source_mapped"}},{"type":"Feature","id":"structure_1aeb740a2911e17a70b8","geometry":{"type":"MultiPolygon","coordinates":[[[[-80.9179466,44.5999014],[-80.9174002,44.5997864],[-80.9173568,44.5999242],[-80.9178966,44.6000201],[-80.9179466,44.5999014]]]]},"properties":{"structure_id":"structure_1aeb740a2911e17a70b8","external_source":"openstreetmap","external_id":"a226403660","building_type":"unclassified","source_building_tag":"yes","source_timestamp":null,"confidence":"source_mapped"}},{"type":"Feature","id":"structure_40f015afb03bd93d6369","geometry":{"type":"MultiPolygon","coordinates":[[[[-80.9198496,44.5685082],[-80.9197317,44.5679996],[-80.9195458,44.5680215],[-80.919536,44.5679793],[-80.9194632,44.5679693],[-80.9193961,44.5679769],[-80.919321,44.5680094],[-80.9193251,44.5680419],[-80.9191614,44.5680572],[-80.9190802,44.5680105],[-80.9190563,44.5679072],[-80.9190937,44.5679028],[-80.9190618,44.5677655],[-80.91886,44.5677892],[-80.9188516,44.5677531],[-80.9186973,44.5677713],[-80.9187862,44.5681545],[-80.9184334,44.568196],[-80.9184115,44.5681016],[-80.9180082,44.568149],[-80.9180669,44.5684024],[-80.9182034,44.5683863],[-80.9182591,44.5686268],[-80.918506,44.5685977],[-80.9185404,44.5687464],[-80.9189194,44.5687018],[-80.9189194,44.5686101],[-80.9198496,44.5685082]]]]},"properties":{"structure_id":"structure_40f015afb03bd93d6369","external_source":"openstreetmap","external_id":"a226404016","building_type":"unclassified","source_building_tag":"college","source_timestamp":null,"confidence":"source_mapped"}},{"type":"Feature","id":"structure_105960175a1d865ae19b","geometry":{"type":"MultiPolygon","coordinates":[[[[-80.9207891,44.5992003],[-80.9203726,44.5991152],[-80.9206366,44.5983976],[-80.9202054,44.5983192],[-80.9202515,44.5981728],[-80.9200373,44.5981293],[-80.9199845,44.5982566],[-80.9192399,44.5981278],[-80.9190138,44.5987248],[-80.9194303,44.5988099],[-80.9192895,44.5991763],[-80.9192292,44.5991666],[-80.9190641,44.5996106],[-80.9191726,44.599628],[-80.9190845,44.5998673],[-80.9188221,44.599816],[-80.9188139,44.5998418],[-80.9185969,44.5998069],[-80.9185318,44.6000136],[-80.9187099,44.6000513],[-80.9186138,44.6003164],[-80.9192017,44.60042],[-80.919287,44.6001894],[-80.9199325,44.6003113],[-80.9203075,44.5993219],[-80.920724,44.599407],[-80.9207891,44.5992003]]]]},"properties":{"structure_id":"structure_105960175a1d865ae19b","external_source":"openstreetmap","external_id":"a226404044","building_type":"commercial","source_building_tag":"industrial","source_timestamp":null,"confidence":"source_mapped"}},{"type":"Feature","id":"structure_bcb10e636b77e158411c","geometry":{"type":"MultiPolygon","coordinates":[[[[-80.9185006,44.6022436],[-80.9172966,44.6020048],[-80.9173304,44.6019378],[-80.9166032,44.6017937],[-80.9165733,44.6018885],[-80.9164073,44.6018527],[-80.9162056,44.6023722],[-80.9182935,44.6027804],[-80.9185006,44.6022436]]]]},"properties":{"structure_id":"structure_bcb10e636b77e158411c","external_source":"openstreetmap","external_id":"a226404208","building_type":"unclassified","source_building_tag":"yes","source_timestamp":null,"confidence":"source_mapped"}},{"type":"Feature","id":"structure_6eea79c9fc944a093bf4","geometry":{"type":"MultiPolygon","coordinates":[[[[-80.9156441,44.5985267],[-80.9155453,44.5980765],[-80.914942,44.5981423],[-80.9150381,44.5986012],[-80.9156441,44.5985267]]]]},"properties":{"structure_id":"structure_6eea79c9fc944a093bf4","external_source":"openstreetmap","external_id":"a226404500","building_type":"unclassified","source_building_tag":"yes","source_timestamp":null,"confidence":"source_mapped"}},{"type":"Feature","id":"structure_7d672bad785e05bb1bef","geometry":{"type":"MultiPolygon","coordinates":[[[[-80.9233512,44.5960109],[-80.9227994,44.5959132],[-80.9228684,44.5957343],[-80.922543,44.595682],[-80.9226,44.5955011],[-80.9215299,44.59532],[-80.9212195,44.5962654],[-80.9224583,44.5964736],[-80.9224827,44.5963961],[-80.9231912,44.5965191],[-80.9233512,44.5960109]]]]},"properties":{"structure_id":"structure_7d672bad785e05bb1bef","external_source":"openstreetmap","external_id":"a226430434","building_type":"unclassified","source_building_tag":"yes","source_timestamp":null,"confidence":"source_mapped"}},{"type":"Feature","id":"structure_a300b5fdeccc244dd9ee","geometry":{"type":"MultiPolygon","coordinates":[[[[-80.9597804,44.5637643],[-80.9597275,44.5635296],[-80.958976,44.5636262],[-80.9590168,44.5638589],[-80.9597804,44.5637643]]]]},"properties":{"structure_id":"structure_a300b5fdeccc244dd9ee","external_source":"openstreetmap","external_id":"a226430444","building_type":"unclassified","source_building_tag":"yes","source_timestamp":null,"confidence":"source_mapped"}},{"type":"Feature","id":"structure_59cc4f1d0e79fce973c6","geometry":{"type":"MultiPolygon","coordinates":[[[[-80.9485886,44.5734116],[-80.9484406,44.5727546],[-80.9482584,44.5727706],[-80.9483245,44.5730435],[-80.9478529,44.5730945],[-80.947894,44.5732458],[-80.948324,44.5732063],[-80.9483769,44.5734409],[-80.9485886,44.5734116]]]]},"properties":{"structure_id":"structure_59cc4f1d0e79fce973c6","external_source":"openstreetmap","external_id":"a226430454","building_type":"unclassified","source_building_tag":"yes","source_timestamp":null,"confidence":"source_mapped"}},{"type":"Feature","id":"structure_3fa276ad9d9355460a8f","geometry":{"type":"MultiPolygon","coordinates":[[[[-80.9521473,44.5813015],[-80.9521021,44.5807605],[-80.9518448,44.5807735],[-80.9518901,44.5813145],[-80.9521473,44.5813015]]]]},"properties":{"structure_id":"structure_3fa276ad9d9355460a8f","external_source":"openstreetmap","external_id":"a226430458","building_type":"unclassified","source_building_tag":"yes","source_timestamp":null,"confidence":"source_mapped"}},{"type":"Feature","id":"structure_4220158d9085db10341f","geometry":{"type":"MultiPolygon","coordinates":[[[[-80.9276066,44.5685907],[-80.9275777,44.5684516],[-80.9273426,44.5684765],[-80.9273303,44.5684175],[-80.9273183,44.5683602],[-80.9272289,44.5683696],[-80.9272405,44.5684254],[-80.9272473,44.5684581],[-80.9267011,44.5685158],[-80.9267358,44.5686827],[-80.9276066,44.5685907]]]]},"properties":{"structure_id":"structure_4220158d9085db10341f","external_source":"openstreetmap","external_id":"a226430468","building_type":"commercial","source_building_tag":"commercial","source_timestamp":null,"confidence":"source_mapped"}},{"type":"Feature","id":"structure_54baa4585227990315f1","geometry":{"type":"MultiPolygon","coordinates":[[[[-80.9175453,44.5766354],[-80.9175206,44.5765254],[-80.9171198,44.5765712],[-80.9170937,44.576455],[-80.9171398,44.5764498],[-80.9171167,44.5763471],[-80.9172177,44.5763356],[-80.9172087,44.5762955],[-80.9169365,44.5763266],[-80.9170244,44.5767167],[-80.9171447,44.5767029],[-80.9171399,44.5766817],[-80.9175453,44.5766354]]]]},"properties":{"structure_id":"structure_54baa4585227990315f1","external_source":"openstreetmap","external_id":"a226430472","building_type":"unclassified","source_building_tag":"yes","source_timestamp":null,"confidence":"source_mapped"}},{"type":"Feature","id":"structure_4654454976f8b8362784","geometry":{"type":"MultiPolygon","coordinates":[[[[-80.9360586,44.5701031],[-80.9357361,44.5700422],[-80.9355839,44.5704326],[-80.9354739,44.5707148],[-80.9358085,44.5707776],[-80.9360586,44.5701031]]]]},"properties":{"structure_id":"structure_4654454976f8b8362784","external_source":"openstreetmap","external_id":"a226430480","building_type":"unclassified","source_building_tag":"stadium","source_timestamp":null,"confidence":"source_mapped"}},{"type":"Feature","id":"structure_ec527316e585696ef92a","geometry":{"type":"MultiPolygon","coordinates":[[[[-80.9586443,44.5657711],[-80.9585612,44.5653507],[-80.9583643,44.5653734],[-80.9581859,44.5645306],[-80.9568758,44.5646732],[-80.9568943,44.5647757],[-80.9565808,44.5648068],[-80.9566667,44.5652186],[-80.9570337,44.565178],[-80.9570521,44.5652805],[-80.9569088,44.5652936],[-80.9569974,44.5656968],[-80.9577796,44.5656233],[-80.9577044,44.5652585],[-80.9580862,44.5652112],[-80.9581405,44.5654008],[-80.9579945,44.5654226],[-80.9580803,44.5658344],[-80.9586443,44.5657711]]]]},"properties":{"structure_id":"structure_ec527316e585696ef92a","external_source":"openstreetmap","external_id":"a226430496","building_type":"institutional","source_building_tag":"school","source_timestamp":null,"confidence":"source_mapped"}},{"type":"Feature","id":"structure_73d801160284adcf385a","geometry":{"type":"MultiPolygon","coordinates":[[[[-80.9076689,44.5836734],[-80.9075755,44.583234],[-80.9075341,44.5832064],[-80.9067965,44.5832943],[-80.9067635,44.5833284],[-80.9068107,44.5835166],[-80.907384,44.5834549],[-80.9074356,44.5836985],[-80.9076689,44.5836734]]]]},"properties":{"structure_id":"structure_73d801160284adcf385a","external_source":"openstreetmap","external_id":"a226430518","building_type":"unclassified","source_building_tag":"yes","source_timestamp":null,"confidence":"source_mapped"}},{"type":"Feature","id":"structure_49b53172d137f142f823","geometry":{"type":"MultiPolygon","coordinates":[[[[-80.9371368,44.5789186],[-80.9369262,44.5786224],[-80.9369668,44.5784932],[-80.9368101,44.5784681],[-80.9366462,44.5782246],[-80.9364062,44.5783036],[-80.9365728,44.5785385],[-80.9365282,44.5786399],[-80.9364719,44.578658],[-80.936528,44.5787213],[-80.9366018,44.5786879],[-80.9367825,44.5787169],[-80.9369531,44.5789796],[-80.9371368,44.5789186]]]]},"properties":{"structure_id":"structure_49b53172d137f142f823","external_source":"openstreetmap","external_id":"a226430522","building_type":"unclassified","source_building_tag":"yes","source_timestamp":null,"confidence":"source_mapped"}},{"type":"Feature","id":"structure_59bfaa0e3b7f4685b66a","geometry":{"type":"MultiPolygon","coordinates":[[[[-80.9307494,44.587754],[-80.9301185,44.5877069],[-80.9300839,44.588018],[-80.9307175,44.5880565],[-80.9307494,44.587754]]]]},"properties":{"structure_id":"structure_59bfaa0e3b7f4685b66a","external_source":"openstreetmap","external_id":"a226430526","building_type":"unclassified","source_building_tag":"yes","source_timestamp":null,"confidence":"source_mapped"}},{"type":"Feature","id":"structure_c89fc9dc15019ef771d5","geometry":{"type":"MultiPolygon","coordinates":[[[[-80.9146927,44.5757443],[-80.9146241,44.5754799],[-80.9143226,44.5755128],[-80.9143109,44.5754295],[-80.9137735,44.5754878],[-80.9138195,44.5757033],[-80.9143569,44.575645],[-80.9143792,44.5757752],[-80.9146927,44.5757443]]]]},"properties":{"structure_id":"structure_c89fc9dc15019ef771d5","external_source":"openstreetmap","external_id":"a226430536","building_type":"unclassified","source_building_tag":"yes","source_timestamp":null,"confidence":"source_mapped"}},{"type":"Feature","id":"structure_a14b89d7baf7f12baaea","geometry":{"type":"MultiPolygon","coordinates":[[[[-80.9498015,44.5918412],[-80.9493863,44.5918156],[-80.9493661,44.5919812],[-80.9495944,44.5919954],[-80.9495314,44.5925111],[-80.9494542,44.5925063],[-80.9494415,44.5926108],[-80.9497057,44.5926272],[-80.9498015,44.5918412]]]]},"properties":{"structure_id":"structure_a14b89d7baf7f12baaea","external_source":"openstreetmap","external_id":"a226430538","building_type":"apartment","source_building_tag":"apartments","source_timestamp":null,"confidence":"source_mapped"}},{"type":"Feature","id":"structure_7caa31ded169e41a5eb0","geometry":{"type":"MultiPolygon","coordinates":[[[[-80.9434499,44.5691036],[-80.9428011,44.5688728],[-80.9426841,44.569044],[-80.9433449,44.5692767],[-80.9434499,44.5691036]]]]},"properties":{"structure_id":"structure_7caa31ded169e41a5eb0","external_source":"openstreetmap","external_id":"a226430544","building_type":"unclassified","source_building_tag":"yes","source_timestamp":null,"confidence":"source_mapped"}},{"type":"Feature","id":"structure_ac181e28b9e3b480ac5b","geometry":{"type":"MultiPolygon","coordinates":[[[[-80.9273005,44.5694238],[-80.9272651,44.5692682],[-80.9266542,44.5693387],[-80.9266896,44.5694944],[-80.9273005,44.5694238]]]]},"properties":{"structure_id":"structure_ac181e28b9e3b480ac5b","external_source":"openstreetmap","external_id":"a226430566","building_type":"unclassified","source_building_tag":"yes","source_timestamp":null,"confidence":"source_mapped"}},{"type":"Feature","id":"structure_96c3ddd8696fc3cd3b3e","geometry":{"type":"MultiPolygon","coordinates":[[[[-80.9058732,44.5809451],[-80.9058482,44.5808355],[-80.9056451,44.5808579],[-80.9055754,44.5805936],[-80.9053213,44.5806201],[-80.9052674,44.5803714],[-80.9058641,44.580313],[-80.9058324,44.5801563],[-80.90521,44.5802307],[-80.9051619,44.5800276],[-80.9029901,44.5802611],[-80.9028605,44.5803746],[-80.902917,44.5805484],[-80.9030232,44.5811151],[-80.9037014,44.5810545],[-80.9038357,44.5816774],[-80.9046211,44.5815957],[-80.9047076,44.582044],[-80.9050092,44.5820111],[-80.9050591,44.5822544],[-80.9056529,44.5821781],[-80.905603,44.5819348],[-80.9055734,44.5819481],[-80.9054557,44.5813827],[-80.9057499,44.5813386],[-80.9056565,44.5809623],[-80.9058732,44.5809451]]]]},"properties":{"structure_id":"structure_96c3ddd8696fc3cd3b3e","external_source":"openstreetmap","external_id":"a226430572","building_type":"commercial","source_building_tag":"industrial","source_timestamp":null,"confidence":"source_mapped"}},{"type":"Feature","id":"structure_e5512c9905d591ef2714","geometry":{"type":"MultiPolygon","coordinates":[[[[-80.9089017,44.5838783],[-80.9087329,44.5832087],[-80.9084702,44.5832388],[-80.9085864,44.5836737],[-80.9083893,44.5836963],[-80.908442,44.583931],[-80.9089017,44.5838783]]]]},"properties":{"structure_id":"structure_e5512c9905d591ef2714","external_source":"openstreetmap","external_id":"a226430614","building_type":"unclassified","source_building_tag":"yes","source_timestamp":null,"confidence":"source_mapped"}},{"type":"Feature","id":"structure_8461b84e04191fd98ce2","geometry":{"type":"MultiPolygon","coordinates":[[[[-80.9353941,44.5798874],[-80.9352616,44.5798424],[-80.9353405,44.5797215],[-80.9350762,44.5796815],[-80.9350063,44.5796362],[-80.9349061,44.5796234],[-80.9347119,44.5795062],[-80.9341705,44.5802942],[-80.9351865,44.5806618],[-80.9353452,44.580385],[-80.9352053,44.5803409],[-80.9353522,44.5801772],[-80.9352694,44.5801195],[-80.9353095,44.5800622],[-80.9352852,44.5800394],[-80.9353941,44.5798874]]]]},"properties":{"structure_id":"structure_8461b84e04191fd98ce2","external_source":"openstreetmap","external_id":"a226430622","building_type":"unclassified","source_building_tag":"yes","source_timestamp":null,"confidence":"source_mapped"}},{"type":"Feature","id":"structure_62d4eeb1c5758c1fb60d","geometry":{"type":"MultiPolygon","coordinates":[[[[-80.9233973,44.5630273],[-80.9232866,44.56256],[-80.9221655,44.5626948],[-80.9222763,44.5631622],[-80.9233973,44.5630273]]]]},"properties":{"structure_id":"structure_62d4eeb1c5758c1fb60d","external_source":"openstreetmap","external_id":"a226430624","building_type":"unclassified","source_building_tag":"yes","source_timestamp":null,"confidence":"source_mapped"}},{"type":"Feature","id":"structure_2e3e0c613ea762d79ff0","geometry":{"type":"MultiPolygon","coordinates":[[[[-80.9125833,44.5757947],[-80.9125545,44.5756556],[-80.911825,44.5757322],[-80.9118538,44.5758713],[-80.9125833,44.5757947]]]]},"properties":{"structure_id":"structure_2e3e0c613ea762d79ff0","external_source":"openstreetmap","external_id":"a226430634","building_type":"commercial","source_building_tag":"retail","source_timestamp":null,"confidence":"source_mapped"}},{"type":"Feature","id":"structure_2d418f9f9cd7b63642ef","geometry":{"type":"MultiPolygon","coordinates":[[[[-80.9492966,44.5915383],[-80.9489898,44.5914933],[-80.9487882,44.5921895],[-80.9490389,44.5922263],[-80.9490691,44.5921221],[-80.9489937,44.592111],[-80.9491275,44.5916486],[-80.9492591,44.5916679],[-80.9492966,44.5915383]]]]},"properties":{"structure_id":"structure_2d418f9f9cd7b63642ef","external_source":"openstreetmap","external_id":"a226430636","building_type":"apartment","source_building_tag":"apartments","source_timestamp":null,"confidence":"source_mapped"}},{"type":"Feature","id":"structure_6aa6439dcff44181555e","geometry":{"type":"MultiPolygon","coordinates":[[[[-80.9258779,44.5729836],[-80.9258517,44.5728256],[-80.9245172,44.5729638],[-80.9246687,44.5736486],[-80.9248925,44.5736213],[-80.9247886,44.573107],[-80.9258779,44.5729836]]]]},"properties":{"structure_id":"structure_6aa6439dcff44181555e","external_source":"openstreetmap","external_id":"a226430644","building_type":"apartment","source_building_tag":"apartments","source_timestamp":null,"confidence":"source_mapped"}},{"type":"Feature","id":"structure_824fc86caed65e4b55d0","geometry":{"type":"MultiPolygon","coordinates":[[[[-80.9431152,44.5699808],[-80.9424565,44.5697667],[-80.9424408,44.5697913],[-80.9422124,44.5701478],[-80.9424568,44.5702273],[-80.9424016,44.5703134],[-80.9425846,44.570373],[-80.9426364,44.5702921],[-80.9428676,44.5703673],[-80.9431152,44.5699808]]]]},"properties":{"structure_id":"structure_824fc86caed65e4b55d0","external_source":"openstreetmap","external_id":"a226430648","building_type":"unclassified","source_building_tag":"yes","source_timestamp":null,"confidence":"source_mapped"}},{"type":"Feature","id":"structure_e41856f9547c3d0c2718","geometry":{"type":"MultiPolygon","coordinates":[[[[-80.9505854,44.5778121],[-80.9500941,44.5777242],[-80.9500784,44.5777712],[-80.9497645,44.5777256],[-80.9496969,44.5779409],[-80.9501132,44.5780258],[-80.9500525,44.5781789],[-80.9503176,44.5782215],[-80.9504081,44.5779736],[-80.9505286,44.577993],[-80.9505854,44.5778121]]]]},"properties":{"structure_id":"structure_e41856f9547c3d0c2718","external_source":"openstreetmap","external_id":"a226430656","building_type":"institutional","source_building_tag":"school","source_timestamp":null,"confidence":"source_mapped"}},{"type":"Feature","id":"structure_17255b5b22f7cfd7e7d2","geometry":{"type":"MultiPolygon","coordinates":[[[[-80.9244445,44.5796291],[-80.9242183,44.5795837],[-80.923865,44.5805854],[-80.9240939,44.5806222],[-80.9244445,44.5796291]]]]},"properties":{"structure_id":"structure_17255b5b22f7cfd7e7d2","external_source":"openstreetmap","external_id":"a226430686","building_type":"apartment","source_building_tag":"apartments","source_timestamp":null,"confidence":"source_mapped"}},{"type":"Feature","id":"structure_fd7fba6bd13bc00dde66","geometry":{"type":"MultiPolygon","coordinates":[[[[-80.93036,44.58875],[-80.930178,44.5886845],[-80.9302587,44.5885889],[-80.9300888,44.5885254],[-80.9301346,44.5884604],[-80.929895,44.5883767],[-80.9297026,44.5886262],[-80.9293841,44.5885117],[-80.9290865,44.5889344],[-80.9292323,44.588994],[-80.9293871,44.5887836],[-80.9295905,44.5888616],[-80.9294384,44.5890633],[-80.9293139,44.5890162],[-80.9292332,44.5891118],[-80.9295276,44.5892224],[-80.9292529,44.5896126],[-80.9294321,44.5896866],[-80.929925,44.5890058],[-80.9301338,44.5890665],[-80.93036,44.58875]]]]},"properties":{"structure_id":"structure_fd7fba6bd13bc00dde66","external_source":"openstreetmap","external_id":"a226430688","building_type":"unclassified","source_building_tag":"yes","source_timestamp":null,"confidence":"source_mapped"}},{"type":"Feature","id":"structure_56443608e35c43ed4536","geometry":{"type":"MultiPolygon","coordinates":[[[[-80.9543217,44.5705519],[-80.9542934,44.5704454],[-80.9541831,44.5704603],[-80.9541165,44.5702093],[-80.9539282,44.5702347],[-80.9539919,44.5704747],[-80.9535481,44.5705345],[-80.9535793,44.5706518],[-80.9543217,44.5705519]]]]},"properties":{"structure_id":"structure_56443608e35c43ed4536","external_source":"openstreetmap","external_id":"a226430694","building_type":"unclassified","source_building_tag":"yes","source_timestamp":null,"confidence":"source_mapped"}},{"type":"Feature","id":"structure_184ef1e858502ce9067c","geometry":{"type":"MultiPolygon","coordinates":[[[[-80.9099578,44.5835601],[-80.9098374,44.5829998],[-80.9097079,44.583014],[-80.9098282,44.5835742],[-80.9099578,44.5835601]]]]},"properties":{"structure_id":"structure_184ef1e858502ce9067c","external_source":"openstreetmap","external_id":"a226430700","building_type":"unclassified","source_building_tag":"yes","source_timestamp":null,"confidence":"source_mapped"}},{"type":"Feature","id":"structure_5db962bcb5a8d38fb5d0","geometry":{"type":"MultiPolygon","coordinates":[[[[-80.9094916,44.5836122],[-80.9093645,44.583059],[-80.9092117,44.5830768],[-80.9093388,44.58363],[-80.9094916,44.5836122]]]]},"properties":{"structure_id":"structure_5db962bcb5a8d38fb5d0","external_source":"openstreetmap","external_id":"a226430710","building_type":"unclassified","source_building_tag":"yes","source_timestamp":null,"confidence":"source_mapped"}},{"type":"Feature","id":"structure_4a0e7907d3cdd35f0cbc","geometry":{"type":"MultiPolygon","coordinates":[[[[-80.9291651,44.5800351],[-80.9284662,44.5799228],[-80.9284039,44.5801209],[-80.9290907,44.5802313],[-80.9291651,44.5800351]]]]},"properties":{"structure_id":"structure_4a0e7907d3cdd35f0cbc","external_source":"openstreetmap","external_id":"a226430714","building_type":"unclassified","source_building_tag":"yes","source_timestamp":null,"confidence":"source_mapped"}},{"type":"Feature","id":"structure_f66dfc3773463f3bdab9","geometry":{"type":"MultiPolygon","coordinates":[[[[-80.9256184,44.5623004],[-80.9254326,44.5622248],[-80.9250517,44.5627],[-80.9249999,44.562427],[-80.9248561,44.5624408],[-80.9248499,44.5624084],[-80.924727,44.5624202],[-80.9247398,44.5624873],[-80.9245301,44.5625075],[-80.9243782,44.5626969],[-80.9248624,44.562894],[-80.9250171,44.562701],[-80.9252284,44.5627869],[-80.9256184,44.5623004]]]]},"properties":{"structure_id":"structure_f66dfc3773463f3bdab9","external_source":"openstreetmap","external_id":"a226430716","building_type":"unclassified","source_building_tag":"yes","source_timestamp":null,"confidence":"source_mapped"}},{"type":"Feature","id":"structure_6fedc380055d3665bf3d","geometry":{"type":"MultiPolygon","coordinates":[[[[-80.911058,44.5762722],[-80.9109527,44.5758028],[-80.9102277,44.5758942],[-80.9103477,44.5763569],[-80.911058,44.5762722]]]]},"properties":{"structure_id":"structure_6fedc380055d3665bf3d","external_source":"openstreetmap","external_id":"a226430728","building_type":"unclassified","source_building_tag":"yes","source_timestamp":null,"confidence":"source_mapped"}},{"type":"Feature","id":"structure_cc089c404dafc0fee6f8","geometry":{"type":"MultiPolygon","coordinates":[[[[-80.9484916,44.5913793],[-80.9482636,44.5913427],[-80.9482357,44.5914306],[-80.9482775,44.5914374],[-80.9481159,44.5919467],[-80.9480697,44.5919392],[-80.9480413,44.5920287],[-80.9482738,44.5920661],[-80.9484916,44.5913793]]]]},"properties":{"structure_id":"structure_cc089c404dafc0fee6f8","external_source":"openstreetmap","external_id":"a226430730","building_type":"apartment","source_building_tag":"apartments","source_timestamp":null,"confidence":"source_mapped"}},{"type":"Feature","id":"structure_d0bac98b095c1059d8a1","geometry":{"type":"MultiPolygon","coordinates":[[[[-80.9220901,44.5737859],[-80.9220373,44.5735597],[-80.9216052,44.573611],[-80.9216581,44.5738371],[-80.9220901,44.5737859]]]]},"properties":{"structure_id":"structure_d0bac98b095c1059d8a1","external_source":"openstreetmap","external_id":"a226430742","building_type":"commercial","source_building_tag":"retail","source_timestamp":null,"confidence":"source_mapped"}},{"type":"Feature","id":"structure_d3ad123908cbd78505ac","geometry":{"type":"MultiPolygon","coordinates":[[[[-80.9426457,44.5709455],[-80.9424718,44.5708895],[-80.9425335,44.570792],[-80.9421804,44.5706784],[-80.94198,44.5709946],[-80.9425071,44.5711642],[-80.9426457,44.5709455]]]]},"properties":{"structure_id":"structure_d3ad123908cbd78505ac","external_source":"openstreetmap","external_id":"a226430744","building_type":"unclassified","source_building_tag":"yes","source_timestamp":null,"confidence":"source_mapped"}},{"type":"Feature","id":"structure_baa0f5c1c82f2a7cf19e","geometry":{"type":"MultiPolygon","coordinates":[[[[-80.9092568,44.5711417],[-80.9092373,44.5710028],[-80.9088554,44.5710499],[-80.9088094,44.5708344],[-80.9091256,44.5707948],[-80.9090913,44.5706627],[-80.9085661,44.5707228],[-80.9086686,44.5712008],[-80.9092568,44.5711417]]]]},"properties":{"structure_id":"structure_baa0f5c1c82f2a7cf19e","external_source":"openstreetmap","external_id":"a226430758","building_type":"unclassified","source_building_tag":"yes","source_timestamp":null,"confidence":"source_mapped"}},{"type":"Feature","id":"structure_7df1749c841f5358da92","geometry":{"type":"MultiPolygon","coordinates":[[[[-80.9251253,44.565643],[-80.9250253,44.5651565],[-80.9242014,44.5652411],[-80.9243264,44.5658492],[-80.9246666,44.5658135],[-80.9246416,44.5656919],[-80.9251253,44.565643]]]]},"properties":{"structure_id":"structure_7df1749c841f5358da92","external_source":"openstreetmap","external_id":"a226430764","building_type":"unclassified","source_building_tag":"yes","source_timestamp":null,"confidence":"source_mapped"}},{"type":"Feature","id":"structure_246a9e5a82a2ee301e5b","geometry":{"type":"MultiPolygon","coordinates":[[[[-80.9474088,44.5923799],[-80.9471807,44.5923421],[-80.9471524,44.5924286],[-80.9472031,44.5924369],[-80.9471788,44.5925114],[-80.9464408,44.5923892],[-80.9464518,44.5923554],[-80.9463307,44.5923353],[-80.9462773,44.5924988],[-80.9473139,44.5926704],[-80.9474088,44.5923799]]]]},"properties":{"structure_id":"structure_246a9e5a82a2ee301e5b","external_source":"openstreetmap","external_id":"a226430776","building_type":"apartment","source_building_tag":"apartments","source_timestamp":null,"confidence":"source_mapped"}},{"type":"Feature","id":"structure_3d557f5ea0c21e026d22","geometry":{"type":"MultiPolygon","coordinates":[[[[-80.9551313,44.5703444],[-80.9551075,44.5702464],[-80.9544932,44.570322],[-80.9545616,44.5706038],[-80.9551105,44.5705363],[-80.9550659,44.5703525],[-80.9551313,44.5703444]]]]},"properties":{"structure_id":"structure_3d557f5ea0c21e026d22","external_source":"openstreetmap","external_id":"a226430788","building_type":"unclassified","source_building_tag":"yes","source_timestamp":null,"confidence":"source_mapped"}},{"type":"Feature","id":"structure_255c60de793db6a45f0a","geometry":{"type":"MultiPolygon","coordinates":[[[[-80.9190876,44.5820881],[-80.9190548,44.5819109],[-80.9184369,44.5819834],[-80.9185899,44.5826233],[-80.9189839,44.5825781],[-80.9188758,44.5821173],[-80.9190876,44.5820881]]]]},"properties":{"structure_id":"structure_255c60de793db6a45f0a","external_source":"openstreetmap","external_id":"a226430790","building_type":"unclassified","source_building_tag":"yes","source_timestamp":null,"confidence":"source_mapped"}},{"type":"Feature","id":"structure_966aaf5237f5923ed6b1","geometry":{"type":"MultiPolygon","coordinates":[[[[-80.9097353,44.5835767],[-80.9096041,44.5830098],[-80.9094646,44.5830261],[-80.9095958,44.5835931],[-80.9097353,44.5835767]]]]},"properties":{"structure_id":"structure_966aaf5237f5923ed6b1","external_source":"openstreetmap","external_id":"a226430798","building_type":"unclassified","source_building_tag":"yes","source_timestamp":null,"confidence":"source_mapped"}},{"type":"Feature","id":"structure_ad395103b7a25c10c668","geometry":{"type":"MultiPolygon","coordinates":[[[[-80.9509412,44.5745039],[-80.9509139,44.5742281],[-80.9503486,44.574255],[-80.9503759,44.5745308],[-80.9509412,44.5745039]]]]},"properties":{"structure_id":"structure_ad395103b7a25c10c668","external_source":"openstreetmap","external_id":"a226430800","building_type":"unclassified","source_building_tag":"yes","source_timestamp":null,"confidence":"source_mapped"}},{"type":"Feature","id":"structure_cc5b9429cf7fdf45578f","geometry":{"type":"MultiPolygon","coordinates":[[[[-80.9258019,44.5636788],[-80.9257172,44.5633706],[-80.9251556,44.5634489],[-80.9252403,44.5637572],[-80.9258019,44.5636788]]]]},"properties":{"structure_id":"structure_cc5b9429cf7fdf45578f","external_source":"openstreetmap","external_id":"a226430806","building_type":"unclassified","source_building_tag":"yes","source_timestamp":null,"confidence":"source_mapped"}},{"type":"Feature","id":"structure_c6f22f9986dce9df1371","geometry":{"type":"MultiPolygon","coordinates":[[[[-80.92198,44.5750767],[-80.9219592,44.5749854],[-80.9219027,44.5749919],[-80.9217889,44.5744919],[-80.9218512,44.5744847],[-80.9218305,44.5743938],[-80.9215988,44.5744206],[-80.9217541,44.5751028],[-80.92198,44.5750767]]]]},"properties":{"structure_id":"structure_c6f22f9986dce9df1371","external_source":"openstreetmap","external_id":"a226430820","building_type":"apartment","source_building_tag":"apartments","source_timestamp":null,"confidence":"source_mapped"}},{"type":"Feature","id":"structure_d1cf12be0a0f270dcfc8","geometry":{"type":"MultiPolygon","coordinates":[[[[-80.9477474,44.5912547],[-80.9475193,44.5912178],[-80.9473017,44.5919007],[-80.9475257,44.5919369],[-80.9475537,44.5918489],[-80.9475124,44.5918422],[-80.947674,44.5913348],[-80.9477195,44.5913422],[-80.9477474,44.5912547]]]]},"properties":{"structure_id":"structure_d1cf12be0a0f270dcfc8","external_source":"openstreetmap","external_id":"a226430822","building_type":"apartment","source_building_tag":"apartments","source_timestamp":null,"confidence":"source_mapped"}},{"type":"Feature","id":"structure_dc69fe04267eb4e28a1f","geometry":{"type":"MultiPolygon","coordinates":[[[[-80.9309927,44.5699263],[-80.9309698,44.5698048],[-80.9308565,44.5698156],[-80.9308372,44.5697138],[-80.9305514,44.5697412],[-80.9305764,44.5698737],[-80.9304542,44.5698854],[-80.930476,44.5700006],[-80.9306012,44.5699886],[-80.930638,44.5701837],[-80.9309092,44.5701577],[-80.9308678,44.5699383],[-80.9309927,44.5699263]]]]},"properties":{"structure_id":"structure_dc69fe04267eb4e28a1f","external_source":"openstreetmap","external_id":"a226430826","building_type":"unclassified","source_building_tag":"yes","source_timestamp":null,"confidence":"source_mapped"}},{"type":"Feature","id":"structure_e07b1949106e36b16567","geometry":{"type":"MultiPolygon","coordinates":[[[[-80.9492388,44.5770622],[-80.9488346,44.5769793],[-80.9487522,44.5772012],[-80.9491564,44.5772842],[-80.9492388,44.5770622]]]]},"properties":{"structure_id":"structure_e07b1949106e36b16567","external_source":"openstreetmap","external_id":"a226430848","building_type":"unclassified","source_building_tag":"yes","source_timestamp":null,"confidence":"source_mapped"}},{"type":"Feature","id":"structure_b25efc6c0b6c913238fc","geometry":{"type":"MultiPolygon","coordinates":[[[[-80.9104508,44.569642],[-80.910406,44.5694629],[-80.9101072,44.5694872],[-80.9100585,44.5692803],[-80.9102286,44.5692624],[-80.9102076,44.5691686],[-80.9101299,44.5691741],[-80.9100667,44.5688926],[-80.9098161,44.5689246],[-80.9098622,44.5691401],[-80.9096263,44.5691655],[-80.9096131,44.5691271],[-80.9091415,44.5691779],[-80.9091676,44.5693359],[-80.9095079,44.5693002],[-80.9095606,44.5695349],[-80.9094654,44.5695557],[-80.9095415,44.569957],[-80.9097893,44.5699336],[-80.9097316,44.5696348],[-80.9099286,44.5696122],[-80.9099523,44.5696975],[-80.9104508,44.569642]]]]},"properties":{"structure_id":"structure_b25efc6c0b6c913238fc","external_source":"openstreetmap","external_id":"a226430856","building_type":"institutional","source_building_tag":"hospital","source_timestamp":null,"confidence":"source_mapped"}},{"type":"Feature","id":"structure_2861bb2f62882062967c","geometry":{"type":"MultiPolygon","coordinates":[[[[-80.9226898,44.5647274],[-80.9226536,44.5645754],[-80.922467,44.564598],[-80.9224287,44.5644371],[-80.9219547,44.5644944],[-80.9221713,44.5654035],[-80.9225865,44.5653533],[-80.9224723,44.5648739],[-80.9225274,44.5648214],[-80.9225101,44.5647491],[-80.9226898,44.5647274]]]]},"properties":{"structure_id":"structure_2861bb2f62882062967c","external_source":"openstreetmap","external_id":"a226430862","building_type":"unclassified","source_building_tag":"yes","source_timestamp":null,"confidence":"source_mapped"}},{"type":"Feature","id":"structure_22cc2ef301611890cc87","geometry":{"type":"MultiPolygon","coordinates":[[[[-80.9489275,44.5781242],[-80.9483009,44.5780237],[-80.9482495,44.5781873],[-80.9484182,44.5782144],[-80.9483316,44.57849],[-80.9487895,44.5785635],[-80.9489275,44.5781242]]]]},"properties":{"structure_id":"structure_22cc2ef301611890cc87","external_source":"openstreetmap","external_id":"a226430864","building_type":"unclassified","source_building_tag":"yes","source_timestamp":null,"confidence":"source_mapped"}},{"type":"Feature","id":"structure_0fce7071e19ee7217fc5","geometry":{"type":"MultiPolygon","coordinates":[[[[-80.9488458,44.5927606],[-80.9486093,44.5927227],[-80.9485125,44.5930291],[-80.9487454,44.5930664],[-80.9487633,44.5930096],[-80.9487173,44.5930023],[-80.9487684,44.5928408],[-80.948818,44.5928487],[-80.9488458,44.5927606]]]]},"properties":{"structure_id":"structure_0fce7071e19ee7217fc5","external_source":"openstreetmap","external_id":"a226430880","building_type":"apartment","source_building_tag":"apartments","source_timestamp":null,"confidence":"source_mapped"}},{"type":"Feature","id":"structure_18337c9fc81d1742f0b0","geometry":{"type":"MultiPolygon","coordinates":[[[[-80.9248854,44.592385],[-80.9247438,44.5922717],[-80.9246673,44.5923137],[-80.9246058,44.5922676],[-80.9242003,44.5925101],[-80.9243325,44.5926128],[-80.9245058,44.5925049],[-80.9245886,44.5925635],[-80.9248854,44.592385]]]]},"properties":{"structure_id":"structure_18337c9fc81d1742f0b0","external_source":"openstreetmap","external_id":"a226430884","building_type":"unclassified","source_building_tag":"yes","source_timestamp":null,"confidence":"source_mapped"}},{"type":"Feature","id":"structure_883e0a0b3dde39e624a2","geometry":{"type":"MultiPolygon","coordinates":[[[[-80.9478113,44.568205],[-80.947798,44.5681073],[-80.9477948,44.5680991],[-80.9477913,44.56809],[-80.9477668,44.5679501],[-80.9476648,44.5679591],[-80.9476528,44.5678904],[-80.9473655,44.5679102],[-80.9473822,44.5679822],[-80.947311,44.5679906],[-80.9473306,44.5680751],[-80.9474217,44.5680646],[-80.9474317,44.5681223],[-80.9473074,44.5681332],[-80.94721,44.5681421],[-80.9472409,44.5682663],[-80.9472549,44.5683548],[-80.9474984,44.5683315],[-80.9474768,44.5682255],[-80.9475644,44.5682177],[-80.9475852,44.568225],[-80.9478113,44.568205]]]]},"properties":{"structure_id":"structure_883e0a0b3dde39e624a2","external_source":"openstreetmap","external_id":"a226430890","building_type":"unclassified","source_building_tag":"community_centre","source_timestamp":null,"confidence":"source_mapped"}},{"type":"Feature","id":"structure_0c55cdc88e3f20c4d680","geometry":{"type":"MultiPolygon","coordinates":[[[[-80.9551453,44.5710591],[-80.9550634,44.5706751],[-80.9548397,44.5707025],[-80.9549336,44.5710885],[-80.9551453,44.5710591]]]]},"properties":{"structure_id":"structure_0c55cdc88e3f20c4d680","external_source":"openstreetmap","external_id":"a226430892","building_type":"unclassified","source_building_tag":"yes","source_timestamp":null,"confidence":"source_mapped"}},{"type":"Feature","id":"structure_cffcd7828a9cbc359f66","geometry":{"type":"MultiPolygon","coordinates":[[[[-80.9178261,44.582487],[-80.9177242,44.5820591],[-80.9174184,44.5820954],[-80.9175177,44.5825252],[-80.9178261,44.582487]]]]},"properties":{"structure_id":"structure_cffcd7828a9cbc359f66","external_source":"openstreetmap","external_id":"a226430896","building_type":"unclassified","source_building_tag":"yes","source_timestamp":null,"confidence":"source_mapped"}},{"type":"Feature","id":"structure_73b50b6737c2f234f1f4","geometry":{"type":"MultiPolygon","coordinates":[[[[-80.9495755,44.574339],[-80.9495151,44.5739674],[-80.949306,44.5739881],[-80.9493544,44.5743578],[-80.9495755,44.574339]]]]},"properties":{"structure_id":"structure_73b50b6737c2f234f1f4","external_source":"openstreetmap","external_id":"a226430910","building_type":"unclassified","source_building_tag":"yes","source_timestamp":null,"confidence":"source_mapped"}},{"type":"Feature","id":"structure_a7b84e9dc47b9c67ab28","geometry":{"type":"MultiPolygon","coordinates":[[[[-80.9218498,44.5763951],[-80.921739,44.5759303],[-80.9216948,44.5759365],[-80.9216854,44.5759036],[-80.921648,44.5758796],[-80.9215767,44.5758564],[-80.9211999,44.5759093],[-80.9211655,44.5759403],[-80.9210356,44.5759527],[-80.9209966,44.5759941],[-80.9209456,44.5760001],[-80.9208864,44.5760069],[-80.9207998,44.576017],[-80.920752,44.5760225],[-80.9207473,44.5759905],[-80.920587,44.5759146],[-80.920115,44.5759752],[-80.9200667,44.575746],[-80.9204355,44.5756982],[-80.9202907,44.5750858],[-80.9190702,44.5752339],[-80.9192097,44.5758491],[-80.9192378,44.5759619],[-80.9194659,44.5768789],[-80.9194416,44.5769858],[-80.9194122,44.5771149],[-80.9184602,44.5772315],[-80.9186051,44.5778902],[-80.918684,44.5778791],[-80.9186973,44.577944],[-80.9187993,44.5779326],[-80.9187869,44.577868],[-80.9196509,44.5777587],[-80.9196362,44.5776804],[-80.9199746,44.577637],[-80.9200456,44.5773663],[-80.9201066,44.577134],[-80.9200549,44.5771236],[-80.9201696,44.5766878],[-80.9208432,44.5765971],[-80.9208271,44.576535],[-80.9212683,44.5764835],[-80.9212869,44.5765585],[-80.9215821,44.5765226],[-80.9215643,44.5764384],[-80.9218498,44.5763951]]]]},"properties":{"structure_id":"structure_a7b84e9dc47b9c67ab28","external_source":"openstreetmap","external_id":"a226430934","building_type":"commercial","source_building_tag":"retail","source_timestamp":null,"confidence":"source_mapped"}},{"type":"Feature","id":"structure_60c59572100d1477a851","geometry":{"type":"MultiPolygon","coordinates":[[[[-80.9454732,44.5650411],[-80.9454152,44.5647423],[-80.945087,44.56478],[-80.9451266,44.5649764],[-80.9449296,44.564999],[-80.9449692,44.5651953],[-80.9453094,44.5651595],[-80.945279,44.5650551],[-80.9454732,44.5650411]]]]},"properties":{"structure_id":"structure_60c59572100d1477a851","external_source":"openstreetmap","external_id":"a226430954","building_type":"unclassified","source_building_tag":"yes","source_timestamp":null,"confidence":"source_mapped"}},{"type":"Feature","id":"structure_316d39a1b06b0cd4e81b","geometry":{"type":"MultiPolygon","coordinates":[[[[-80.9180103,44.5845],[-80.917951,44.5842342],[-80.9178348,44.5842474],[-80.9178169,44.584167],[-80.9166883,44.5842947],[-80.9167408,44.5845301],[-80.9170721,44.5844927],[-80.9170885,44.584566],[-80.9170214,44.5845736],[-80.9170417,44.5846647],[-80.9172523,44.5846409],[-80.9172668,44.5847058],[-80.9173857,44.5846924],[-80.9173467,44.5845178],[-80.9177869,44.5844679],[-80.9177993,44.5845239],[-80.9180103,44.5845]]]]},"properties":{"structure_id":"structure_316d39a1b06b0cd4e81b","external_source":"openstreetmap","external_id":"a226430956","building_type":"unclassified","source_building_tag":"yes","source_timestamp":null,"confidence":"source_mapped"}},{"type":"Feature","id":"structure_82271af4de53e2db37a2","geometry":{"type":"MultiPolygon","coordinates":[[[[-80.9556433,44.5760545],[-80.9548508,44.5759183],[-80.9547819,44.5760972],[-80.9555745,44.5762334],[-80.9556433,44.5760545]]]]},"properties":{"structure_id":"structure_82271af4de53e2db37a2","external_source":"openstreetmap","external_id":"a226430966","building_type":"unclassified","source_building_tag":"yes","source_timestamp":null,"confidence":"source_mapped"}},{"type":"Feature","id":"structure_0827e6de6dec9cca8a97","geometry":{"type":"MultiPolygon","coordinates":[[[[-80.9124034,44.5699925],[-80.9122966,44.5695682],[-80.9121237,44.5695946],[-80.9120606,44.569313],[-80.9110757,44.5694259],[-80.9111085,44.5696031],[-80.9107119,44.5696569],[-80.9108343,44.5701923],[-80.9124034,44.5699925]]]]},"properties":{"structure_id":"structure_0827e6de6dec9cca8a97","external_source":"openstreetmap","external_id":"a226430972","building_type":"institutional","source_building_tag":"hospital","source_timestamp":null,"confidence":"source_mapped"}},{"type":"Feature","id":"structure_62e55cd0a12b91f00e51","geometry":{"type":"MultiPolygon","coordinates":[[[[-80.9304697,44.5872747],[-80.929972,44.5870862],[-80.9295304,44.5876847],[-80.9298006,44.5877915],[-80.9299985,44.5875247],[-80.9302233,44.5876152],[-80.9304697,44.5872747]]]]},"properties":{"structure_id":"structure_62e55cd0a12b91f00e51","external_source":"openstreetmap","external_id":"a226430980","building_type":"unclassified","source_building_tag":"yes","source_timestamp":null,"confidence":"source_mapped"}},{"type":"Feature","id":"structure_89df6905ae1068a1a0b8","geometry":{"type":"MultiPolygon","coordinates":[[[[-80.9391107,44.567891],[-80.9390751,44.5677224],[-80.9387403,44.567741],[-80.9387472,44.5676788],[-80.9385261,44.5676976],[-80.9385243,44.5677222],[-80.9385786,44.5680136],[-80.9388117,44.5679968],[-80.9387999,44.5679134],[-80.9391107,44.567891]]]]},"properties":{"structure_id":"structure_89df6905ae1068a1a0b8","external_source":"openstreetmap","external_id":"a226430990","building_type":"unclassified","source_building_tag":"yes","source_timestamp":null,"confidence":"source_mapped"}},{"type":"Feature","id":"structure_e918bad8519da0b51139","geometry":{"type":"MultiPolygon","coordinates":[[[[-80.9497821,44.5927553],[-80.9494052,44.5926954],[-80.9493601,44.5928394],[-80.9495383,44.5928677],[-80.9494643,44.593104],[-80.9494391,44.5931],[-80.9493819,44.5932827],[-80.9494015,44.5932858],[-80.9493291,44.5935173],[-80.9491515,44.5934891],[-80.9491057,44.5936354],[-80.9494875,44.593696],[-80.9497821,44.5927553]]]]},"properties":{"structure_id":"structure_e918bad8519da0b51139","external_source":"openstreetmap","external_id":"a226430992","building_type":"apartment","source_building_tag":"apartments","source_timestamp":null,"confidence":"source_mapped"}},{"type":"Feature","id":"structure_fd0c042f6fd108e6bbb0","geometry":{"type":"MultiPolygon","coordinates":[[[[-80.9234612,44.5941737],[-80.9231758,44.594155],[-80.9231981,44.5939233],[-80.9225765,44.5938867],[-80.922531,44.5942323],[-80.9223716,44.5942157],[-80.9223318,44.5944627],[-80.9231276,44.5945092],[-80.9231511,44.5943139],[-80.9234364,44.5943326],[-80.9234612,44.5941737]]]]},"properties":{"structure_id":"structure_fd0c042f6fd108e6bbb0","external_source":"openstreetmap","external_id":"a226430998","building_type":"unclassified","source_building_tag":"yes","source_timestamp":null,"confidence":"source_mapped"}},{"type":"Feature","id":"structure_62415d57d181ae48b515","geometry":{"type":"MultiPolygon","coordinates":[[[[-80.949184,44.5673834],[-80.949152,44.5672271],[-80.9485925,44.5672852],[-80.948667,44.5676497],[-80.9488513,44.5676306],[-80.9488087,44.5674224],[-80.949184,44.5673834]]]]},"properties":{"structure_id":"structure_62415d57d181ae48b515","external_source":"openstreetmap","external_id":"a226431006","building_type":"unclassified","source_building_tag":"yes","source_timestamp":null,"confidence":"source_mapped"}},{"type":"Feature","id":"structure_3d6c6e61f52f8666e85b","geometry":{"type":"MultiPolygon","coordinates":[[[[-80.9555792,44.5713686],[-80.9555472,44.5712302],[-80.9553178,44.5712571],[-80.9553047,44.5712004],[-80.9549562,44.5712412],[-80.9549697,44.5712998],[-80.9547012,44.5713312],[-80.9547628,44.5715982],[-80.9550662,44.5715626],[-80.9551107,44.5717553],[-80.9552855,44.5717348],[-80.9552109,44.5714118],[-80.9555792,44.5713686]]]]},"properties":{"structure_id":"structure_3d6c6e61f52f8666e85b","external_source":"openstreetmap","external_id":"a226431008","building_type":"unclassified","source_building_tag":"yes","source_timestamp":null,"confidence":"source_mapped"}},{"type":"Feature","id":"structure_8374620dc1867dfbc16f","geometry":{"type":"MultiPolygon","coordinates":[[[[-80.9180484,44.5837395],[-80.91794,44.5833602],[-80.917361,44.5834299],[-80.9174574,44.5838073],[-80.9180484,44.5837395]]]]},"properties":{"structure_id":"structure_8374620dc1867dfbc16f","external_source":"openstreetmap","external_id":"a226431012","building_type":"unclassified","source_building_tag":"yes","source_timestamp":null,"confidence":"source_mapped"}},{"type":"Feature","id":"structure_f3d6cba58256ce147f75","geometry":{"type":"MultiPolygon","coordinates":[[[[-80.9494647,44.5733623],[-80.9490764,44.573309],[-80.9491633,44.572952],[-80.9489826,44.572923],[-80.9488509,44.5734628],[-80.9494347,44.5735384],[-80.9494647,44.5733623]]]]},"properties":{"structure_id":"structure_f3d6cba58256ce147f75","external_source":"openstreetmap","external_id":"a226431014","building_type":"unclassified","source_building_tag":"yes","source_timestamp":null,"confidence":"source_mapped"}},{"type":"Feature","id":"structure_16c8a37e7d5d608f388d","geometry":{"type":"MultiPolygon","coordinates":[[[[-80.9482637,44.5740832],[-80.9481791,44.5737077],[-80.9477584,44.5737578],[-80.9478336,44.5741227],[-80.9482637,44.5740832]]]]},"properties":{"structure_id":"structure_16c8a37e7d5d608f388d","external_source":"openstreetmap","external_id":"a226431024","building_type":"unclassified","source_building_tag":"yes","source_timestamp":null,"confidence":"source_mapped"}},{"type":"Feature","id":"structure_7387b0b8673c907b1074","geometry":{"type":"MultiPolygon","coordinates":[[[[-80.9288867,44.5679748],[-80.9288406,44.5677593],[-80.9284855,44.5678017],[-80.9284235,44.5675565],[-80.9281488,44.5675848],[-80.9282663,44.568056],[-80.9288867,44.5679748]]]]},"properties":{"structure_id":"structure_7387b0b8673c907b1074","external_source":"openstreetmap","external_id":"a226431064","building_type":"apartment","source_building_tag":"apartments","source_timestamp":null,"confidence":"source_mapped"}},{"type":"Feature","id":"structure_6a60e089b111ec8fff3a","geometry":{"type":"MultiPolygon","coordinates":[[[[-80.9430259,44.5644128],[-80.9429469,44.5640202],[-80.9426455,44.5640532],[-80.9427218,44.5644545],[-80.9430259,44.5644128]]]]},"properties":{"structure_id":"structure_6a60e089b111ec8fff3a","external_source":"openstreetmap","external_id":"a226431122","building_type":"unclassified","source_building_tag":"yes","source_timestamp":null,"confidence":"source_mapped"}},{"type":"Feature","id":"structure_78915fc6dc3667a06c74","geometry":{"type":"MultiPolygon","coordinates":[[[[-80.9194959,44.584651],[-80.919435,44.5844421],[-80.9192648,44.58446],[-80.9192148,44.5842167],[-80.9188208,44.5842619],[-80.9189196,44.5847121],[-80.9194959,44.584651]]]]},"properties":{"structure_id":"structure_78915fc6dc3667a06c74","external_source":"openstreetmap","external_id":"a226431126","building_type":"unclassified","source_building_tag":"yes","source_timestamp":null,"confidence":"source_mapped"}},{"type":"Feature","id":"structure_bc7e1deb0bc83292c6ff","geometry":{"type":"MultiPolygon","coordinates":[[[[-80.9346202,44.572277],[-80.9345893,44.5721662],[-80.9333241,44.5723448],[-80.9333634,44.5724862],[-80.9339862,44.5723983],[-80.9340363,44.5725783],[-80.93419,44.5725566],[-80.9341314,44.572346],[-80.9346202,44.572277]]]]},"properties":{"structure_id":"structure_bc7e1deb0bc83292c6ff","external_source":"openstreetmap","external_id":"a226431158","building_type":"institutional","source_building_tag":"school","source_timestamp":null,"confidence":"source_mapped"}},{"type":"Feature","id":"structure_b118ecfa3d817e7124c9","geometry":{"type":"MultiPolygon","coordinates":[[[[-80.9315876,44.5863777],[-80.9309413,44.5861382],[-80.9302681,44.5870704],[-80.9308355,44.5872792],[-80.9312394,44.5867199],[-80.9313063,44.5867487],[-80.9315876,44.5863777]]]]},"properties":{"structure_id":"structure_b118ecfa3d817e7124c9","external_source":"openstreetmap","external_id":"a226431164","building_type":"unclassified","source_building_tag":"yes","source_timestamp":null,"confidence":"source_mapped"}},{"type":"Feature","id":"structure_c93754377f086afe267a","geometry":{"type":"MultiPolygon","coordinates":[[[[-80.9282367,44.560892],[-80.9280999,44.5608672],[-80.9280798,44.5608997],[-80.9279685,44.5608834],[-80.9279832,44.5608127],[-80.9278531,44.5607955],[-80.9278692,44.560741],[-80.9277365,44.5607258],[-80.9277003,44.560871],[-80.9276332,44.5608586],[-80.927715,44.5606092],[-80.9280865,44.5606646],[-80.928124,44.5605289],[-80.9277459,44.5604821],[-80.9277727,44.5603789],[-80.9276171,44.5603579],[-80.9275796,44.5605031],[-80.9274843,44.5604907],[-80.9274508,44.5605968],[-80.9274897,44.5606063],[-80.9274481,44.5607869],[-80.9271799,44.5607602],[-80.9271276,44.5609752],[-80.9275796,44.5610134],[-80.9275889,44.5609761],[-80.9278424,44.5610086],[-80.9278116,44.5611892],[-80.9279323,44.5612637],[-80.9280568,44.5612322],[-80.9280972,44.5609914],[-80.9282099,44.5610105],[-80.9282367,44.560892]]]]},"properties":{"structure_id":"structure_c93754377f086afe267a","external_source":"openstreetmap","external_id":"a227210066","building_type":"apartment","source_building_tag":"apartments","source_timestamp":null,"confidence":"source_mapped"}},{"type":"Feature","id":"structure_250c39aa0ce7a9726bb3","geometry":{"type":"MultiPolygon","coordinates":[[[[-80.945893,44.5464288],[-80.9458559,44.5463053],[-80.945489,44.5463459],[-80.9454347,44.5461562],[-80.9450892,44.5462093],[-80.9451604,44.5465463],[-80.9454912,44.5465],[-80.945515,44.5465852],[-80.9457681,44.5465445],[-80.945747,44.5464506],[-80.945893,44.5464288]]]]},"properties":{"structure_id":"structure_250c39aa0ce7a9726bb3","external_source":"openstreetmap","external_id":"a227210146","building_type":"unclassified","source_building_tag":"yes","source_timestamp":null,"confidence":"source_mapped"}},{"type":"Feature","id":"structure_d4301a574bc301f4c8bc","geometry":{"type":"MultiPolygon","coordinates":[[[[-80.9262989,44.555444],[-80.9262529,44.5552964],[-80.9262905,44.5552639],[-80.9262445,44.5551104],[-80.9261612,44.5551233],[-80.9261286,44.5549684],[-80.9258671,44.5549932],[-80.9258977,44.5551426],[-80.9259961,44.5551352],[-80.9260981,44.5554701],[-80.9262989,44.555444]]]]},"properties":{"structure_id":"structure_d4301a574bc301f4c8bc","external_source":"openstreetmap","external_id":"a227210268","building_type":"commercial","source_building_tag":"commercial","source_timestamp":null,"confidence":"source_mapped"}},{"type":"Feature","id":"structure_07d398288183da177ffb","geometry":{"type":"MultiPolygon","coordinates":[[[[-80.9257508,44.561208],[-80.925593,44.5611451],[-80.9255626,44.5611556],[-80.9254839,44.5611279],[-80.9254606,44.5611031],[-80.9254833,44.5610741],[-80.9251675,44.5609482],[-80.9247672,44.561458],[-80.9251275,44.5616016],[-80.9251608,44.5615591],[-80.9254004,44.5616545],[-80.9257508,44.561208]]]]},"properties":{"structure_id":"structure_07d398288183da177ffb","external_source":"openstreetmap","external_id":"a227210354","building_type":"unclassified","source_building_tag":"yes","source_timestamp":null,"confidence":"source_mapped"}},{"type":"Feature","id":"structure_ff0a3c35806d686c3726","geometry":{"type":"MultiPolygon","coordinates":[[[[-80.9456713,44.5516849],[-80.9456092,44.5514397],[-80.9450601,44.5514963],[-80.9450918,44.551637],[-80.9452619,44.5516191],[-80.9453017,44.5517341],[-80.9456713,44.5516849]]]]},"properties":{"structure_id":"structure_ff0a3c35806d686c3726","external_source":"openstreetmap","external_id":"a227210358","building_type":"unclassified","source_building_tag":"yes","source_timestamp":null,"confidence":"source_mapped"}},{"type":"Feature","id":"structure_79b990400315ddaa787d","geometry":{"type":"MultiPolygon","coordinates":[[[[-80.9320429,44.5581339],[-80.9319598,44.5577948],[-80.9313396,44.557876],[-80.9314028,44.5581576],[-80.9315489,44.5581359],[-80.931557,44.55811],[-80.9317566,44.5580788],[-80.9317656,44.5581707],[-80.9320429,44.5581339]]]]},"properties":{"structure_id":"structure_79b990400315ddaa787d","external_source":"openstreetmap","external_id":"a227210404","building_type":"institutional","source_building_tag":"church","source_timestamp":null,"confidence":"source_mapped"}},{"type":"Feature","id":"structure_01db7d554bcf2c1b368b","geometry":{"type":"MultiPolygon","coordinates":[[[[-80.9257651,44.5598371],[-80.9257018,44.5595539],[-80.925419,44.559586],[-80.9254824,44.5598692],[-80.9257651,44.5598371]]]]},"properties":{"structure_id":"structure_01db7d554bcf2c1b368b","external_source":"openstreetmap","external_id":"a227210498","building_type":"unclassified","source_building_tag":"yes","source_timestamp":null,"confidence":"source_mapped"}},{"type":"Feature","id":"structure_1a00f39ac515c1c541a3","geometry":{"type":"MultiPolygon","coordinates":[[[[-80.92213,44.5593984],[-80.9220788,44.5591187],[-80.9219475,44.5591338],[-80.9219159,44.558993],[-80.9217458,44.5590109],[-80.9217193,44.5589343],[-80.9214863,44.558951],[-80.921514,44.5590641],[-80.9214095,44.5590744],[-80.9214224,44.5591941],[-80.9214908,44.5591779],[-80.9214983,44.5593148],[-80.9216805,44.5592989],[-80.9216937,44.5593372],[-80.9218102,44.5593288],[-80.9218166,44.5594294],[-80.92213,44.5593984]]]]},"properties":{"structure_id":"structure_1a00f39ac515c1c541a3","external_source":"openstreetmap","external_id":"a227210614","building_type":"unclassified","source_building_tag":"yes","source_timestamp":null,"confidence":"source_mapped"}},{"type":"Feature","id":"structure_25681134f8d5df15733d","geometry":{"type":"MultiPolygon","coordinates":[[[[-80.9283466,44.5591046],[-80.9281027,44.558794],[-80.928087,44.5586829],[-80.9283053,44.5583109],[-80.9278398,44.5581818],[-80.9277603,44.5583137],[-80.9280385,44.5583947],[-80.9279079,44.5586089],[-80.9277525,44.5586201],[-80.9276496,44.5585854],[-80.9276065,44.5586418],[-80.9275153,44.5586905],[-80.9274644,44.5586913],[-80.9274602,44.5587449],[-80.9272489,44.5587588],[-80.9272271,44.5583999],[-80.9274963,44.5583889],[-80.9274887,44.558252],[-80.9271205,44.5582561],[-80.9270666,44.5583469],[-80.9270278,44.5583497],[-80.9270637,44.5587988],[-80.9271561,44.5587865],[-80.9270832,44.5589376],[-80.9270471,44.5589318],[-80.9270634,44.559242],[-80.9272194,44.5594299],[-80.9274527,44.5593318],[-80.9273368,44.5591774],[-80.9273202,44.5589486],[-80.927742,44.558935],[-80.9277209,44.5588411],[-80.9278977,44.5588424],[-80.9280883,44.5590811],[-80.9278429,44.5591774],[-80.9279122,44.559279],[-80.9283466,44.5591046]]]]},"properties":{"structure_id":"structure_25681134f8d5df15733d","external_source":"openstreetmap","external_id":"a227210856","building_type":"apartment","source_building_tag":"apartments","source_timestamp":null,"confidence":"source_mapped"}},{"type":"Feature","id":"structure_2bbd7a80be25f3b67643","geometry":{"type":"MultiPolygon","coordinates":[[[[-80.9356584,44.5613438],[-80.9356424,44.5612671],[-80.9356122,44.5612702],[-80.9355835,44.5611328],[-80.9350504,44.5611892],[-80.9350597,44.5612337],[-80.9347985,44.5612614],[-80.9347889,44.5612153],[-80.934587,44.5612366],[-80.9345901,44.5612514],[-80.9344958,44.5612614],[-80.9344993,44.5612785],[-80.9342051,44.5613096],[-80.9342463,44.5615076],[-80.9344186,44.5614894],[-80.9344203,44.5614975],[-80.9346123,44.5614772],[-80.9346088,44.5614605],[-80.9347152,44.5614493],[-80.9347112,44.5614299],[-80.934814,44.561419],[-80.9349067,44.5618637],[-80.9351427,44.5618387],[-80.9351072,44.5616683],[-80.9351374,44.5616651],[-80.935112,44.5615433],[-80.93508,44.5615467],[-80.9350479,44.5613926],[-80.9351218,44.5613848],[-80.9351251,44.5614003],[-80.9356584,44.5613438]]]]},"properties":{"structure_id":"structure_2bbd7a80be25f3b67643","external_source":"openstreetmap","external_id":"a227210884","building_type":"institutional","source_building_tag":"school","source_timestamp":null,"confidence":"source_mapped"}},{"type":"Feature","id":"structure_b83c4105186a9f125358","geometry":{"type":"MultiPolygon","coordinates":[[[[-80.9097984,44.5738678],[-80.9097289,44.5735605],[-80.9096506,44.5734661],[-80.9097057,44.5734429],[-80.9096256,44.5733463],[-80.9096717,44.5733269],[-80.9095764,44.573212],[-80.9096746,44.5731707],[-80.9096271,44.5731135],[-80.9081766,44.5732762],[-80.9082172,44.57346],[-80.9081096,44.5734721],[-80.9081899,44.5738338],[-80.9080717,44.5738471],[-80.9081184,44.5740566],[-80.9084601,44.574018],[-80.9084716,44.5740696],[-80.9091524,44.5739921],[-80.9091401,44.5739375],[-80.9094082,44.5739068],[-80.9094446,44.5740684],[-80.9096754,44.5740419],[-80.9096401,44.5738859],[-80.9097984,44.5738678]]]]},"properties":{"structure_id":"structure_b83c4105186a9f125358","external_source":"openstreetmap","external_id":"a349594346","building_type":"commercial","source_building_tag":"retail","source_timestamp":null,"confidence":"source_mapped"}},{"type":"Feature","id":"structure_85cc3eb88d955269a40a","geometry":{"type":"MultiPolygon","coordinates":[[[[-80.9277941,44.569283],[-80.9277668,44.5691252],[-80.9275783,44.5691417],[-80.9276056,44.5692995],[-80.9277941,44.569283]]]]},"properties":{"structure_id":"structure_85cc3eb88d955269a40a","external_source":"openstreetmap","external_id":"a349594348","building_type":"unclassified","source_building_tag":"yes","source_timestamp":null,"confidence":"source_mapped"}},{"type":"Feature","id":"structure_9f58c7c49b5d918cb74e","geometry":{"type":"MultiPolygon","coordinates":[[[[-80.911966,44.5731303],[-80.9119335,44.5729787],[-80.911643,44.5730103],[-80.9115943,44.5727831],[-80.9114664,44.572797],[-80.9114885,44.5729005],[-80.9102778,44.5730319],[-80.9104419,44.5737994],[-80.9111606,44.5737215],[-80.9111436,44.5736421],[-80.9118546,44.5735649],[-80.9117877,44.5732526],[-80.9116602,44.5732665],[-80.9116387,44.5731658],[-80.911966,44.5731303]]]]},"properties":{"structure_id":"structure_9f58c7c49b5d918cb74e","external_source":"openstreetmap","external_id":"a349594352","building_type":"commercial","source_building_tag":"retail","source_timestamp":null,"confidence":"source_mapped"}},{"type":"Feature","id":"structure_d2cbb968477a1656ffb3","geometry":{"type":"MultiPolygon","coordinates":[[[[-80.9205987,44.57384],[-80.9205727,44.5737405],[-80.9203234,44.5737736],[-80.9203494,44.573873],[-80.9205987,44.57384]]]]},"properties":{"structure_id":"structure_d2cbb968477a1656ffb3","external_source":"openstreetmap","external_id":"a349594356","building_type":"commercial","source_building_tag":"retail","source_timestamp":null,"confidence":"source_mapped"}},{"type":"Feature","id":"structure_5f473245fddf2a8842fa","geometry":{"type":"MultiPolygon","coordinates":[[[[-80.916877,44.574165],[-80.9168394,44.5740328],[-80.9166147,44.5740652],[-80.9166523,44.5741975],[-80.916877,44.574165]]]]},"properties":{"structure_id":"structure_5f473245fddf2a8842fa","external_source":"openstreetmap","external_id":"a349912188","building_type":"commercial","source_building_tag":"retail","source_timestamp":null,"confidence":"source_mapped"}},{"type":"Feature","id":"structure_a971d3b982312e578e5c","geometry":{"type":"MultiPolygon","coordinates":[[[[-80.9244694,44.573384],[-80.9244002,44.573097],[-80.9237028,44.5731822],[-80.9236892,44.5731257],[-80.9236615,44.5731291],[-80.9236492,44.5730783],[-80.9234965,44.573097],[-80.923512,44.5731612],[-80.9233319,44.5731832],[-80.9234115,44.5735133],[-80.9244694,44.573384]]]]},"properties":{"structure_id":"structure_a971d3b982312e578e5c","external_source":"openstreetmap","external_id":"a349912190","building_type":"commercial","source_building_tag":"retail","source_timestamp":null,"confidence":"source_mapped"}},{"type":"Feature","id":"structure_0299754898bc875e97c6","geometry":{"type":"MultiPolygon","coordinates":[[[[-80.9158033,44.5737789],[-80.9156557,44.5731363],[-80.9145009,44.5732709],[-80.9146103,44.5737475],[-80.9143026,44.5737834],[-80.9143407,44.5739495],[-80.9158033,44.5737789]]]]},"properties":{"structure_id":"structure_0299754898bc875e97c6","external_source":"openstreetmap","external_id":"a349912192","building_type":"commercial","source_building_tag":"retail","source_timestamp":null,"confidence":"source_mapped"}},{"type":"Feature","id":"structure_12f5e72b207c06f89c80","geometry":{"type":"MultiPolygon","coordinates":[[[[-80.9178792,44.5752147],[-80.9178523,44.5750657],[-80.9177504,44.5750313],[-80.9175519,44.575058],[-80.9175967,44.5752441],[-80.9178792,44.5752147]]]]},"properties":{"structure_id":"structure_12f5e72b207c06f89c80","external_source":"openstreetmap","external_id":"a349912196","building_type":"commercial","source_building_tag":"retail","source_timestamp":null,"confidence":"source_mapped"}},{"type":"Feature","id":"structure_32fc5c67a073adae79ae","geometry":{"type":"MultiPolygon","coordinates":[[[[-80.9279556,44.5701584],[-80.9278831,44.5700915],[-80.9275078,44.5700388],[-80.9274932,44.5700914],[-80.9274255,44.5700819],[-80.9273995,44.570176],[-80.9274524,44.5701834],[-80.9274343,44.5702489],[-80.9274745,44.5703158],[-80.9276121,44.5703416],[-80.9276273,44.5703005],[-80.9278852,44.5703489],[-80.9279556,44.5701584]]]]},"properties":{"structure_id":"structure_32fc5c67a073adae79ae","external_source":"openstreetmap","external_id":"a349912198","building_type":"commercial","source_building_tag":"retail","source_timestamp":null,"confidence":"source_mapped"}},{"type":"Feature","id":"structure_cf153498babe577f7da1","geometry":{"type":"MultiPolygon","coordinates":[[[[-80.9169754,44.5739767],[-80.9169503,44.5738245],[-80.9168735,44.5738315],[-80.9168404,44.5736984],[-80.9165426,44.5737347],[-80.916498,44.5737264],[-80.9164658,44.5737455],[-80.9164497,44.5737742],[-80.9164863,44.5737825],[-80.9165489,44.573992],[-80.9166204,44.5740137],[-80.9169754,44.5739767]]]]},"properties":{"structure_id":"structure_cf153498babe577f7da1","external_source":"openstreetmap","external_id":"a349912202","building_type":"commercial","source_building_tag":"retail","source_timestamp":null,"confidence":"source_mapped"}},{"type":"Feature","id":"structure_5f31f513c20fc8bf7e79","geometry":{"type":"MultiPolygon","coordinates":[[[[-80.9244916,44.5755975],[-80.9243635,44.5750342],[-80.9243209,44.5750392],[-80.9243107,44.5749941],[-80.9241778,44.5750094],[-80.9241708,44.5749786],[-80.9238647,44.575014],[-80.9238706,44.5750398],[-80.9238027,44.5750476],[-80.9237979,44.5750264],[-80.9233772,44.5750749],[-80.9233914,44.5751375],[-80.9233118,44.5751467],[-80.9234421,44.5757193],[-80.9236123,44.5756996],[-80.9236435,44.5758368],[-80.9237813,44.5758209],[-80.9237506,44.5756861],[-80.9241559,44.5756394],[-80.9241589,44.5756827],[-80.9242635,44.5756961],[-80.9242684,44.5756232],[-80.9244916,44.5755975]]]]},"properties":{"structure_id":"structure_5f31f513c20fc8bf7e79","external_source":"openstreetmap","external_id":"a350725534","building_type":"commercial","source_building_tag":"retail","source_timestamp":null,"confidence":"source_mapped"}},{"type":"Feature","id":"structure_72d69b769a1183024e3b","geometry":{"type":"MultiPolygon","coordinates":[[[[-80.9214479,44.5747444],[-80.9214212,44.5746067],[-80.9213618,44.5746126],[-80.9213532,44.574568],[-80.9213191,44.5745713],[-80.9213004,44.5744751],[-80.921127,44.5744922],[-80.9211759,44.5747437],[-80.9212281,44.5747386],[-80.9212333,44.5747656],[-80.9213604,44.574753],[-80.9213968,44.5747495],[-80.9214479,44.5747444]]]]},"properties":{"structure_id":"structure_72d69b769a1183024e3b","external_source":"openstreetmap","external_id":"a350725536","building_type":"unclassified","source_building_tag":"yes","source_timestamp":null,"confidence":"source_mapped"}},{"type":"Feature","id":"structure_14b4fc844433a1c86836","geometry":{"type":"MultiPolygon","coordinates":[[[[-80.9452834,44.568497],[-80.9452609,44.5683984],[-80.9452008,44.5684053],[-80.9451565,44.568211],[-80.9445964,44.5682759],[-80.9446632,44.5685688],[-80.9452834,44.568497]]]]},"properties":{"structure_id":"structure_14b4fc844433a1c86836","external_source":"openstreetmap","external_id":"a350725542","building_type":"commercial","source_building_tag":"retail","source_timestamp":null,"confidence":"source_mapped"}},{"type":"Feature","id":"structure_7a72dda024cb0b9d7591","geometry":{"type":"MultiPolygon","coordinates":[[[[-80.9267194,44.5735129],[-80.9266203,44.5733885],[-80.9264633,44.5734519],[-80.9265623,44.5735764],[-80.9267194,44.5735129]]]]},"properties":{"structure_id":"structure_7a72dda024cb0b9d7591","external_source":"openstreetmap","external_id":"a350725564","building_type":"unclassified","source_building_tag":"roof","source_timestamp":null,"confidence":"source_mapped"}},{"type":"Feature","id":"structure_66f469cf91cdb11d5f8e","geometry":{"type":"MultiPolygon","coordinates":[[[[-80.9378726,44.54522],[-80.9378083,44.5450766],[-80.9376621,44.5451074],[-80.9376715,44.5451627],[-80.9375937,44.54522],[-80.9376929,44.5452907],[-80.9378431,44.5453137],[-80.9378726,44.54522]]]]},"properties":{"structure_id":"structure_66f469cf91cdb11d5f8e","external_source":"openstreetmap","external_id":"a350729082","building_type":"commercial","source_building_tag":"commercial","source_timestamp":null,"confidence":"source_mapped"}},{"type":"Feature","id":"structure_046795fedd0a43139fc0","geometry":{"type":"MultiPolygon","coordinates":[[[[-80.9417096,44.5686077],[-80.9413731,44.5684952],[-80.941305,44.5685986],[-80.9416415,44.5687111],[-80.9417096,44.5686077]]]]},"properties":{"structure_id":"structure_046795fedd0a43139fc0","external_source":"openstreetmap","external_id":"a351785382","building_type":"unclassified","source_building_tag":"yes","source_timestamp":null,"confidence":"source_mapped"}},{"type":"Feature","id":"structure_f5a659b6a3f6a5998d8d","geometry":{"type":"MultiPolygon","coordinates":[[[[-80.9412018,44.5682914],[-80.9410182,44.5682299],[-80.9409596,44.568319],[-80.9411431,44.5683804],[-80.9412018,44.5682914]]]]},"properties":{"structure_id":"structure_f5a659b6a3f6a5998d8d","external_source":"openstreetmap","external_id":"a351785384","building_type":"commercial","source_building_tag":"retail","source_timestamp":null,"confidence":"source_mapped"}},{"type":"Feature","id":"structure_d7d5a24252288f6af895","geometry":{"type":"MultiPolygon","coordinates":[[[[-80.9201108,44.5740562],[-80.9201013,44.5740174],[-80.9200392,44.574025],[-80.92,44.5738641],[-80.9197831,44.5738909],[-80.9198444,44.5741423],[-80.9200862,44.5741124],[-80.9200736,44.5740609],[-80.9201108,44.5740562]]]]},"properties":{"structure_id":"structure_d7d5a24252288f6af895","external_source":"openstreetmap","external_id":"a351785386","building_type":"commercial","source_building_tag":"retail","source_timestamp":null,"confidence":"source_mapped"}},{"type":"Feature","id":"structure_96b7a216eadb3ba92b4e","geometry":{"type":"MultiPolygon","coordinates":[[[[-80.9210808,44.5738836],[-80.9210577,44.5737903],[-80.9210414,44.5737923],[-80.9210292,44.5737432],[-80.9210423,44.5737416],[-80.9210258,44.5736751],[-80.9208815,44.5736933],[-80.9209334,44.5739022],[-80.9210808,44.5738836]]]]},"properties":{"structure_id":"structure_96b7a216eadb3ba92b4e","external_source":"openstreetmap","external_id":"a351785388","building_type":"commercial","source_building_tag":"retail","source_timestamp":null,"confidence":"source_mapped"}},{"type":"Feature","id":"structure_e351290924d7d0c47755","geometry":{"type":"MultiPolygon","coordinates":[[[[-80.916777,44.5744659],[-80.9167506,44.5743285],[-80.9164776,44.5743598],[-80.9164953,44.5745003],[-80.916777,44.5744659]]]]},"properties":{"structure_id":"structure_e351290924d7d0c47755","external_source":"openstreetmap","external_id":"a358148094","building_type":"unclassified","source_building_tag":"roof","source_timestamp":null,"confidence":"source_mapped"}},{"type":"Feature","id":"structure_f906f3982d49500ee3ac","geometry":{"type":"MultiPolygon","coordinates":[[[[-80.9176628,44.574295],[-80.9176165,44.5740819],[-80.9174904,44.5740876],[-80.9175012,44.5741411],[-80.9172276,44.5741774],[-80.9172732,44.5743551],[-80.9176413,44.5743237],[-80.9176628,44.574295]]]]},"properties":{"structure_id":"structure_f906f3982d49500ee3ac","external_source":"openstreetmap","external_id":"a358148096","building_type":"unclassified","source_building_tag":"yes","source_timestamp":null,"confidence":"source_mapped"}},{"type":"Feature","id":"structure_323712deec550d468b3c","geometry":{"type":"MultiPolygon","coordinates":[[[[-80.9151627,44.5745981],[-80.9151346,44.5744633],[-80.9150887,44.5744681],[-80.9150436,44.5744729],[-80.9150717,44.5746078],[-80.9151217,44.5746024],[-80.9151627,44.5745981]]]]},"properties":{"structure_id":"structure_323712deec550d468b3c","external_source":"openstreetmap","external_id":"a358148098","building_type":"unclassified","source_building_tag":"yes","source_timestamp":null,"confidence":"source_mapped"}},{"type":"Feature","id":"structure_ede2438670ad3cbc6e99","geometry":{"type":"MultiPolygon","coordinates":[[[[-80.9164542,44.5744977],[-80.9164272,44.574324],[-80.9163756,44.5743269],[-80.9164106,44.574503],[-80.9164542,44.5744977]]]]},"properties":{"structure_id":"structure_ede2438670ad3cbc6e99","external_source":"openstreetmap","external_id":"a358148100","building_type":"unclassified","source_building_tag":"yes","source_timestamp":null,"confidence":"source_mapped"}},{"type":"Feature","id":"structure_d66ad633bad5c939dd85","geometry":{"type":"MultiPolygon","coordinates":[[[[-80.912616,44.5748856],[-80.9125849,44.5747603],[-80.9126131,44.5747568],[-80.9125949,44.5746835],[-80.912294,44.5747214],[-80.9123177,44.5748171],[-80.9123518,44.5748128],[-80.9123774,44.5749157],[-80.912616,44.5748856]]]]},"properties":{"structure_id":"structure_d66ad633bad5c939dd85","external_source":"openstreetmap","external_id":"a358148112","building_type":"unclassified","source_building_tag":"yes","source_timestamp":null,"confidence":"source_mapped"}},{"type":"Feature","id":"structure_25b2e8885494e76fa9e9","geometry":{"type":"MultiPolygon","coordinates":[[[[-80.9104094,44.5751747],[-80.9103075,44.5747716],[-80.9098945,44.5748117],[-80.9099213,44.5750161],[-80.9100795,44.5750047],[-80.9101251,44.575211],[-80.9104094,44.5751747]]]]},"properties":{"structure_id":"structure_25b2e8885494e76fa9e9","external_source":"openstreetmap","external_id":"a358148116","building_type":"unclassified","source_building_tag":"yes","source_timestamp":null,"confidence":"source_mapped"}},{"type":"Feature","id":"structure_3becef70b3f513763953","geometry":{"type":"MultiPolygon","coordinates":[[[[-80.9124452,44.5764109],[-80.9124131,44.5762561],[-80.9123245,44.5762657],[-80.9123299,44.5762886],[-80.9122682,44.5762963],[-80.9122789,44.5763192],[-80.9119812,44.5763421],[-80.9119973,44.576451],[-80.9124452,44.5764109]]]]},"properties":{"structure_id":"structure_3becef70b3f513763953","external_source":"openstreetmap","external_id":"a358148120","building_type":"unclassified","source_building_tag":"yes","source_timestamp":null,"confidence":"source_mapped"}},{"type":"Feature","id":"structure_dafd4889fff852f1a7cd","geometry":{"type":"MultiPolygon","coordinates":[[[[-80.9184078,44.5742347],[-80.9184047,44.5742222],[-80.9183657,44.5740622],[-80.9183514,44.5740035],[-80.918153,44.5740169],[-80.9181637,44.5740589],[-80.9177748,44.574101],[-80.9178257,44.5742978],[-80.9179947,44.5742787],[-80.9180376,44.5742959],[-80.9181878,44.5742844],[-80.9182093,44.5742576],[-80.9184078,44.5742347]]]]},"properties":{"structure_id":"structure_dafd4889fff852f1a7cd","external_source":"openstreetmap","external_id":"a358148124","building_type":"unclassified","source_building_tag":"yes","source_timestamp":null,"confidence":"source_mapped"}},{"type":"Feature","id":"structure_01180d251ae1022da31e","geometry":{"type":"MultiPolygon","coordinates":[[[[-80.9227233,44.5737098],[-80.9226723,44.5734939],[-80.9221385,44.573557],[-80.9221949,44.5737729],[-80.9227233,44.5737098]]]]},"properties":{"structure_id":"structure_01180d251ae1022da31e","external_source":"openstreetmap","external_id":"a358148134","building_type":"unclassified","source_building_tag":"yes","source_timestamp":null,"confidence":"source_mapped"}},{"type":"Feature","id":"structure_f19fdd78fa24e2e6e5e7","geometry":{"type":"MultiPolygon","coordinates":[[[[-80.9116728,44.5750391],[-80.9115923,44.5746188],[-80.9112972,44.5746532],[-80.9113777,44.5750735],[-80.9116728,44.5750391]]]]},"properties":{"structure_id":"structure_f19fdd78fa24e2e6e5e7","external_source":"openstreetmap","external_id":"a358148138","building_type":"unclassified","source_building_tag":"yes","source_timestamp":null,"confidence":"source_mapped"}},{"type":"Feature","id":"structure_ac565476602f6253225e","geometry":{"type":"MultiPolygon","coordinates":[[[[-80.9188503,44.5741717],[-80.9188047,44.5739959],[-80.9184239,44.5740437],[-80.918448,44.5742175],[-80.9188503,44.5741717]]]]},"properties":{"structure_id":"structure_ac565476602f6253225e","external_source":"openstreetmap","external_id":"a358148150","building_type":"unclassified","source_building_tag":"yes","source_timestamp":null,"confidence":"source_mapped"}},{"type":"Feature","id":"structure_756b2ca4b5de08ffcc30","geometry":{"type":"MultiPolygon","coordinates":[[[[-80.9157356,44.5746592],[-80.9157099,44.5745683],[-80.9156815,44.5744678],[-80.9155533,44.5744865],[-80.9155742,44.5745865],[-80.9155929,44.574676],[-80.9157356,44.5746592]]]]},"properties":{"structure_id":"structure_756b2ca4b5de08ffcc30","external_source":"openstreetmap","external_id":"a358148154","building_type":"unclassified","source_building_tag":"roof","source_timestamp":null,"confidence":"source_mapped"}},{"type":"Feature","id":"structure_3ea4b5a2e5541565a48b","geometry":{"type":"MultiPolygon","coordinates":[[[[-80.9097872,44.5752531],[-80.9097201,44.5748653],[-80.9093446,44.5749054],[-80.9094224,44.5752951],[-80.9097872,44.5752531]]]]},"properties":{"structure_id":"structure_3ea4b5a2e5541565a48b","external_source":"openstreetmap","external_id":"a358148158","building_type":"unclassified","source_building_tag":"yes","source_timestamp":null,"confidence":"source_mapped"}},{"type":"Feature","id":"structure_c38da3c9bde5c616bba8","geometry":{"type":"MultiPolygon","coordinates":[[[[-80.9250211,44.5743465],[-80.924969,44.5740083],[-80.9248666,44.5740163],[-80.9249187,44.5743545],[-80.9250211,44.5743465]]]]},"properties":{"structure_id":"structure_c38da3c9bde5c616bba8","external_source":"openstreetmap","external_id":"a358148160","building_type":"unclassified","source_building_tag":"roof","source_timestamp":null,"confidence":"source_mapped"}},{"type":"Feature","id":"structure_2c5226525082e08f9350","geometry":{"type":"MultiPolygon","coordinates":[[[[-80.9137466,44.5746244],[-80.9137081,44.5744496],[-80.91338,44.5744862],[-80.9134116,44.5746294],[-80.913614,44.5746068],[-80.9136209,44.5746384],[-80.9137466,44.5746244]]]]},"properties":{"structure_id":"structure_2c5226525082e08f9350","external_source":"openstreetmap","external_id":"a358148162","building_type":"unclassified","source_building_tag":"yes","source_timestamp":null,"confidence":"source_mapped"}},{"type":"Feature","id":"structure_45edaddcbc44441899ca","geometry":{"type":"MultiPolygon","coordinates":[[[[-80.9130809,44.5762619],[-80.9130622,44.5761606],[-80.9125552,44.5762237],[-80.9125579,44.5762523],[-80.9125177,44.5762561],[-80.9125257,44.5763173],[-80.9125579,44.5763135],[-80.9125606,44.5763421],[-80.9127061,44.5763317],[-80.9127027,44.5762982],[-80.9130809,44.5762619]]]]},"properties":{"structure_id":"structure_45edaddcbc44441899ca","external_source":"openstreetmap","external_id":"a358148164","building_type":"unclassified","source_building_tag":"yes","source_timestamp":null,"confidence":"source_mapped"}},{"type":"Feature","id":"structure_929a6d1dcd7bfce4f7b6","geometry":{"type":"MultiPolygon","coordinates":[[[[-80.9156815,44.5744678],[-80.9156592,44.5743903],[-80.915531,44.574409],[-80.9155533,44.5744865],[-80.9156815,44.5744678]]]]},"properties":{"structure_id":"structure_929a6d1dcd7bfce4f7b6","external_source":"openstreetmap","external_id":"a358148168","building_type":"commercial","source_building_tag":"commercial","source_timestamp":null,"confidence":"source_mapped"}},{"type":"Feature","id":"structure_5d03eb8d154dadf0e30b","geometry":{"type":"MultiPolygon","coordinates":[[[[-80.9140366,44.5739878],[-80.9139535,44.5736133],[-80.9136316,44.5736573],[-80.9137201,44.5740318],[-80.9140366,44.5739878]]]]},"properties":{"structure_id":"structure_5d03eb8d154dadf0e30b","external_source":"openstreetmap","external_id":"a358148170","building_type":"unclassified","source_building_tag":"yes","source_timestamp":null,"confidence":"source_mapped"}},{"type":"Feature","id":"structure_c810cb5aa4162ad25997","geometry":{"type":"MultiPolygon","coordinates":[[[[-80.9159095,44.5753609],[-80.915876,44.5751918],[-80.9157765,44.5752018],[-80.9157683,44.5751604],[-80.9156749,44.5751698],[-80.9156809,44.5751998],[-80.9155725,44.5752108],[-80.9156132,44.5754159],[-80.9157852,44.5753986],[-80.9157803,44.5753739],[-80.9159095,44.5753609]]]]},"properties":{"structure_id":"structure_c810cb5aa4162ad25997","external_source":"openstreetmap","external_id":"a366014076","building_type":"commercial","source_building_tag":"retail","source_timestamp":null,"confidence":"source_mapped"}},{"type":"Feature","id":"structure_7ea4fa12c999986b62f3","geometry":{"type":"MultiPolygon","coordinates":[[[[-80.9457662,44.5519388],[-80.9457501,44.5518624],[-80.9456615,44.5518664],[-80.9456589,44.5518413],[-80.945379,44.551872],[-80.9453715,44.551824],[-80.9452697,44.5518319],[-80.9452834,44.5518853],[-80.9450472,44.5519065],[-80.9450715,44.5520401],[-80.9456884,44.5519656],[-80.9456881,44.5519405],[-80.9457662,44.5519388]]]]},"properties":{"structure_id":"structure_7ea4fa12c999986b62f3","external_source":"openstreetmap","external_id":"a366052118","building_type":"unclassified","source_building_tag":"yes","source_timestamp":null,"confidence":"source_mapped"}},{"type":"Feature","id":"structure_9dbb8c365739a5332354","geometry":{"type":"MultiPolygon","coordinates":[[[[-80.935995,44.5673922],[-80.9359119,44.5669928],[-80.9356759,44.5670215],[-80.9357671,44.5674228],[-80.935995,44.5673922]]]]},"properties":{"structure_id":"structure_9dbb8c365739a5332354","external_source":"openstreetmap","external_id":"a366065594","building_type":"unclassified","source_building_tag":"yes","source_timestamp":null,"confidence":"source_mapped"}},{"type":"Feature","id":"structure_5db9d85c6724936021b2","geometry":{"type":"MultiPolygon","coordinates":[[[[-80.937481,44.5681757],[-80.9374577,44.5680094],[-80.9365771,44.5680725],[-80.9365798,44.5681011],[-80.9364778,44.568105],[-80.9365098,44.568279],[-80.9366031,44.5682712],[-80.9366014,44.568256],[-80.937481,44.5681757]]]]},"properties":{"structure_id":"structure_5db9d85c6724936021b2","external_source":"openstreetmap","external_id":"a366065596","building_type":"residential","source_building_tag":"residential","source_timestamp":null,"confidence":"source_mapped"}},{"type":"Feature","id":"structure_bac29a7eff0f13b4d6b9","geometry":{"type":"MultiPolygon","coordinates":[[[[-80.9330596,44.5703766],[-80.9328667,44.5695915],[-80.9327158,44.5696103],[-80.932739,44.5697046],[-80.9326178,44.5697198],[-80.932591,44.5696109],[-80.9323544,44.5696405],[-80.9323776,44.5697346],[-80.9322399,44.5697518],[-80.9322111,44.5696349],[-80.9314511,44.5697299],[-80.9316125,44.5703859],[-80.9322395,44.5703077],[-80.9322803,44.5704738],[-80.9330596,44.5703766]]]]},"properties":{"structure_id":"structure_bac29a7eff0f13b4d6b9","external_source":"openstreetmap","external_id":"a366065598","building_type":"unclassified","source_building_tag":"yes","source_timestamp":null,"confidence":"source_mapped"}},{"type":"Feature","id":"structure_e2f540be064e00ac43e9","geometry":{"type":"MultiPolygon","coordinates":[[[[-80.9362713,44.5680438],[-80.9362147,44.5679083],[-80.9362442,44.567895],[-80.9361772,44.5677459],[-80.9361852,44.5677364],[-80.9361587,44.5676807],[-80.9361396,44.5676886],[-80.9360219,44.5674438],[-80.9357858,44.5674935],[-80.9359438,44.5677803],[-80.935979,44.5677801],[-80.9361153,44.5680864],[-80.9362713,44.5680438]]]]},"properties":{"structure_id":"structure_e2f540be064e00ac43e9","external_source":"openstreetmap","external_id":"a366065606","building_type":"residential","source_building_tag":"residential","source_timestamp":null,"confidence":"source_mapped"}},{"type":"Feature","id":"structure_a66a0d3bcc3863aeccc9","geometry":{"type":"MultiPolygon","coordinates":[[[[-80.9609233,44.5674702],[-80.9608097,44.5674114],[-80.9605505,44.5676652],[-80.9606642,44.5677241],[-80.9609233,44.5674702]]]]},"properties":{"structure_id":"structure_a66a0d3bcc3863aeccc9","external_source":"openstreetmap","external_id":"a369038812","building_type":"unclassified","source_building_tag":"yes","source_timestamp":null,"confidence":"source_mapped"}},{"type":"Feature","id":"structure_b8f32bc39d6e2685efdd","geometry":{"type":"MultiPolygon","coordinates":[[[[-80.9614967,44.5674931],[-80.9610062,44.5672294],[-80.9609187,44.567312],[-80.9614092,44.5675757],[-80.9614967,44.5674931]]]]},"properties":{"structure_id":"structure_b8f32bc39d6e2685efdd","external_source":"openstreetmap","external_id":"a369038814","building_type":"unclassified","source_building_tag":"yes","source_timestamp":null,"confidence":"source_mapped"}},{"type":"Feature","id":"structure_30cf2ba0c1cf2b30565b","geometry":{"type":"MultiPolygon","coordinates":[[[[-80.9615157,44.5679436],[-80.9613028,44.5678315],[-80.9612056,44.5679252],[-80.9614184,44.5680373],[-80.9615157,44.5679436]]]]},"properties":{"structure_id":"structure_30cf2ba0c1cf2b30565b","external_source":"openstreetmap","external_id":"a369038816","building_type":"unclassified","source_building_tag":"yes","source_timestamp":null,"confidence":"source_mapped"}},{"type":"Feature","id":"structure_b24f09622c5a7b5e1226","geometry":{"type":"MultiPolygon","coordinates":[[[[-80.9613035,44.5681377],[-80.9609102,44.5679531],[-80.9608354,44.568034],[-80.9612287,44.5682186],[-80.9613035,44.5681377]]]]},"properties":{"structure_id":"structure_b24f09622c5a7b5e1226","external_source":"openstreetmap","external_id":"a369038818","building_type":"unclassified","source_building_tag":"yes","source_timestamp":null,"confidence":"source_mapped"}},{"type":"Feature","id":"structure_2154b105f341a92393e6","geometry":{"type":"MultiPolygon","coordinates":[[[[-80.9616683,44.5668307],[-80.9615733,44.5667749],[-80.9611614,44.5671309],[-80.9612565,44.5671867],[-80.9616683,44.5668307]]]]},"properties":{"structure_id":"structure_2154b105f341a92393e6","external_source":"openstreetmap","external_id":"a369038820","building_type":"unclassified","source_building_tag":"yes","source_timestamp":null,"confidence":"source_mapped"}},{"type":"Feature","id":"structure_2003f4423834e538eb75","geometry":{"type":"MultiPolygon","coordinates":[[[[-80.9618753,44.5673773],[-80.9614774,44.5671762],[-80.9614045,44.5672494],[-80.9618025,44.5674505],[-80.9618753,44.5673773]]]]},"properties":{"structure_id":"structure_2003f4423834e538eb75","external_source":"openstreetmap","external_id":"a369038822","building_type":"unclassified","source_building_tag":"yes","source_timestamp":null,"confidence":"source_mapped"}},{"type":"Feature","id":"structure_a19feac1eafbdbcda0be","geometry":{"type":"MultiPolygon","coordinates":[[[[-80.9612657,44.5676614],[-80.9611759,44.567604],[-80.9608936,44.5678282],[-80.9609835,44.5678856],[-80.9612657,44.5676614]]]]},"properties":{"structure_id":"structure_a19feac1eafbdbcda0be","external_source":"openstreetmap","external_id":"a369038824","building_type":"unclassified","source_building_tag":"yes","source_timestamp":null,"confidence":"source_mapped"}},{"type":"Feature","id":"structure_7a0b9afe1b335c89799e","geometry":{"type":"MultiPolygon","coordinates":[[[[-80.9619969,44.5669889],[-80.9618807,44.5669418],[-80.9617094,44.5671561],[-80.9618256,44.5672032],[-80.9619969,44.5669889]]]]},"properties":{"structure_id":"structure_7a0b9afe1b335c89799e","external_source":"openstreetmap","external_id":"a369038826","building_type":"unclassified","source_building_tag":"yes","source_timestamp":null,"confidence":"source_mapped"}},{"type":"Feature","id":"structure_fcf7b832d0767256cead","geometry":{"type":"MultiPolygon","coordinates":[[[[-80.9618566,44.5675997],[-80.9617655,44.5675329],[-80.9614416,44.5677571],[-80.9615327,44.5678239],[-80.9618566,44.5675997]]]]},"properties":{"structure_id":"structure_fcf7b832d0767256cead","external_source":"openstreetmap","external_id":"a369038828","building_type":"unclassified","source_building_tag":"yes","source_timestamp":null,"confidence":"source_mapped"}},{"type":"Feature","id":"structure_7f90dff6f258b26a0b95","geometry":{"type":"MultiPolygon","coordinates":[[[[-80.9610939,44.5652386],[-80.9610654,44.5650989],[-80.9602764,44.5651807],[-80.9603049,44.5653204],[-80.9610939,44.5652386]]]]},"properties":{"structure_id":"structure_7f90dff6f258b26a0b95","external_source":"openstreetmap","external_id":"a369038878","building_type":"unclassified","source_building_tag":"yes","source_timestamp":null,"confidence":"source_mapped"}},{"type":"Feature","id":"structure_0f5c0d3e8fb1d8a21e21","geometry":{"type":"MultiPolygon","coordinates":[[[[-80.9616964,44.5653102],[-80.9616705,44.5651927],[-80.9613358,44.5652302],[-80.9613617,44.5653476],[-80.9616964,44.5653102]]]]},"properties":{"structure_id":"structure_0f5c0d3e8fb1d8a21e21","external_source":"openstreetmap","external_id":"a369038880","building_type":"unclassified","source_building_tag":"yes","source_timestamp":null,"confidence":"source_mapped"}},{"type":"Feature","id":"structure_92c4dbd1939fdc082411","geometry":{"type":"MultiPolygon","coordinates":[[[[-80.9616582,44.5658587],[-80.9616151,44.5657088],[-80.96138,44.5657431],[-80.961423,44.565893],[-80.9616582,44.5658587]]]]},"properties":{"structure_id":"structure_92c4dbd1939fdc082411","external_source":"openstreetmap","external_id":"a369038882","building_type":"unclassified","source_building_tag":"yes","source_timestamp":null,"confidence":"source_mapped"}},{"type":"Feature","id":"structure_405834dd7ec44d4e8c74","geometry":{"type":"MultiPolygon","coordinates":[[[[-80.956091,44.5674204],[-80.9560096,44.5670402],[-80.9558959,44.5670526],[-80.955962,44.567361],[-80.9554862,44.5674127],[-80.9554349,44.5671733],[-80.9555081,44.5671654],[-80.9555017,44.5671355],[-80.9555342,44.567132],[-80.9555207,44.5670691],[-80.9553187,44.5670911],[-80.9554052,44.5674949],[-80.956091,44.5674204]]]]},"properties":{"structure_id":"structure_405834dd7ec44d4e8c74","external_source":"openstreetmap","external_id":"a559339334","building_type":"unclassified","source_building_tag":"yes","source_timestamp":null,"confidence":"source_mapped"}},{"type":"Feature","id":"structure_6dbe77fa343c4eacd3fb","geometry":{"type":"MultiPolygon","coordinates":[[[[-80.9557445,44.567175],[-80.9557264,44.5670776],[-80.9555991,44.5670896],[-80.9556171,44.5671869],[-80.9557445,44.567175]]]]},"properties":{"structure_id":"structure_6dbe77fa343c4eacd3fb","external_source":"openstreetmap","external_id":"a559339336","building_type":"unclassified","source_building_tag":"yes","source_timestamp":null,"confidence":"source_mapped"}},{"type":"Feature","id":"structure_fd8ae18b64783099fa59","geometry":{"type":"MultiPolygon","coordinates":[[[[-80.955132,44.5674345],[-80.9550929,44.5672506],[-80.9543501,44.5673309],[-80.9543892,44.5675148],[-80.9547865,44.5674718],[-80.955132,44.5674345]]]]},"properties":{"structure_id":"structure_fd8ae18b64783099fa59","external_source":"openstreetmap","external_id":"a559344138","building_type":"unclassified","source_building_tag":"yes","source_timestamp":null,"confidence":"source_mapped"}},{"type":"Feature","id":"structure_cb33a59ab20f82729334","geometry":{"type":"MultiPolygon","coordinates":[[[[-80.9295091,44.5696661],[-80.9293552,44.5695385],[-80.929118,44.5696837],[-80.9290564,44.5696327],[-80.9289668,44.5696875],[-80.9290255,44.5697362],[-80.9288113,44.5698673],[-80.9289681,44.5699973],[-80.9295091,44.5696661]]]]},"properties":{"structure_id":"structure_cb33a59ab20f82729334","external_source":"openstreetmap","external_id":"a566612840","building_type":"unclassified","source_building_tag":"yes","source_timestamp":null,"confidence":"source_mapped"}},{"type":"Feature","id":"structure_f124ba55f2d58a980b13","geometry":{"type":"MultiPolygon","coordinates":[[[[-80.9267729,44.5731706],[-80.9261768,44.5730467],[-80.9260374,44.5733868],[-80.9262588,44.5734329],[-80.9263313,44.573256],[-80.926706,44.5733339],[-80.9267729,44.5731706]]]]},"properties":{"structure_id":"structure_f124ba55f2d58a980b13","external_source":"openstreetmap","external_id":"a678914924","building_type":"commercial","source_building_tag":"retail","source_timestamp":null,"confidence":"source_mapped"}},{"type":"Feature","id":"structure_803c099d532ca2e7211c","geometry":{"type":"MultiPolygon","coordinates":[[[[-80.9265443,44.5739552],[-80.9260552,44.573864],[-80.9259623,44.5741166],[-80.9261894,44.574159],[-80.9261749,44.5741984],[-80.9263273,44.5742268],[-80.9263183,44.5742512],[-80.926428,44.5742717],[-80.9265443,44.5739552]]]]},"properties":{"structure_id":"structure_803c099d532ca2e7211c","external_source":"openstreetmap","external_id":"a678914926","building_type":"commercial","source_building_tag":"retail","source_timestamp":null,"confidence":"source_mapped"}},{"type":"Feature","id":"structure_b93a1fa6de57d25a81c7","geometry":{"type":"MultiPolygon","coordinates":[[[[-80.9222725,44.5751187],[-80.9222596,44.5750425],[-80.9221732,44.57505],[-80.9221861,44.5751261],[-80.9222725,44.5751187]]]]},"properties":{"structure_id":"structure_b93a1fa6de57d25a81c7","external_source":"openstreetmap","external_id":"a678915710","building_type":"unclassified","source_building_tag":"yes","source_timestamp":null,"confidence":"source_mapped"}},{"type":"Feature","id":"structure_530b0684c4253b4b75f0","geometry":{"type":"MultiPolygon","coordinates":[[[[-80.9230352,44.5745984],[-80.9229878,44.5744079],[-80.9230284,44.5744028],[-80.9229908,44.5742515],[-80.9226734,44.5742916],[-80.9227852,44.5747411],[-80.9229323,44.5747225],[-80.9229055,44.5746147],[-80.9230352,44.5745984]]]]},"properties":{"structure_id":"structure_530b0684c4253b4b75f0","external_source":"openstreetmap","external_id":"a678915712","building_type":"unclassified","source_building_tag":"yes","source_timestamp":null,"confidence":"source_mapped"}},{"type":"Feature","id":"structure_00b891d3a845d33178a2","geometry":{"type":"MultiPolygon","coordinates":[[[[-80.9421541,44.5742487],[-80.9417091,44.5740836],[-80.9415027,44.5742363],[-80.9418996,44.5744244],[-80.9421541,44.5742487]]]]},"properties":{"structure_id":"structure_00b891d3a845d33178a2","external_source":"openstreetmap","external_id":"a712159656","building_type":"unclassified","source_building_tag":"yes","source_timestamp":null,"confidence":"source_mapped"}},{"type":"Feature","id":"structure_f1b35af00eed90f0dc0b","geometry":{"type":"MultiPolygon","coordinates":[[[[-80.9345312,44.5604922],[-80.9345216,44.5603321],[-80.9343869,44.5603362],[-80.9343917,44.5604161],[-80.9342761,44.5604196],[-80.9342809,44.5604999],[-80.9345312,44.5604922]]]]},"properties":{"structure_id":"structure_f1b35af00eed90f0dc0b","external_source":"openstreetmap","external_id":"a721848786","building_type":"residential","source_building_tag":"house","source_timestamp":null,"confidence":"source_mapped"}},{"type":"Feature","id":"structure_15039e5266d2694824b0","geometry":{"type":"MultiPolygon","coordinates":[[[[-80.9343338,44.5599478],[-80.934301,44.5598089],[-80.9341287,44.5598295],[-80.9341615,44.5599684],[-80.9343338,44.5599478]]]]},"properties":{"structure_id":"structure_15039e5266d2694824b0","external_source":"openstreetmap","external_id":"a721848790","building_type":"residential","source_building_tag":"house","source_timestamp":null,"confidence":"source_mapped"}},{"type":"Feature","id":"structure_6f828d5d267bfccceab9","geometry":{"type":"MultiPolygon","coordinates":[[[[-80.9347093,44.5596021],[-80.9344878,44.5595038],[-80.9344145,44.5595878],[-80.9344512,44.559604],[-80.9344265,44.5596323],[-80.9345084,44.5596686],[-80.9345245,44.5596501],[-80.9345859,44.5596773],[-80.9346037,44.5596569],[-80.9346453,44.5596754],[-80.9347093,44.5596021]]]]},"properties":{"structure_id":"structure_6f828d5d267bfccceab9","external_source":"openstreetmap","external_id":"a721848794","building_type":"residential","source_building_tag":"house","source_timestamp":null,"confidence":"source_mapped"}},{"type":"Feature","id":"structure_fba74e61e790e87f1039","geometry":{"type":"MultiPolygon","coordinates":[[[[-80.9342529,44.5597704],[-80.9342273,44.559635],[-80.9340513,44.5596519],[-80.9340671,44.5597359],[-80.9341272,44.5597302],[-80.9341369,44.5597815],[-80.9342529,44.5597704]]]]},"properties":{"structure_id":"structure_fba74e61e790e87f1039","external_source":"openstreetmap","external_id":"a721848796","building_type":"residential","source_building_tag":"house","source_timestamp":null,"confidence":"source_mapped"}},{"type":"Feature","id":"structure_74219d70a5a1cd30acd2","geometry":{"type":"MultiPolygon","coordinates":[[[[-80.9422142,44.5642245],[-80.9422088,44.564193],[-80.9421163,44.5642025],[-80.9421203,44.564234],[-80.9422142,44.5642245]]]]},"properties":{"structure_id":"structure_74219d70a5a1cd30acd2","external_source":"openstreetmap","external_id":"a737507620","building_type":"unclassified","source_building_tag":"yes","source_timestamp":null,"confidence":"source_mapped"}},{"type":"Feature","id":"structure_ebad67a6ad3ba2cb00b3","geometry":{"type":"MultiPolygon","coordinates":[[[[-80.9460074,44.5798265],[-80.9458492,44.5797176],[-80.9457722,44.5797795],[-80.9459237,44.5798817],[-80.9460074,44.5798265]]]]},"properties":{"structure_id":"structure_ebad67a6ad3ba2cb00b3","external_source":"openstreetmap","external_id":"a738329470","building_type":"unclassified","source_building_tag":"yes","source_timestamp":null,"confidence":"source_mapped"}},{"type":"Feature","id":"structure_8884982bd3f77a8d04c4","geometry":{"type":"MultiPolygon","coordinates":[[[[-80.9462475,44.5804598],[-80.9461469,44.5803499],[-80.9460302,44.5804006],[-80.9461348,44.5805181],[-80.9462475,44.5804598]]]]},"properties":{"structure_id":"structure_8884982bd3f77a8d04c4","external_source":"openstreetmap","external_id":"a738330042","building_type":"unclassified","source_building_tag":"yes","source_timestamp":null,"confidence":"source_mapped"}},{"type":"Feature","id":"structure_287fa2d8dc38911e8613","geometry":{"type":"MultiPolygon","coordinates":[[[[-80.9437438,44.5639799],[-80.9437377,44.5638783],[-80.9433857,44.5639245],[-80.9434115,44.5640161],[-80.9434378,44.5640182],[-80.9434607,44.5640157],[-80.9435236,44.5643109],[-80.9433666,44.5643294],[-80.9433769,44.5643982],[-80.9435914,44.5643732],[-80.9436279,44.5643092],[-80.9435609,44.5640115],[-80.9437438,44.5639799]]]]},"properties":{"structure_id":"structure_287fa2d8dc38911e8613","external_source":"openstreetmap","external_id":"a738897162","building_type":"commercial","source_building_tag":"retail","source_timestamp":null,"confidence":"source_mapped"}},{"type":"Feature","id":"structure_fe437971cb0c9890b910","geometry":{"type":"MultiPolygon","coordinates":[[[[-80.9427788,44.5662124],[-80.9427507,44.5660997],[-80.9425428,44.5661236],[-80.942567,44.5662401],[-80.9427788,44.5662124]]]]},"properties":{"structure_id":"structure_fe437971cb0c9890b910","external_source":"openstreetmap","external_id":"a739893452","building_type":"unclassified","source_building_tag":"yes","source_timestamp":null,"confidence":"source_mapped"}},{"type":"Feature","id":"structure_be0e4a369d6adb97972f","geometry":{"type":"MultiPolygon","coordinates":[[[[-80.9450141,44.5654819],[-80.9449926,44.5653673],[-80.9448075,44.5653883],[-80.9448263,44.5655029],[-80.9450141,44.5654819]]]]},"properties":{"structure_id":"structure_be0e4a369d6adb97972f","external_source":"openstreetmap","external_id":"a743876120","building_type":"unclassified","source_building_tag":"yes","source_timestamp":null,"confidence":"source_mapped"}},{"type":"Feature","id":"structure_283173035ec5060ac110","geometry":{"type":"MultiPolygon","coordinates":[[[[-80.9343441,44.5796144],[-80.9342074,44.5795801],[-80.9341457,44.5797176],[-80.9342798,44.5797539],[-80.9343441,44.5796144]]]]},"properties":{"structure_id":"structure_283173035ec5060ac110","external_source":"openstreetmap","external_id":"a743972748","building_type":"unclassified","source_building_tag":"yes","source_timestamp":null,"confidence":"source_mapped"}},{"type":"Feature","id":"structure_9115480071e12e8625cd","geometry":{"type":"MultiPolygon","coordinates":[[[[-80.9466193,44.5661555],[-80.9465134,44.5658014],[-80.9459393,44.5658752],[-80.9460042,44.566113],[-80.946104,44.5660996],[-80.9462229,44.5660837],[-80.9462519,44.5661989],[-80.9465401,44.5661649],[-80.9466193,44.5661555]]]]},"properties":{"structure_id":"structure_9115480071e12e8625cd","external_source":"openstreetmap","external_id":"a744152442","building_type":"unclassified","source_building_tag":"yes","source_timestamp":null,"confidence":"source_mapped"}},{"type":"Feature","id":"structure_f0c6329ca000943d7582","geometry":{"type":"MultiPolygon","coordinates":[[[[-80.9422485,44.5638663],[-80.9421895,44.5635931],[-80.941936,44.5636198],[-80.9419601,44.563744],[-80.9418448,44.5637574],[-80.941877,44.5639064],[-80.9422485,44.5638663]]]]},"properties":{"structure_id":"structure_f0c6329ca000943d7582","external_source":"openstreetmap","external_id":"a745561680","building_type":"unclassified","source_building_tag":"yes","source_timestamp":null,"confidence":"source_mapped"}},{"type":"Feature","id":"structure_db3c98695a6167200f66","geometry":{"type":"MultiPolygon","coordinates":[[[[-80.9452191,44.5642767],[-80.9451491,44.5640532],[-80.9450928,44.5638201],[-80.9449506,44.5638373],[-80.9449721,44.5639271],[-80.9449426,44.5639328],[-80.9449587,44.5639882],[-80.9449882,44.5639863],[-80.9450059,44.5640674],[-80.9450112,44.5640932],[-80.9448972,44.5641143],[-80.9449334,44.5642079],[-80.9448637,44.5642232],[-80.9448865,44.5643226],[-80.9452191,44.5642767]]]]},"properties":{"structure_id":"structure_db3c98695a6167200f66","external_source":"openstreetmap","external_id":"a746701690","building_type":"unclassified","source_building_tag":"yes","source_timestamp":null,"confidence":"source_mapped"}},{"type":"Feature","id":"structure_b3bc413ff5da861e2832","geometry":{"type":"MultiPolygon","coordinates":[[[[-80.9452942,44.564571],[-80.9452392,44.5643063],[-80.9448664,44.5643531],[-80.9448852,44.5644783],[-80.9450716,44.5644592],[-80.9450984,44.564592],[-80.9452942,44.564571]]]]},"properties":{"structure_id":"structure_b3bc413ff5da861e2832","external_source":"openstreetmap","external_id":"a746701692","building_type":"unclassified","source_building_tag":"yes","source_timestamp":null,"confidence":"source_mapped"}},{"type":"Feature","id":"structure_3a2fe93af93764e7bcaa","geometry":{"type":"MultiPolygon","coordinates":[[[[-80.9452218,44.564722],[-80.9452043,44.5646513],[-80.9450649,44.5646551],[-80.9450622,44.5646341],[-80.9449884,44.5646369],[-80.9449817,44.564657],[-80.9448798,44.5646742],[-80.9449254,44.5647525],[-80.9449911,44.5647439],[-80.9450139,44.5647592],[-80.9451427,44.5647506],[-80.9451386,44.5647296],[-80.9452218,44.564722]]]]},"properties":{"structure_id":"structure_3a2fe93af93764e7bcaa","external_source":"openstreetmap","external_id":"a746701694","building_type":"residential","source_building_tag":"house","source_timestamp":null,"confidence":"source_mapped"}},{"type":"Feature","id":"structure_8cae98396649577b5149","geometry":{"type":"MultiPolygon","coordinates":[[[[-80.8968885,44.5778819],[-80.8968485,44.5777241],[-80.8968831,44.5777214],[-80.8968566,44.5776152],[-80.8968221,44.5776228],[-80.8967975,44.5775369],[-80.896296,44.5775942],[-80.8962879,44.577577],[-80.896125,44.5775967],[-80.8961321,44.5776144],[-80.8958934,44.5776431],[-80.8959578,44.5779258],[-80.896026,44.5779215],[-80.8960209,44.5779388],[-80.8961726,44.577918],[-80.896167,44.5779029],[-80.8965085,44.5778547],[-80.8965398,44.5779297],[-80.8968885,44.5778819]]]]},"properties":{"structure_id":"structure_8cae98396649577b5149","external_source":"openstreetmap","external_id":"a747700986","building_type":"commercial","source_building_tag":"commercial","source_timestamp":null,"confidence":"source_mapped"}},{"type":"Feature","id":"structure_75a5462eb6e15c4d8ad5","geometry":{"type":"MultiPolygon","coordinates":[[[[-80.9613165,44.5643271],[-80.9612964,44.5642507],[-80.9612682,44.5642575],[-80.9612534,44.5641685],[-80.9613017,44.5641647],[-80.9612927,44.5641137],[-80.9612615,44.564115],[-80.9612309,44.5640034],[-80.9612615,44.564008],[-80.9612403,44.5639379],[-80.9608487,44.5639914],[-80.9608484,44.563964],[-80.9606982,44.5639698],[-80.960666,44.5639678],[-80.9606422,44.5639475],[-80.9606395,44.5639227],[-80.9605966,44.5636073],[-80.9604005,44.5636334],[-80.9604676,44.5640022],[-80.9604115,44.5640125],[-80.9605132,44.5644208],[-80.9613165,44.5643271]]]]},"properties":{"structure_id":"structure_75a5462eb6e15c4d8ad5","external_source":"openstreetmap","external_id":"a747701006","building_type":"apartment","source_building_tag":"apartments","source_timestamp":null,"confidence":"source_mapped"}},{"type":"Feature","id":"structure_8e65384e5123ef9cdc6c","geometry":{"type":"MultiPolygon","coordinates":[[[[-80.9261561,44.557826],[-80.9260717,44.5578195],[-80.9260672,44.5578493],[-80.9260624,44.5578807],[-80.9261467,44.5578872],[-80.9261561,44.557826]]]]},"properties":{"structure_id":"structure_8e65384e5123ef9cdc6c","external_source":"openstreetmap","external_id":"a752826542","building_type":"unclassified","source_building_tag":"tower","source_timestamp":null,"confidence":"source_mapped"}},{"type":"Feature","id":"structure_d3fdf6f0209690268f67","geometry":{"type":"MultiPolygon","coordinates":[[[[-80.9487245,44.5698631],[-80.9487232,44.5698567],[-80.9487166,44.5698231],[-80.9485922,44.5698355],[-80.9486001,44.5698755],[-80.9487245,44.5698631]]]]},"properties":{"structure_id":"structure_d3fdf6f0209690268f67","external_source":"openstreetmap","external_id":"a752829206","building_type":"residential","source_building_tag":"house","source_timestamp":null,"confidence":"source_mapped"}},{"type":"Feature","id":"structure_bb70710a6571fb956dda","geometry":{"type":"MultiPolygon","coordinates":[[[[-80.9468117,44.5807169],[-80.9468115,44.5806769],[-80.9467913,44.5806357],[-80.9467529,44.5806018],[-80.9467006,44.5805791],[-80.9466406,44.5805703],[-80.94658,44.5805764],[-80.9465259,44.5805968],[-80.9464845,44.580629],[-80.9464609,44.5806692],[-80.9464578,44.5807128],[-80.9464754,44.5807545],[-80.9465082,44.580787],[-80.9465534,44.5808107],[-80.9466068,44.5808231],[-80.9466629,44.5808232],[-80.9467163,44.5808109],[-80.9467617,44.5807873],[-80.9467946,44.5807549],[-80.9468117,44.5807169]]]]},"properties":{"structure_id":"structure_bb70710a6571fb956dda","external_source":"openstreetmap","external_id":"a758178158","building_type":"unclassified","source_building_tag":"yes","source_timestamp":null,"confidence":"source_mapped"}},{"type":"Feature","id":"structure_7142b33a022336cdf34d","geometry":{"type":"MultiPolygon","coordinates":[[[[-80.9134091,44.5961206],[-80.9133999,44.5959547],[-80.9131836,44.5959666],[-80.9131984,44.5961298],[-80.9134091,44.5961206]]]]},"properties":{"structure_id":"structure_7142b33a022336cdf34d","external_source":"openstreetmap","external_id":"a770884270","building_type":"unclassified","source_building_tag":"yes","source_timestamp":null,"confidence":"source_mapped"}},{"type":"Feature","id":"structure_4fb6e72f13d8dfa29c15","geometry":{"type":"MultiPolygon","coordinates":[[[[-80.9616303,44.5649622],[-80.9616061,44.5648284],[-80.9612898,44.5648574],[-80.9612777,44.5647908],[-80.9616118,44.5647601],[-80.9615873,44.5646246],[-80.961231,44.5646573],[-80.9612512,44.564769],[-80.9611091,44.5647821],[-80.961132,44.5649091],[-80.9612745,44.564896],[-80.9612921,44.5649932],[-80.9616303,44.5649622]]]]},"properties":{"structure_id":"structure_4fb6e72f13d8dfa29c15","external_source":"openstreetmap","external_id":"a779655820","building_type":"unclassified","source_building_tag":"yes","source_timestamp":null,"confidence":"source_mapped"}},{"type":"Feature","id":"structure_88b30f4481ad67b07f90","geometry":{"type":"MultiPolygon","coordinates":[[[[-80.9428923,44.5667103],[-80.942879,44.5666411],[-80.9426334,44.5666657],[-80.9423089,44.5666965],[-80.9423255,44.5667704],[-80.9428923,44.5667103]]]]},"properties":{"structure_id":"structure_88b30f4481ad67b07f90","external_source":"openstreetmap","external_id":"a785411062","building_type":"unclassified","source_building_tag":"yes","source_timestamp":null,"confidence":"source_mapped"}},{"type":"Feature","id":"structure_6327d15b973c73a36bb7","geometry":{"type":"MultiPolygon","coordinates":[[[[-80.9487757,44.5698514],[-80.9487691,44.5698178],[-80.9487166,44.5698231],[-80.9487232,44.5698567],[-80.9487757,44.5698514]]]]},"properties":{"structure_id":"structure_6327d15b973c73a36bb7","external_source":"openstreetmap","external_id":"a787100148","building_type":"residential","source_building_tag":"house","source_timestamp":null,"confidence":"source_mapped"}},{"type":"Feature","id":"structure_0ed1fe4a53f898be460c","geometry":{"type":"MultiPolygon","coordinates":[[[[-80.9451084,44.5733231],[-80.9450922,44.5730494],[-80.9451083,44.5728927],[-80.9443412,44.5728316],[-80.94425,44.5733283],[-80.9448723,44.5733742],[-80.9449581,44.5733066],[-80.9451084,44.5733231]]]]},"properties":{"structure_id":"structure_0ed1fe4a53f898be460c","external_source":"openstreetmap","external_id":"a813345502","building_type":"unclassified","source_building_tag":"yes","source_timestamp":null,"confidence":"source_mapped"}},{"type":"Feature","id":"structure_b8183efb371db6524788","geometry":{"type":"MultiPolygon","coordinates":[[[[-80.9444424,44.5747058],[-80.944437,44.5746065],[-80.9443485,44.5746065],[-80.9443539,44.5747077],[-80.9444424,44.5747058]]]]},"properties":{"structure_id":"structure_b8183efb371db6524788","external_source":"openstreetmap","external_id":"a813347114","building_type":"unclassified","source_building_tag":"yes","source_timestamp":null,"confidence":"source_mapped"}},{"type":"Feature","id":"structure_12a31c933d6a664ffe9c","geometry":{"type":"MultiPolygon","coordinates":[[[[-80.9437303,44.5678896],[-80.9434703,44.5677993],[-80.9434266,44.5678654],[-80.9436878,44.5679524],[-80.9437303,44.5678896]]]]},"properties":{"structure_id":"structure_12a31c933d6a664ffe9c","external_source":"openstreetmap","external_id":"a813546138","building_type":"unclassified","source_building_tag":"yes","source_timestamp":null,"confidence":"source_mapped"}},{"type":"Feature","id":"structure_62140ef70bf34281a4b9","geometry":{"type":"MultiPolygon","coordinates":[[[[-80.9431066,44.5676206],[-80.9430905,44.5675403],[-80.9428316,44.5675733],[-80.9428464,44.5676622],[-80.9429295,44.5676531],[-80.9429309,44.5676607],[-80.9429952,44.5676521],[-80.9429979,44.5676426],[-80.9430462,44.5676378],[-80.9430449,44.5676273],[-80.9431066,44.5676206]]]]},"properties":{"structure_id":"structure_62140ef70bf34281a4b9","external_source":"openstreetmap","external_id":"a813549880","building_type":"unclassified","source_building_tag":"yes","source_timestamp":null,"confidence":"source_mapped"}},{"type":"Feature","id":"structure_6e3e7d15202c5d64134a","geometry":{"type":"MultiPolygon","coordinates":[[[[-80.9420742,44.5677564],[-80.9420059,44.5674899],[-80.9419063,44.5675029],[-80.9419746,44.5677694],[-80.9420742,44.5677564]]]]},"properties":{"structure_id":"structure_6e3e7d15202c5d64134a","external_source":"openstreetmap","external_id":"a813551702","building_type":"unclassified","source_building_tag":"yes","source_timestamp":null,"confidence":"source_mapped"}},{"type":"Feature","id":"structure_6d9ed69da0818042d597","geometry":{"type":"MultiPolygon","coordinates":[[[[-80.9585545,44.5661655],[-80.9585194,44.5659964],[-80.9579668,44.5660546],[-80.9580019,44.5662236],[-80.9585545,44.5661655]]]]},"properties":{"structure_id":"structure_6d9ed69da0818042d597","external_source":"openstreetmap","external_id":"a829651678","building_type":"apartment","source_building_tag":"apartments","source_timestamp":null,"confidence":"source_mapped"}},{"type":"Feature","id":"structure_aec5c4dd02bff2fe372c","geometry":{"type":"MultiPolygon","coordinates":[[[[-80.9600249,44.566839],[-80.9599887,44.5666766],[-80.9598707,44.56669],[-80.9598425,44.5667215],[-80.9594925,44.5667664],[-80.9594469,44.5667445],[-80.9593449,44.5667597],[-80.9593798,44.5669107],[-80.9594388,44.5669384],[-80.9599914,44.5668677],[-80.9600249,44.566839]]]]},"properties":{"structure_id":"structure_aec5c4dd02bff2fe372c","external_source":"openstreetmap","external_id":"a829651722","building_type":"commercial","source_building_tag":"retail","source_timestamp":null,"confidence":"source_mapped"}},{"type":"Feature","id":"structure_9ae72df97f5764671701","geometry":{"type":"MultiPolygon","coordinates":[[[[-80.9604259,44.5667884],[-80.960387,44.5666279],[-80.9600222,44.5666747],[-80.9600651,44.5668362],[-80.9601134,44.5668591],[-80.9603856,44.5668276],[-80.9604259,44.5667884]]]]},"properties":{"structure_id":"structure_9ae72df97f5764671701","external_source":"openstreetmap","external_id":"a829651724","building_type":"commercial","source_building_tag":"retail","source_timestamp":null,"confidence":"source_mapped"}},{"type":"Feature","id":"structure_39018154fa4bdba5b9af","geometry":{"type":"MultiPolygon","coordinates":[[[[-80.9603029,44.5660283],[-80.9602626,44.5658285],[-80.9600851,44.5658467],[-80.9600976,44.565909],[-80.9599616,44.5659229],[-80.9599893,44.5660604],[-80.9603029,44.5660283]]]]},"properties":{"structure_id":"structure_39018154fa4bdba5b9af","external_source":"openstreetmap","external_id":"a829651774","building_type":"commercial","source_building_tag":"retail","source_timestamp":null,"confidence":"source_mapped"}},{"type":"Feature","id":"structure_9720a1f214841512853e","geometry":{"type":"MultiPolygon","coordinates":[[[[-80.9599681,44.5661086],[-80.9599293,44.5659698],[-80.9598966,44.5659745],[-80.9598767,44.5659028],[-80.9597763,44.5659171],[-80.9598015,44.5660073],[-80.9597625,44.5660129],[-80.959796,44.566133],[-80.9599681,44.5661086]]]]},"properties":{"structure_id":"structure_9720a1f214841512853e","external_source":"openstreetmap","external_id":"a829651776","building_type":"commercial","source_building_tag":"retail","source_timestamp":null,"confidence":"source_mapped"}},{"type":"Feature","id":"structure_4553b43b8f45ba297941","geometry":{"type":"MultiPolygon","coordinates":[[[[-80.9613217,44.5659011],[-80.9612863,44.5657464],[-80.9610107,44.5657784],[-80.9610197,44.5658178],[-80.9607894,44.5658446],[-80.9607796,44.5658015],[-80.9606121,44.565821],[-80.9606071,44.5657989],[-80.9603047,44.565834],[-80.9603428,44.5660006],[-80.9605322,44.5659786],[-80.9605353,44.5659924],[-80.9613217,44.5659011]]]]},"properties":{"structure_id":"structure_4553b43b8f45ba297941","external_source":"openstreetmap","external_id":"a829651902","building_type":"commercial","source_building_tag":"retail","source_timestamp":null,"confidence":"source_mapped"}},{"type":"Feature","id":"structure_bb4122545f5376f309d9","geometry":{"type":"MultiPolygon","coordinates":[[[[-80.9590325,44.5668505],[-80.9590112,44.5667416],[-80.9586062,44.5667817],[-80.9586274,44.5668906],[-80.9590325,44.5668505]]]]},"properties":{"structure_id":"structure_bb4122545f5376f309d9","external_source":"openstreetmap","external_id":"a829651924","building_type":"unclassified","source_building_tag":"yes","source_timestamp":null,"confidence":"source_mapped"}},{"type":"Feature","id":"structure_f4535d7689013b07d440","geometry":{"type":"MultiPolygon","coordinates":[[[[-80.9570001,44.5672045],[-80.9569624,44.5670451],[-80.9567737,44.5670677],[-80.9568123,44.567231],[-80.9568468,44.5672269],[-80.9568597,44.5672815],[-80.9569865,44.5672663],[-80.9569727,44.5672078],[-80.9570001,44.5672045]]]]},"properties":{"structure_id":"structure_f4535d7689013b07d440","external_source":"openstreetmap","external_id":"a829652034","building_type":"commercial","source_building_tag":"retail","source_timestamp":null,"confidence":"source_mapped"}},{"type":"Feature","id":"structure_83db119cfcb7858e9d41","geometry":{"type":"MultiPolygon","coordinates":[[[[-80.9563695,44.5664775],[-80.9563012,44.5662288],[-80.9561924,44.566244],[-80.9562607,44.5664926],[-80.9563695,44.5664775]]]]},"properties":{"structure_id":"structure_83db119cfcb7858e9d41","external_source":"openstreetmap","external_id":"a829652036","building_type":"unclassified","source_building_tag":"yes","source_timestamp":null,"confidence":"source_mapped"}},{"type":"Feature","id":"structure_8590ba06870b6c5cdcc4","geometry":{"type":"MultiPolygon","coordinates":[[[[-80.9562577,44.5671305],[-80.9562228,44.5670005],[-80.9561087,44.5670161],[-80.9561436,44.567146],[-80.9562577,44.5671305]]]]},"properties":{"structure_id":"structure_8590ba06870b6c5cdcc4","external_source":"openstreetmap","external_id":"a829652038","building_type":"unclassified","source_building_tag":"yes","source_timestamp":null,"confidence":"source_mapped"}},{"type":"Feature","id":"structure_5fb72d7f40f825315499","geometry":{"type":"MultiPolygon","coordinates":[[[[-80.9564806,44.5671777],[-80.9564377,44.5669771],[-80.9563275,44.566989],[-80.9563704,44.5671897],[-80.9564806,44.5671777]]]]},"properties":{"structure_id":"structure_5fb72d7f40f825315499","external_source":"openstreetmap","external_id":"a829652040","building_type":"unclassified","source_building_tag":"yes","source_timestamp":null,"confidence":"source_mapped"}},{"type":"Feature","id":"structure_99bbb20508c1c0ac36da","geometry":{"type":"MultiPolygon","coordinates":[[[[-80.9560861,44.5664655],[-80.9560405,44.5662657],[-80.9556113,44.5663154],[-80.9556569,44.5665151],[-80.9560861,44.5664655]]]]},"properties":{"structure_id":"structure_99bbb20508c1c0ac36da","external_source":"openstreetmap","external_id":"a829652042","building_type":"unclassified","source_building_tag":"yes","source_timestamp":null,"confidence":"source_mapped"}},{"type":"Feature","id":"structure_9a6f3b49e9437e3cce95","geometry":{"type":"MultiPolygon","coordinates":[[[[-80.9554873,44.566721],[-80.9554101,44.5664043],[-80.9550239,44.5664521],[-80.9551011,44.5667688],[-80.9554873,44.566721]]]]},"properties":{"structure_id":"structure_9a6f3b49e9437e3cce95","external_source":"openstreetmap","external_id":"a829652056","building_type":"unclassified","source_building_tag":"yes","source_timestamp":null,"confidence":"source_mapped"}},{"type":"Feature","id":"structure_371a583556930056279f","geometry":{"type":"MultiPolygon","coordinates":[[[[-80.9540985,44.5667941],[-80.9540777,44.5666731],[-80.9538149,44.566696],[-80.9538357,44.5668171],[-80.9540985,44.5667941]]]]},"properties":{"structure_id":"structure_371a583556930056279f","external_source":"openstreetmap","external_id":"a829652064","building_type":"unclassified","source_building_tag":"yes","source_timestamp":null,"confidence":"source_mapped"}},{"type":"Feature","id":"structure_902191019e365be33419","geometry":{"type":"MultiPolygon","coordinates":[[[[-80.9541869,44.5674041],[-80.9541426,44.5672484],[-80.9540529,44.5672613],[-80.9540972,44.5674171],[-80.9541869,44.5674041]]]]},"properties":{"structure_id":"structure_902191019e365be33419","external_source":"openstreetmap","external_id":"a829652066","building_type":"unclassified","source_building_tag":"yes","source_timestamp":null,"confidence":"source_mapped"}},{"type":"Feature","id":"structure_befe9c44c7246a12615a","geometry":{"type":"MultiPolygon","coordinates":[[[[-80.9545894,44.5667473],[-80.9545408,44.5665232],[-80.9543796,44.566541],[-80.9544011,44.5666401],[-80.9541023,44.566673],[-80.9541294,44.566798],[-80.9545894,44.5667473]]]]},"properties":{"structure_id":"structure_befe9c44c7246a12615a","external_source":"openstreetmap","external_id":"a829652068","building_type":"unclassified","source_building_tag":"yes","source_timestamp":null,"confidence":"source_mapped"}},{"type":"Feature","id":"structure_1b5ac1b2b14b92b7fe93","geometry":{"type":"MultiPolygon","coordinates":[[[[-80.9593289,44.5660298],[-80.9592726,44.5658282],[-80.9591518,44.5658454],[-80.9592081,44.566047],[-80.9593289,44.5660298]]]]},"properties":{"structure_id":"structure_1b5ac1b2b14b92b7fe93","external_source":"openstreetmap","external_id":"a829652082","building_type":"unclassified","source_building_tag":"yes","source_timestamp":null,"confidence":"source_mapped"}},{"type":"Feature","id":"structure_57ae5c77d20111e434f1","geometry":{"type":"MultiPolygon","coordinates":[[[[-80.959182,44.5663059],[-80.9591565,44.5661865],[-80.9590331,44.5661998],[-80.9590586,44.5663193],[-80.959182,44.5663059]]]]},"properties":{"structure_id":"structure_57ae5c77d20111e434f1","external_source":"openstreetmap","external_id":"a829652090","building_type":"unclassified","source_building_tag":"yes","source_timestamp":null,"confidence":"source_mapped"}},{"type":"Feature","id":"structure_1e7baa7e3c26b174394e","geometry":{"type":"MultiPolygon","coordinates":[[[[-80.9594127,44.5662801],[-80.9593899,44.5661597],[-80.9592284,44.5661752],[-80.9592512,44.5662956],[-80.9594127,44.5662801]]]]},"properties":{"structure_id":"structure_1e7baa7e3c26b174394e","external_source":"openstreetmap","external_id":"a829652092","building_type":"unclassified","source_building_tag":"yes","source_timestamp":null,"confidence":"source_mapped"}},{"type":"Feature","id":"structure_27c75ce9df25c947805e","geometry":{"type":"MultiPolygon","coordinates":[[[[-80.9618749,44.5658521],[-80.9618347,44.5656829],[-80.9616945,44.5656999],[-80.9617347,44.565869],[-80.9618749,44.5658521]]]]},"properties":{"structure_id":"structure_27c75ce9df25c947805e","external_source":"openstreetmap","external_id":"a829652100","building_type":"unclassified","source_building_tag":"yes","source_timestamp":null,"confidence":"source_mapped"}},{"type":"Feature","id":"structure_05baa656f4c732c4de19","geometry":{"type":"MultiPolygon","coordinates":[[[[-80.9566614,44.5664867],[-80.9566083,44.5663001],[-80.9564796,44.5663187],[-80.9565001,44.5663907],[-80.9564634,44.566396],[-80.9564796,44.566453],[-80.9565121,44.5664483],[-80.9565187,44.5664716],[-80.9565444,44.5664679],[-80.9565496,44.566486],[-80.9565718,44.5664828],[-80.9565764,44.566499],[-80.9566614,44.5664867]]]]},"properties":{"structure_id":"structure_05baa656f4c732c4de19","external_source":"openstreetmap","external_id":"a829652148","building_type":"commercial","source_building_tag":"retail","source_timestamp":null,"confidence":"source_mapped"}},{"type":"Feature","id":"structure_57e84af0d7f84e7a7a5b","geometry":{"type":"MultiPolygon","coordinates":[[[[-80.9569887,44.5663801],[-80.9569603,44.566237],[-80.9566244,44.5662708],[-80.9566449,44.5663742],[-80.9566816,44.5663705],[-80.9566894,44.5664102],[-80.9569887,44.5663801]]]]},"properties":{"structure_id":"structure_57e84af0d7f84e7a7a5b","external_source":"openstreetmap","external_id":"a829652150","building_type":"commercial","source_building_tag":"retail","source_timestamp":null,"confidence":"source_mapped"}},{"type":"Feature","id":"structure_e8c9de2a6819730c9ceb","geometry":{"type":"MultiPolygon","coordinates":[[[[-80.949986,44.5672327],[-80.9499615,44.5671393],[-80.9497683,44.5671651],[-80.9497929,44.5672585],[-80.949986,44.5672327]]]]},"properties":{"structure_id":"structure_e8c9de2a6819730c9ceb","external_source":"openstreetmap","external_id":"a829653330","building_type":"unclassified","source_building_tag":"yes","source_timestamp":null,"confidence":"source_mapped"}},{"type":"Feature","id":"structure_2f8e8819bafb0c5fa28e","geometry":{"type":"MultiPolygon","coordinates":[[[[-80.9014597,44.5906191],[-80.9013417,44.5897328],[-80.900183,44.5898474],[-80.9001944,44.5899196],[-80.9002428,44.590224],[-80.9003225,44.5907261],[-80.9014597,44.5906191]]]]},"properties":{"structure_id":"structure_2f8e8819bafb0c5fa28e","external_source":"openstreetmap","external_id":"a834566562","building_type":"unclassified","source_building_tag":"yes","source_timestamp":null,"confidence":"source_mapped"}},{"type":"Feature","id":"structure_5c8716d0e68e7ba04d84","geometry":{"type":"MultiPolygon","coordinates":[[[[-80.9043363,44.5743518],[-80.9042351,44.573909],[-80.9040982,44.5739249],[-80.9041217,44.5740276],[-80.9036465,44.5740828],[-80.9036526,44.5741095],[-80.9035912,44.5741166],[-80.9036119,44.5742073],[-80.9036732,44.5742002],[-80.903724,44.5744228],[-80.9043363,44.5743518]]]]},"properties":{"structure_id":"structure_5c8716d0e68e7ba04d84","external_source":"openstreetmap","external_id":"a930670012","building_type":"commercial","source_building_tag":"retail","source_timestamp":null,"confidence":"source_mapped"}},{"type":"Feature","id":"structure_b4437f8919db0e26f63f","geometry":{"type":"MultiPolygon","coordinates":[[[[-80.9071041,44.5739911],[-80.9069928,44.573546],[-80.9069285,44.5735492],[-80.9069211,44.5736214],[-80.9065671,44.5736549],[-80.9065493,44.5735801],[-80.9064316,44.5735917],[-80.9063989,44.5736637],[-80.9059229,44.5737272],[-80.9057246,44.5736482],[-80.9056842,44.5737347],[-80.9053451,44.5737815],[-80.9054351,44.5741761],[-80.9071041,44.5739911]]]]},"properties":{"structure_id":"structure_b4437f8919db0e26f63f","external_source":"openstreetmap","external_id":"a930670014","building_type":"unclassified","source_building_tag":"yes","source_timestamp":null,"confidence":"source_mapped"}},{"type":"Feature","id":"structure_ab258ed803b0baccde61","geometry":{"type":"MultiPolygon","coordinates":[[[[-80.9059978,44.5752062],[-80.9059279,44.5749161],[-80.9057162,44.57494],[-80.9056913,44.5748856],[-80.9056221,44.5748914],[-80.9056364,44.574949],[-80.9056093,44.574952],[-80.9056718,44.5752283],[-80.9059978,44.5752062]]]]},"properties":{"structure_id":"structure_ab258ed803b0baccde61","external_source":"openstreetmap","external_id":"a930670016","building_type":"unclassified","source_building_tag":"yes","source_timestamp":null,"confidence":"source_mapped"}},{"type":"Feature","id":"structure_29a3189b86948e0d03c2","geometry":{"type":"MultiPolygon","coordinates":[[[[-80.9492628,44.5765818],[-80.9486521,44.5763827],[-80.9487342,44.5762549],[-80.9485298,44.5761883],[-80.9480431,44.5769458],[-80.9482607,44.5770167],[-80.9485481,44.5765694],[-80.9491456,44.5767642],[-80.9492628,44.5765818]]]]},"properties":{"structure_id":"structure_29a3189b86948e0d03c2","external_source":"openstreetmap","external_id":"a947232446","building_type":"residential","source_building_tag":"residential","source_timestamp":null,"confidence":"source_mapped"}},{"type":"Feature","id":"structure_742eb22d167e0c7dbf1c","geometry":{"type":"MultiPolygon","coordinates":[[[[-80.9496945,44.5757882],[-80.9495711,44.5757882],[-80.9495228,44.5758532],[-80.9492535,44.5758035],[-80.9491908,44.5759759],[-80.9495989,44.5760511],[-80.9496945,44.5757882]]]]},"properties":{"structure_id":"structure_742eb22d167e0c7dbf1c","external_source":"openstreetmap","external_id":"a947246074","building_type":"institutional","source_building_tag":"school","source_timestamp":null,"confidence":"source_mapped"}},{"type":"Feature","id":"structure_07bbb9adaf5995550665","geometry":{"type":"MultiPolygon","coordinates":[[[[-80.947608,44.575123],[-80.9473264,44.5750618],[-80.947254,44.5752281],[-80.9468811,44.5755815],[-80.9467417,44.5756025],[-80.9465539,44.5755204],[-80.9464064,44.575679],[-80.9466271,44.5758215],[-80.94634,44.5760765],[-80.9465432,44.5761992],[-80.9468114,44.5759426],[-80.9468892,44.5759598],[-80.9470796,44.5758242],[-80.9469965,44.5757477],[-80.9474981,44.5753312],[-80.947608,44.575123]]]]},"properties":{"structure_id":"structure_07bbb9adaf5995550665","external_source":"openstreetmap","external_id":"a947247912","building_type":"residential","source_building_tag":"residential","source_timestamp":null,"confidence":"source_mapped"}},{"type":"Feature","id":"structure_8eec242965350c77f2cb","geometry":{"type":"MultiPolygon","coordinates":[[[[-80.9470757,44.5740093],[-80.9469628,44.5735746],[-80.9466708,44.5736131],[-80.9467836,44.5740478],[-80.9470757,44.5740093]]]]},"properties":{"structure_id":"structure_8eec242965350c77f2cb","external_source":"openstreetmap","external_id":"a947249928","building_type":"commercial","source_building_tag":"commercial","source_timestamp":null,"confidence":"source_mapped"}},{"type":"Feature","id":"structure_4796d94f405b3715cb16","geometry":{"type":"MultiPolygon","coordinates":[[[[-80.9465805,44.5753082],[-80.9464248,44.5747717],[-80.9461759,44.5748084],[-80.9463318,44.5753448],[-80.9465805,44.5753082]]]]},"properties":{"structure_id":"structure_4796d94f405b3715cb16","external_source":"openstreetmap","external_id":"a947249930","building_type":"residential","source_building_tag":"residential","source_timestamp":null,"confidence":"source_mapped"}},{"type":"Feature","id":"structure_ed33f9ba15f393d15b97","geometry":{"type":"MultiPolygon","coordinates":[[[[-80.946633,44.5746228],[-80.9465798,44.5743969],[-80.9464618,44.574411],[-80.9463781,44.5740559],[-80.9461039,44.5740887],[-80.9462407,44.5746697],[-80.946633,44.5746228]]]]},"properties":{"structure_id":"structure_ed33f9ba15f393d15b97","external_source":"openstreetmap","external_id":"a947249932","building_type":"commercial","source_building_tag":"commercial","source_timestamp":null,"confidence":"source_mapped"}},{"type":"Feature","id":"structure_2706e2d60ab8bd3cbea2","geometry":{"type":"MultiPolygon","coordinates":[[[[-80.9237054,44.5870277],[-80.9229024,44.5868674],[-80.9226832,44.5874244],[-80.9229685,44.5874814],[-80.9230453,44.5872862],[-80.9232941,44.5873359],[-80.9232049,44.5875625],[-80.9234738,44.5876162],[-80.9237054,44.5870277]]]]},"properties":{"structure_id":"structure_2706e2d60ab8bd3cbea2","external_source":"openstreetmap","external_id":"a960550472","building_type":"unclassified","source_building_tag":"yes","source_timestamp":null,"confidence":"source_mapped"}},{"type":"Feature","id":"structure_4ca3f7b887e62b7f334e","geometry":{"type":"MultiPolygon","coordinates":[[[[-80.9480836,44.5661973],[-80.9480741,44.566128],[-80.9480187,44.5661318],[-80.9480152,44.5661063],[-80.9478032,44.5661211],[-80.9478098,44.5661688],[-80.9478203,44.5662457],[-80.9479673,44.5662355],[-80.9479633,44.5662056],[-80.9480836,44.5661973]]]]},"properties":{"structure_id":"structure_4ca3f7b887e62b7f334e","external_source":"openstreetmap","external_id":"a976211676","building_type":"residential","source_building_tag":"house","source_timestamp":null,"confidence":"source_mapped"}},{"type":"Feature","id":"structure_ae438507f515a13c6616","geometry":{"type":"MultiPolygon","coordinates":[[[[-80.9464308,44.5787485],[-80.9463992,44.5786585],[-80.9462348,44.5786878],[-80.9462664,44.5787778],[-80.9464308,44.5787485]]]]},"properties":{"structure_id":"structure_ae438507f515a13c6616","external_source":"openstreetmap","external_id":"a985375840","building_type":"unclassified","source_building_tag":"yes","source_timestamp":null,"confidence":"source_mapped"}},{"type":"Feature","id":"structure_2dc57aa795a3ce95ea39","geometry":{"type":"MultiPolygon","coordinates":[[[[-80.9430995,44.5686484],[-80.9428702,44.5685756],[-80.9427225,44.5688232],[-80.9429496,44.5689008],[-80.9430995,44.5686484]]]]},"properties":{"structure_id":"structure_2dc57aa795a3ce95ea39","external_source":"openstreetmap","external_id":"a986122384","building_type":"commercial","source_building_tag":"commercial","source_timestamp":null,"confidence":"source_mapped"}},{"type":"Feature","id":"structure_38723f3fffc335a66ff4","geometry":{"type":"MultiPolygon","coordinates":[[[[-80.9433176,44.5686031],[-80.9429519,44.5684769],[-80.9428702,44.5685756],[-80.9432099,44.5686899],[-80.943254,44.5687035],[-80.9433176,44.5686031]]]]},"properties":{"structure_id":"structure_38723f3fffc335a66ff4","external_source":"openstreetmap","external_id":"a986122386","building_type":"commercial","source_building_tag":"commercial","source_timestamp":null,"confidence":"source_mapped"}},{"type":"Feature","id":"structure_7c62c833b74f23d14ac6","geometry":{"type":"MultiPolygon","coordinates":[[[[-80.9434664,44.5684388],[-80.9431224,44.5683216],[-80.9430328,44.5684551],[-80.9431356,44.5684902],[-80.9431721,44.5684357],[-80.9434134,44.5685178],[-80.9434664,44.5684388]]]]},"properties":{"structure_id":"structure_7c62c833b74f23d14ac6","external_source":"openstreetmap","external_id":"a986122388","building_type":"commercial","source_building_tag":"commercial","source_timestamp":null,"confidence":"source_mapped"}},{"type":"Feature","id":"structure_043c9d8298e9c4085568","geometry":{"type":"MultiPolygon","coordinates":[[[[-80.9436209,44.5683917],[-80.943176,44.5682408],[-80.9431237,44.568319],[-80.9435686,44.56847],[-80.9436209,44.5683917]]]]},"properties":{"structure_id":"structure_043c9d8298e9c4085568","external_source":"openstreetmap","external_id":"a986122390","building_type":"commercial","source_building_tag":"commercial","source_timestamp":null,"confidence":"source_mapped"}},{"type":"Feature","id":"structure_913eec97d2c41ada531e","geometry":{"type":"MultiPolygon","coordinates":[[[[-80.9435767,44.5682677],[-80.9434521,44.5682258],[-80.9434827,44.5681797],[-80.9432684,44.5681077],[-80.9431849,44.5682339],[-80.9435237,44.5683478],[-80.9435767,44.5682677]]]]},"properties":{"structure_id":"structure_913eec97d2c41ada531e","external_source":"openstreetmap","external_id":"a986122392","building_type":"commercial","source_building_tag":"commercial","source_timestamp":null,"confidence":"source_mapped"}},{"type":"Feature","id":"structure_97f5d30b5ccef6cea6da","geometry":{"type":"MultiPolygon","coordinates":[[[[-80.9436632,44.5681578],[-80.9435805,44.5681292],[-80.9436123,44.5680769],[-80.943344,44.5679892],[-80.9432748,44.5680988],[-80.9436228,44.5682139],[-80.9436632,44.5681578]]]]},"properties":{"structure_id":"structure_97f5d30b5ccef6cea6da","external_source":"openstreetmap","external_id":"a986122394","building_type":"commercial","source_building_tag":"commercial","source_timestamp":null,"confidence":"source_mapped"}},{"type":"Feature","id":"structure_69b644bffcd3b05bc2a7","geometry":{"type":"MultiPolygon","coordinates":[[[[-80.9436878,44.5679524],[-80.9434266,44.5678654],[-80.943344,44.5679892],[-80.9436123,44.5680769],[-80.9436878,44.5679524]]]]},"properties":{"structure_id":"structure_69b644bffcd3b05bc2a7","external_source":"openstreetmap","external_id":"a986122396","building_type":"commercial","source_building_tag":"commercial","source_timestamp":null,"confidence":"source_mapped"}},{"type":"Feature","id":"structure_b93b5453a83f4c9d84a9","geometry":{"type":"MultiPolygon","coordinates":[[[[-80.9437693,44.5677655],[-80.9434881,44.5677925],[-80.9437324,44.5678783],[-80.9437693,44.5677655]]]]},"properties":{"structure_id":"structure_b93b5453a83f4c9d84a9","external_source":"openstreetmap","external_id":"a986122398","building_type":"commercial","source_building_tag":"commercial","source_timestamp":null,"confidence":"source_mapped"}},{"type":"Feature","id":"structure_285789344dd69e6d214c","geometry":{"type":"MultiPolygon","coordinates":[[[[-80.9431082,44.5678975],[-80.9430864,44.5678414],[-80.9427318,44.5678841],[-80.9427318,44.5679502],[-80.9429598,44.5679294],[-80.9429044,44.5680257],[-80.9429972,44.5680558],[-80.9431082,44.5678975]]]]},"properties":{"structure_id":"structure_285789344dd69e6d214c","external_source":"openstreetmap","external_id":"a986122400","building_type":"commercial","source_building_tag":"commercial","source_timestamp":null,"confidence":"source_mapped"}},{"type":"Feature","id":"structure_f529434b2d6bbdf0d902","geometry":{"type":"MultiPolygon","coordinates":[[[[-80.9427592,44.5683726],[-80.9426331,44.5683267],[-80.9425392,44.5684796],[-80.942448,44.5684873],[-80.9424158,44.5685503],[-80.9424641,44.5685656],[-80.9424668,44.5685943],[-80.9425821,44.5686344],[-80.9427592,44.5683726]]]]},"properties":{"structure_id":"structure_f529434b2d6bbdf0d902","external_source":"openstreetmap","external_id":"a986122402","building_type":"commercial","source_building_tag":"commercial","source_timestamp":null,"confidence":"source_mapped"}},{"type":"Feature","id":"structure_bf386fc9ed3ac3c1acb7","geometry":{"type":"MultiPolygon","coordinates":[[[[-80.9424402,44.5680012],[-80.9423983,44.5679897],[-80.9424377,44.567917],[-80.9422046,44.5679399],[-80.94213,44.5680773],[-80.9422295,44.5681047],[-80.9422133,44.5681345],[-80.9423478,44.5681715],[-80.9424402,44.5680012]]]]},"properties":{"structure_id":"structure_bf386fc9ed3ac3c1acb7","external_source":"openstreetmap","external_id":"a986140872","building_type":"commercial","source_building_tag":"commercial","source_timestamp":null,"confidence":"source_mapped"}},{"type":"Feature","id":"structure_65cc13ffbf329fee8db2","geometry":{"type":"MultiPolygon","coordinates":[[[[-80.9422231,44.5681725],[-80.9420077,44.5680993],[-80.9419028,44.568256],[-80.9421182,44.5683292],[-80.9422231,44.5681725]]]]},"properties":{"structure_id":"structure_65cc13ffbf329fee8db2","external_source":"openstreetmap","external_id":"a986140878","building_type":"commercial","source_building_tag":"commercial","source_timestamp":null,"confidence":"source_mapped"}},{"type":"Feature","id":"structure_8da7c82886334d9e0fee","geometry":{"type":"MultiPolygon","coordinates":[[[[-80.9425419,44.5686726],[-80.942153,44.5685541],[-80.9419438,44.5688904],[-80.941992,44.5689248],[-80.9420028,44.5689822],[-80.9422978,44.5690815],[-80.9425419,44.5686726]]]]},"properties":{"structure_id":"structure_8da7c82886334d9e0fee","external_source":"openstreetmap","external_id":"a986140884","building_type":"commercial","source_building_tag":"commercial","source_timestamp":null,"confidence":"source_mapped"}},{"type":"Feature","id":"structure_e786e41b6e48759c0228","geometry":{"type":"MultiPolygon","coordinates":[[[[-80.9422442,44.5691465],[-80.9419679,44.5690701],[-80.9419277,44.5691159],[-80.9418955,44.5691083],[-80.9418392,44.5691981],[-80.9421557,44.5692917],[-80.9422442,44.5691465]]]]},"properties":{"structure_id":"structure_e786e41b6e48759c0228","external_source":"openstreetmap","external_id":"a986140890","building_type":"commercial","source_building_tag":"commercial","source_timestamp":null,"confidence":"source_mapped"}},{"type":"Feature","id":"structure_1e8addd1c7c21e579b94","geometry":{"type":"MultiPolygon","coordinates":[[[[-80.9420779,44.5692974],[-80.9418552,44.5692229],[-80.9417989,44.5693204],[-80.9420269,44.5693853],[-80.9420779,44.5692974]]]]},"properties":{"structure_id":"structure_1e8addd1c7c21e579b94","external_source":"openstreetmap","external_id":"a986140894","building_type":"commercial","source_building_tag":"commercial","source_timestamp":null,"confidence":"source_mapped"}},{"type":"Feature","id":"structure_7ba20ec75f0bf7a0fb5e","geometry":{"type":"MultiPolygon","coordinates":[[[[-80.9416092,44.5690174],[-80.9415525,44.5689993],[-80.9416055,44.568915],[-80.9410902,44.5687505],[-80.9410107,44.5688767],[-80.9415827,44.5690594],[-80.9416092,44.5690174]]]]},"properties":{"structure_id":"structure_7ba20ec75f0bf7a0fb5e","external_source":"openstreetmap","external_id":"a986140900","building_type":"commercial","source_building_tag":"commercial","source_timestamp":null,"confidence":"source_mapped"}},{"type":"Feature","id":"structure_d8b5fa951e5e260b335b","geometry":{"type":"MultiPolygon","coordinates":[[[[-80.9414318,44.5693543],[-80.9411685,44.5692613],[-80.9412138,44.5691962],[-80.9410215,44.5691282],[-80.9409865,44.5691706],[-80.9408633,44.5691472],[-80.9408231,44.5692314],[-80.9409142,44.5693002],[-80.9410283,44.5693406],[-80.9410036,44.5693762],[-80.941335,44.5694933],[-80.9414318,44.5693543]]]]},"properties":{"structure_id":"structure_d8b5fa951e5e260b335b","external_source":"openstreetmap","external_id":"a986140906","building_type":"commercial","source_building_tag":"commercial","source_timestamp":null,"confidence":"source_mapped"}},{"type":"Feature","id":"structure_a71f76912a7d899470ef","geometry":{"type":"MultiPolygon","coordinates":[[[[-80.9412959,44.5703763],[-80.9409017,44.5702399],[-80.9407008,44.5705348],[-80.9408059,44.5705711],[-80.9406811,44.5707541],[-80.9409702,44.5708541],[-80.9412959,44.5703763]]]]},"properties":{"structure_id":"structure_a71f76912a7d899470ef","external_source":"openstreetmap","external_id":"a986140912","building_type":"commercial","source_building_tag":"commercial","source_timestamp":null,"confidence":"source_mapped"}},{"type":"Feature","id":"structure_1c97881876bd86c8b6b8","geometry":{"type":"MultiPolygon","coordinates":[[[[-80.938603,44.5441871],[-80.9385873,44.5440213],[-80.9384144,44.5440296],[-80.93843,44.5441954],[-80.938603,44.5441871]]]]},"properties":{"structure_id":"structure_1c97881876bd86c8b6b8","external_source":"openstreetmap","external_id":"a1021647976","building_type":"unclassified","source_building_tag":"yes","source_timestamp":null,"confidence":"source_mapped"}},{"type":"Feature","id":"structure_9a5e53209d45cde7ea84","geometry":{"type":"MultiPolygon","coordinates":[[[[-80.9370202,44.5439321],[-80.9369763,44.5437134],[-80.9368395,44.5437273],[-80.9368516,44.5437874],[-80.9367089,44.543802],[-80.9367407,44.5439606],[-80.9370202,44.5439321]]]]},"properties":{"structure_id":"structure_9a5e53209d45cde7ea84","external_source":"openstreetmap","external_id":"a1021647978","building_type":"unclassified","source_building_tag":"yes","source_timestamp":null,"confidence":"source_mapped"}},{"type":"Feature","id":"structure_e9fa7ee8b41f2391a228","geometry":{"type":"MultiPolygon","coordinates":[[[[-80.9368391,44.5441558],[-80.9368193,44.5440599],[-80.9365564,44.5440875],[-80.9365763,44.5441835],[-80.9368391,44.5441558]]]]},"properties":{"structure_id":"structure_e9fa7ee8b41f2391a228","external_source":"openstreetmap","external_id":"a1021648020","building_type":"unclassified","source_building_tag":"yes","source_timestamp":null,"confidence":"source_mapped"}},{"type":"Feature","id":"structure_630b16b49f6948bf73cf","geometry":{"type":"MultiPolygon","coordinates":[[[[-80.9368386,44.5443917],[-80.9368342,44.5442901],[-80.936673,44.5442936],[-80.9366775,44.5443953],[-80.9368386,44.5443917]]]]},"properties":{"structure_id":"structure_630b16b49f6948bf73cf","external_source":"openstreetmap","external_id":"a1021648022","building_type":"unclassified","source_building_tag":"yes","source_timestamp":null,"confidence":"source_mapped"}},{"type":"Feature","id":"structure_44d53841a8aecfbf5bf8","geometry":{"type":"MultiPolygon","coordinates":[[[[-80.9367178,44.5429145],[-80.9366457,44.5428046],[-80.9365337,44.5428419],[-80.9366058,44.5429518],[-80.9367178,44.5429145]]]]},"properties":{"structure_id":"structure_44d53841a8aecfbf5bf8","external_source":"openstreetmap","external_id":"a1021650376","building_type":"unclassified","source_building_tag":"yes","source_timestamp":null,"confidence":"source_mapped"}},{"type":"Feature","id":"structure_daa538edc976573fabf0","geometry":{"type":"MultiPolygon","coordinates":[[[[-80.9421773,44.5842121],[-80.9421768,44.5842026],[-80.9421719,44.5841938],[-80.942163,44.5841867],[-80.9421513,44.5841822],[-80.9421381,44.5841807],[-80.942125,44.5841825],[-80.9421144,44.5841869],[-80.9421062,44.5841934],[-80.9421013,44.5842014],[-80.9421002,44.5842101],[-80.9421029,44.5842186],[-80.9421092,44.5842261],[-80.9421185,44.5842318],[-80.9421298,44.5842352],[-80.9421421,44.5842359],[-80.942154,44.5842338],[-80.9421652,44.5842286],[-80.9421733,44.5842211],[-80.9421773,44.5842121]]]]},"properties":{"structure_id":"structure_daa538edc976573fabf0","external_source":"openstreetmap","external_id":"a1026651020","building_type":"unclassified","source_building_tag":"yes","source_timestamp":null,"confidence":"source_mapped"}},{"type":"Feature","id":"structure_b3108a05026bb52e17bd","geometry":{"type":"MultiPolygon","coordinates":[[[[-80.9433176,44.5687216],[-80.9432099,44.5686899],[-80.943203,44.5687018],[-80.9431596,44.5686891],[-80.9431434,44.5687169],[-80.9432043,44.5687348],[-80.9431953,44.5687504],[-80.9432854,44.568777],[-80.9433176,44.5687216]]]]},"properties":{"structure_id":"structure_b3108a05026bb52e17bd","external_source":"openstreetmap","external_id":"a1026664786","building_type":"unclassified","source_building_tag":"yes","source_timestamp":null,"confidence":"source_mapped"}},{"type":"Feature","id":"structure_1de12ac4bddf029e939b","geometry":{"type":"MultiPolygon","coordinates":[[[[-80.9073024,44.5750116],[-80.9072317,44.5746863],[-80.9071609,44.5746964],[-80.9071644,44.5747544],[-80.9069202,44.5747872],[-80.906991,44.5750519],[-80.9073024,44.5750116]]]]},"properties":{"structure_id":"structure_1de12ac4bddf029e939b","external_source":"openstreetmap","external_id":"a1038545990","building_type":"unclassified","source_building_tag":"yes","source_timestamp":null,"confidence":"source_mapped"}},{"type":"Feature","id":"structure_fdfd87a277e0ded0616f","geometry":{"type":"MultiPolygon","coordinates":[[[[-80.9284832,44.5702859],[-80.9283869,44.570269],[-80.9283587,44.5703502],[-80.928455,44.5703671],[-80.9284832,44.5702859]]]]},"properties":{"structure_id":"structure_fdfd87a277e0ded0616f","external_source":"openstreetmap","external_id":"a1050323252","building_type":"commercial","source_building_tag":"commercial","source_timestamp":null,"confidence":"source_mapped"}},{"type":"Feature","id":"structure_99a459ecdea27ccc8e04","geometry":{"type":"MultiPolygon","coordinates":[[[[-80.9286731,44.5703277],[-80.9285438,44.5702976],[-80.9284593,44.570482],[-80.9285886,44.5705121],[-80.9286731,44.5703277]]]]},"properties":{"structure_id":"structure_99a459ecdea27ccc8e04","external_source":"openstreetmap","external_id":"a1050323254","building_type":"unclassified","source_building_tag":"roof","source_timestamp":null,"confidence":"source_mapped"}},{"type":"Feature","id":"structure_4748f462486ed9fd59c8","geometry":{"type":"MultiPolygon","coordinates":[[[[-80.9458965,44.5677803],[-80.9458721,44.5676738],[-80.9456747,44.5676968],[-80.9456991,44.5678033],[-80.9458965,44.5677803]]]]},"properties":{"structure_id":"structure_4748f462486ed9fd59c8","external_source":"openstreetmap","external_id":"a1050323256","building_type":"unclassified","source_building_tag":"yes","source_timestamp":null,"confidence":"source_mapped"}},{"type":"Feature","id":"structure_9cc595803bc870248a47","geometry":{"type":"MultiPolygon","coordinates":[[[[-80.9418835,44.5680718],[-80.941861,44.5679693],[-80.9417526,44.5679814],[-80.9417751,44.568084],[-80.9418835,44.5680718]]]]},"properties":{"structure_id":"structure_9cc595803bc870248a47","external_source":"openstreetmap","external_id":"a1050323258","building_type":"commercial","source_building_tag":"commercial","source_timestamp":null,"confidence":"source_mapped"}},{"type":"Feature","id":"structure_e4f9f2c6d25b23dc9ed5","geometry":{"type":"MultiPolygon","coordinates":[[[[-80.9151217,44.5753991],[-80.9151144,44.5753207],[-80.9150617,44.5753233],[-80.915069,44.5754016],[-80.9151217,44.5753991]]]]},"properties":{"structure_id":"structure_e4f9f2c6d25b23dc9ed5","external_source":"openstreetmap","external_id":"a1050323260","building_type":"commercial","source_building_tag":"commercial","source_timestamp":null,"confidence":"source_mapped"}},{"type":"Feature","id":"structure_41f40012483895f94499","geometry":{"type":"MultiPolygon","coordinates":[[[[-80.9339495,44.5608428],[-80.9339034,44.5606447],[-80.933764,44.5606612],[-80.9336129,44.5600124],[-80.9326038,44.5601316],[-80.9327857,44.5609126],[-80.9332895,44.5608531],[-80.9333048,44.560919],[-80.9339495,44.5608428]]]]},"properties":{"structure_id":"structure_41f40012483895f94499","external_source":"openstreetmap","external_id":"a1066340472","building_type":"commercial","source_building_tag":"commercial","source_timestamp":null,"confidence":"source_mapped"}},{"type":"Feature","id":"structure_8f6be93ae30a97b7ef70","geometry":{"type":"MultiPolygon","coordinates":[[[[-80.9326708,44.5609868],[-80.9326343,44.5608183],[-80.9321015,44.5608769],[-80.9321292,44.5610047],[-80.9323724,44.5609779],[-80.9323992,44.5611012],[-80.9324934,44.5610908],[-80.9324756,44.5610083],[-80.9326708,44.5609868]]]]},"properties":{"structure_id":"structure_8f6be93ae30a97b7ef70","external_source":"openstreetmap","external_id":"a1066341670","building_type":"commercial","source_building_tag":"commercial","source_timestamp":null,"confidence":"source_mapped"}},{"type":"Feature","id":"structure_86faae89fcce9e7edc34","geometry":{"type":"MultiPolygon","coordinates":[[[[-80.9447321,44.576672],[-80.9446494,44.5766048],[-80.9445522,44.5766656],[-80.944635,44.5767327],[-80.9447321,44.576672]]]]},"properties":{"structure_id":"structure_86faae89fcce9e7edc34","external_source":"openstreetmap","external_id":"a1092245992","building_type":"unclassified","source_building_tag":"yes","source_timestamp":null,"confidence":"source_mapped"}},{"type":"Feature","id":"structure_26c99c98aaa088db6b28","geometry":{"type":"MultiPolygon","coordinates":[[[[-80.9455381,44.5880484],[-80.9453022,44.5880153],[-80.9452683,44.5881377],[-80.9455042,44.5881708],[-80.9455381,44.5880484]]]]},"properties":{"structure_id":"structure_26c99c98aaa088db6b28","external_source":"openstreetmap","external_id":"a1098134044","building_type":"unclassified","source_building_tag":"yes","source_timestamp":null,"confidence":"source_mapped"}},{"type":"Feature","id":"structure_efcd9ed05f7c772f19cd","geometry":{"type":"MultiPolygon","coordinates":[[[[-80.9453081,44.5887888],[-80.9451329,44.5887632],[-80.9450776,44.5889555],[-80.9452528,44.5889811],[-80.9453081,44.5887888]]]]},"properties":{"structure_id":"structure_efcd9ed05f7c772f19cd","external_source":"openstreetmap","external_id":"a1098134046","building_type":"unclassified","source_building_tag":"yes","source_timestamp":null,"confidence":"source_mapped"}},{"type":"Feature","id":"structure_bb4fd33fc2ebc0c58590","geometry":{"type":"MultiPolygon","coordinates":[[[[-80.9450109,44.5882671],[-80.944752,44.5882069],[-80.9447191,44.5882788],[-80.9446519,44.5882631],[-80.9444056,44.5888007],[-80.9444787,44.5888177],[-80.9444484,44.5888839],[-80.9447014,44.5889427],[-80.9450109,44.5882671]]]]},"properties":{"structure_id":"structure_bb4fd33fc2ebc0c58590","external_source":"openstreetmap","external_id":"a1098134048","building_type":"apartment","source_building_tag":"apartments","source_timestamp":null,"confidence":"source_mapped"}},{"type":"Feature","id":"structure_6d3ab5a87218698b6c19","geometry":{"type":"MultiPolygon","coordinates":[[[[-80.9425378,44.5720822],[-80.9423715,44.5720287],[-80.9421408,44.5723746],[-80.9422776,44.5724223],[-80.9425378,44.5720822]]]]},"properties":{"structure_id":"structure_6d3ab5a87218698b6c19","external_source":"openstreetmap","external_id":"a1215053432","building_type":"unclassified","source_building_tag":"yes","source_timestamp":null,"confidence":"source_mapped"}},{"type":"Feature","id":"structure_a313e2f5be51ea1a7f64","geometry":{"type":"MultiPolygon","coordinates":[[[[-80.9179638,44.5683496],[-80.9178257,44.5677476],[-80.917697,44.5677648],[-80.9177171,44.5678566],[-80.9176379,44.567868],[-80.917536,44.5673779],[-80.9175695,44.5673731],[-80.9175615,44.5673454],[-80.9173322,44.5673741],[-80.9173362,44.5674018],[-80.9171498,44.5674218],[-80.9171377,44.5673817],[-80.9169929,44.5673827],[-80.9168829,44.5674104],[-80.9167622,44.5674677],[-80.9166616,44.5674792],[-80.916667,44.5675031],[-80.9162995,44.5675508],[-80.9163478,44.5677381],[-80.916431,44.5677324],[-80.9164336,44.5677648],[-80.9165892,44.5677457],[-80.9166321,44.5679454],[-80.9166978,44.5679406],[-80.9167072,44.5679683],[-80.9168507,44.5679483],[-80.916899,44.5681642],[-80.9172826,44.5681222],[-80.9172893,44.5681575],[-80.9175012,44.5681327],[-80.9175695,44.5683868],[-80.9177211,44.5683696],[-80.9177493,44.568383],[-80.9177761,44.568384],[-80.9178002,44.5683773],[-80.9178109,44.5683639],[-80.9179638,44.5683496]]]]},"properties":{"structure_id":"structure_a313e2f5be51ea1a7f64","external_source":"openstreetmap","external_id":"a1232230234","building_type":"institutional","source_building_tag":"school","source_timestamp":null,"confidence":"source_mapped"}},{"type":"Feature","id":"structure_64e585de668c8531a936","geometry":{"type":"MultiPolygon","coordinates":[[[[-80.9156549,44.576071],[-80.915611,44.5758871],[-80.9152147,44.5759351],[-80.9152669,44.5761538],[-80.9154728,44.5761289],[-80.9154645,44.576094],[-80.9156549,44.576071]]]]},"properties":{"structure_id":"structure_64e585de668c8531a936","external_source":"openstreetmap","external_id":"a1246479486","building_type":"unclassified","source_building_tag":"yes","source_timestamp":null,"confidence":"source_mapped"}},{"type":"Feature","id":"structure_c6158f09f64f9c4c1a70","geometry":{"type":"MultiPolygon","coordinates":[[[[-80.9143297,44.5762685],[-80.9142978,44.5761287],[-80.9142407,44.5761353],[-80.9142144,44.57602],[-80.913632,44.5760874],[-80.9136902,44.5763425],[-80.9143297,44.5762685]]]]},"properties":{"structure_id":"structure_c6158f09f64f9c4c1a70","external_source":"openstreetmap","external_id":"a1246479488","building_type":"unclassified","source_building_tag":"yes","source_timestamp":null,"confidence":"source_mapped"}},{"type":"Feature","id":"structure_472fbbba7bf682636923","geometry":{"type":"MultiPolygon","coordinates":[[[[-80.9153582,44.5722694],[-80.915319,44.5720602],[-80.9153297,44.5720592],[-80.9153035,44.5719191],[-80.9152669,44.5719226],[-80.9152586,44.5718781],[-80.915278,44.5718762],[-80.9152707,44.5718372],[-80.915243,44.5718398],[-80.9152399,44.5718234],[-80.9152584,44.5718216],[-80.9152432,44.5717405],[-80.9152097,44.5717437],[-80.9152128,44.5717604],[-80.9151717,44.5717643],[-80.915165,44.5717286],[-80.914668,44.5717759],[-80.9146745,44.5718106],[-80.9145964,44.571818],[-80.9146098,44.5718897],[-80.9146209,44.5718886],[-80.9146241,44.5719054],[-80.9146526,44.5719027],[-80.9146498,44.5718877],[-80.9146716,44.5718856],[-80.9146833,44.5719478],[-80.9146907,44.5719471],[-80.914694,44.5719645],[-80.9147231,44.5719618],[-80.914719,44.5719402],[-80.9148012,44.5719324],[-80.9148044,44.5719495],[-80.9148358,44.5719465],[-80.9148318,44.5719253],[-80.9149262,44.5719164],[-80.9149302,44.571938],[-80.9149818,44.5719331],[-80.914978,44.5719129],[-80.915058,44.5719053],[-80.9150668,44.5719523],[-80.9150273,44.571956],[-80.9150345,44.5719943],[-80.915067,44.5719912],[-80.9151005,44.5721698],[-80.9150757,44.5721721],[-80.9150889,44.5722426],[-80.914946,44.5722561],[-80.9149501,44.5722778],[-80.9147596,44.5722959],[-80.9147678,44.5723396],[-80.9147458,44.5723417],[-80.9147537,44.572384],[-80.9147742,44.572382],[-80.9147833,44.5724305],[-80.9148695,44.5724223],[-80.9148729,44.5724405],[-80.9148886,44.572439],[-80.9148919,44.5724566],[-80.9149331,44.5724526],[-80.9149273,44.5724221],[-80.9149598,44.572419],[-80.914962,44.5724308],[-80.9150174,44.5724255],[-80.9150199,44.572439],[-80.9152427,44.5724178],[-80.915239,44.572398],[-80.9153046,44.5723918],[-80.9152992,44.5723626],[-80.9153559,44.5723572],[-80.9153398,44.5722712],[-80.9153582,44.5722694]]]]},"properties":{"structure_id":"structure_472fbbba7bf682636923","external_source":"openstreetmap","external_id":"a1246927668","building_type":"apartment","source_building_tag":"apartments","source_timestamp":null,"confidence":"source_mapped"}},{"type":"Feature","id":"structure_90dc78fc10e076db2442","geometry":{"type":"MultiPolygon","coordinates":[[[[-80.9160635,44.5711833],[-80.9160179,44.5710132],[-80.9157336,44.5710476],[-80.9156451,44.5711298],[-80.9157524,44.5715425],[-80.9159964,44.5715119],[-80.9159482,44.571317],[-80.9160635,44.5711833]]]]},"properties":{"structure_id":"structure_90dc78fc10e076db2442","external_source":"openstreetmap","external_id":"a1246927670","building_type":"unclassified","source_building_tag":"yes","source_timestamp":null,"confidence":"source_mapped"}},{"type":"Feature","id":"structure_c038adfdb1089a916356","geometry":{"type":"MultiPolygon","coordinates":[[[[-80.9408882,44.5682749],[-80.9408411,44.5681327],[-80.9403188,44.5681998],[-80.9403512,44.5683442],[-80.9408882,44.5682749]]]]},"properties":{"structure_id":"structure_c038adfdb1089a916356","external_source":"openstreetmap","external_id":"a1263258430","building_type":"apartment","source_building_tag":"apartments","source_timestamp":null,"confidence":"source_mapped"}},{"type":"Feature","id":"structure_9f184a1d5267b3d0fd66","geometry":{"type":"MultiPolygon","coordinates":[[[[-80.915703,44.5705835],[-80.9156508,44.5702907],[-80.915524,44.5703022],[-80.9155763,44.570595],[-80.915703,44.5705835]]]]},"properties":{"structure_id":"structure_9f184a1d5267b3d0fd66","external_source":"openstreetmap","external_id":"a1264009768","building_type":"unclassified","source_building_tag":"yes","source_timestamp":null,"confidence":"source_mapped"}},{"type":"Feature","id":"structure_875825ae60e8315b349d","geometry":{"type":"MultiPolygon","coordinates":[[[[-80.9161352,44.5706756],[-80.916115,44.5705818],[-80.9157048,44.5706267],[-80.915725,44.5707204],[-80.9161352,44.5706756]]]]},"properties":{"structure_id":"structure_875825ae60e8315b349d","external_source":"openstreetmap","external_id":"a1264009770","building_type":"unclassified","source_building_tag":"yes","source_timestamp":null,"confidence":"source_mapped"}},{"type":"Feature","id":"structure_249ee45881b229fecaac","geometry":{"type":"MultiPolygon","coordinates":[[[[-80.9161743,44.5705044],[-80.9161273,44.5702017],[-80.9159943,44.5702122],[-80.9160412,44.5705149],[-80.9161743,44.5705044]]]]},"properties":{"structure_id":"structure_249ee45881b229fecaac","external_source":"openstreetmap","external_id":"a1264009772","building_type":"unclassified","source_building_tag":"yes","source_timestamp":null,"confidence":"source_mapped"}},{"type":"Feature","id":"structure_b22b3760aca6bf4a9c6d","geometry":{"type":"MultiPolygon","coordinates":[[[[-80.9389287,44.5687515],[-80.938694,44.568665],[-80.9387433,44.5685971],[-80.9387337,44.5685936],[-80.9386723,44.5685708],[-80.9386224,44.5686389],[-80.9385002,44.5685935],[-80.9384414,44.5686737],[-80.9385546,44.5687158],[-80.9385077,44.5687798],[-80.9386219,44.5688223],[-80.9386602,44.56877],[-80.938792,44.568819],[-80.9387504,44.5688496],[-80.9387357,44.5688696],[-80.9387263,44.5689126],[-80.93885,44.5689495],[-80.9388805,44.5688974],[-80.9388443,44.5688677],[-80.9389287,44.5687515]]]]},"properties":{"structure_id":"structure_b22b3760aca6bf4a9c6d","external_source":"openstreetmap","external_id":"a1375179766","building_type":"unclassified","source_building_tag":"yes","source_timestamp":null,"confidence":"source_mapped"}},{"type":"Feature","id":"structure_e32c4b5a3f7d7c567488","geometry":{"type":"MultiPolygon","coordinates":[[[[-80.9385484,44.568825],[-80.9383376,44.5687534],[-80.9382918,44.568819],[-80.938332,44.5688429],[-80.938266,44.5689496],[-80.9384055,44.5689934],[-80.9384701,44.5688888],[-80.9385144,44.5688907],[-80.9385484,44.568825]]]]},"properties":{"structure_id":"structure_e32c4b5a3f7d7c567488","external_source":"openstreetmap","external_id":"a1375179768","building_type":"institutional","source_building_tag":"church","source_timestamp":null,"confidence":"source_mapped"}},{"type":"Feature","id":"structure_ecc03e36f0bf4cfd5548","geometry":{"type":"MultiPolygon","coordinates":[[[[-80.9468671,44.5719844],[-80.9468179,44.5717771],[-80.9465973,44.5718037],[-80.9466465,44.572011],[-80.9468671,44.5719844]]]]},"properties":{"structure_id":"structure_ecc03e36f0bf4cfd5548","external_source":"openstreetmap","external_id":"a1376522456","building_type":"unclassified","source_building_tag":"yes","source_timestamp":null,"confidence":"source_mapped"}},{"type":"Feature","id":"structure_40622c613716e55a2943","geometry":{"type":"MultiPolygon","coordinates":[[[[-80.9403729,44.564453],[-80.940334,44.5642606],[-80.9402377,44.5642689],[-80.9402807,44.5644634],[-80.9403729,44.564453]]]]},"properties":{"structure_id":"structure_40622c613716e55a2943","external_source":"openstreetmap","external_id":"a1376524192","building_type":"unclassified","source_building_tag":"yes","source_timestamp":null,"confidence":"source_mapped"}},{"type":"Feature","id":"structure_d1cca367c238fbf85de9","geometry":{"type":"MultiPolygon","coordinates":[[[[-80.9404791,44.5644337],[-80.9404312,44.5642479],[-80.940334,44.5642606],[-80.940382,44.5644465],[-80.9404791,44.5644337]]]]},"properties":{"structure_id":"structure_d1cca367c238fbf85de9","external_source":"openstreetmap","external_id":"a1376524194","building_type":"unclassified","source_building_tag":"yes","source_timestamp":null,"confidence":"source_mapped"}},{"type":"Feature","id":"structure_d83c84753669ae3a7b6c","geometry":{"type":"MultiPolygon","coordinates":[[[[-80.934324,44.5736003],[-80.9336588,44.5730596],[-80.9335247,44.5731456],[-80.9333235,44.5729736],[-80.9334174,44.5729106],[-80.9332511,44.5727768],[-80.9328219,44.573052],[-80.9333101,44.5734532],[-80.9333342,44.573436],[-80.9337258,44.5737532],[-80.9336668,44.5737857],[-80.9338465,44.5739232],[-80.933876,44.5739041],[-80.9340359,44.5740301],[-80.934123,44.5739807],[-80.9340186,44.573895],[-80.9342133,44.5737827],[-80.9341309,44.5737131],[-80.934324,44.5736003]]]]},"properties":{"structure_id":"structure_d83c84753669ae3a7b6c","external_source":"openstreetmap","external_id":"a1423768144","building_type":"institutional","source_building_tag":"school","source_timestamp":null,"confidence":"source_mapped"}},{"type":"Feature","id":"structure_9cd75c0e127f7e05f92a","geometry":{"type":"MultiPolygon","coordinates":[[[[-80.9304233,44.5729378],[-80.9300242,44.5728569],[-80.9300736,44.5727331],[-80.9295624,44.5726295],[-80.9294288,44.5729643],[-80.930339,44.5731488],[-80.9304233,44.5729378]]]]},"properties":{"structure_id":"structure_9cd75c0e127f7e05f92a","external_source":"openstreetmap","external_id":"a1423768150","building_type":"institutional","source_building_tag":"school","source_timestamp":null,"confidence":"source_mapped"}},{"type":"Feature","id":"structure_8e1d297532df1af9dffb","geometry":{"type":"MultiPolygon","coordinates":[[[[-80.9221879,44.5671582],[-80.9221482,44.5669813],[-80.9210992,44.5671008],[-80.9211046,44.5671249],[-80.9209812,44.5671389],[-80.9209132,44.566836],[-80.9206388,44.5668672],[-80.9207149,44.5672062],[-80.9205173,44.5672287],[-80.9205947,44.5675733],[-80.9206626,44.5675656],[-80.9206582,44.5675459],[-80.9209271,44.5675152],[-80.9209148,44.5674605],[-80.9212413,44.5674233],[-80.9212069,44.5672699],[-80.9221879,44.5671582]]]]},"properties":{"structure_id":"structure_8e1d297532df1af9dffb","external_source":"openstreetmap","external_id":"a1423768162","building_type":"unclassified","source_building_tag":"yes","source_timestamp":null,"confidence":"source_mapped"}},{"type":"Feature","id":"structure_d921e0c9a642af76bbf8","geometry":{"type":"MultiPolygon","coordinates":[[[[-80.9223627,44.588536],[-80.9222956,44.5885246],[-80.9223184,44.5884615],[-80.9218168,44.5883603],[-80.9218356,44.5883164],[-80.921794,44.5882715],[-80.9217364,44.5882533],[-80.9218088,44.5881005],[-80.9215057,44.5880432],[-80.9214427,44.5882037],[-80.921389,44.5881912],[-80.9213246,44.5882208],[-80.9213032,44.5882629],[-80.9211503,44.5882342],[-80.9211168,44.5883164],[-80.9210524,44.5883039],[-80.9210417,44.5883335],[-80.9209237,44.5883078],[-80.9208781,44.588324],[-80.9208526,44.5883947],[-80.9208781,44.5884233],[-80.9209733,44.5884462],[-80.9210323,44.5884271],[-80.921216,44.5884634],[-80.9211986,44.5885255],[-80.9212334,44.5885752],[-80.9212938,44.58858],[-80.9212857,44.5886038],[-80.9213863,44.5886077],[-80.9214105,44.5886411],[-80.9214534,44.5886459],[-80.921503,44.5886315],[-80.9215915,44.5886621],[-80.9215929,44.5886392],[-80.9216505,44.5886545],[-80.9217136,44.5886287],[-80.9217337,44.5885618],[-80.9219523,44.5886086],[-80.9219804,44.5886927],[-80.9220126,44.5887051],[-80.9220032,44.588728],[-80.922187,44.5887672],[-80.9222098,44.5886946],[-80.9222433,44.5886774],[-80.9222688,44.588622],[-80.9223305,44.5886344],[-80.9223627,44.588536]]]]},"properties":{"structure_id":"structure_d921e0c9a642af76bbf8","external_source":"openstreetmap","external_id":"a1423773202","building_type":"institutional","source_building_tag":"school","source_timestamp":null,"confidence":"source_mapped"}},{"type":"Feature","id":"structure_8811dfbb44245651fd01","geometry":{"type":"MultiPolygon","coordinates":[[[[-80.9514591,44.562547],[-80.9514138,44.5623501],[-80.9512384,44.5623706],[-80.951226,44.5623168],[-80.9506898,44.5623795],[-80.950668,44.5622846],[-80.9507959,44.5622697],[-80.9507766,44.5622097],[-80.9507069,44.5621696],[-80.9506908,44.562074],[-80.9504548,44.562097],[-80.9504628,44.5621313],[-80.9499639,44.5621868],[-80.949972,44.5622078],[-80.9500524,44.5622517],[-80.9500605,44.5623014],[-80.9498499,44.5623244],[-80.9499089,44.562589],[-80.9499237,44.5625881],[-80.9499921,44.5628767],[-80.9503166,44.5628365],[-80.9502952,44.562741],[-80.9504856,44.5627199],[-80.9504896,44.5627429],[-80.9506311,44.5627281],[-80.9506137,44.5626612],[-80.9506744,44.5626545],[-80.9507404,44.5626473],[-80.9507611,44.5627511],[-80.9514204,44.5626703],[-80.9513922,44.5625527],[-80.9514591,44.562547]]]]},"properties":{"structure_id":"structure_8811dfbb44245651fd01","external_source":"openstreetmap","external_id":"a1423773216","building_type":"institutional","source_building_tag":"school","source_timestamp":null,"confidence":"source_mapped"}},{"type":"Feature","id":"structure_dc7b4e8b8549ca5c67e8","geometry":{"type":"MultiPolygon","coordinates":[[[[-80.9398845,44.566],[-80.9398068,44.5658147],[-80.9393052,44.5658758],[-80.9393347,44.5660726],[-80.9394071,44.5661338],[-80.9398148,44.5660994],[-80.9398845,44.566]]]]},"properties":{"structure_id":"structure_dc7b4e8b8549ca5c67e8","external_source":"openstreetmap","external_id":"a1433979892","building_type":"unclassified","source_building_tag":"yes","source_timestamp":null,"confidence":"source_mapped"}},{"type":"Feature","id":"structure_c2df4a10ae1f1154e0d3","geometry":{"type":"MultiPolygon","coordinates":[[[[-80.9520729,44.5815255],[-80.9520684,44.5814432],[-80.951665,44.5814543],[-80.9516695,44.5815366],[-80.9520729,44.5815255]]]]},"properties":{"structure_id":"structure_c2df4a10ae1f1154e0d3","external_source":"openstreetmap","external_id":"a1517223864","building_type":"unclassified","source_building_tag":"yes","source_timestamp":null,"confidence":"source_mapped"}},{"type":"Feature","id":"structure_2af32c13e959f9724f16","geometry":{"type":"MultiPolygon","coordinates":[[[[-80.9451181,44.5838983],[-80.9449642,44.5838685],[-80.9449495,44.5839069],[-80.9449023,44.5838978],[-80.9448676,44.5839887],[-80.9449216,44.5839992],[-80.9449002,44.5840553],[-80.9449273,44.5840606],[-80.9449169,44.584088],[-80.9450227,44.5841085],[-80.9450348,44.5840768],[-80.945049,44.5840795],[-80.9451181,44.5838983]]]]},"properties":{"structure_id":"structure_2af32c13e959f9724f16","external_source":"openstreetmap","external_id":"a1517444896","building_type":"unclassified","source_building_tag":"yes","source_timestamp":null,"confidence":"source_mapped"}},{"type":"Feature","id":"structure_082095b1e2783f385095","geometry":{"type":"MultiPolygon","coordinates":[[[[-80.9458775,44.5844093],[-80.9457088,44.584379],[-80.9456836,44.5844501],[-80.9456428,44.5844428],[-80.9456223,44.5845008],[-80.9456617,44.5845078],[-80.9456187,44.5846291],[-80.9455717,44.5846207],[-80.9455424,44.5847034],[-80.9455761,44.5847094],[-80.9455571,44.5847629],[-80.9457404,44.5847959],[-80.9458775,44.5844093]]]]},"properties":{"structure_id":"structure_082095b1e2783f385095","external_source":"openstreetmap","external_id":"a1517444898","building_type":"unclassified","source_building_tag":"yes","source_timestamp":null,"confidence":"source_mapped"}},{"type":"Feature","id":"structure_be58f35e6767c50cc411","geometry":{"type":"MultiPolygon","coordinates":[[[[-80.9446381,44.5849196],[-80.9444961,44.5848896],[-80.9444671,44.5849595],[-80.9446091,44.5849894],[-80.9446381,44.5849196]]]]},"properties":{"structure_id":"structure_be58f35e6767c50cc411","external_source":"openstreetmap","external_id":"a1517444900","building_type":"unclassified","source_building_tag":"yes","source_timestamp":null,"confidence":"source_mapped"}},{"type":"Feature","id":"structure_37e4a9af9440a5d8a771","geometry":{"type":"MultiPolygon","coordinates":[[[[-80.9409509,44.5665262],[-80.9409393,44.5664709],[-80.9408749,44.5661629],[-80.9407795,44.5661731],[-80.9407757,44.5661547],[-80.9404812,44.566186],[-80.9404908,44.5662317],[-80.9404157,44.5662397],[-80.9404583,44.5664432],[-80.9403083,44.5664591],[-80.9403244,44.5665363],[-80.9404657,44.5665212],[-80.9404742,44.5665618],[-80.9405944,44.566549],[-80.9405975,44.5665637],[-80.9409509,44.5665262]]]]},"properties":{"structure_id":"structure_37e4a9af9440a5d8a771","external_source":"openstreetmap","external_id":"a1595408632","building_type":"unclassified","source_building_tag":"yes","source_timestamp":null,"confidence":"source_mapped"}},{"type":"Feature","id":"structure_2a17916671acf6422e13","geometry":{"type":"MultiPolygon","coordinates":[[[[-80.9407703,44.5672991],[-80.9406452,44.5668293],[-80.9404264,44.5668589],[-80.9404137,44.566811],[-80.9397575,44.5668997],[-80.9397898,44.5670208],[-80.9398336,44.5670149],[-80.9398626,44.5671238],[-80.9398247,44.5671289],[-80.9398364,44.5671729],[-80.9398164,44.5671756],[-80.9398813,44.5674192],[-80.9407703,44.5672991]]]]},"properties":{"structure_id":"structure_2a17916671acf6422e13","external_source":"openstreetmap","external_id":"a1595409216","building_type":"unclassified","source_building_tag":"yes","source_timestamp":null,"confidence":"source_mapped"}},{"type":"Feature","id":"structure_72d8b765f440e73b1180","geometry":{"type":"MultiPolygon","coordinates":[[[[-80.9411568,44.5646359],[-80.9411444,44.5645722],[-80.9407811,44.5646091],[-80.9407936,44.5646738],[-80.9411568,44.5646359]]]]},"properties":{"structure_id":"structure_72d8b765f440e73b1180","external_source":"openstreetmap","external_id":"a1595409668","building_type":"unclassified","source_building_tag":"yes","source_timestamp":null,"confidence":"source_mapped"}},{"type":"Feature","id":"structure_9b62158232a26fb0573c","geometry":{"type":"MultiPolygon","coordinates":[[[[-80.941204,44.56476],[-80.941182,44.564653],[-80.940804,44.564693],[-80.940826,44.564799],[-80.941204,44.56476]]]]},"properties":{"structure_id":"structure_9b62158232a26fb0573c","external_source":"openstreetmap","external_id":"a1595409670","building_type":"unclassified","source_building_tag":"yes","source_timestamp":null,"confidence":"source_mapped"}},{"type":"Feature","id":"structure_239619a0c6cda4fddbe0","geometry":{"type":"MultiPolygon","coordinates":[[[[-80.940489,44.565407],[-80.940451,44.565202],[-80.940468,44.5652],[-80.940455,44.565132],[-80.940397,44.565137],[-80.940382,44.565058],[-80.940062,44.565089],[-80.940027,44.564901],[-80.939844,44.564918],[-80.939945,44.565459],[-80.940489,44.565407]]]]},"properties":{"structure_id":"structure_239619a0c6cda4fddbe0","external_source":"openstreetmap","external_id":"a1595409672","building_type":"unclassified","source_building_tag":"yes","source_timestamp":null,"confidence":"source_mapped"}},{"type":"Feature","id":"structure_5484cc00cd445c121d48","geometry":{"type":"MultiPolygon","coordinates":[[[[-80.942511,44.565027],[-80.942436,44.564643],[-80.942435,44.564625],[-80.942323,44.564052],[-80.940941,44.564189],[-80.9409958,44.5644927],[-80.9411488,44.5644752],[-80.9411274,44.5643758],[-80.9412831,44.5643598],[-80.9413071,44.5644773],[-80.9414632,44.5644592],[-80.9414382,44.5642959],[-80.941532,44.564285],[-80.941549,44.564373],[-80.94176,44.564352],[-80.941769,44.564403],[-80.941889,44.564391],[-80.941862,44.56425],[-80.941981,44.564239],[-80.9419719,44.5641778],[-80.942235,44.56415],[-80.942252,44.564235],[-80.942099,44.56425],[-80.9421233,44.5643754],[-80.942006,44.56439],[-80.94206,44.56467],[-80.942072,44.564669],[-80.942139,44.565012],[-80.942069,44.565019],[-80.942078,44.565064],[-80.94211,44.565067],[-80.942511,44.565027]]]]},"properties":{"structure_id":"structure_5484cc00cd445c121d48","external_source":"openstreetmap","external_id":"a1595409674","building_type":"unclassified","source_building_tag":"yes","source_timestamp":null,"confidence":"source_mapped"}},{"type":"Feature","id":"structure_68242026d1b4a3c047b5","geometry":{"type":"MultiPolygon","coordinates":[[[[-80.9413879,44.5654123],[-80.9413652,44.5653244],[-80.9409574,44.5653797],[-80.9410179,44.5656039],[-80.9411858,44.5655814],[-80.941149,44.5654452],[-80.9413879,44.5654123]]]]},"properties":{"structure_id":"structure_68242026d1b4a3c047b5","external_source":"openstreetmap","external_id":"a1595409676","building_type":"unclassified","source_building_tag":"yes","source_timestamp":null,"confidence":"source_mapped"}},{"type":"Feature","id":"structure_63d94d740fd45a60a62a","geometry":{"type":"MultiPolygon","coordinates":[[[[-80.9419365,44.5677728],[-80.941897,44.567647],[-80.94169,44.567665],[-80.94166,44.567496],[-80.9414686,44.5675205],[-80.9415251,44.5678221],[-80.9419365,44.5677728]]]]},"properties":{"structure_id":"structure_63d94d740fd45a60a62a","external_source":"openstreetmap","external_id":"a1595411300","building_type":"unclassified","source_building_tag":"yes","source_timestamp":null,"confidence":"source_mapped"}},{"type":"Feature","id":"structure_27197f9b6d74001e4071","geometry":{"type":"MultiPolygon","coordinates":[[[[-80.93958,44.564487],[-80.939559,44.564393],[-80.938865,44.564473],[-80.938902,44.564639],[-80.938995,44.564628],[-80.93898,44.564559],[-80.939059,44.56455],[-80.939069,44.564594],[-80.939344,44.564563],[-80.93934,44.564545],[-80.939486,44.564528],[-80.939479,44.564499],[-80.93958,44.564487]]]]},"properties":{"structure_id":"structure_27197f9b6d74001e4071","external_source":"openstreetmap","external_id":"a1595411302","building_type":"unclassified","source_building_tag":"yes","source_timestamp":null,"confidence":"source_mapped"}},{"type":"Feature","id":"structure_bf475c2baf43e32c67a6","geometry":{"type":"MultiPolygon","coordinates":[[[[-80.94082,44.565984],[-80.940759,44.565634],[-80.940173,44.565686],[-80.940196,44.56582],[-80.940079,44.56583],[-80.940119,44.566057],[-80.940248,44.566045],[-80.940214,44.565849],[-80.940594,44.565815],[-80.940611,44.565914],[-80.940474,44.565926],[-80.940489,44.566013],[-80.94082,44.565984]]]]},"properties":{"structure_id":"structure_bf475c2baf43e32c67a6","external_source":"openstreetmap","external_id":"a1595411304","building_type":"unclassified","source_building_tag":"yes","source_timestamp":null,"confidence":"source_mapped"}},{"type":"Feature","id":"structure_37aa956061a8f42e417e","geometry":{"type":"MultiPolygon","coordinates":[[[[-80.942691,44.565759],[-80.942627,44.565466],[-80.942241,44.565509],[-80.942255,44.565576],[-80.942342,44.565567],[-80.942391,44.565792],[-80.942691,44.565759]]]]},"properties":{"structure_id":"structure_37aa956061a8f42e417e","external_source":"openstreetmap","external_id":"a1595411306","building_type":"unclassified","source_building_tag":"yes","source_timestamp":null,"confidence":"source_mapped"}},{"type":"Feature","id":"structure_f7bff70c0f2dbd69812f","geometry":{"type":"MultiPolygon","coordinates":[[[[-80.939931,44.566414],[-80.939924,44.566309],[-80.939713,44.566316],[-80.939719,44.566411],[-80.939824,44.566408],[-80.939824,44.566417],[-80.939931,44.566414]]]]},"properties":{"structure_id":"structure_f7bff70c0f2dbd69812f","external_source":"openstreetmap","external_id":"a1595411310","building_type":"unclassified","source_building_tag":"yes","source_timestamp":null,"confidence":"source_mapped"}},{"type":"Feature","id":"structure_3f26934fe726d2b94eb6","geometry":{"type":"MultiPolygon","coordinates":[[[[-80.94172,44.567445],[-80.941701,44.567361],[-80.941434,44.567391],[-80.941453,44.567475],[-80.94172,44.567445]]]]},"properties":{"structure_id":"structure_3f26934fe726d2b94eb6","external_source":"openstreetmap","external_id":"a1595411312","building_type":"unclassified","source_building_tag":"yes","source_timestamp":null,"confidence":"source_mapped"}},{"type":"Feature","id":"structure_b2c006bc610810829ad5","geometry":{"type":"MultiPolygon","coordinates":[[[[-80.94007,44.566406],[-80.940067,44.56627],[-80.939964,44.566271],[-80.939967,44.566407],[-80.94007,44.566406]]]]},"properties":{"structure_id":"structure_b2c006bc610810829ad5","external_source":"openstreetmap","external_id":"a1595411314","building_type":"unclassified","source_building_tag":"yes","source_timestamp":null,"confidence":"source_mapped"}},{"type":"Feature","id":"structure_17e71a2f853c10b98d3c","geometry":{"type":"MultiPolygon","coordinates":[[[[-80.9396447,44.565723],[-80.939604,44.56545],[-80.9392128,44.5654796],[-80.9392535,44.5657526],[-80.9396447,44.565723]]]]},"properties":{"structure_id":"structure_17e71a2f853c10b98d3c","external_source":"openstreetmap","external_id":"a1595411316","building_type":"unclassified","source_building_tag":"yes","source_timestamp":null,"confidence":"source_mapped"}},{"type":"Feature","id":"structure_5e54d4c5174482e2c8d6","geometry":{"type":"MultiPolygon","coordinates":[[[[-80.939901,44.564145],[-80.93985,44.56385],[-80.939533,44.563878],[-80.939585,44.564173],[-80.939901,44.564145]]]]},"properties":{"structure_id":"structure_5e54d4c5174482e2c8d6","external_source":"openstreetmap","external_id":"a1595411318","building_type":"unclassified","source_building_tag":"yes","source_timestamp":null,"confidence":"source_mapped"}},{"type":"Feature","id":"structure_e381012e8fbeefcb5dc1","geometry":{"type":"MultiPolygon","coordinates":[[[[-80.9420197,44.566429],[-80.9420134,44.5664049],[-80.9419986,44.5663324],[-80.941877,44.566346],[-80.941858,44.566246],[-80.941708,44.566261],[-80.941671,44.566069],[-80.941137,44.566122],[-80.941203,44.566468],[-80.941475,44.566441],[-80.941481,44.566476],[-80.9416984,44.5664585],[-80.9416918,44.5664302],[-80.9419157,44.566411],[-80.9419221,44.5664406],[-80.9420197,44.566429]]]]},"properties":{"structure_id":"structure_e381012e8fbeefcb5dc1","external_source":"openstreetmap","external_id":"a1595411320","building_type":"unclassified","source_building_tag":"yes","source_timestamp":null,"confidence":"source_mapped"}},{"type":"Feature","id":"structure_c9d6135abf22bdb702b4","geometry":{"type":"MultiPolygon","coordinates":[[[[-80.940163,44.566668],[-80.940138,44.566529],[-80.93989,44.566552],[-80.939915,44.566691],[-80.940163,44.566668]]]]},"properties":{"structure_id":"structure_c9d6135abf22bdb702b4","external_source":"openstreetmap","external_id":"a1595411322","building_type":"unclassified","source_building_tag":"yes","source_timestamp":null,"confidence":"source_mapped"}},{"type":"Feature","id":"structure_3a49882e16a261fdd01c","geometry":{"type":"MultiPolygon","coordinates":[[[[-80.942587,44.5653223],[-80.942552,44.5651513],[-80.942109,44.5651963],[-80.942144,44.5653683],[-80.942587,44.5653223]]]]},"properties":{"structure_id":"structure_3a49882e16a261fdd01c","external_source":"openstreetmap","external_id":"a1595411324","building_type":"unclassified","source_building_tag":"yes","source_timestamp":null,"confidence":"source_mapped"}},{"type":"Feature","id":"structure_0244609598d9a2d2d10a","geometry":{"type":"MultiPolygon","coordinates":[[[[-80.942243,44.565815],[-80.942204,44.56563],[-80.942114,44.56564],[-80.942115,44.565643],[-80.941973,44.565658],[-80.941954,44.56557],[-80.941645,44.565603],[-80.941652,44.565636],[-80.941431,44.565659],[-80.941454,44.565769],[-80.941358,44.565779],[-80.941367,44.565821],[-80.941308,44.565828],[-80.941274,44.565665],[-80.941059,44.565688],[-80.941111,44.565935],[-80.942243,44.565815]]]]},"properties":{"structure_id":"structure_0244609598d9a2d2d10a","external_source":"openstreetmap","external_id":"a1595411326","building_type":"unclassified","source_building_tag":"yes","source_timestamp":null,"confidence":"source_mapped"}},{"type":"Feature","id":"structure_57c25bb1cd03344587d6","geometry":{"type":"MultiPolygon","coordinates":[[[[-80.939386,44.564126],[-80.939345,44.563959],[-80.939185,44.563979],[-80.939175,44.56394],[-80.939101,44.56395],[-80.939151,44.564155],[-80.939386,44.564126]]]]},"properties":{"structure_id":"structure_57c25bb1cd03344587d6","external_source":"openstreetmap","external_id":"a1595411328","building_type":"unclassified","source_building_tag":"yes","source_timestamp":null,"confidence":"source_mapped"}},{"type":"Feature","id":"structure_a93741c24111de0f8d66","geometry":{"type":"MultiPolygon","coordinates":[[[[-80.943552,44.5655906],[-80.9435148,44.5654239],[-80.943313,44.565452],[-80.9433521,44.5656129],[-80.943552,44.5655906]]]]},"properties":{"structure_id":"structure_a93741c24111de0f8d66","external_source":"openstreetmap","external_id":"a1595411330","building_type":"commercial","source_building_tag":"retail","source_timestamp":null,"confidence":"source_mapped"}},{"type":"Feature","id":"structure_964938f0c4aa426cec76","geometry":{"type":"MultiPolygon","coordinates":[[[[-80.944312,44.565758],[-80.943915,44.565766],[-80.943879,44.565837],[-80.943879,44.566008],[-80.943857,44.566052],[-80.943856,44.566247],[-80.943912,44.566261],[-80.944111,44.566261],[-80.944311,44.565936],[-80.944312,44.565758]]]]},"properties":{"structure_id":"structure_964938f0c4aa426cec76","external_source":"openstreetmap","external_id":"a1595411332","building_type":"apartment","source_building_tag":"apartments","source_timestamp":null,"confidence":"source_mapped"}},{"type":"Feature","id":"structure_c26cdac341604872dc3c","geometry":{"type":"MultiPolygon","coordinates":[[[[-80.941031,44.564015],[-80.9410001,44.563857],[-80.940987,44.56379],[-80.940891,44.5638],[-80.940908,44.56389],[-80.940626,44.563918],[-80.940652,44.564053],[-80.941031,44.564015]]]]},"properties":{"structure_id":"structure_c26cdac341604872dc3c","external_source":"openstreetmap","external_id":"a1595411334","building_type":"commercial","source_building_tag":"retail","source_timestamp":null,"confidence":"source_mapped"}},{"type":"Feature","id":"structure_b644b87d97011ff70386","geometry":{"type":"MultiPolygon","coordinates":[[[[-80.9127015,44.578323],[-80.9126561,44.5780913],[-80.9123458,44.578122],[-80.9123911,44.5783538],[-80.9127015,44.578323]]]]},"properties":{"structure_id":"structure_b644b87d97011ff70386","external_source":"openstreetmap","external_id":"a1595415158","building_type":"unclassified","source_building_tag":"yes","source_timestamp":null,"confidence":"source_mapped"}},{"type":"Feature","id":"structure_c71d82b715ec7bccb6c0","geometry":{"type":"MultiPolygon","coordinates":[[[[-80.9161419,44.5799334],[-80.9158285,44.5786273],[-80.9141488,44.5788318],[-80.9142476,44.5792435],[-80.914209,44.5792482],[-80.9144237,44.5801426],[-80.9161419,44.5799334]]]]},"properties":{"structure_id":"structure_c71d82b715ec7bccb6c0","external_source":"openstreetmap","external_id":"a1595415160","building_type":"unclassified","source_building_tag":"yes","source_timestamp":null,"confidence":"source_mapped"}},{"type":"Feature","id":"structure_5299c104e91eab915978","geometry":{"type":"MultiPolygon","coordinates":[[[[-80.9173466,44.5859013],[-80.9172082,44.5858719],[-80.9172187,44.5858469],[-80.9169706,44.5857942],[-80.9168961,44.585972],[-80.9171425,44.5860243],[-80.9171491,44.5860085],[-80.9172893,44.5860383],[-80.9173466,44.5859013]]]]},"properties":{"structure_id":"structure_5299c104e91eab915978","external_source":"openstreetmap","external_id":"a1595415162","building_type":"unclassified","source_building_tag":"yes","source_timestamp":null,"confidence":"source_mapped"}},{"type":"Feature","id":"structure_d0227b7281a47f1a4a6b","geometry":{"type":"MultiPolygon","coordinates":[[[[-80.910989,44.5835789],[-80.9109834,44.5835502],[-80.9109648,44.583524],[-80.9109351,44.5835035],[-80.9108977,44.583491],[-80.9108566,44.5834879],[-80.9108163,44.5834945],[-80.9107813,44.5835101],[-80.9107554,44.583533],[-80.9107431,44.5835551],[-80.9107394,44.5835786],[-80.9107446,44.5836021],[-80.9107583,44.5836237],[-80.9107795,44.5836419],[-80.9108135,44.5836578],[-80.9108528,44.5836651],[-80.9108934,44.583663],[-80.9109308,44.5836518],[-80.9109612,44.5836325],[-80.9109813,44.5836074],[-80.910989,44.5835789]]]]},"properties":{"structure_id":"structure_d0227b7281a47f1a4a6b","external_source":"openstreetmap","external_id":"a1595415164","building_type":"unclassified","source_building_tag":"yes","source_timestamp":null,"confidence":"source_mapped"}},{"type":"Feature","id":"structure_831d6adf3faa46a80fb3","geometry":{"type":"MultiPolygon","coordinates":[[[[-80.9113964,44.5835178],[-80.9113901,44.5834839],[-80.9113702,44.5834527],[-80.9113385,44.583427],[-80.9112977,44.583409],[-80.9112513,44.5834001],[-80.9112033,44.5834012],[-80.9111574,44.5834123],[-80.9111181,44.5834325],[-80.9110888,44.58346],[-80.911072,44.5834924],[-80.9110693,44.5835269],[-80.9110809,44.5835604],[-80.9111057,44.5835901],[-80.9111416,44.5836133],[-80.911181,44.583627],[-80.9112241,44.5836327],[-80.9112677,44.5836302],[-80.9113089,44.5836194],[-80.9113446,44.5836013],[-80.9113723,44.5835772],[-80.91139,44.5835486],[-80.9113964,44.5835178]]]]},"properties":{"structure_id":"structure_831d6adf3faa46a80fb3","external_source":"openstreetmap","external_id":"a1595415166","building_type":"unclassified","source_building_tag":"yes","source_timestamp":null,"confidence":"source_mapped"}},{"type":"Feature","id":"structure_79810658be3944520814","geometry":{"type":"MultiPolygon","coordinates":[[[[-80.9056994,44.5845398],[-80.9056987,44.5845033],[-80.9056841,44.5844684],[-80.9056566,44.5844376],[-80.9056184,44.5844133],[-80.9055723,44.5843974],[-80.9055219,44.584391],[-80.905471,44.5843947],[-80.9054234,44.5844081],[-80.9053827,44.5844303],[-80.9053521,44.5844596],[-80.9053352,44.5844896],[-80.9053291,44.5845217],[-80.9053341,44.5845539],[-80.90535,44.5845843],[-80.9053757,44.584611],[-80.9054098,44.5846324],[-80.905452,44.5846479],[-80.9054983,44.5846552],[-80.9055457,44.5846539],[-80.9055911,44.5846441],[-80.9056316,44.5846264],[-80.9056645,44.584602],[-80.9056876,44.5845725],[-80.9056994,44.5845398]]]]},"properties":{"structure_id":"structure_79810658be3944520814","external_source":"openstreetmap","external_id":"a1595415168","building_type":"unclassified","source_building_tag":"yes","source_timestamp":null,"confidence":"source_mapped"}},{"type":"Feature","id":"structure_69dd7a4745c40c70c688","geometry":{"type":"MultiPolygon","coordinates":[[[[-80.912821,44.582859],[-80.912811,44.582716],[-80.91264,44.582722],[-80.91265,44.582865],[-80.912821,44.582859]]]]},"properties":{"structure_id":"structure_69dd7a4745c40c70c688","external_source":"openstreetmap","external_id":"a1595415170","building_type":"unclassified","source_building_tag":"yes","source_timestamp":null,"confidence":"source_mapped"}},{"type":"Feature","id":"structure_24b71b9d4515a780ae58","geometry":{"type":"MultiPolygon","coordinates":[[[[-80.909467,44.584818],[-80.909441,44.58465],[-80.908757,44.584706],[-80.908784,44.584874],[-80.909467,44.584818]]]]},"properties":{"structure_id":"structure_24b71b9d4515a780ae58","external_source":"openstreetmap","external_id":"a1595415172","building_type":"unclassified","source_building_tag":"yes","source_timestamp":null,"confidence":"source_mapped"}},{"type":"Feature","id":"structure_e4a5934744aff79d6961","geometry":{"type":"MultiPolygon","coordinates":[[[[-80.913542,44.586566],[-80.913517,44.586442],[-80.913062,44.586489],[-80.913044,44.586399],[-80.912652,44.586439],[-80.912695,44.586652],[-80.913542,44.586566]]]]},"properties":{"structure_id":"structure_e4a5934744aff79d6961","external_source":"openstreetmap","external_id":"a1595415174","building_type":"unclassified","source_building_tag":"yes","source_timestamp":null,"confidence":"source_mapped"}},{"type":"Feature","id":"structure_10febb3bffbd0cf452db","geometry":{"type":"MultiPolygon","coordinates":[[[[-80.9148509,44.582877],[-80.9147366,44.5824068],[-80.9142118,44.5824715],[-80.9143261,44.5829417],[-80.9148509,44.582877]]]]},"properties":{"structure_id":"structure_10febb3bffbd0cf452db","external_source":"openstreetmap","external_id":"a1595415178","building_type":"unclassified","source_building_tag":"yes","source_timestamp":null,"confidence":"source_mapped"}},{"type":"Feature","id":"structure_23e49ab2e37b31948fd0","geometry":{"type":"MultiPolygon","coordinates":[[[[-80.912148,44.586388],[-80.91211,44.586204],[-80.91198,44.586217],[-80.912018,44.586401],[-80.912148,44.586388]]]]},"properties":{"structure_id":"structure_23e49ab2e37b31948fd0","external_source":"openstreetmap","external_id":"a1595415180","building_type":"unclassified","source_building_tag":"yes","source_timestamp":null,"confidence":"source_mapped"}},{"type":"Feature","id":"structure_fc14788a7f5cbf241019","geometry":{"type":"MultiPolygon","coordinates":[[[[-80.907999,44.585887],[-80.907915,44.585467],[-80.907754,44.585484],[-80.907806,44.585738],[-80.907164,44.585804],[-80.907209,44.586026],[-80.907465,44.586],[-80.907454,44.585942],[-80.907999,44.585887]]]]},"properties":{"structure_id":"structure_fc14788a7f5cbf241019","external_source":"openstreetmap","external_id":"a1595415182","building_type":"unclassified","source_building_tag":"yes","source_timestamp":null,"confidence":"source_mapped"}},{"type":"Feature","id":"structure_2e3b5705fc89a7aa3fe0","geometry":{"type":"MultiPolygon","coordinates":[[[[-80.912553,44.58284],[-80.91253,44.582728],[-80.912211,44.582762],[-80.91228,44.583091],[-80.912473,44.583071],[-80.912427,44.582853],[-80.912553,44.58284]]]]},"properties":{"structure_id":"structure_2e3b5705fc89a7aa3fe0","external_source":"openstreetmap","external_id":"a1595415184","building_type":"unclassified","source_building_tag":"yes","source_timestamp":null,"confidence":"source_mapped"}},{"type":"Feature","id":"structure_8a629ab009b331e90cf0","geometry":{"type":"MultiPolygon","coordinates":[[[[-80.9151062,44.5856723],[-80.9150679,44.5854807],[-80.9139984,44.5855892],[-80.9140368,44.5857808],[-80.9151062,44.5856723]]]]},"properties":{"structure_id":"structure_8a629ab009b331e90cf0","external_source":"openstreetmap","external_id":"a1595415186","building_type":"unclassified","source_building_tag":"yes","source_timestamp":null,"confidence":"source_mapped"}},{"type":"Feature","id":"structure_801932a6f8c3dbe79b85","geometry":{"type":"MultiPolygon","coordinates":[[[[-80.91405,44.582643],[-80.914027,44.582517],[-80.913782,44.58254],[-80.913801,44.582644],[-80.913767,44.582647],[-80.91378,44.582716],[-80.914041,44.582692],[-80.914032,44.582645],[-80.91405,44.582643]]]]},"properties":{"structure_id":"structure_801932a6f8c3dbe79b85","external_source":"openstreetmap","external_id":"a1595415188","building_type":"unclassified","source_building_tag":"yes","source_timestamp":null,"confidence":"source_mapped"}},{"type":"Feature","id":"structure_3a6ce524070ffec3d2ab","geometry":{"type":"MultiPolygon","coordinates":[[[[-80.909233,44.586212],[-80.909217,44.586106],[-80.908788,44.58614],[-80.908804,44.586245],[-80.909233,44.586212]]]]},"properties":{"structure_id":"structure_3a6ce524070ffec3d2ab","external_source":"openstreetmap","external_id":"a1595415190","building_type":"unclassified","source_building_tag":"yes","source_timestamp":null,"confidence":"source_mapped"}},{"type":"Feature","id":"structure_b861c914b4af7cee8fb3","geometry":{"type":"MultiPolygon","coordinates":[[[[-80.909191,44.586348],[-80.909172,44.586268],[-80.908839,44.586309],[-80.908858,44.586388],[-80.909191,44.586348]]]]},"properties":{"structure_id":"structure_b861c914b4af7cee8fb3","external_source":"openstreetmap","external_id":"a1595415192","building_type":"unclassified","source_building_tag":"yes","source_timestamp":null,"confidence":"source_mapped"}},{"type":"Feature","id":"structure_249c48632906fdc002f4","geometry":{"type":"MultiPolygon","coordinates":[[[[-80.907913,44.584416],[-80.907862,44.584136],[-80.907716,44.584149],[-80.907731,44.58423],[-80.906887,44.584308],[-80.906918,44.584475],[-80.907762,44.584397],[-80.907767,44.584429],[-80.907913,44.584416]]]]},"properties":{"structure_id":"structure_249c48632906fdc002f4","external_source":"openstreetmap","external_id":"a1595415194","building_type":"unclassified","source_building_tag":"yes","source_timestamp":null,"confidence":"source_mapped"}},{"type":"Feature","id":"structure_1f152381b0dba43fe89b","geometry":{"type":"MultiPolygon","coordinates":[[[[-80.907828,44.584058],[-80.90777,44.583783],[-80.907626,44.583798],[-80.907638,44.583855],[-80.906806,44.583944],[-80.906842,44.584113],[-80.907673,44.584024],[-80.907684,44.584073],[-80.907828,44.584058]]]]},"properties":{"structure_id":"structure_1f152381b0dba43fe89b","external_source":"openstreetmap","external_id":"a1595415196","building_type":"unclassified","source_building_tag":"yes","source_timestamp":null,"confidence":"source_mapped"}},{"type":"Feature","id":"structure_cee6262963398ab41f8f","geometry":{"type":"MultiPolygon","coordinates":[[[[-80.911173,44.583252],[-80.91111,44.582886],[-80.910741,44.582919],[-80.910747,44.582954],[-80.910561,44.582971],[-80.910581,44.583083],[-80.910655,44.583076],[-80.910692,44.583294],[-80.911173,44.583252]]]]},"properties":{"structure_id":"structure_cee6262963398ab41f8f","external_source":"openstreetmap","external_id":"a1595415198","building_type":"unclassified","source_building_tag":"yes","source_timestamp":null,"confidence":"source_mapped"}},{"type":"Feature","id":"structure_12c4b775bc7c454a3a85","geometry":{"type":"MultiPolygon","coordinates":[[[[-80.910627,44.583613],[-80.9106,44.58348],[-80.910218,44.58352],[-80.910245,44.583653],[-80.910627,44.583613]]]]},"properties":{"structure_id":"structure_12c4b775bc7c454a3a85","external_source":"openstreetmap","external_id":"a1595415200","building_type":"unclassified","source_building_tag":"yes","source_timestamp":null,"confidence":"source_mapped"}},{"type":"Feature","id":"structure_36e6203cbf0c4ed0082d","geometry":{"type":"MultiPolygon","coordinates":[[[[-80.909931,44.584252],[-80.909901,44.584096],[-80.909457,44.58414],[-80.909488,44.584296],[-80.909931,44.584252]]]]},"properties":{"structure_id":"structure_36e6203cbf0c4ed0082d","external_source":"openstreetmap","external_id":"a1595415202","building_type":"unclassified","source_building_tag":"yes","source_timestamp":null,"confidence":"source_mapped"}},{"type":"Feature","id":"structure_2c2e40d778c52d1dcf22","geometry":{"type":"MultiPolygon","coordinates":[[[[-80.91554,44.586204],[-80.915464,44.585822],[-80.915088,44.585859],[-80.915164,44.586242],[-80.91554,44.586204]]]]},"properties":{"structure_id":"structure_2c2e40d778c52d1dcf22","external_source":"openstreetmap","external_id":"a1595415204","building_type":"unclassified","source_building_tag":"yes","source_timestamp":null,"confidence":"source_mapped"}},{"type":"Feature","id":"structure_60661be3b43a43cd7411","geometry":{"type":"MultiPolygon","coordinates":[[[[-80.917531,44.586725],[-80.917505,44.586579],[-80.917031,44.586621],[-80.917064,44.586804],[-80.917175,44.586794],[-80.917168,44.586758],[-80.917531,44.586725]]]]},"properties":{"structure_id":"structure_60661be3b43a43cd7411","external_source":"openstreetmap","external_id":"a1595415206","building_type":"unclassified","source_building_tag":"yes","source_timestamp":null,"confidence":"source_mapped"}},{"type":"Feature","id":"structure_ba58dd48eb2c228e1470","geometry":{"type":"MultiPolygon","coordinates":[[[[-80.911374,44.586361],[-80.91134,44.586223],[-80.911024,44.586263],[-80.911006,44.586193],[-80.910911,44.586205],[-80.910964,44.586413],[-80.911374,44.586361]]]]},"properties":{"structure_id":"structure_ba58dd48eb2c228e1470","external_source":"openstreetmap","external_id":"a1595415208","building_type":"unclassified","source_building_tag":"yes","source_timestamp":null,"confidence":"source_mapped"}},{"type":"Feature","id":"structure_e89c83438af4e0aef5f1","geometry":{"type":"MultiPolygon","coordinates":[[[[-80.909916,44.584014],[-80.909864,44.583738],[-80.909405,44.583781],[-80.909457,44.584057],[-80.909916,44.584014]]]]},"properties":{"structure_id":"structure_e89c83438af4e0aef5f1","external_source":"openstreetmap","external_id":"a1595415210","building_type":"unclassified","source_building_tag":"yes","source_timestamp":null,"confidence":"source_mapped"}},{"type":"Feature","id":"structure_171eccee2365fff5150a","geometry":{"type":"MultiPolygon","coordinates":[[[[-80.909261,44.58677],[-80.90924,44.586667],[-80.909022,44.586689],[-80.909043,44.586792],[-80.909261,44.58677]]]]},"properties":{"structure_id":"structure_171eccee2365fff5150a","external_source":"openstreetmap","external_id":"a1595415214","building_type":"unclassified","source_building_tag":"yes","source_timestamp":null,"confidence":"source_mapped"}},{"type":"Feature","id":"structure_f21a71461d77ba202e08","geometry":{"type":"MultiPolygon","coordinates":[[[[-80.911772,44.583487],[-80.911723,44.583191],[-80.91143,44.583216],[-80.911449,44.583333],[-80.911631,44.583318],[-80.911661,44.583497],[-80.911772,44.583487]]]]},"properties":{"structure_id":"structure_f21a71461d77ba202e08","external_source":"openstreetmap","external_id":"a1595415218","building_type":"unclassified","source_building_tag":"yes","source_timestamp":null,"confidence":"source_mapped"}},{"type":"Feature","id":"structure_65b824cdd529891e0780","geometry":{"type":"MultiPolygon","coordinates":[[[[-80.913058,44.585171],[-80.913015,44.584956],[-80.912715,44.584986],[-80.912758,44.585201],[-80.913058,44.585171]]]]},"properties":{"structure_id":"structure_65b824cdd529891e0780","external_source":"openstreetmap","external_id":"a1595415222","building_type":"unclassified","source_building_tag":"yes","source_timestamp":null,"confidence":"source_mapped"}},{"type":"Feature","id":"structure_9db63126b8dc42a3093a","geometry":{"type":"MultiPolygon","coordinates":[[[[-80.909957,44.584408],[-80.909942,44.584314],[-80.909558,44.584344],[-80.909572,44.584438],[-80.909957,44.584408]]]]},"properties":{"structure_id":"structure_9db63126b8dc42a3093a","external_source":"openstreetmap","external_id":"a1595415224","building_type":"unclassified","source_building_tag":"yes","source_timestamp":null,"confidence":"source_mapped"}},{"type":"Feature","id":"structure_3d786947e7f4dcd67cf8","geometry":{"type":"MultiPolygon","coordinates":[[[[-80.906213,44.585295],[-80.90616,44.584924],[-80.905863,44.584945],[-80.905915,44.585317],[-80.906213,44.585295]]]]},"properties":{"structure_id":"structure_3d786947e7f4dcd67cf8","external_source":"openstreetmap","external_id":"a1595415226","building_type":"unclassified","source_building_tag":"yes","source_timestamp":null,"confidence":"source_mapped"}},{"type":"Feature","id":"structure_19724a995ecefd84ecba","geometry":{"type":"MultiPolygon","coordinates":[[[[-80.9055526,44.5841221],[-80.9055152,44.584009],[-80.9053184,44.5840419],[-80.9053558,44.584155],[-80.9055526,44.5841221]]]]},"properties":{"structure_id":"structure_19724a995ecefd84ecba","external_source":"openstreetmap","external_id":"a1595415228","building_type":"unclassified","source_building_tag":"yes","source_timestamp":null,"confidence":"source_mapped"}},{"type":"Feature","id":"structure_cab5b386c83e4e129ad5","geometry":{"type":"MultiPolygon","coordinates":[[[[-80.913047,44.584655],[-80.913012,44.584541],[-80.912736,44.584584],[-80.912771,44.584698],[-80.913047,44.584655]]]]},"properties":{"structure_id":"structure_cab5b386c83e4e129ad5","external_source":"openstreetmap","external_id":"a1595415230","building_type":"unclassified","source_building_tag":"yes","source_timestamp":null,"confidence":"source_mapped"}},{"type":"Feature","id":"structure_c82ed34beefbc2b1a2c6","geometry":{"type":"MultiPolygon","coordinates":[[[[-80.916218,44.582588],[-80.916148,44.582268],[-80.915946,44.582291],[-80.916017,44.58261],[-80.916218,44.582588]]]]},"properties":{"structure_id":"structure_c82ed34beefbc2b1a2c6","external_source":"openstreetmap","external_id":"a1595415232","building_type":"unclassified","source_building_tag":"yes","source_timestamp":null,"confidence":"source_mapped"}},{"type":"Feature","id":"structure_8f9177c765864e206b22","geometry":{"type":"MultiPolygon","coordinates":[[[[-80.906723,44.585551],[-80.906685,44.585334],[-80.906326,44.585366],[-80.906364,44.585583],[-80.906723,44.585551]]]]},"properties":{"structure_id":"structure_8f9177c765864e206b22","external_source":"openstreetmap","external_id":"a1595415234","building_type":"unclassified","source_building_tag":"yes","source_timestamp":null,"confidence":"source_mapped"}},{"type":"Feature","id":"structure_9642906506767828018a","geometry":{"type":"MultiPolygon","coordinates":[[[[-80.917798,44.58305],[-80.917753,44.58281],[-80.917545,44.58283],[-80.917582,44.583027],[-80.917358,44.583048],[-80.917388,44.583208],[-80.917686,44.583179],[-80.917664,44.583063],[-80.917798,44.58305]]]]},"properties":{"structure_id":"structure_9642906506767828018a","external_source":"openstreetmap","external_id":"a1595415236","building_type":"unclassified","source_building_tag":"yes","source_timestamp":null,"confidence":"source_mapped"}},{"type":"Feature","id":"structure_3383a65d701bd4f6fbc8","geometry":{"type":"MultiPolygon","coordinates":[[[[-80.913313,44.585527],[-80.913295,44.58541],[-80.912672,44.58546],[-80.912691,44.585577],[-80.913313,44.585527]]]]},"properties":{"structure_id":"structure_3383a65d701bd4f6fbc8","external_source":"openstreetmap","external_id":"a1595415238","building_type":"unclassified","source_building_tag":"yes","source_timestamp":null,"confidence":"source_mapped"}},{"type":"Feature","id":"structure_c27fac3b90669bd4f1db","geometry":{"type":"MultiPolygon","coordinates":[[[[-80.908984,44.58579],[-80.908917,44.585462],[-80.908768,44.585478],[-80.908834,44.585805],[-80.908984,44.58579]]]]},"properties":{"structure_id":"structure_c27fac3b90669bd4f1db","external_source":"openstreetmap","external_id":"a1595415240","building_type":"unclassified","source_building_tag":"yes","source_timestamp":null,"confidence":"source_mapped"}},{"type":"Feature","id":"structure_8ea74f7ba13e7d4e5fec","geometry":{"type":"MultiPolygon","coordinates":[[[[-80.9452997,44.5524992],[-80.9452278,44.55225],[-80.9451111,44.5522671],[-80.9451565,44.5524243],[-80.9450923,44.5524338],[-80.9451188,44.5525257],[-80.9452997,44.5524992]]]]},"properties":{"structure_id":"structure_8ea74f7ba13e7d4e5fec","external_source":"openstreetmap","external_id":"a1801069968","building_type":"residential","source_building_tag":"detached","source_timestamp":null,"confidence":"source_mapped"}},{"type":"Feature","id":"structure_e5172db955b738831ffd","geometry":{"type":"MultiPolygon","coordinates":[[[[-80.9458863,44.5525193],[-80.9458579,44.5524176],[-80.9457178,44.5524374],[-80.9457344,44.5524972],[-80.9457579,44.5524938],[-80.9457695,44.5525358],[-80.9458863,44.5525193]]]]},"properties":{"structure_id":"structure_e5172db955b738831ffd","external_source":"openstreetmap","external_id":"a1801069970","building_type":"residential","source_building_tag":"detached","source_timestamp":null,"confidence":"source_mapped"}},{"type":"Feature","id":"structure_8f044fd9640a91341dc3","geometry":{"type":"MultiPolygon","coordinates":[[[[-80.9459675,44.5525985],[-80.9459571,44.5525589],[-80.9458652,44.5525711],[-80.9458707,44.5525922],[-80.9457492,44.5526083],[-80.9457674,44.552678],[-80.9459622,44.5526522],[-80.9459488,44.552601],[-80.9459675,44.5525985]]]]},"properties":{"structure_id":"structure_8f044fd9640a91341dc3","external_source":"openstreetmap","external_id":"a1801069972","building_type":"residential","source_building_tag":"detached","source_timestamp":null,"confidence":"source_mapped"}},{"type":"Feature","id":"structure_a56ae5153e58c01ed66a","geometry":{"type":"MultiPolygon","coordinates":[[[[-80.9459842,44.5527695],[-80.9459641,44.5526735],[-80.9457645,44.5526947],[-80.9457811,44.5527739],[-80.9459111,44.5527601],[-80.9459147,44.5527769],[-80.9459842,44.5527695]]]]},"properties":{"structure_id":"structure_a56ae5153e58c01ed66a","external_source":"openstreetmap","external_id":"a1801069974","building_type":"residential","source_building_tag":"detached","source_timestamp":null,"confidence":"source_mapped"}},{"type":"Feature","id":"structure_4367e22a0d3189a15a8c","geometry":{"type":"MultiPolygon","coordinates":[[[[-80.945443,44.5511608],[-80.9454304,44.5511068],[-80.9454061,44.5511096],[-80.9453899,44.5510402],[-80.9445727,44.5511373],[-80.9445776,44.5511584],[-80.9445077,44.5511667],[-80.9445121,44.5511856],[-80.9444437,44.5511937],[-80.94448,44.5513488],[-80.9452151,44.5512612],[-80.9452197,44.5512809],[-80.9454066,44.5512586],[-80.9453926,44.5511989],[-80.945429,44.5511946],[-80.9454217,44.5511633],[-80.945443,44.5511608]]]]},"properties":{"structure_id":"structure_4367e22a0d3189a15a8c","external_source":"openstreetmap","external_id":"a1801071100","building_type":"unclassified","source_building_tag":"yes","source_timestamp":null,"confidence":"source_mapped"}},{"type":"Feature","id":"structure_a12bfd4fe63c0b784d70","geometry":{"type":"MultiPolygon","coordinates":[[[[-80.9192029,44.5741383],[-80.9191499,44.5739313],[-80.9189483,44.5739575],[-80.9190014,44.5741645],[-80.9192029,44.5741383]]]]},"properties":{"structure_id":"structure_a12bfd4fe63c0b784d70","external_source":"openstreetmap","external_id":"a1864112140","building_type":"unclassified","source_building_tag":"yes","source_timestamp":null,"confidence":"source_mapped"}},{"type":"Feature","id":"structure_0afd4d8c7916ef17a2fa","geometry":{"type":"MultiPolygon","coordinates":[[[[-80.9197398,44.5740746],[-80.9196952,44.5739039],[-80.9193944,44.5739438],[-80.919439,44.5741145],[-80.9197398,44.5740746]]]]},"properties":{"structure_id":"structure_0afd4d8c7916ef17a2fa","external_source":"openstreetmap","external_id":"a1864112142","building_type":"unclassified","source_building_tag":"yes","source_timestamp":null,"confidence":"source_mapped"}},{"type":"Feature","id":"structure_62084e079976f819af35","geometry":{"type":"MultiPolygon","coordinates":[[[[-80.9269977,44.5654255],[-80.9269274,44.5651247],[-80.9266576,44.5651567],[-80.9267278,44.5654575],[-80.9269977,44.5654255]]]]},"properties":{"structure_id":"structure_62084e079976f819af35","external_source":"openstreetmap","external_id":"a2004279194","building_type":"unclassified","source_building_tag":"yes","source_timestamp":null,"confidence":"source_mapped"}},{"type":"Feature","id":"structure_15bc852f8dada06b5a19","geometry":{"type":"MultiPolygon","coordinates":[[[[-80.917802,44.5686506],[-80.917715,44.5685632],[-80.9176301,44.5686062],[-80.9177171,44.5686936],[-80.917802,44.5686506]]]]},"properties":{"structure_id":"structure_15bc852f8dada06b5a19","external_source":"openstreetmap","external_id":"a2004282864","building_type":"unclassified","source_building_tag":"yes","source_timestamp":null,"confidence":"source_mapped"}},{"type":"Feature","id":"structure_846af554eb30cd1fe231","geometry":{"type":"MultiPolygon","coordinates":[[[[-80.9219199,44.5655137],[-80.9218981,44.5654277],[-80.9212319,44.5655102],[-80.9213815,44.5661328],[-80.9216591,44.5660967],[-80.921632,44.5660001],[-80.9215578,44.5660107],[-80.9215071,44.5658215],[-80.9217992,44.565782],[-80.921734,44.5655429],[-80.9219199,44.5655137]]]]},"properties":{"structure_id":"structure_846af554eb30cd1fe231","external_source":"openstreetmap","external_id":"a2004282886","building_type":"unclassified","source_building_tag":"yes","source_timestamp":null,"confidence":"source_mapped"}},{"type":"Feature","id":"structure_ea47426cada2e2ee5d7f","geometry":{"type":"MultiPolygon","coordinates":[[[[-80.9339565,44.5747964],[-80.9336239,44.5746034],[-80.9335032,44.5747142],[-80.9337553,44.5748556],[-80.9337392,44.5749263],[-80.9336105,44.5749091],[-80.9336159,44.5748556],[-80.9335408,44.5748442],[-80.9334844,44.5750104],[-80.9338573,44.5750811],[-80.9339565,44.5747964]]]]},"properties":{"structure_id":"structure_ea47426cada2e2ee5d7f","external_source":"openstreetmap","external_id":"a2209651612","building_type":"institutional","source_building_tag":"church","source_timestamp":null,"confidence":"source_mapped"}},{"type":"Feature","id":"structure_638953ba42be45ed5b00","geometry":{"type":"MultiPolygon","coordinates":[[[[-80.9265142,44.562574],[-80.9263627,44.5620053],[-80.9261086,44.5620396],[-80.9261814,44.5623127],[-80.9260511,44.5623303],[-80.9260931,44.5624877],[-80.9260098,44.562499],[-80.9260405,44.5626137],[-80.9263334,44.562574],[-80.9263881,44.562598],[-80.9264679,44.5626159],[-80.9265142,44.562574]]]]},"properties":{"structure_id":"structure_638953ba42be45ed5b00","external_source":"openstreetmap","external_id":"a2410195146","building_type":"unclassified","source_building_tag":"yes","source_timestamp":null,"confidence":"source_mapped"}},{"type":"Feature","id":"structure_f4cc8c25e1ebf3e211fc","geometry":{"type":"MultiPolygon","coordinates":[[[[-80.9410335,44.5694502],[-80.9407291,44.5693422],[-80.9406687,44.5694378],[-80.940894,44.5695133],[-80.9409021,44.5694989],[-80.9409785,44.5695247],[-80.9410335,44.5694502]]]]},"properties":{"structure_id":"structure_f4cc8c25e1ebf3e211fc","external_source":"openstreetmap","external_id":"a2412618348","building_type":"unclassified","source_building_tag":"yes","source_timestamp":null,"confidence":"source_mapped"}},{"type":"Feature","id":"structure_be3c574122640f1a0fd2","geometry":{"type":"MultiPolygon","coordinates":[[[[-80.9407988,44.5695018],[-80.9406567,44.5694531],[-80.9405936,44.5695582],[-80.9407331,44.569604],[-80.9407988,44.5695018]]]]},"properties":{"structure_id":"structure_be3c574122640f1a0fd2","external_source":"openstreetmap","external_id":"a2412618350","building_type":"unclassified","source_building_tag":"yes","source_timestamp":null,"confidence":"source_mapped"}},{"type":"Feature","id":"structure_ad031289909f1923995e","geometry":{"type":"MultiPolygon","coordinates":[[[[-80.9407177,44.5696709],[-80.9405722,44.5696179],[-80.9405192,44.5696996],[-80.9406667,44.5697507],[-80.9407177,44.5696709]]]]},"properties":{"structure_id":"structure_ad031289909f1923995e","external_source":"openstreetmap","external_id":"a2412618352","building_type":"unclassified","source_building_tag":"yes","source_timestamp":null,"confidence":"source_mapped"}},{"type":"Feature","id":"structure_53ddaa4c3ed884bd4d8e","geometry":{"type":"MultiPolygon","coordinates":[[[[-80.940827,44.5696704],[-80.9407505,44.5696427],[-80.9406831,44.5697404],[-80.9407821,44.5697755],[-80.9408156,44.5697222],[-80.9407961,44.5697153],[-80.940827,44.5696704]]]]},"properties":{"structure_id":"structure_53ddaa4c3ed884bd4d8e","external_source":"openstreetmap","external_id":"a2412618354","building_type":"unclassified","source_building_tag":"yes","source_timestamp":null,"confidence":"source_mapped"}},{"type":"Feature","id":"structure_9be5ef2dc41fcc21c46f","geometry":{"type":"MultiPolygon","coordinates":[[[[-80.9409356,44.5697254],[-80.9408424,44.5696914],[-80.9407854,44.5697803],[-80.94088,44.5698132],[-80.9409356,44.5697254]]]]},"properties":{"structure_id":"structure_9be5ef2dc41fcc21c46f","external_source":"openstreetmap","external_id":"a2412618356","building_type":"unclassified","source_building_tag":"yes","source_timestamp":null,"confidence":"source_mapped"}},{"type":"Feature","id":"structure_b532d88316dabc97bc3b","geometry":{"type":"MultiPolygon","coordinates":[[[[-80.9409986,44.5697648],[-80.9409316,44.5697423],[-80.9408877,44.5698063],[-80.9409551,44.5698288],[-80.9409986,44.5697648]]]]},"properties":{"structure_id":"structure_b532d88316dabc97bc3b","external_source":"openstreetmap","external_id":"a2412618358","building_type":"unclassified","source_building_tag":"yes","source_timestamp":null,"confidence":"source_mapped"}},{"type":"Feature","id":"structure_ed77bc0494f60e9f83ca","geometry":{"type":"MultiPolygon","coordinates":[[[[-80.9411314,44.5697621],[-80.9410717,44.5697402],[-80.9410456,44.5697784],[-80.9410047,44.569764],[-80.9409614,44.5698314],[-80.9410617,44.5698644],[-80.9411314,44.5697621]]]]},"properties":{"structure_id":"structure_ed77bc0494f60e9f83ca","external_source":"openstreetmap","external_id":"a2412618360","building_type":"unclassified","source_building_tag":"yes","source_timestamp":null,"confidence":"source_mapped"}},{"type":"Feature","id":"structure_4de5ee757eb36670d4b6","geometry":{"type":"MultiPolygon","coordinates":[[[[-80.9413131,44.5697621],[-80.9411911,44.569722],[-80.9411374,44.569807],[-80.941124,44.5698027],[-80.9410751,44.5698758],[-80.9411549,44.5699026],[-80.9411911,44.5698505],[-80.9412481,44.5698682],[-80.9413131,44.5697621]]]]},"properties":{"structure_id":"structure_4de5ee757eb36670d4b6","external_source":"openstreetmap","external_id":"a2412618362","building_type":"unclassified","source_building_tag":"yes","source_timestamp":null,"confidence":"source_mapped"}},{"type":"Feature","id":"structure_52091e075ff0bada9be8","geometry":{"type":"MultiPolygon","coordinates":[[[[-80.9413681,44.5698849],[-80.9412803,44.5698562],[-80.9412307,44.5699336],[-80.9413165,44.5699642],[-80.9413681,44.5698849]]]]},"properties":{"structure_id":"structure_52091e075ff0bada9be8","external_source":"openstreetmap","external_id":"a2412618364","building_type":"unclassified","source_building_tag":"yes","source_timestamp":null,"confidence":"source_mapped"}},{"type":"Feature","id":"structure_74cfba2e22fd1be1f3a6","geometry":{"type":"MultiPolygon","coordinates":[[[[-80.9417349,44.5698582],[-80.9414613,44.5697664],[-80.9413601,44.569921],[-80.941634,44.570011],[-80.9417349,44.5698582]]]]},"properties":{"structure_id":"structure_74cfba2e22fd1be1f3a6","external_source":"openstreetmap","external_id":"a2412618366","building_type":"unclassified","source_building_tag":"yes","source_timestamp":null,"confidence":"source_mapped"}},{"type":"Feature","id":"structure_67a42cd28c8adad5786f","geometry":{"type":"MultiPolygon","coordinates":[[[[-80.9418422,44.5697664],[-80.9416531,44.5696957],[-80.9416008,44.5697607],[-80.9417966,44.5698324],[-80.9418422,44.5697664]]]]},"properties":{"structure_id":"structure_67a42cd28c8adad5786f","external_source":"openstreetmap","external_id":"a2412618368","building_type":"unclassified","source_building_tag":"yes","source_timestamp":null,"confidence":"source_mapped"}},{"type":"Feature","id":"structure_cf67f5b968298b1c9e43","geometry":{"type":"MultiPolygon","coordinates":[[[[-80.9419818,44.5695561],[-80.9417148,44.5694598],[-80.9416786,44.5695161],[-80.9418462,44.5695773],[-80.9418355,44.5695935],[-80.9419347,44.5696279],[-80.9419818,44.5695561]]]]},"properties":{"structure_id":"structure_cf67f5b968298b1c9e43","external_source":"openstreetmap","external_id":"a2412618370","building_type":"unclassified","source_building_tag":"yes","source_timestamp":null,"confidence":"source_mapped"}},{"type":"Feature","id":"structure_03cef638db027b340de6","geometry":{"type":"MultiPolygon","coordinates":[[[[-80.939392,44.5654015],[-80.9393833,44.5653576],[-80.9391727,44.5653786],[-80.9391922,44.5654675],[-80.9393705,44.5654503],[-80.9393638,44.5654049],[-80.939392,44.5654015]]]]},"properties":{"structure_id":"structure_03cef638db027b340de6","external_source":"openstreetmap","external_id":"a2412618372","building_type":"unclassified","source_building_tag":"yes","source_timestamp":null,"confidence":"source_mapped"}},{"type":"Feature","id":"structure_8155af0b205d8ccbcd35","geometry":{"type":"MultiPolygon","coordinates":[[[[-80.9393404,44.5653519],[-80.9393236,44.5652711],[-80.9391586,44.5652874],[-80.9391788,44.5653681],[-80.9393404,44.5653519]]]]},"properties":{"structure_id":"structure_8155af0b205d8ccbcd35","external_source":"openstreetmap","external_id":"a2412618374","building_type":"unclassified","source_building_tag":"yes","source_timestamp":null,"confidence":"source_mapped"}},{"type":"Feature","id":"structure_f6dc38180b6b60ac1759","geometry":{"type":"MultiPolygon","coordinates":[[[[-80.9393598,44.5652482],[-80.939337,44.5651393],[-80.9391426,44.5651574],[-80.9391667,44.5652692],[-80.9393598,44.5652482]]]]},"properties":{"structure_id":"structure_f6dc38180b6b60ac1759","external_source":"openstreetmap","external_id":"a2412618376","building_type":"unclassified","source_building_tag":"yes","source_timestamp":null,"confidence":"source_mapped"}},{"type":"Feature","id":"structure_a5ab5253bfd7abc1e8e5","geometry":{"type":"MultiPolygon","coordinates":[[[[-80.9392545,44.565081],[-80.9392344,44.564995],[-80.9390896,44.5650103],[-80.9391117,44.5650967],[-80.9392545,44.565081]]]]},"properties":{"structure_id":"structure_a5ab5253bfd7abc1e8e5","external_source":"openstreetmap","external_id":"a2412618378","building_type":"unclassified","source_building_tag":"yes","source_timestamp":null,"confidence":"source_mapped"}},{"type":"Feature","id":"structure_6f69d6c0675a45721ee8","geometry":{"type":"MultiPolygon","coordinates":[[[[-80.9392284,44.5649845],[-80.9392123,44.5648975],[-80.9390675,44.5649138],[-80.9390903,44.5649998],[-80.9392284,44.5649845]]]]},"properties":{"structure_id":"structure_6f69d6c0675a45721ee8","external_source":"openstreetmap","external_id":"a2412618380","building_type":"unclassified","source_building_tag":"yes","source_timestamp":null,"confidence":"source_mapped"}},{"type":"Feature","id":"structure_cd32ad9a228b0f5dcceb","geometry":{"type":"MultiPolygon","coordinates":[[[[-80.9400183,44.5684059],[-80.939974,44.5682445],[-80.9398359,44.5682617],[-80.9398828,44.5684241],[-80.9400183,44.5684059]]]]},"properties":{"structure_id":"structure_cd32ad9a228b0f5dcceb","external_source":"openstreetmap","external_id":"a2412618382","building_type":"unclassified","source_building_tag":"yes","source_timestamp":null,"confidence":"source_mapped"}},{"type":"Feature","id":"structure_6d2cf7fe045e2d053ea2","geometry":{"type":"MultiPolygon","coordinates":[[[[-80.9403053,44.5683047],[-80.9402825,44.568191],[-80.9400491,44.5682158],[-80.94008,44.5683324],[-80.9403053,44.5683047]]]]},"properties":{"structure_id":"structure_6d2cf7fe045e2d053ea2","external_source":"openstreetmap","external_id":"a2412618384","building_type":"unclassified","source_building_tag":"yes","source_timestamp":null,"confidence":"source_mapped"}},{"type":"Feature","id":"structure_88c5d9991f0cc5df2b5b","geometry":{"type":"MultiPolygon","coordinates":[[[[-80.9397179,44.5667081],[-80.9397045,44.5666498],[-80.9396374,44.5666575],[-80.9396307,44.5666212],[-80.9394684,44.5666422],[-80.9394953,44.5667444],[-80.9396549,44.5667272],[-80.9396535,44.5667148],[-80.9397179,44.5667081]]]]},"properties":{"structure_id":"structure_88c5d9991f0cc5df2b5b","external_source":"openstreetmap","external_id":"a2412618386","building_type":"unclassified","source_building_tag":"yes","source_timestamp":null,"confidence":"source_mapped"}},{"type":"Feature","id":"structure_95259a56969282f87ddc","geometry":{"type":"MultiPolygon","coordinates":[[[[-80.9396294,44.5665811],[-80.9395784,44.5663594],[-80.9394081,44.5663814],[-80.9394577,44.5666002],[-80.9396294,44.5665811]]]]},"properties":{"structure_id":"structure_95259a56969282f87ddc","external_source":"openstreetmap","external_id":"a2412618388","building_type":"unclassified","source_building_tag":"yes","source_timestamp":null,"confidence":"source_mapped"}},{"type":"Feature","id":"structure_3caf87b08d04a0455bff","geometry":{"type":"MultiPolygon","coordinates":[[[[-80.9409986,44.5676177],[-80.9409624,44.5674839],[-80.9408163,44.5674983],[-80.9408471,44.5676359],[-80.9409986,44.5676177]]]]},"properties":{"structure_id":"structure_3caf87b08d04a0455bff","external_source":"openstreetmap","external_id":"a2412618390","building_type":"unclassified","source_building_tag":"yes","source_timestamp":null,"confidence":"source_mapped"}},{"type":"Feature","id":"structure_0e48fbf79544fd30add0","geometry":{"type":"MultiPolygon","coordinates":[[[[-80.9411918,44.567568],[-80.9411716,44.5674706],[-80.9409906,44.5674916],[-80.9410134,44.5675871],[-80.9411918,44.567568]]]]},"properties":{"structure_id":"structure_0e48fbf79544fd30add0","external_source":"openstreetmap","external_id":"a2412618392","building_type":"unclassified","source_building_tag":"yes","source_timestamp":null,"confidence":"source_mapped"}},{"type":"Feature","id":"structure_3325b129fa5cadd28341","geometry":{"type":"MultiPolygon","coordinates":[[[[-80.9400572,44.5679741],[-80.940025,44.5678403],[-80.9399365,44.5678489],[-80.9398949,44.5678241],[-80.9398131,44.5678336],[-80.9397863,44.5678661],[-80.939687,44.5678766],[-80.9397206,44.5680333],[-80.9397943,44.5680238],[-80.9397876,44.5680047],[-80.9398225,44.5680018],[-80.939852,44.5680266],[-80.939974,44.5680142],[-80.9399848,44.5679827],[-80.9400572,44.5679741]]]]},"properties":{"structure_id":"structure_3325b129fa5cadd28341","external_source":"openstreetmap","external_id":"a2412618394","building_type":"unclassified","source_building_tag":"yes","source_timestamp":null,"confidence":"source_mapped"}},{"type":"Feature","id":"structure_3c64833adea692f3cbe9","geometry":{"type":"MultiPolygon","coordinates":[[[[-80.9405105,44.5679464],[-80.9404702,44.5677945],[-80.9400733,44.5678441],[-80.9401122,44.5679941],[-80.9405105,44.5679464]]]]},"properties":{"structure_id":"structure_3c64833adea692f3cbe9","external_source":"openstreetmap","external_id":"a2412618396","building_type":"unclassified","source_building_tag":"yes","source_timestamp":null,"confidence":"source_mapped"}},{"type":"Feature","id":"structure_89190c24bb554f8b226f","geometry":{"type":"MultiPolygon","coordinates":[[[[-80.9426773,44.5676836],[-80.9426482,44.5675069],[-80.9424578,44.5675269],[-80.9424658,44.5675718],[-80.9422968,44.567591],[-80.9422673,44.5674581],[-80.9420059,44.5674899],[-80.9420742,44.5677564],[-80.9426773,44.5676836]]]]},"properties":{"structure_id":"structure_89190c24bb554f8b226f","external_source":"openstreetmap","external_id":"a2412618398","building_type":"unclassified","source_building_tag":"yes","source_timestamp":null,"confidence":"source_mapped"}},{"type":"Feature","id":"structure_b618f985c9a35c7c0f2e","geometry":{"type":"MultiPolygon","coordinates":[[[[-80.9430905,44.5675403],[-80.9429473,44.5669499],[-80.9425811,44.5669919],[-80.9424645,44.5670024],[-80.9424886,44.5671352],[-80.9424135,44.5671429],[-80.9424296,44.5672145],[-80.9426174,44.5671944],[-80.9426495,44.567328],[-80.9426958,44.5675207],[-80.9428031,44.5675097],[-80.9428316,44.5675733],[-80.9430905,44.5675403]]]]},"properties":{"structure_id":"structure_b618f985c9a35c7c0f2e","external_source":"openstreetmap","external_id":"a2412618400","building_type":"unclassified","source_building_tag":"yes","source_timestamp":null,"confidence":"source_mapped"}},{"type":"Feature","id":"structure_4eadbdbaadb05978e179","geometry":{"type":"MultiPolygon","coordinates":[[[[-80.94295,44.5668861],[-80.9429104,44.5667275],[-80.9418794,44.5668362],[-80.9417456,44.5668503],[-80.9417852,44.5670098],[-80.94295,44.5668861]]]]},"properties":{"structure_id":"structure_4eadbdbaadb05978e179","external_source":"openstreetmap","external_id":"a2412618402","building_type":"unclassified","source_building_tag":"yes","source_timestamp":null,"confidence":"source_mapped"}},{"type":"Feature","id":"structure_3cf1647aa6c0022f4b86","geometry":{"type":"MultiPolygon","coordinates":[[[[-80.942879,44.5666411],[-80.9427788,44.5662124],[-80.942567,44.5662401],[-80.9425892,44.5663298],[-80.9423532,44.5663603],[-80.942376,44.5664635],[-80.9422539,44.566475],[-80.9422754,44.5665725],[-80.9423961,44.56656],[-80.9424175,44.566647],[-80.942553,44.5666336],[-80.9426334,44.5666657],[-80.942879,44.5666411]]]]},"properties":{"structure_id":"structure_3cf1647aa6c0022f4b86","external_source":"openstreetmap","external_id":"a2412618404","building_type":"unclassified","source_building_tag":"yes","source_timestamp":null,"confidence":"source_mapped"}},{"type":"Feature","id":"structure_b994232498db736a9f3b","geometry":{"type":"MultiPolygon","coordinates":[[[[-80.9427588,44.5660785],[-80.942724,44.5659256],[-80.9424363,44.5659571],[-80.9424739,44.5661325],[-80.9425428,44.5661236],[-80.9427507,44.5660997],[-80.9427428,44.5660804],[-80.9427588,44.5660785]]]]},"properties":{"structure_id":"structure_b994232498db736a9f3b","external_source":"openstreetmap","external_id":"a2412618406","building_type":"unclassified","source_building_tag":"yes","source_timestamp":null,"confidence":"source_mapped"}},{"type":"Feature","id":"structure_823d70d2293e3721868f","geometry":{"type":"MultiPolygon","coordinates":[[[[-80.9431917,44.565686],[-80.9431456,44.5654825],[-80.9428933,44.5655127],[-80.9429418,44.5657127],[-80.9431917,44.565686]]]]},"properties":{"structure_id":"structure_823d70d2293e3721868f","external_source":"openstreetmap","external_id":"a2412618408","building_type":"unclassified","source_building_tag":"yes","source_timestamp":null,"confidence":"source_mapped"}},{"type":"Feature","id":"structure_2338b460f8381165f9cc","geometry":{"type":"MultiPolygon","coordinates":[[[[-80.9432201,44.5647648],[-80.9432011,44.5646755],[-80.9431605,44.5646799],[-80.943131,44.5645406],[-80.9427027,44.5645867],[-80.9427925,44.5650092],[-80.9430466,44.5649818],[-80.9430055,44.5647879],[-80.9432201,44.5647648]]]]},"properties":{"structure_id":"structure_2338b460f8381165f9cc","external_source":"openstreetmap","external_id":"a2412618412","building_type":"unclassified","source_building_tag":"yes","source_timestamp":null,"confidence":"source_mapped"}},{"type":"Feature","id":"structure_d8bc5f07e2c589d55057","geometry":{"type":"MultiPolygon","coordinates":[[[[-80.9405668,44.564844],[-80.9404791,44.5644337],[-80.940382,44.5644465],[-80.9403729,44.564453],[-80.9402807,44.5644634],[-80.9401993,44.5644742],[-80.9402235,44.5645994],[-80.9404059,44.5645822],[-80.940434,44.564736],[-80.940316,44.5647475],[-80.9403388,44.5648679],[-80.9405668,44.564844]]]]},"properties":{"structure_id":"structure_d8bc5f07e2c589d55057","external_source":"openstreetmap","external_id":"a2412618414","building_type":"unclassified","source_building_tag":"yes","source_timestamp":null,"confidence":"source_mapped"}},{"type":"Feature","id":"structure_e34496d11e09b9adc85b","geometry":{"type":"MultiPolygon","coordinates":[[[[-80.9402807,44.5644634],[-80.9402377,44.5642689],[-80.9400558,44.5642946],[-80.9400947,44.5644389],[-80.9401846,44.5644284],[-80.9401993,44.5644742],[-80.9402807,44.5644634]]]]},"properties":{"structure_id":"structure_e34496d11e09b9adc85b","external_source":"openstreetmap","external_id":"a2412618416","building_type":"unclassified","source_building_tag":"yes","source_timestamp":null,"confidence":"source_mapped"}},{"type":"Feature","id":"structure_ddd6cf520fb773688748","geometry":{"type":"MultiPolygon","coordinates":[[[[-80.9400981,44.5645717],[-80.9400196,44.5643013],[-80.9397058,44.5643414],[-80.9397447,44.564502],[-80.9398305,44.5644934],[-80.93986,44.564609],[-80.9400981,44.5645717]]]]},"properties":{"structure_id":"structure_ddd6cf520fb773688748","external_source":"openstreetmap","external_id":"a2412618418","building_type":"unclassified","source_building_tag":"yes","source_timestamp":null,"confidence":"source_mapped"}},{"type":"Feature","id":"structure_1fd266b8d672db81deac","geometry":{"type":"MultiPolygon","coordinates":[[[[-80.9429513,44.5625728],[-80.9429352,44.5624973],[-80.9428091,44.5625126],[-80.9428279,44.5625871],[-80.9429513,44.5625728]]]]},"properties":{"structure_id":"structure_1fd266b8d672db81deac","external_source":"openstreetmap","external_id":"a2412618420","building_type":"unclassified","source_building_tag":"yes","source_timestamp":null,"confidence":"source_mapped"}},{"type":"Feature","id":"structure_1dc2a30494a32775d0f6","geometry":{"type":"MultiPolygon","coordinates":[[[[-80.942954,44.5624438],[-80.9429392,44.562353],[-80.9428225,44.5623645],[-80.9428239,44.5623779],[-80.9427314,44.5623865],[-80.9427488,44.5624486],[-80.9428386,44.562439],[-80.9428427,44.5624562],[-80.942954,44.5624438]]]]},"properties":{"structure_id":"structure_1dc2a30494a32775d0f6","external_source":"openstreetmap","external_id":"a2412618422","building_type":"unclassified","source_building_tag":"yes","source_timestamp":null,"confidence":"source_mapped"}},{"type":"Feature","id":"structure_bb612b023de9adea299e","geometry":{"type":"MultiPolygon","coordinates":[[[[-80.9428976,44.5621581],[-80.9428722,44.5620549],[-80.9427059,44.5620721],[-80.9427233,44.5621571],[-80.9425651,44.5621782],[-80.9425423,44.5620912],[-80.9422968,44.5621208],[-80.9423304,44.562247],[-80.9422325,44.5622575],[-80.9422606,44.5623702],[-80.9424189,44.562354],[-80.9423988,44.5622546],[-80.9427407,44.5622193],[-80.9427314,44.5621791],[-80.9428976,44.5621581]]]]},"properties":{"structure_id":"structure_bb612b023de9adea299e","external_source":"openstreetmap","external_id":"a2412618424","building_type":"unclassified","source_building_tag":"yes","source_timestamp":null,"confidence":"source_mapped"}},{"type":"Feature","id":"structure_3cdcc03c01d4ea88d01b","geometry":{"type":"MultiPolygon","coordinates":[[[[-80.9414291,44.5639592],[-80.9413943,44.5638264],[-80.9413205,44.563835],[-80.941295,44.5637366],[-80.9412038,44.5637462],[-80.941224,44.5638322],[-80.9410001,44.563857],[-80.941031,44.564015],[-80.9414291,44.5639592]]]]},"properties":{"structure_id":"structure_3cdcc03c01d4ea88d01b","external_source":"openstreetmap","external_id":"a2412618426","building_type":"unclassified","source_building_tag":"yes","source_timestamp":null,"confidence":"source_mapped"}},{"type":"Feature","id":"structure_f5457d4c4775e3551ddc","geometry":{"type":"MultiPolygon","coordinates":[[[[-80.9418355,44.5637399],[-80.9418127,44.5636382],[-80.9414063,44.563685],[-80.9414734,44.5639564],[-80.9417376,44.5639253],[-80.9417094,44.5638044],[-80.9417436,44.5637839],[-80.9417356,44.5637533],[-80.9418355,44.5637399]]]]},"properties":{"structure_id":"structure_f5457d4c4775e3551ddc","external_source":"openstreetmap","external_id":"a2412618428","building_type":"unclassified","source_building_tag":"yes","source_timestamp":null,"confidence":"source_mapped"}},{"type":"Feature","id":"structure_63aa04378e93832a7ad0","geometry":{"type":"MultiPolygon","coordinates":[[[[-80.9421895,44.5635931],[-80.9420601,44.5630114],[-80.9418456,44.5630353],[-80.9418596,44.5630888],[-80.9415123,44.5631318],[-80.9415257,44.563191],[-80.9417067,44.56317],[-80.9417269,44.563235],[-80.9418207,44.5632225],[-80.9418449,44.5633171],[-80.9419025,44.5633124],[-80.9419374,44.5634624],[-80.9418221,44.5634767],[-80.9418583,44.5636282],[-80.941936,44.5636198],[-80.9421895,44.5635931]]]]},"properties":{"structure_id":"structure_63aa04378e93832a7ad0","external_source":"openstreetmap","external_id":"a2412618430","building_type":"unclassified","source_building_tag":"yes","source_timestamp":null,"confidence":"source_mapped"}},{"type":"Feature","id":"structure_2e589302190ee88b1f82","geometry":{"type":"MultiPolygon","coordinates":[[[[-80.9420601,44.5630114],[-80.9420279,44.5628896],[-80.9419394,44.5628982],[-80.9418771,44.5626196],[-80.9416786,44.5626426],[-80.9417363,44.5629158],[-80.9415069,44.5629407],[-80.9415378,44.5630697],[-80.9418456,44.5630353],[-80.9420601,44.5630114]]]]},"properties":{"structure_id":"structure_2e589302190ee88b1f82","external_source":"openstreetmap","external_id":"a2412618432","building_type":"unclassified","source_building_tag":"yes","source_timestamp":null,"confidence":"source_mapped"}},{"type":"Feature","id":"structure_6e85766dcd547ca4d9db","geometry":{"type":"MultiPolygon","coordinates":[[[[-80.9418958,44.5625107],[-80.9418717,44.5624228],[-80.9417497,44.5624362],[-80.9417121,44.562268],[-80.9415834,44.5622823],[-80.9416477,44.5625422],[-80.9418958,44.5625107]]]]},"properties":{"structure_id":"structure_6e85766dcd547ca4d9db","external_source":"openstreetmap","external_id":"a2412618434","building_type":"unclassified","source_building_tag":"yes","source_timestamp":null,"confidence":"source_mapped"}},{"type":"Feature","id":"structure_4466afc5532f89c1ddcd","geometry":{"type":"MultiPolygon","coordinates":[[[[-80.9415096,44.5623645],[-80.9414734,44.562225],[-80.9413889,44.5622326],[-80.9414037,44.5623177],[-80.9414345,44.5623158],[-80.9414479,44.5623721],[-80.9415096,44.5623645]]]]},"properties":{"structure_id":"structure_4466afc5532f89c1ddcd","external_source":"openstreetmap","external_id":"a2412618436","building_type":"unclassified","source_building_tag":"yes","source_timestamp":null,"confidence":"source_mapped"}},{"type":"Feature","id":"structure_dcfc960e7a45abaf5489","geometry":{"type":"MultiPolygon","coordinates":[[[[-80.943337,44.5637606],[-80.9432778,44.5635024],[-80.9430261,44.5635306],[-80.9430831,44.5637897],[-80.943337,44.5637606]]]]},"properties":{"structure_id":"structure_dcfc960e7a45abaf5489","external_source":"openstreetmap","external_id":"a2412618438","building_type":"unclassified","source_building_tag":"yes","source_timestamp":null,"confidence":"source_mapped"}},{"type":"Feature","id":"structure_28f2c254966a569aaba5","geometry":{"type":"MultiPolygon","coordinates":[[[[-80.9431069,44.5631939],[-80.9430586,44.5628977],[-80.9427803,44.5629278],[-80.9427649,44.5628623],[-80.9426851,44.5628714],[-80.9426797,44.5628518],[-80.9422968,44.5628919],[-80.942376,44.5632789],[-80.9427783,44.5632292],[-80.9428118,44.5633745],[-80.9430814,44.5633439],[-80.9430492,44.5632006],[-80.9431069,44.5631939]]]]},"properties":{"structure_id":"structure_28f2c254966a569aaba5","external_source":"openstreetmap","external_id":"a2412618440","building_type":"unclassified","source_building_tag":"yes","source_timestamp":null,"confidence":"source_mapped"}},{"type":"Feature","id":"structure_708ae8d8fb2c76be1c82","geometry":{"type":"MultiPolygon","coordinates":[[[[-80.9425785,44.5627668],[-80.9425315,44.5625709],[-80.9424095,44.562589],[-80.9424564,44.5627811],[-80.9425785,44.5627668]]]]},"properties":{"structure_id":"structure_708ae8d8fb2c76be1c82","external_source":"openstreetmap","external_id":"a2412618442","building_type":"unclassified","source_building_tag":"yes","source_timestamp":null,"confidence":"source_mapped"}},{"type":"Feature","id":"structure_6e06cad531776d73bee3","geometry":{"type":"MultiPolygon","coordinates":[[[[-80.9425651,44.5625145],[-80.9425302,44.5623683],[-80.9422271,44.5623998],[-80.9422579,44.5625499],[-80.9425651,44.5625145]]]]},"properties":{"structure_id":"structure_6e06cad531776d73bee3","external_source":"openstreetmap","external_id":"a2412618444","building_type":"unclassified","source_building_tag":"yes","source_timestamp":null,"confidence":"source_mapped"}},{"type":"Feature","id":"structure_f5db8a6391102f92eb25","geometry":{"type":"MultiPolygon","coordinates":[[[[-80.9274019,44.5635296],[-80.9273353,44.5632412],[-80.927178,44.5632596],[-80.9272447,44.563548],[-80.9274019,44.5635296]]]]},"properties":{"structure_id":"structure_f5db8a6391102f92eb25","external_source":"openstreetmap","external_id":"a2424808330","building_type":"unclassified","source_building_tag":"mosque","source_timestamp":null,"confidence":"source_mapped"}},{"type":"Feature","id":"structure_2c3b1cd682f8ef790ac5","geometry":{"type":"MultiPolygon","coordinates":[[[[-80.9403778,44.5736595],[-80.9398869,44.5735066],[-80.9397942,44.5736576],[-80.940285,44.5738106],[-80.9403778,44.5736595]]]]},"properties":{"structure_id":"structure_2c3b1cd682f8ef790ac5","external_source":"openstreetmap","external_id":"a2479362338","building_type":"unclassified","source_building_tag":"yes","source_timestamp":null,"confidence":"source_mapped"}},{"type":"Feature","id":"structure_0e18237145f9ae734d01","geometry":{"type":"MultiPolygon","coordinates":[[[[-80.9409561,44.5728494],[-80.9404652,44.5726965],[-80.9403725,44.5728475],[-80.9408633,44.5730005],[-80.9409561,44.5728494]]]]},"properties":{"structure_id":"structure_0e18237145f9ae734d01","external_source":"openstreetmap","external_id":"a2479362340","building_type":"unclassified","source_building_tag":"yes","source_timestamp":null,"confidence":"source_mapped"}},{"type":"Feature","id":"structure_2cf6880ffe80411a1b89","geometry":{"type":"MultiPolygon","coordinates":[[[[-80.9422065,44.571502],[-80.9419269,44.5714064],[-80.9418022,44.5715914],[-80.9420818,44.571687],[-80.9422065,44.571502]]]]},"properties":{"structure_id":"structure_2cf6880ffe80411a1b89","external_source":"openstreetmap","external_id":"a2479362342","building_type":"unclassified","source_building_tag":"yes","source_timestamp":null,"confidence":"source_mapped"}},{"type":"Feature","id":"structure_96249bc9280aa1ba3c9f","geometry":{"type":"MultiPolygon","coordinates":[[[[-80.9214068,44.5747996],[-80.9214015,44.574773],[-80.9213968,44.5747495],[-80.9213604,44.574753],[-80.9213645,44.5747759],[-80.9213693,44.5748022],[-80.9214068,44.5747996]]]]},"properties":{"structure_id":"structure_96249bc9280aa1ba3c9f","external_source":"openstreetmap","external_id":"a2491369428","building_type":"unclassified","source_building_tag":"roof","source_timestamp":null,"confidence":"source_mapped"}},{"type":"Feature","id":"structure_5ddc3fe92cca598159c2","geometry":{"type":"MultiPolygon","coordinates":[[[[-80.916016,44.5778625],[-80.9157825,44.5768889],[-80.9146321,44.5770289],[-80.9145931,44.5768663],[-80.9144784,44.5768802],[-80.9144731,44.5768578],[-80.9143301,44.5768748],[-80.9143252,44.5768538],[-80.9140807,44.5768823],[-80.9140871,44.5769104],[-80.913993,44.5769213],[-80.9140065,44.5769807],[-80.9138478,44.5769991],[-80.9138557,44.5770339],[-80.9136684,44.5770557],[-80.9136799,44.5771056],[-80.9136198,44.5771127],[-80.9136346,44.5771763],[-80.9127667,44.577279],[-80.912825,44.5775284],[-80.912492,44.5775679],[-80.9125152,44.5776666],[-80.9126124,44.577655],[-80.9126879,44.5779729],[-80.9129308,44.5779435],[-80.9129663,44.5780921],[-80.9147724,44.5778729],[-80.9148052,44.5780098],[-80.916016,44.5778625]]]]},"properties":{"structure_id":"structure_5ddc3fe92cca598159c2","external_source":"openstreetmap","external_id":"a2516061274","building_type":"commercial","source_building_tag":"industrial","source_timestamp":null,"confidence":"source_mapped"}},{"type":"Feature","id":"structure_b8cf1626f78c0f078454","geometry":{"type":"MultiPolygon","coordinates":[[[[-80.9240052,44.5828096],[-80.9237477,44.5827587],[-80.9237073,44.5828624],[-80.9237784,44.5828765],[-80.9237035,44.5830686],[-80.9236441,44.5830569],[-80.9236162,44.5831285],[-80.9238621,44.5831771],[-80.9240052,44.5828096]]]]},"properties":{"structure_id":"structure_b8cf1626f78c0f078454","external_source":"openstreetmap","external_id":"a2516061276","building_type":"unclassified","source_building_tag":"yes","source_timestamp":null,"confidence":"source_mapped"}},{"type":"Feature","id":"structure_9572ac71ed638970267d","geometry":{"type":"MultiPolygon","coordinates":[[[[-80.9484694,44.578801],[-80.9483619,44.5787837],[-80.9483706,44.5787565],[-80.9482106,44.5787308],[-80.9481991,44.5787672],[-80.9481029,44.5787517],[-80.9480703,44.5788547],[-80.9481683,44.5788705],[-80.9481589,44.5789004],[-80.948311,44.5789248],[-80.9483195,44.5788977],[-80.9484329,44.578916],[-80.9484694,44.578801]]]]},"properties":{"structure_id":"structure_9572ac71ed638970267d","external_source":"openstreetmap","external_id":"a2516061454","building_type":"unclassified","source_building_tag":"yes","source_timestamp":null,"confidence":"source_mapped"}},{"type":"Feature","id":"structure_8b21f12af1da8d31c6e1","geometry":{"type":"MultiPolygon","coordinates":[[[[-80.9408481,44.5733928],[-80.9403357,44.5732072],[-80.9401624,44.5734498],[-80.9406748,44.5736355],[-80.9408481,44.5733928]]]]},"properties":{"structure_id":"structure_8b21f12af1da8d31c6e1","external_source":"openstreetmap","external_id":"a2535873364","building_type":"commercial","source_building_tag":"industrial","source_timestamp":null,"confidence":"source_mapped"}},{"type":"Feature","id":"structure_4a02f6f3de415cc135c2","geometry":{"type":"MultiPolygon","coordinates":[[[[-80.9444397,44.5689084],[-80.9444179,44.5687839],[-80.9441981,44.5688034],[-80.9442199,44.5689279],[-80.9444397,44.5689084]]]]},"properties":{"structure_id":"structure_4a02f6f3de415cc135c2","external_source":"openstreetmap","external_id":"a2550734736","building_type":"unclassified","source_building_tag":"yes","source_timestamp":null,"confidence":"source_mapped"}},{"type":"Feature","id":"structure_9038ce4a8b5dce208c0a","geometry":{"type":"MultiPolygon","coordinates":[[[[-80.9445608,44.5692692],[-80.9445221,44.5690976],[-80.9443791,44.569114],[-80.9444178,44.5692856],[-80.9445608,44.5692692]]]]},"properties":{"structure_id":"structure_9038ce4a8b5dce208c0a","external_source":"openstreetmap","external_id":"a2550734738","building_type":"unclassified","source_building_tag":"yes","source_timestamp":null,"confidence":"source_mapped"}},{"type":"Feature","id":"structure_144d02a76de2c768a5bb","geometry":{"type":"MultiPolygon","coordinates":[[[[-80.9454687,44.5689508],[-80.9454157,44.5687206],[-80.9452489,44.5687401],[-80.9448307,44.5687889],[-80.9448837,44.5690191],[-80.9454687,44.5689508]]]]},"properties":{"structure_id":"structure_144d02a76de2c768a5bb","external_source":"openstreetmap","external_id":"a2550734740","building_type":"residential","source_building_tag":"residential","source_timestamp":null,"confidence":"source_mapped"}},{"type":"Feature","id":"structure_03f56630d611c87f9b9a","geometry":{"type":"MultiPolygon","coordinates":[[[[-80.945617,44.5692697],[-80.9455958,44.5691862],[-80.9453939,44.5692122],[-80.9454151,44.5692958],[-80.945617,44.5692697]]]]},"properties":{"structure_id":"structure_03f56630d611c87f9b9a","external_source":"openstreetmap","external_id":"a2550734744","building_type":"residential","source_building_tag":"house","source_timestamp":null,"confidence":"source_mapped"}},{"type":"Feature","id":"structure_048c0292e1dfafb34da4","geometry":{"type":"MultiPolygon","coordinates":[[[[-80.9453953,44.5692883],[-80.9453749,44.5692114],[-80.945232,44.5692306],[-80.9452525,44.5693076],[-80.9453953,44.5692883]]]]},"properties":{"structure_id":"structure_048c0292e1dfafb34da4","external_source":"openstreetmap","external_id":"a2550734746","building_type":"residential","source_building_tag":"house","source_timestamp":null,"confidence":"source_mapped"}},{"type":"Feature","id":"structure_1951cd2f8bee05c2496e","geometry":{"type":"MultiPolygon","coordinates":[[[[-80.9449919,44.569337],[-80.9449447,44.5691138],[-80.9448174,44.5691274],[-80.9448646,44.5693506],[-80.9449919,44.569337]]]]},"properties":{"structure_id":"structure_1951cd2f8bee05c2496e","external_source":"openstreetmap","external_id":"a2550734748","building_type":"residential","source_building_tag":"terrace","source_timestamp":null,"confidence":"source_mapped"}},{"type":"Feature","id":"structure_1f1f08fc051ecc62a6f7","geometry":{"type":"MultiPolygon","coordinates":[[[[-80.9459295,44.5692292],[-80.9459179,44.5691655],[-80.9457795,44.5691784],[-80.9457913,44.5692426],[-80.9459295,44.5692292]]]]},"properties":{"structure_id":"structure_1f1f08fc051ecc62a6f7","external_source":"openstreetmap","external_id":"a2550734752","building_type":"residential","source_building_tag":"house","source_timestamp":null,"confidence":"source_mapped"}},{"type":"Feature","id":"structure_dc374b60e260dbc9153e","geometry":{"type":"MultiPolygon","coordinates":[[[[-80.9459177,44.5691389],[-80.9459047,44.5690819],[-80.9457588,44.5690989],[-80.9457719,44.5691558],[-80.9459177,44.5691389]]]]},"properties":{"structure_id":"structure_dc374b60e260dbc9153e","external_source":"openstreetmap","external_id":"a2550734754","building_type":"residential","source_building_tag":"house","source_timestamp":null,"confidence":"source_mapped"}},{"type":"Feature","id":"structure_6d5fc725b2ce854cfff4","geometry":{"type":"MultiPolygon","coordinates":[[[[-80.9459123,44.5690483],[-80.9458982,44.5689996],[-80.9457499,44.5690215],[-80.945764,44.5690701],[-80.9459123,44.5690483]]]]},"properties":{"structure_id":"structure_6d5fc725b2ce854cfff4","external_source":"openstreetmap","external_id":"a2550734756","building_type":"residential","source_building_tag":"house","source_timestamp":null,"confidence":"source_mapped"}},{"type":"Feature","id":"structure_7b289c7871ce74fda9fc","geometry":{"type":"MultiPolygon","coordinates":[[[[-80.9458798,44.5689848],[-80.9458657,44.5689266],[-80.9457443,44.5689414],[-80.9457584,44.5689997],[-80.9458798,44.5689848]]]]},"properties":{"structure_id":"structure_7b289c7871ce74fda9fc","external_source":"openstreetmap","external_id":"a2550734758","building_type":"residential","source_building_tag":"house","source_timestamp":null,"confidence":"source_mapped"}},{"type":"Feature","id":"structure_0eaf5071f38cac72d512","geometry":{"type":"MultiPolygon","coordinates":[[[[-80.9458633,44.5689003],[-80.9458508,44.5688508],[-80.9457209,44.5688674],[-80.9457333,44.5689169],[-80.9458633,44.5689003]]]]},"properties":{"structure_id":"structure_0eaf5071f38cac72d512","external_source":"openstreetmap","external_id":"a2550734760","building_type":"residential","source_building_tag":"house","source_timestamp":null,"confidence":"source_mapped"}},{"type":"Feature","id":"structure_2dc8ac4551e8cc5bf9f0","geometry":{"type":"MultiPolygon","coordinates":[[[[-80.9458977,44.5688241],[-80.945879,44.5687639],[-80.9457045,44.5687914],[-80.9457232,44.5688515],[-80.9458977,44.5688241]]]]},"properties":{"structure_id":"structure_2dc8ac4551e8cc5bf9f0","external_source":"openstreetmap","external_id":"a2550734762","building_type":"residential","source_building_tag":"house","source_timestamp":null,"confidence":"source_mapped"}},{"type":"Feature","id":"structure_c2d372b17c4304c18e12","geometry":{"type":"MultiPolygon","coordinates":[[[[-80.9458437,44.5687528],[-80.9458228,44.5686906],[-80.9456731,44.5687161],[-80.945694,44.5687784],[-80.9458437,44.5687528]]]]},"properties":{"structure_id":"structure_c2d372b17c4304c18e12","external_source":"openstreetmap","external_id":"a2550734764","building_type":"residential","source_building_tag":"house","source_timestamp":null,"confidence":"source_mapped"}},{"type":"Feature","id":"structure_1e6fc54aa309dd7d9538","geometry":{"type":"MultiPolygon","coordinates":[[[[-80.9458232,44.5686713],[-80.9458081,44.5686095],[-80.9456924,44.5686238],[-80.9457075,44.5686857],[-80.9458232,44.5686713]]]]},"properties":{"structure_id":"structure_1e6fc54aa309dd7d9538","external_source":"openstreetmap","external_id":"a2550734766","building_type":"residential","source_building_tag":"house","source_timestamp":null,"confidence":"source_mapped"}},{"type":"Feature","id":"structure_b8ade5141727a1e49dad","geometry":{"type":"MultiPolygon","coordinates":[[[[-80.945807,44.5685935],[-80.9457949,44.5685331],[-80.9456745,44.5685453],[-80.9456866,44.5686057],[-80.945807,44.5685935]]]]},"properties":{"structure_id":"structure_b8ade5141727a1e49dad","external_source":"openstreetmap","external_id":"a2550734768","building_type":"residential","source_building_tag":"house","source_timestamp":null,"confidence":"source_mapped"}},{"type":"Feature","id":"structure_c230b910da8fa4d8662f","geometry":{"type":"MultiPolygon","coordinates":[[[[-80.9457942,44.5685144],[-80.9457834,44.5684728],[-80.9456444,44.5684909],[-80.9456551,44.5685326],[-80.9457942,44.5685144]]]]},"properties":{"structure_id":"structure_c230b910da8fa4d8662f","external_source":"openstreetmap","external_id":"a2550734770","building_type":"residential","source_building_tag":"house","source_timestamp":null,"confidence":"source_mapped"}},{"type":"Feature","id":"structure_49158c523b2679284e30","geometry":{"type":"MultiPolygon","coordinates":[[[[-80.9461639,44.5692014],[-80.9461528,44.5691398],[-80.94603,44.569151],[-80.9460411,44.5692126],[-80.9461639,44.5692014]]]]},"properties":{"structure_id":"structure_49158c523b2679284e30","external_source":"openstreetmap","external_id":"a2550734776","building_type":"residential","source_building_tag":"house","source_timestamp":null,"confidence":"source_mapped"}},{"type":"Feature","id":"structure_4bc609edf4e3a1024fa9","geometry":{"type":"MultiPolygon","coordinates":[[[[-80.9463764,44.569175],[-80.9463615,44.5691122],[-80.9462178,44.5691295],[-80.9462328,44.5691923],[-80.9463764,44.569175]]]]},"properties":{"structure_id":"structure_4bc609edf4e3a1024fa9","external_source":"openstreetmap","external_id":"a2550734778","building_type":"residential","source_building_tag":"house","source_timestamp":null,"confidence":"source_mapped"}},{"type":"Feature","id":"structure_25c354bbaade107a1983","geometry":{"type":"MultiPolygon","coordinates":[[[[-80.9463557,44.5690848],[-80.9463388,44.5690128],[-80.9462062,44.5690286],[-80.9462231,44.5691006],[-80.9463557,44.5690848]]]]},"properties":{"structure_id":"structure_25c354bbaade107a1983","external_source":"openstreetmap","external_id":"a2550734780","building_type":"residential","source_building_tag":"house","source_timestamp":null,"confidence":"source_mapped"}},{"type":"Feature","id":"structure_b10dacd827bec78217dd","geometry":{"type":"MultiPolygon","coordinates":[[[[-80.9463392,44.5689949],[-80.9463272,44.5689478],[-80.9461988,44.5689644],[-80.9462109,44.5690116],[-80.9463392,44.5689949]]]]},"properties":{"structure_id":"structure_b10dacd827bec78217dd","external_source":"openstreetmap","external_id":"a2550734782","building_type":"residential","source_building_tag":"house","source_timestamp":null,"confidence":"source_mapped"}},{"type":"Feature","id":"structure_a086467eb4d72adf9c3e","geometry":{"type":"MultiPolygon","coordinates":[[[[-80.9462998,44.5688827],[-80.9462793,44.5687972],[-80.9462041,44.5688064],[-80.9462246,44.5688918],[-80.9462998,44.5688827]]]]},"properties":{"structure_id":"structure_a086467eb4d72adf9c3e","external_source":"openstreetmap","external_id":"a2550734784","building_type":"residential","source_building_tag":"house","source_timestamp":null,"confidence":"source_mapped"}},{"type":"Feature","id":"structure_244b70ab46e8b39ec03b","geometry":{"type":"MultiPolygon","coordinates":[[[[-80.946282,44.568759],[-80.9462667,44.5686944],[-80.9461445,44.5687091],[-80.9461598,44.5687737],[-80.946282,44.568759]]]]},"properties":{"structure_id":"structure_244b70ab46e8b39ec03b","external_source":"openstreetmap","external_id":"a2550734786","building_type":"residential","source_building_tag":"house","source_timestamp":null,"confidence":"source_mapped"}},{"type":"Feature","id":"structure_894159d5ce94ee192734","geometry":{"type":"MultiPolygon","coordinates":[[[[-80.9462683,44.5686667],[-80.9462535,44.56861],[-80.9461191,44.5686278],[-80.9461339,44.5686845],[-80.9462683,44.5686667]]]]},"properties":{"structure_id":"structure_894159d5ce94ee192734","external_source":"openstreetmap","external_id":"a2550734788","building_type":"residential","source_building_tag":"house","source_timestamp":null,"confidence":"source_mapped"}},{"type":"Feature","id":"structure_807a993a3e483e75f5b5","geometry":{"type":"MultiPolygon","coordinates":[[[[-80.9462586,44.5685822],[-80.9462443,44.56852],[-80.9460938,44.5685376],[-80.9461081,44.5685998],[-80.9462586,44.5685822]]]]},"properties":{"structure_id":"structure_807a993a3e483e75f5b5","external_source":"openstreetmap","external_id":"a2550734790","building_type":"residential","source_building_tag":"house","source_timestamp":null,"confidence":"source_mapped"}},{"type":"Feature","id":"structure_3d62e96a834f2454d651","geometry":{"type":"MultiPolygon","coordinates":[[[[-80.9462402,44.5684892],[-80.9462226,44.5684244],[-80.9460498,44.5684482],[-80.9460674,44.568513],[-80.9462402,44.5684892]]]]},"properties":{"structure_id":"structure_3d62e96a834f2454d651","external_source":"openstreetmap","external_id":"a2550734792","building_type":"residential","source_building_tag":"house","source_timestamp":null,"confidence":"source_mapped"}},{"type":"Feature","id":"structure_29c779e610f2c12267f6","geometry":{"type":"MultiPolygon","coordinates":[[[[-80.9461896,44.5684122],[-80.9461677,44.5683368],[-80.9459639,44.5683669],[-80.9459859,44.5684423],[-80.9461896,44.5684122]]]]},"properties":{"structure_id":"structure_29c779e610f2c12267f6","external_source":"openstreetmap","external_id":"a2550734794","building_type":"residential","source_building_tag":"house","source_timestamp":null,"confidence":"source_mapped"}},{"type":"Feature","id":"structure_3ed8f4091baddfc166e5","geometry":{"type":"MultiPolygon","coordinates":[[[[-80.9461567,44.5682996],[-80.946138,44.5682271],[-80.9459814,44.5682476],[-80.9460001,44.5683202],[-80.9461567,44.5682996]]]]},"properties":{"structure_id":"structure_3ed8f4091baddfc166e5","external_source":"openstreetmap","external_id":"a2550734796","building_type":"residential","source_building_tag":"house","source_timestamp":null,"confidence":"source_mapped"}},{"type":"Feature","id":"structure_8cb753059eb2a4d8b154","geometry":{"type":"MultiPolygon","coordinates":[[[[-80.9461317,44.5682014],[-80.9461075,44.568115],[-80.9460586,44.5681136],[-80.9459329,44.5681399],[-80.9459572,44.5682263],[-80.9461317,44.5682014]]]]},"properties":{"structure_id":"structure_8cb753059eb2a4d8b154","external_source":"openstreetmap","external_id":"a2550734798","building_type":"residential","source_building_tag":"house","source_timestamp":null,"confidence":"source_mapped"}},{"type":"Feature","id":"structure_fbddbe08ca138429cb64","geometry":{"type":"MultiPolygon","coordinates":[[[[-80.9460866,44.5680173],[-80.946056,44.5679148],[-80.9458971,44.5679388],[-80.9459231,44.5680467],[-80.9460351,44.5680306],[-80.9460866,44.5680173]]]]},"properties":{"structure_id":"structure_fbddbe08ca138429cb64","external_source":"openstreetmap","external_id":"a2550734800","building_type":"unclassified","source_building_tag":"yes","source_timestamp":null,"confidence":"source_mapped"}},{"type":"Feature","id":"structure_51265850e7193a1000f8","geometry":{"type":"MultiPolygon","coordinates":[[[[-80.9455244,44.5678588],[-80.9454703,44.5676524],[-80.9452854,44.567677],[-80.9453392,44.5678797],[-80.9455244,44.5678588]]]]},"properties":{"structure_id":"structure_51265850e7193a1000f8","external_source":"openstreetmap","external_id":"a2550734808","building_type":"unclassified","source_building_tag":"yes","source_timestamp":null,"confidence":"source_mapped"}},{"type":"Feature","id":"structure_d6f8cc64ef3f0a4f7759","geometry":{"type":"MultiPolygon","coordinates":[[[[-80.9438138,44.5674295],[-80.9437953,44.5673517],[-80.943315,44.5674071],[-80.9433334,44.5674858],[-80.9435975,44.5674593],[-80.9438138,44.5674295]]]]},"properties":{"structure_id":"structure_d6f8cc64ef3f0a4f7759","external_source":"openstreetmap","external_id":"a2585800054","building_type":"unclassified","source_building_tag":"yes","source_timestamp":null,"confidence":"source_mapped"}},{"type":"Feature","id":"structure_cf48fd48e78452fd159c","geometry":{"type":"MultiPolygon","coordinates":[[[[-80.9436261,44.5675868],[-80.9435975,44.5674593],[-80.9433334,44.5674858],[-80.943363,44.5676166],[-80.9436261,44.5675868]]]]},"properties":{"structure_id":"structure_cf48fd48e78452fd159c","external_source":"openstreetmap","external_id":"a2585800056","building_type":"unclassified","source_building_tag":"yes","source_timestamp":null,"confidence":"source_mapped"}},{"type":"Feature","id":"structure_8ee86222c840aecae613","geometry":{"type":"MultiPolygon","coordinates":[[[[-80.9438447,44.5675631],[-80.9438138,44.5674295],[-80.9435975,44.5674593],[-80.9436261,44.5675868],[-80.9438447,44.5675631]]]]},"properties":{"structure_id":"structure_8ee86222c840aecae613","external_source":"openstreetmap","external_id":"a2585800058","building_type":"commercial","source_building_tag":"commercial","source_timestamp":null,"confidence":"source_mapped"}},{"type":"Feature","id":"structure_bfd0584ce9e9f031007b","geometry":{"type":"MultiPolygon","coordinates":[[[[-80.9437953,44.5673517],[-80.9437802,44.5673096],[-80.9433041,44.5673666],[-80.943315,44.5674071],[-80.9437953,44.5673517]]]]},"properties":{"structure_id":"structure_bfd0584ce9e9f031007b","external_source":"openstreetmap","external_id":"a2585800060","building_type":"unclassified","source_building_tag":"yes","source_timestamp":null,"confidence":"source_mapped"}},{"type":"Feature","id":"structure_4a7542e82d4cec52fa50","geometry":{"type":"MultiPolygon","coordinates":[[[[-80.9437802,44.5673096],[-80.9437491,44.5671995],[-80.9432826,44.5672557],[-80.9433041,44.5673666],[-80.9437802,44.5673096]]]]},"properties":{"structure_id":"structure_4a7542e82d4cec52fa50","external_source":"openstreetmap","external_id":"a2585800062","building_type":"commercial","source_building_tag":"commercial","source_timestamp":null,"confidence":"source_mapped"}},{"type":"Feature","id":"structure_5df12cf1c5c281374808","geometry":{"type":"MultiPolygon","coordinates":[[[[-80.9437491,44.5671995],[-80.9436989,44.5669881],[-80.9432324,44.5670442],[-80.9432826,44.5672557],[-80.9437491,44.5671995]]]]},"properties":{"structure_id":"structure_5df12cf1c5c281374808","external_source":"openstreetmap","external_id":"a2585800064","building_type":"unclassified","source_building_tag":"yes","source_timestamp":null,"confidence":"source_mapped"}},{"type":"Feature","id":"structure_b9454db1cbdda4534a40","geometry":{"type":"MultiPolygon","coordinates":[[[[-80.9436989,44.5669881],[-80.9436824,44.5669475],[-80.9432243,44.5669982],[-80.9432324,44.5670442],[-80.9436989,44.5669881]]]]},"properties":{"structure_id":"structure_b9454db1cbdda4534a40","external_source":"openstreetmap","external_id":"a2585800066","building_type":"unclassified","source_building_tag":"yes","source_timestamp":null,"confidence":"source_mapped"}},{"type":"Feature","id":"structure_8fa1435b793a9c6b6a36","geometry":{"type":"MultiPolygon","coordinates":[[[[-80.9436824,44.5669475],[-80.9436524,44.5668068],[-80.9436207,44.5668103],[-80.9431924,44.5668567],[-80.9432243,44.5669982],[-80.9436824,44.5669475]]]]},"properties":{"structure_id":"structure_8fa1435b793a9c6b6a36","external_source":"openstreetmap","external_id":"a2585800068","building_type":"unclassified","source_building_tag":"yes","source_timestamp":null,"confidence":"source_mapped"}},{"type":"Feature","id":"structure_614b5795dead2fc07574","geometry":{"type":"MultiPolygon","coordinates":[[[[-80.9436633,44.5667728],[-80.9436521,44.5666913],[-80.9436237,44.5666947],[-80.9431698,44.5667481],[-80.9431924,44.5668567],[-80.9436207,44.5668103],[-80.9436134,44.5667794],[-80.9436633,44.5667728]]]]},"properties":{"structure_id":"structure_614b5795dead2fc07574","external_source":"openstreetmap","external_id":"a2585800072","building_type":"commercial","source_building_tag":"commercial","source_timestamp":null,"confidence":"source_mapped"}},{"type":"Feature","id":"structure_3952f84bb495ea835a14","geometry":{"type":"MultiPolygon","coordinates":[[[[-80.9436237,44.5666947],[-80.9436124,44.5666281],[-80.9431509,44.5666804],[-80.9431698,44.5667481],[-80.9436237,44.5666947]]]]},"properties":{"structure_id":"structure_3952f84bb495ea835a14","external_source":"openstreetmap","external_id":"a2585800074","building_type":"commercial","source_building_tag":"commercial","source_timestamp":null,"confidence":"source_mapped"}},{"type":"Feature","id":"structure_dc5d8d28fbe4f3066f3f","geometry":{"type":"MultiPolygon","coordinates":[[[[-80.9436629,44.566509],[-80.9436495,44.5665105],[-80.9431262,44.5665699],[-80.9431509,44.5666804],[-80.9436124,44.5666281],[-80.9436396,44.566625],[-80.9436629,44.566509]]]]},"properties":{"structure_id":"structure_dc5d8d28fbe4f3066f3f","external_source":"openstreetmap","external_id":"a2585800076","building_type":"commercial","source_building_tag":"commercial","source_timestamp":null,"confidence":"source_mapped"}},{"type":"Feature","id":"structure_99e6922182b3eee57872","geometry":{"type":"MultiPolygon","coordinates":[[[[-80.9436644,44.5663792],[-80.9434911,44.5664005],[-80.9430988,44.5664489],[-80.9431262,44.5665699],[-80.9436495,44.5665105],[-80.9436644,44.5663792]]]]},"properties":{"structure_id":"structure_99e6922182b3eee57872","external_source":"openstreetmap","external_id":"a2585800078","building_type":"commercial","source_building_tag":"commercial","source_timestamp":null,"confidence":"source_mapped"}},{"type":"Feature","id":"structure_ce297ead2dcf1c35236b","geometry":{"type":"MultiPolygon","coordinates":[[[[-80.9434911,44.5664005],[-80.9434755,44.5663258],[-80.943427,44.5663311],[-80.9430845,44.5663685],[-80.9430988,44.5664489],[-80.9434911,44.5664005]]]]},"properties":{"structure_id":"structure_ce297ead2dcf1c35236b","external_source":"openstreetmap","external_id":"a2585800080","building_type":"commercial","source_building_tag":"commercial","source_timestamp":null,"confidence":"source_mapped"}},{"type":"Feature","id":"structure_9a2e516f4d2126f1f50d","geometry":{"type":"MultiPolygon","coordinates":[[[[-80.943427,44.5663311],[-80.9434184,44.5662875],[-80.9433578,44.5662944],[-80.9433542,44.5662799],[-80.9432949,44.5662872],[-80.9430719,44.5663142],[-80.9430845,44.5663685],[-80.943427,44.5663311]]]]},"properties":{"structure_id":"structure_9a2e516f4d2126f1f50d","external_source":"openstreetmap","external_id":"a2585800082","building_type":"commercial","source_building_tag":"commercial","source_timestamp":null,"confidence":"source_mapped"}},{"type":"Feature","id":"structure_17513931ca1edbaff4d0","geometry":{"type":"MultiPolygon","coordinates":[[[[-80.9432949,44.5662872],[-80.9432827,44.5662251],[-80.9430603,44.5662483],[-80.9430719,44.5663142],[-80.9432949,44.5662872]]]]},"properties":{"structure_id":"structure_17513931ca1edbaff4d0","external_source":"openstreetmap","external_id":"a2585800084","building_type":"commercial","source_building_tag":"commercial","source_timestamp":null,"confidence":"source_mapped"}},{"type":"Feature","id":"structure_8dacb85bddfa3ce08971","geometry":{"type":"MultiPolygon","coordinates":[[[[-80.9437109,44.5661077],[-80.9437001,44.5661089],[-80.943046,44.5661824],[-80.9430603,44.5662483],[-80.9432827,44.5662251],[-80.9437019,44.5661784],[-80.9437109,44.5661077]]]]},"properties":{"structure_id":"structure_8dacb85bddfa3ce08971","external_source":"openstreetmap","external_id":"a2585800086","building_type":"commercial","source_building_tag":"commercial","source_timestamp":null,"confidence":"source_mapped"}},{"type":"Feature","id":"structure_e217012291e54d7fbd07","geometry":{"type":"MultiPolygon","coordinates":[[[[-80.9437109,44.5660329],[-80.9434584,44.5660583],[-80.9430268,44.5661018],[-80.943046,44.5661824],[-80.9437001,44.5661089],[-80.9437109,44.5660329]]]]},"properties":{"structure_id":"structure_e217012291e54d7fbd07","external_source":"openstreetmap","external_id":"a2585800088","building_type":"commercial","source_building_tag":"commercial","source_timestamp":null,"confidence":"source_mapped"}},{"type":"Feature","id":"structure_3f0eca2fe1e927810cb4","geometry":{"type":"MultiPolygon","coordinates":[[[[-80.9434584,44.5660583],[-80.9434286,44.5658483],[-80.9429754,44.5659026],[-80.9430268,44.5661018],[-80.9434584,44.5660583]]]]},"properties":{"structure_id":"structure_3f0eca2fe1e927810cb4","external_source":"openstreetmap","external_id":"a2585800090","building_type":"commercial","source_building_tag":"commercial","source_timestamp":null,"confidence":"source_mapped"}},{"type":"Feature","id":"structure_d96c190eddcba5e271bb","geometry":{"type":"MultiPolygon","coordinates":[[[[-80.9437412,44.56581],[-80.9435943,44.5658262],[-80.9436194,44.5659552],[-80.9436291,44.5660052],[-80.9437205,44.5659929],[-80.9437412,44.56581]]]]},"properties":{"structure_id":"structure_d96c190eddcba5e271bb","external_source":"openstreetmap","external_id":"a2585800092","building_type":"commercial","source_building_tag":"commercial","source_timestamp":null,"confidence":"source_mapped"}},{"type":"Feature","id":"structure_c4c5b40ade7c6a32333b","geometry":{"type":"MultiPolygon","coordinates":[[[[-80.9436194,44.5659552],[-80.9435943,44.5658262],[-80.9435462,44.565832],[-80.9435748,44.5659591],[-80.9436194,44.5659552]]]]},"properties":{"structure_id":"structure_c4c5b40ade7c6a32333b","external_source":"openstreetmap","external_id":"a2585800094","building_type":"commercial","source_building_tag":"commercial","source_timestamp":null,"confidence":"source_mapped"}},{"type":"Feature","id":"structure_97c3ae8d6aa7131fde30","geometry":{"type":"MultiPolygon","coordinates":[[[[-80.9435848,44.5660095],[-80.9435748,44.5659591],[-80.9435462,44.565832],[-80.9434387,44.5658456],[-80.9434684,44.5660239],[-80.9435848,44.5660095]]]]},"properties":{"structure_id":"structure_97c3ae8d6aa7131fde30","external_source":"openstreetmap","external_id":"a2585800096","building_type":"commercial","source_building_tag":"commercial","source_timestamp":null,"confidence":"source_mapped"}},{"type":"Feature","id":"structure_0f3ff684722a4a2eb06c","geometry":{"type":"MultiPolygon","coordinates":[[[[-80.9420953,44.5667935],[-80.9420731,44.5667047],[-80.941855,44.5667328],[-80.9418734,44.5668177],[-80.9420953,44.5667935]]]]},"properties":{"structure_id":"structure_0f3ff684722a4a2eb06c","external_source":"openstreetmap","external_id":"a2585832638","building_type":"unclassified","source_building_tag":"yes","source_timestamp":null,"confidence":"source_mapped"}},{"type":"Feature","id":"structure_d7751f017084a39ffa44","geometry":{"type":"MultiPolygon","coordinates":[[[[-80.9434715,44.5652162],[-80.943452,44.5651425],[-80.9433611,44.5651516],[-80.943319,44.5649427],[-80.9430466,44.5649818],[-80.9427925,44.5650092],[-80.9428501,44.5653407],[-80.9432465,44.5652977],[-80.943342,44.5652873],[-80.9433275,44.5652296],[-80.9434715,44.5652162]]]]},"properties":{"structure_id":"structure_d7751f017084a39ffa44","external_source":"openstreetmap","external_id":"a2585843826","building_type":"commercial","source_building_tag":"commercial","source_timestamp":null,"confidence":"source_mapped"}},{"type":"Feature","id":"structure_3c2625c7a8cec525033f","geometry":{"type":"MultiPolygon","coordinates":[[[[-80.9432518,44.5653368],[-80.9432465,44.5652977],[-80.9428501,44.5653407],[-80.9428604,44.5653833],[-80.9430956,44.5653554],[-80.9432518,44.5653368]]]]},"properties":{"structure_id":"structure_3c2625c7a8cec525033f","external_source":"openstreetmap","external_id":"a2585843828","building_type":"commercial","source_building_tag":"commercial","source_timestamp":null,"confidence":"source_mapped"}},{"type":"Feature","id":"structure_79bc0d1198791c468f66","geometry":{"type":"MultiPolygon","coordinates":[[[[-80.9431053,44.5654023],[-80.9430956,44.5653554],[-80.9428604,44.5653833],[-80.9428752,44.5654302],[-80.9431053,44.5654023]]]]},"properties":{"structure_id":"structure_79bc0d1198791c468f66","external_source":"openstreetmap","external_id":"a2585843830","building_type":"commercial","source_building_tag":"commercial","source_timestamp":null,"confidence":"source_mapped"}},{"type":"Feature","id":"structure_925371db4544430724b8","geometry":{"type":"MultiPolygon","coordinates":[[[[-80.9431456,44.5654825],[-80.9431315,44.5654001],[-80.9431053,44.5654023],[-80.9428752,44.5654302],[-80.9428933,44.5655127],[-80.9431456,44.5654825]]]]},"properties":{"structure_id":"structure_925371db4544430724b8","external_source":"openstreetmap","external_id":"a2585843832","building_type":"commercial","source_building_tag":"commercial","source_timestamp":null,"confidence":"source_mapped"}},{"type":"Feature","id":"structure_8854eb892cdb8caeb630","geometry":{"type":"MultiPolygon","coordinates":[[[[-80.9467837,44.5681201],[-80.9467583,44.5680183],[-80.9465037,44.5680505],[-80.9465291,44.5681524],[-80.9467837,44.5681201]]]]},"properties":{"structure_id":"structure_8854eb892cdb8caeb630","external_source":"openstreetmap","external_id":"a2601298124","building_type":"unclassified","source_building_tag":"yes","source_timestamp":null,"confidence":"source_mapped"}},{"type":"Feature","id":"structure_671c287b22e04f8f63bb","geometry":{"type":"MultiPolygon","coordinates":[[[[-80.9467195,44.5679697],[-80.9467001,44.5678941],[-80.9464525,44.5679265],[-80.946472,44.5680021],[-80.9467195,44.5679697]]]]},"properties":{"structure_id":"structure_671c287b22e04f8f63bb","external_source":"openstreetmap","external_id":"a2601298128","building_type":"residential","source_building_tag":"house","source_timestamp":null,"confidence":"source_mapped"}},{"type":"Feature","id":"structure_953e98d2c6e73342026f","geometry":{"type":"MultiPolygon","coordinates":[[[[-80.9466536,44.5678118],[-80.9466335,44.5677209],[-80.9466082,44.567725],[-80.9464248,44.5677461],[-80.9464407,44.5678182],[-80.9465639,44.5678044],[-80.9465677,44.5678215],[-80.9466536,44.5678118]]]]},"properties":{"structure_id":"structure_953e98d2c6e73342026f","external_source":"openstreetmap","external_id":"a2601298130","building_type":"residential","source_building_tag":"house","source_timestamp":null,"confidence":"source_mapped"}},{"type":"Feature","id":"structure_3676f80bfc5f5bc717da","geometry":{"type":"MultiPolygon","coordinates":[[[[-80.9467892,44.5678485],[-80.94678,44.5677974],[-80.9466784,44.5678067],[-80.9466875,44.5678578],[-80.9467892,44.5678485]]]]},"properties":{"structure_id":"structure_3676f80bfc5f5bc717da","external_source":"openstreetmap","external_id":"a2601298132","building_type":"unclassified","source_building_tag":"yes","source_timestamp":null,"confidence":"source_mapped"}},{"type":"Feature","id":"structure_0bd24b5ddb4bf27f15db","geometry":{"type":"MultiPolygon","coordinates":[[[[-80.9467213,44.5676186],[-80.946701,44.5675276],[-80.9466244,44.5675363],[-80.9466215,44.5675234],[-80.9465725,44.5675289],[-80.9464773,44.5675397],[-80.9464805,44.567554],[-80.9464328,44.5675594],[-80.9464471,44.5676239],[-80.946429,44.5676259],[-80.9464408,44.5676779],[-80.9465935,44.5676603],[-80.9466751,44.5676518],[-80.946669,44.5676245],[-80.9467213,44.5676186]]]]},"properties":{"structure_id":"structure_0bd24b5ddb4bf27f15db","external_source":"openstreetmap","external_id":"a2601298134","building_type":"residential","source_building_tag":"house","source_timestamp":null,"confidence":"source_mapped"}},{"type":"Feature","id":"structure_d200f496dccdeb5c7705","geometry":{"type":"MultiPolygon","coordinates":[[[[-80.9468518,44.5675948],[-80.9468215,44.5674872],[-80.9467108,44.567503],[-80.946741,44.5676106],[-80.9468518,44.5675948]]]]},"properties":{"structure_id":"structure_d200f496dccdeb5c7705","external_source":"openstreetmap","external_id":"a2601298138","building_type":"residential","source_building_tag":"house","source_timestamp":null,"confidence":"source_mapped"}},{"type":"Feature","id":"structure_6c00969030b2617df38b","geometry":{"type":"MultiPolygon","coordinates":[[[[-80.9470122,44.5676257],[-80.94698,44.5674997],[-80.9468775,44.5675156],[-80.946905,44.5676393],[-80.9469403,44.567635],[-80.9470122,44.5676257]]]]},"properties":{"structure_id":"structure_6c00969030b2617df38b","external_source":"openstreetmap","external_id":"a2601298140","building_type":"commercial","source_building_tag":"office","source_timestamp":null,"confidence":"source_mapped"}},{"type":"Feature","id":"structure_ca7cc054dfcf7d30773d","geometry":{"type":"MultiPolygon","coordinates":[[[[-80.9472698,44.5675919],[-80.9472456,44.5674779],[-80.9470974,44.5674939],[-80.9471212,44.5676059],[-80.9471706,44.5676032],[-80.9472698,44.5675919]]]]},"properties":{"structure_id":"structure_ca7cc054dfcf7d30773d","external_source":"openstreetmap","external_id":"a2601298146","building_type":"residential","source_building_tag":"house","source_timestamp":null,"confidence":"source_mapped"}},{"type":"Feature","id":"structure_5e7f1b0a284bbd1d639d","geometry":{"type":"MultiPolygon","coordinates":[[[[-80.9467204,44.5683018],[-80.9466976,44.5682178],[-80.9465209,44.5682423],[-80.9465403,44.5683132],[-80.94664,44.5682994],[-80.9466435,44.5683124],[-80.9467204,44.5683018]]]]},"properties":{"structure_id":"structure_5e7f1b0a284bbd1d639d","external_source":"openstreetmap","external_id":"a2601298158","building_type":"residential","source_building_tag":"house","source_timestamp":null,"confidence":"source_mapped"}},{"type":"Feature","id":"structure_11d5776be8a663098ac4","geometry":{"type":"MultiPolygon","coordinates":[[[[-80.9467767,44.5684323],[-80.9467478,44.5683197],[-80.9465161,44.5683498],[-80.946545,44.5684624],[-80.9467767,44.5684323]]]]},"properties":{"structure_id":"structure_11d5776be8a663098ac4","external_source":"openstreetmap","external_id":"a2601298160","building_type":"residential","source_building_tag":"house","source_timestamp":null,"confidence":"source_mapped"}},{"type":"Feature","id":"structure_06948701a9a2466311f0","geometry":{"type":"MultiPolygon","coordinates":[[[[-80.9467565,44.5685024],[-80.9467484,44.5684577],[-80.9466958,44.5684625],[-80.9467039,44.5685072],[-80.9467565,44.5685024]]]]},"properties":{"structure_id":"structure_06948701a9a2466311f0","external_source":"openstreetmap","external_id":"a2601298162","building_type":"unclassified","source_building_tag":"yes","source_timestamp":null,"confidence":"source_mapped"}},{"type":"Feature","id":"structure_963f441dd316178f77d7","geometry":{"type":"MultiPolygon","coordinates":[[[[-80.9467523,44.5685854],[-80.9467384,44.5685293],[-80.9466599,44.5685391],[-80.9466472,44.5684877],[-80.9465572,44.568499],[-80.9465692,44.5685475],[-80.9465247,44.5685531],[-80.9465393,44.5686122],[-80.9467523,44.5685854]]]]},"properties":{"structure_id":"structure_963f441dd316178f77d7","external_source":"openstreetmap","external_id":"a2601298164","building_type":"residential","source_building_tag":"house","source_timestamp":null,"confidence":"source_mapped"}},{"type":"Feature","id":"structure_bcb94db0146a5dc5216a","geometry":{"type":"MultiPolygon","coordinates":[[[[-80.9467882,44.5687084],[-80.9467654,44.5686052],[-80.9465582,44.5686284],[-80.946581,44.5687317],[-80.9467882,44.5687084]]]]},"properties":{"structure_id":"structure_bcb94db0146a5dc5216a","external_source":"openstreetmap","external_id":"a2601298166","building_type":"residential","source_building_tag":"house","source_timestamp":null,"confidence":"source_mapped"}},{"type":"Feature","id":"structure_810efe19f0701fafa50a","geometry":{"type":"MultiPolygon","coordinates":[[[[-80.94678,44.5688333],[-80.9467647,44.5687628],[-80.9466009,44.5687808],[-80.9466162,44.5688514],[-80.94678,44.5688333]]]]},"properties":{"structure_id":"structure_810efe19f0701fafa50a","external_source":"openstreetmap","external_id":"a2601298168","building_type":"residential","source_building_tag":"house","source_timestamp":null,"confidence":"source_mapped"}},{"type":"Feature","id":"structure_1a564ed68f3ce49d5759","geometry":{"type":"MultiPolygon","coordinates":[[[[-80.946765,44.5689957],[-80.9467338,44.5688595],[-80.9465986,44.5688752],[-80.9466298,44.5690115],[-80.946765,44.5689957]]]]},"properties":{"structure_id":"structure_1a564ed68f3ce49d5759","external_source":"openstreetmap","external_id":"a2601298170","building_type":"residential","source_building_tag":"house","source_timestamp":null,"confidence":"source_mapped"}},{"type":"Feature","id":"structure_828dcfb33d21ce2ebd3b","geometry":{"type":"MultiPolygon","coordinates":[[[[-80.946831,44.5690724],[-80.9468156,44.5690095],[-80.9466308,44.5690325],[-80.9466462,44.5690953],[-80.946831,44.5690724]]]]},"properties":{"structure_id":"structure_828dcfb33d21ce2ebd3b","external_source":"openstreetmap","external_id":"a2601298172","building_type":"residential","source_building_tag":"house","source_timestamp":null,"confidence":"source_mapped"}},{"type":"Feature","id":"structure_9d325d654d946c90bad3","geometry":{"type":"MultiPolygon","coordinates":[[[[-80.9471606,44.5690183],[-80.9471412,44.5689289],[-80.9471136,44.5688019],[-80.9469495,44.56882],[-80.9469964,44.5690363],[-80.9471606,44.5690183]]]]},"properties":{"structure_id":"structure_9d325d654d946c90bad3","external_source":"openstreetmap","external_id":"a2601298174","building_type":"unclassified","source_building_tag":"yes","source_timestamp":null,"confidence":"source_mapped"}},{"type":"Feature","id":"structure_fbb63a88a4919b08ca37","geometry":{"type":"MultiPolygon","coordinates":[[[[-80.9474204,44.5689916],[-80.9474016,44.568905],[-80.9473045,44.5689157],[-80.9473233,44.5690023],[-80.9474204,44.5689916]]]]},"properties":{"structure_id":"structure_fbb63a88a4919b08ca37","external_source":"openstreetmap","external_id":"a2601298178","building_type":"residential","source_building_tag":"house","source_timestamp":null,"confidence":"source_mapped"}},{"type":"Feature","id":"structure_4706444829666f0169a8","geometry":{"type":"MultiPolygon","coordinates":[[[[-80.9473002,44.5690041],[-80.9472829,44.5689171],[-80.9471767,44.5689279],[-80.947194,44.5690148],[-80.9473002,44.5690041]]]]},"properties":{"structure_id":"structure_4706444829666f0169a8","external_source":"openstreetmap","external_id":"a2601298180","building_type":"residential","source_building_tag":"house","source_timestamp":null,"confidence":"source_mapped"}},{"type":"Feature","id":"structure_c26d14bb6048272d6fb7","geometry":{"type":"MultiPolygon","coordinates":[[[[-80.945851,44.567271],[-80.9458241,44.5671452],[-80.9458224,44.5671372],[-80.9456532,44.5671555],[-80.9456292,44.5671581],[-80.9456579,44.567292],[-80.945851,44.567271]]]]},"properties":{"structure_id":"structure_c26d14bb6048272d6fb7","external_source":"openstreetmap","external_id":"a2601948648","building_type":"unclassified","source_building_tag":"yes","source_timestamp":null,"confidence":"source_mapped"}},{"type":"Feature","id":"structure_4b8e749588ba15cba1d0","geometry":{"type":"MultiPolygon","coordinates":[[[[-80.9455733,44.5673013],[-80.9455423,44.5671748],[-80.945425,44.5671884],[-80.9454562,44.5673158],[-80.9455733,44.5673013]]]]},"properties":{"structure_id":"structure_4b8e749588ba15cba1d0","external_source":"openstreetmap","external_id":"a2601948656","building_type":"unclassified","source_building_tag":"yes","source_timestamp":null,"confidence":"source_mapped"}},{"type":"Feature","id":"structure_d9571299a330c28d066f","geometry":{"type":"MultiPolygon","coordinates":[[[[-80.9454079,44.5673282],[-80.9453762,44.5671829],[-80.9452004,44.5672023],[-80.9452067,44.5672309],[-80.9452321,44.5673477],[-80.9454079,44.5673282]]]]},"properties":{"structure_id":"structure_d9571299a330c28d066f","external_source":"openstreetmap","external_id":"a2601948672","building_type":"residential","source_building_tag":"house","source_timestamp":null,"confidence":"source_mapped"}},{"type":"Feature","id":"structure_18e9b12e60e41f32d8fd","geometry":{"type":"MultiPolygon","coordinates":[[[[-80.9449691,44.567425],[-80.9449437,44.567315],[-80.9449382,44.5672914],[-80.9448056,44.567307],[-80.9447284,44.567316],[-80.9447554,44.5674329],[-80.9448469,44.5674221],[-80.9448507,44.5674389],[-80.9449691,44.567425]]]]},"properties":{"structure_id":"structure_18e9b12e60e41f32d8fd","external_source":"openstreetmap","external_id":"a2601948674","building_type":"unclassified","source_building_tag":"yes","source_timestamp":null,"confidence":"source_mapped"}},{"type":"Feature","id":"structure_e4eb044d50a9592c21d1","geometry":{"type":"MultiPolygon","coordinates":[[[[-80.9451949,44.567299],[-80.9451801,44.5672286],[-80.944994,44.5672486],[-80.9450007,44.5672803],[-80.9450088,44.5673189],[-80.9451949,44.567299]]]]},"properties":{"structure_id":"structure_e4eb044d50a9592c21d1","external_source":"openstreetmap","external_id":"a2601948676","building_type":"unclassified","source_building_tag":"yes","source_timestamp":null,"confidence":"source_mapped"}},{"type":"Feature","id":"structure_d458532e5779f99adef3","geometry":{"type":"MultiPolygon","coordinates":[[[[-80.9449574,44.5672336],[-80.944942,44.5671725],[-80.9447647,44.5671919],[-80.9447811,44.5672563],[-80.9449574,44.5672336]]]]},"properties":{"structure_id":"structure_d458532e5779f99adef3","external_source":"openstreetmap","external_id":"a2601948686","building_type":"residential","source_building_tag":"house","source_timestamp":null,"confidence":"source_mapped"}},{"type":"Feature","id":"structure_e6aa0f21e13e67f9b03e","geometry":{"type":"MultiPolygon","coordinates":[[[[-80.9450586,44.5671486],[-80.9450547,44.56714],[-80.9450454,44.5670972],[-80.9449509,44.5671075],[-80.9449476,44.5670921],[-80.9449373,44.5670932],[-80.9447329,44.5671173],[-80.9447503,44.5671925],[-80.9449757,44.567166],[-80.944974,44.5671585],[-80.9450586,44.5671486]]]]},"properties":{"structure_id":"structure_e6aa0f21e13e67f9b03e","external_source":"openstreetmap","external_id":"a2601948688","building_type":"unclassified","source_building_tag":"yes","source_timestamp":null,"confidence":"source_mapped"}},{"type":"Feature","id":"structure_59a0e79683b70479bfb5","geometry":{"type":"MultiPolygon","coordinates":[[[[-80.9449772,44.5670579],[-80.9449645,44.5669992],[-80.9447309,44.5670241],[-80.9447327,44.5670322],[-80.9447115,44.5670345],[-80.9447187,44.5670673],[-80.9447371,44.5670652],[-80.9447432,44.5670933],[-80.9449328,44.5670721],[-80.9449308,44.567063],[-80.9449772,44.5670579]]]]},"properties":{"structure_id":"structure_59a0e79683b70479bfb5","external_source":"openstreetmap","external_id":"a2601948690","building_type":"unclassified","source_building_tag":"yes","source_timestamp":null,"confidence":"source_mapped"}},{"type":"Feature","id":"structure_9a1fbc5b4590f789e754","geometry":{"type":"MultiPolygon","coordinates":[[[[-80.9449708,44.5669947],[-80.9449688,44.5669844],[-80.9449579,44.5669336],[-80.9448949,44.5669405],[-80.944888,44.566908],[-80.944783,44.5669198],[-80.9448037,44.5670134],[-80.9449708,44.5669947]]]]},"properties":{"structure_id":"structure_9a1fbc5b4590f789e754","external_source":"openstreetmap","external_id":"a2601948696","building_type":"unclassified","source_building_tag":"yes","source_timestamp":null,"confidence":"source_mapped"}},{"type":"Feature","id":"structure_dfd3a3dc05a9cd094a1e","geometry":{"type":"MultiPolygon","coordinates":[[[[-80.9451194,44.5668232],[-80.9451046,44.5667481],[-80.9448587,44.5667787],[-80.9448424,44.5667803],[-80.9448556,44.566849],[-80.9451194,44.5668232]]]]},"properties":{"structure_id":"structure_dfd3a3dc05a9cd094a1e","external_source":"openstreetmap","external_id":"a2601948702","building_type":"unclassified","source_building_tag":"yes","source_timestamp":null,"confidence":"source_mapped"}},{"type":"Feature","id":"structure_6f8dbe422ded2072175c","geometry":{"type":"MultiPolygon","coordinates":[[[[-80.945069,44.5666766],[-80.9450412,44.566565],[-80.9447879,44.566597],[-80.9448157,44.5667086],[-80.945069,44.5666766]]]]},"properties":{"structure_id":"structure_6f8dbe422ded2072175c","external_source":"openstreetmap","external_id":"a2601948704","building_type":"unclassified","source_building_tag":"yes","source_timestamp":null,"confidence":"source_mapped"}},{"type":"Feature","id":"structure_b102b20204a6883309a1","geometry":{"type":"MultiPolygon","coordinates":[[[[-80.9451115,44.5663694],[-80.9450937,44.5662929],[-80.9449932,44.5663039],[-80.944812,44.5663237],[-80.9448214,44.5663697],[-80.9448474,44.566367],[-80.9448586,44.5664213],[-80.9449735,44.5664093],[-80.9449706,44.566395],[-80.9449957,44.5663942],[-80.9450889,44.5663832],[-80.9450864,44.5663724],[-80.9451115,44.5663694]]]]},"properties":{"structure_id":"structure_b102b20204a6883309a1","external_source":"openstreetmap","external_id":"a2601948710","building_type":"unclassified","source_building_tag":"yes","source_timestamp":null,"confidence":"source_mapped"}},{"type":"Feature","id":"structure_f1dbba256e83b93e2394","geometry":{"type":"MultiPolygon","coordinates":[[[[-80.9451817,44.5662461],[-80.9451794,44.5662331],[-80.9451672,44.5661763],[-80.9451112,44.5661824],[-80.9450996,44.5661285],[-80.9449783,44.5661414],[-80.9449865,44.5661818],[-80.9449604,44.5661845],[-80.9449748,44.5662526],[-80.9449768,44.5662654],[-80.9451817,44.5662461]]]]},"properties":{"structure_id":"structure_f1dbba256e83b93e2394","external_source":"openstreetmap","external_id":"a2601948716","building_type":"unclassified","source_building_tag":"yes","source_timestamp":null,"confidence":"source_mapped"}},{"type":"Feature","id":"structure_ba44c67c4d43da56ca18","geometry":{"type":"MultiPolygon","coordinates":[[[[-80.9452669,44.5658725],[-80.9452589,44.5657995],[-80.9452553,44.565766],[-80.9452484,44.5657035],[-80.9451,44.5657117],[-80.9448305,44.5657267],[-80.9448495,44.5659005],[-80.9448519,44.5659223],[-80.9449529,44.5659167],[-80.9449499,44.5658901],[-80.9452669,44.5658725]]]]},"properties":{"structure_id":"structure_ba44c67c4d43da56ca18","external_source":"openstreetmap","external_id":"a2601948728","building_type":"apartment","source_building_tag":"apartments","source_timestamp":null,"confidence":"source_mapped"}},{"type":"Feature","id":"structure_e6acfc470b5ee4b0978e","geometry":{"type":"MultiPolygon","coordinates":[[[[-80.9453448,44.5657594],[-80.9453319,44.5656911],[-80.9452626,44.5656978],[-80.9452756,44.5657661],[-80.9453448,44.5657594]]]]},"properties":{"structure_id":"structure_e6acfc470b5ee4b0978e","external_source":"openstreetmap","external_id":"a2601948730","building_type":"unclassified","source_building_tag":"yes","source_timestamp":null,"confidence":"source_mapped"}},{"type":"Feature","id":"structure_65285ab9902d87545c13","geometry":{"type":"MultiPolygon","coordinates":[[[[-80.9456036,44.5657082],[-80.945587,44.5656347],[-80.9454092,44.5656541],[-80.9454138,44.5656809],[-80.9454286,44.5657674],[-80.9455672,44.5657519],[-80.9455593,44.565714],[-80.9456036,44.5657082]]]]},"properties":{"structure_id":"structure_65285ab9902d87545c13","external_source":"openstreetmap","external_id":"a2601948732","building_type":"unclassified","source_building_tag":"yes","source_timestamp":null,"confidence":"source_mapped"}},{"type":"Feature","id":"structure_0960fb2132f7cd0f1083","geometry":{"type":"MultiPolygon","coordinates":[[[[-80.9453849,44.5658386],[-80.9453806,44.5658203],[-80.9453729,44.5657875],[-80.9452766,44.565799],[-80.9452886,44.5658501],[-80.9453849,44.5658386]]]]},"properties":{"structure_id":"structure_0960fb2132f7cd0f1083","external_source":"openstreetmap","external_id":"a2601948734","building_type":"unclassified","source_building_tag":"yes","source_timestamp":null,"confidence":"source_mapped"}},{"type":"Feature","id":"structure_f45b50f22fe14e1af907","geometry":{"type":"MultiPolygon","coordinates":[[[[-80.9455936,44.5658759],[-80.945574,44.5657916],[-80.9454326,44.5658084],[-80.945434,44.5658145],[-80.9454522,44.5658926],[-80.9455936,44.5658759]]]]},"properties":{"structure_id":"structure_f45b50f22fe14e1af907","external_source":"openstreetmap","external_id":"a2601948736","building_type":"residential","source_building_tag":"house","source_timestamp":null,"confidence":"source_mapped"}},{"type":"Feature","id":"structure_65bdcf12a66b280b8898","geometry":{"type":"MultiPolygon","coordinates":[[[[-80.945597,44.566165],[-80.9455771,44.5660612],[-80.9455065,44.5660681],[-80.9455003,44.5660356],[-80.9454141,44.566044],[-80.9454403,44.5661803],[-80.945597,44.566165]]]]},"properties":{"structure_id":"structure_65bdcf12a66b280b8898","external_source":"openstreetmap","external_id":"a2601948738","building_type":"residential","source_building_tag":"house","source_timestamp":null,"confidence":"source_mapped"}},{"type":"Feature","id":"structure_7234a5f73173b8699943","geometry":{"type":"MultiPolygon","coordinates":[[[[-80.9453858,44.5662116],[-80.9453732,44.566151],[-80.9452762,44.5661612],[-80.9452888,44.5662218],[-80.9453858,44.5662116]]]]},"properties":{"structure_id":"structure_7234a5f73173b8699943","external_source":"openstreetmap","external_id":"a2601948740","building_type":"unclassified","source_building_tag":"yes","source_timestamp":null,"confidence":"source_mapped"}},{"type":"Feature","id":"structure_784620b612dd340869f7","geometry":{"type":"MultiPolygon","coordinates":[[[[-80.9456157,44.566305],[-80.9455986,44.5662098],[-80.9453749,44.566231],[-80.9453883,44.5662991],[-80.9454447,44.5662933],[-80.9454504,44.5663215],[-80.9456157,44.566305]]]]},"properties":{"structure_id":"structure_784620b612dd340869f7","external_source":"openstreetmap","external_id":"a2601948742","building_type":"unclassified","source_building_tag":"yes","source_timestamp":null,"confidence":"source_mapped"}},{"type":"Feature","id":"structure_075d8b5cc94efc86ad92","geometry":{"type":"MultiPolygon","coordinates":[[[[-80.9457029,44.5664858],[-80.9456855,44.5664017],[-80.9456341,44.5664071],[-80.9456265,44.5663704],[-80.9454033,44.5663939],[-80.9454135,44.5664434],[-80.9454741,44.5664371],[-80.9454832,44.5664811],[-80.9455499,44.5664741],[-80.9455555,44.5665012],[-80.9457029,44.5664858]]]]},"properties":{"structure_id":"structure_075d8b5cc94efc86ad92","external_source":"openstreetmap","external_id":"a2601948752","building_type":"unclassified","source_building_tag":"yes","source_timestamp":null,"confidence":"source_mapped"}},{"type":"Feature","id":"structure_1110a2b54c235273e050","geometry":{"type":"MultiPolygon","coordinates":[[[[-80.9457356,44.5666039],[-80.9457153,44.5665187],[-80.9454726,44.5665481],[-80.9454736,44.5665522],[-80.9454854,44.5666016],[-80.9454162,44.5666099],[-80.9454328,44.5666797],[-80.945538,44.5666678],[-80.9455288,44.566629],[-80.9457356,44.5666039]]]]},"properties":{"structure_id":"structure_1110a2b54c235273e050","external_source":"openstreetmap","external_id":"a2601948754","building_type":"residential","source_building_tag":"house","source_timestamp":null,"confidence":"source_mapped"}},{"type":"Feature","id":"structure_51312003819fb1dabc5c","geometry":{"type":"MultiPolygon","coordinates":[[[[-80.9457304,44.5667394],[-80.9457114,44.5666671],[-80.9455925,44.5666831],[-80.9456086,44.5667551],[-80.9456952,44.5667453],[-80.9457304,44.5667394]]]]},"properties":{"structure_id":"structure_51312003819fb1dabc5c","external_source":"openstreetmap","external_id":"a2601948756","building_type":"unclassified","source_building_tag":"yes","source_timestamp":null,"confidence":"source_mapped"}},{"type":"Feature","id":"structure_4d1d493ab219a37f331d","geometry":{"type":"MultiPolygon","coordinates":[[[[-80.9458475,44.5668977],[-80.9458309,44.5668211],[-80.945715,44.5668339],[-80.9457237,44.5668728],[-80.9456283,44.5668837],[-80.9456365,44.5669207],[-80.9458475,44.5668977]]]]},"properties":{"structure_id":"structure_4d1d493ab219a37f331d","external_source":"openstreetmap","external_id":"a2601948758","building_type":"unclassified","source_building_tag":"yes","source_timestamp":null,"confidence":"source_mapped"}},{"type":"Feature","id":"structure_a0f70e6b630fec40828f","geometry":{"type":"MultiPolygon","coordinates":[[[[-80.946438,44.5735034],[-80.9464094,44.5733329],[-80.945804,44.5732211],[-80.9457951,44.5732441],[-80.9457701,44.5732642],[-80.9457272,44.5732654],[-80.9457776,44.5735734],[-80.946438,44.5735034]]]]},"properties":{"structure_id":"structure_a0f70e6b630fec40828f","external_source":"openstreetmap","external_id":"a2606308522","building_type":"unclassified","source_building_tag":"yes","source_timestamp":null,"confidence":"source_mapped"}},{"type":"Feature","id":"structure_31f4a7b40a59ce2fc371","geometry":{"type":"MultiPolygon","coordinates":[[[[-80.9482125,44.5847646],[-80.9480145,44.5847326],[-80.9479789,44.5848444],[-80.9481769,44.5848764],[-80.9482125,44.5847646]]]]},"properties":{"structure_id":"structure_31f4a7b40a59ce2fc371","external_source":"openstreetmap","external_id":"a2606310558","building_type":"unclassified","source_building_tag":"yes","source_timestamp":null,"confidence":"source_mapped"}},{"type":"Feature","id":"structure_e22e6fc77c8f90b565d7","geometry":{"type":"MultiPolygon","coordinates":[[[[-80.946827,44.5872094],[-80.9466341,44.5871779],[-80.9465349,44.5874865],[-80.9467277,44.5875179],[-80.946827,44.5872094]]]]},"properties":{"structure_id":"structure_e22e6fc77c8f90b565d7","external_source":"openstreetmap","external_id":"a2606310570","building_type":"unclassified","source_building_tag":"yes","source_timestamp":null,"confidence":"source_mapped"}},{"type":"Feature","id":"structure_f85c644a7636e71b97db","geometry":{"type":"MultiPolygon","coordinates":[[[[-80.9469312,44.5879623],[-80.946876,44.5876491],[-80.9466293,44.5876712],[-80.9466845,44.5879843],[-80.9469312,44.5879623]]]]},"properties":{"structure_id":"structure_f85c644a7636e71b97db","external_source":"openstreetmap","external_id":"a2606310572","building_type":"unclassified","source_building_tag":"yes","source_timestamp":null,"confidence":"source_mapped"}},{"type":"Feature","id":"structure_2c1ad5938cc39d1f211d","geometry":{"type":"MultiPolygon","coordinates":[[[[-80.925767,44.5554183],[-80.9257177,44.5551539],[-80.9254752,44.5551769],[-80.9255149,44.5553898],[-80.9256075,44.555381],[-80.9256171,44.5554325],[-80.925767,44.5554183]]]]},"properties":{"structure_id":"structure_2c1ad5938cc39d1f211d","external_source":"openstreetmap","external_id":"a2606310818","building_type":"unclassified","source_building_tag":"yes","source_timestamp":null,"confidence":"source_mapped"}},{"type":"Feature","id":"structure_55fb1fd3568061aed3df","geometry":{"type":"MultiPolygon","coordinates":[[[[-80.9417543,44.5713186],[-80.9416174,44.5712737],[-80.9415763,44.5713374],[-80.9412753,44.5712387],[-80.9411959,44.5713616],[-80.9416778,44.5715197],[-80.9417522,44.5714046],[-80.9417081,44.5713901],[-80.9417543,44.5713186]]]]},"properties":{"structure_id":"structure_55fb1fd3568061aed3df","external_source":"openstreetmap","external_id":"a2606720606","building_type":"unclassified","source_building_tag":"yes","source_timestamp":null,"confidence":"source_mapped"}},{"type":"Feature","id":"structure_9ffd29ce5948aab92237","geometry":{"type":"MultiPolygon","coordinates":[[[[-80.9211946,44.5818903],[-80.921135,44.5816535],[-80.9208479,44.5816901],[-80.9209074,44.581927],[-80.9211946,44.5818903]]]]},"properties":{"structure_id":"structure_9ffd29ce5948aab92237","external_source":"openstreetmap","external_id":"a2606720608","building_type":"unclassified","source_building_tag":"yes","source_timestamp":null,"confidence":"source_mapped"}},{"type":"Feature","id":"structure_9aa9591952bfe430d820","geometry":{"type":"MultiPolygon","coordinates":[[[[-80.9228787,44.5814633],[-80.92264,44.5814051],[-80.9225531,44.5815858],[-80.9227917,44.5816441],[-80.9228787,44.5814633]]]]},"properties":{"structure_id":"structure_9aa9591952bfe430d820","external_source":"openstreetmap","external_id":"a2606720610","building_type":"unclassified","source_building_tag":"yes","source_timestamp":null,"confidence":"source_mapped"}},{"type":"Feature","id":"structure_f34d35e45e2be178cc7b","geometry":{"type":"MultiPolygon","coordinates":[[[[-80.9207875,44.5819308],[-80.9207478,44.5817666],[-80.9204141,44.5818075],[-80.9204538,44.5819717],[-80.9207875,44.5819308]]]]},"properties":{"structure_id":"structure_f34d35e45e2be178cc7b","external_source":"openstreetmap","external_id":"a2606720612","building_type":"unclassified","source_building_tag":"yes","source_timestamp":null,"confidence":"source_mapped"}},{"type":"Feature","id":"structure_06f1297c9f84dbb0ab12","geometry":{"type":"MultiPolygon","coordinates":[[[[-80.9252517,44.5765955],[-80.9251419,44.5765733],[-80.9252441,44.576317],[-80.9249763,44.5762628],[-80.9248175,44.576661],[-80.9250978,44.5767178],[-80.925108,44.5766923],[-80.9252052,44.576712],[-80.9252517,44.5765955]]]]},"properties":{"structure_id":"structure_06f1297c9f84dbb0ab12","external_source":"openstreetmap","external_id":"a2606720640","building_type":"unclassified","source_building_tag":"yes","source_timestamp":null,"confidence":"source_mapped"}},{"type":"Feature","id":"structure_28071465754bcd2e59bb","geometry":{"type":"MultiPolygon","coordinates":[[[[-80.9259731,44.5560602],[-80.9259526,44.55596],[-80.925764,44.5559828],[-80.9257517,44.5559228],[-80.9256069,44.5559404],[-80.9256562,44.5561511],[-80.9257913,44.5561336],[-80.9257845,44.5560809],[-80.9259731,44.5560602]]]]},"properties":{"structure_id":"structure_28071465754bcd2e59bb","external_source":"openstreetmap","external_id":"a2607839688","building_type":"commercial","source_building_tag":"commercial","source_timestamp":null,"confidence":"source_mapped"}},{"type":"Feature","id":"structure_1d576cff1800b451f3b7","geometry":{"type":"MultiPolygon","coordinates":[[[[-80.9507467,44.5736927],[-80.9507292,44.5736045],[-80.9505054,44.573627],[-80.9505229,44.5737152],[-80.9507467,44.5736927]]]]},"properties":{"structure_id":"structure_1d576cff1800b451f3b7","external_source":"openstreetmap","external_id":"a2610272556","building_type":"unclassified","source_building_tag":"yes","source_timestamp":null,"confidence":"source_mapped"}},{"type":"Feature","id":"structure_fb31a8991f7061132503","geometry":{"type":"MultiPolygon","coordinates":[[[[-80.9489554,44.5746827],[-80.9489135,44.5744904],[-80.9484294,44.5745439],[-80.9484712,44.5747362],[-80.9489554,44.5746827]]]]},"properties":{"structure_id":"structure_fb31a8991f7061132503","external_source":"openstreetmap","external_id":"a2634556978","building_type":"unclassified","source_building_tag":"yes","source_timestamp":null,"confidence":"source_mapped"}},{"type":"Feature","id":"structure_4209cfaece36403e7907","geometry":{"type":"MultiPolygon","coordinates":[[[[-80.9485906,44.5739959],[-80.9485503,44.5738144],[-80.9483182,44.5738405],[-80.9483584,44.574022],[-80.9485906,44.5739959]]]]},"properties":{"structure_id":"structure_4209cfaece36403e7907","external_source":"openstreetmap","external_id":"a2634556980","building_type":"unclassified","source_building_tag":"yes","source_timestamp":null,"confidence":"source_mapped"}},{"type":"Feature","id":"structure_fe0e23820ca63fd5cfec","geometry":{"type":"MultiPolygon","coordinates":[[[[-80.9385719,44.5705896],[-80.9383721,44.5705198],[-80.9382326,44.5707223],[-80.9384325,44.5707921],[-80.9385719,44.5705896]]]]},"properties":{"structure_id":"structure_fe0e23820ca63fd5cfec","external_source":"openstreetmap","external_id":"a2634556982","building_type":"unclassified","source_building_tag":"yes","source_timestamp":null,"confidence":"source_mapped"}},{"type":"Feature","id":"structure_b27f627910bb10ddd8f5","geometry":{"type":"MultiPolygon","coordinates":[[[[-80.9386603,44.5742064],[-80.93835,44.5741038],[-80.9382108,44.5743174],[-80.9384345,44.5743913],[-80.9384923,44.5743026],[-80.9385789,44.5743313],[-80.9386603,44.5742064]]]]},"properties":{"structure_id":"structure_b27f627910bb10ddd8f5","external_source":"openstreetmap","external_id":"a2634556984","building_type":"unclassified","source_building_tag":"yes","source_timestamp":null,"confidence":"source_mapped"}},{"type":"Feature","id":"structure_73865d4dc7efb8147b6a","geometry":{"type":"MultiPolygon","coordinates":[[[[-80.9390353,44.5740102],[-80.9387569,44.5739181],[-80.9386399,44.5740975],[-80.9387036,44.5741186],[-80.9386723,44.5741665],[-80.9388871,44.5742375],[-80.9390353,44.5740102]]]]},"properties":{"structure_id":"structure_73865d4dc7efb8147b6a","external_source":"openstreetmap","external_id":"a2634556986","building_type":"unclassified","source_building_tag":"yes","source_timestamp":null,"confidence":"source_mapped"}},{"type":"Feature","id":"structure_e9927b408209109da42b","geometry":{"type":"MultiPolygon","coordinates":[[[[-80.9501919,44.573584],[-80.9501348,44.5733272],[-80.9496541,44.5733829],[-80.9497172,44.5736504],[-80.9499305,44.573691],[-80.9500957,44.5736696],[-80.9500777,44.5735926],[-80.9501919,44.573584]]]]},"properties":{"structure_id":"structure_e9927b408209109da42b","external_source":"openstreetmap","external_id":"a2651069130","building_type":"unclassified","source_building_tag":"yes","source_timestamp":null,"confidence":"source_mapped"}},{"type":"Feature","id":"structure_48530a026ba254c0bdaa","geometry":{"type":"MultiPolygon","coordinates":[[[[-80.9205923,44.5891644],[-80.9202443,44.5890868],[-80.9201898,44.5892105],[-80.9205379,44.5892882],[-80.9205923,44.5891644]]]]},"properties":{"structure_id":"structure_48530a026ba254c0bdaa","external_source":"openstreetmap","external_id":"a2651070748","building_type":"unclassified","source_building_tag":"yes","source_timestamp":null,"confidence":"source_mapped"}},{"type":"Feature","id":"structure_c9227f4fbd7d74e92324","geometry":{"type":"MultiPolygon","coordinates":[[[[-80.909881,44.570899],[-80.9098628,44.5708031],[-80.9095341,44.5708347],[-80.9095523,44.5709307],[-80.909881,44.570899]]]]},"properties":{"structure_id":"structure_c9227f4fbd7d74e92324","external_source":"openstreetmap","external_id":"a2651072660","building_type":"unclassified","source_building_tag":"yes","source_timestamp":null,"confidence":"source_mapped"}},{"type":"Feature","id":"structure_ee8152b715e0107ba12d","geometry":{"type":"MultiPolygon","coordinates":[[[[-80.9061082,44.5757082],[-80.9060309,44.5753295],[-80.9056919,44.5753646],[-80.9057691,44.5757433],[-80.9061082,44.5757082]]]]},"properties":{"structure_id":"structure_ee8152b715e0107ba12d","external_source":"openstreetmap","external_id":"a2658718528","building_type":"unclassified","source_building_tag":"yes","source_timestamp":null,"confidence":"source_mapped"}},{"type":"Feature","id":"structure_e4de6cb5872d6b5c40fa","geometry":{"type":"MultiPolygon","coordinates":[[[[-80.9074384,44.5755697],[-80.9073552,44.5751844],[-80.9070154,44.5752217],[-80.9070985,44.575607],[-80.9074384,44.5755697]]]]},"properties":{"structure_id":"structure_e4de6cb5872d6b5c40fa","external_source":"openstreetmap","external_id":"a2658718530","building_type":"unclassified","source_building_tag":"yes","source_timestamp":null,"confidence":"source_mapped"}},{"type":"Feature","id":"structure_f1b63b6e2e266f7b66e4","geometry":{"type":"MultiPolygon","coordinates":[[[[-80.9474435,44.5671385],[-80.9474018,44.5669578],[-80.9472184,44.5669793],[-80.9472653,44.567155],[-80.9474435,44.5671385]]]]},"properties":{"structure_id":"structure_f1b63b6e2e266f7b66e4","external_source":"openstreetmap","external_id":"a2683827808","building_type":"unclassified","source_building_tag":"yes","source_timestamp":null,"confidence":"source_mapped"}},{"type":"Feature","id":"structure_1d5a8e326fdb0efdc000","geometry":{"type":"MultiPolygon","coordinates":[[[[-80.9474558,44.5667549],[-80.9474399,44.5666515],[-80.9473039,44.5666621],[-80.9473198,44.5667655],[-80.9474558,44.5667549]]]]},"properties":{"structure_id":"structure_1d5a8e326fdb0efdc000","external_source":"openstreetmap","external_id":"a2683827812","building_type":"residential","source_building_tag":"house","source_timestamp":null,"confidence":"source_mapped"}},{"type":"Feature","id":"structure_ef0eaec7e8e136c27d92","geometry":{"type":"MultiPolygon","coordinates":[[[[-80.9474117,44.5665767],[-80.9473894,44.5664836],[-80.9472471,44.5665009],[-80.9472063,44.5665059],[-80.9472287,44.5665997],[-80.9471811,44.5666055],[-80.9471963,44.5666688],[-80.9473005,44.5666561],[-80.9472852,44.5665921],[-80.9474117,44.5665767]]]]},"properties":{"structure_id":"structure_ef0eaec7e8e136c27d92","external_source":"openstreetmap","external_id":"a2683827814","building_type":"residential","source_building_tag":"house","source_timestamp":null,"confidence":"source_mapped"}},{"type":"Feature","id":"structure_ae473708e5f98640d6a2","geometry":{"type":"MultiPolygon","coordinates":[[[[-80.9473643,44.566359],[-80.9473492,44.566288],[-80.9472323,44.5663006],[-80.9472395,44.5663345],[-80.94721,44.5663377],[-80.9472152,44.5663622],[-80.9472496,44.5663585],[-80.9472653,44.5664322],[-80.9472349,44.5664355],[-80.9472435,44.5664759],[-80.9473508,44.5664643],[-80.947341,44.5664182],[-80.9473638,44.5664157],[-80.947352,44.5663603],[-80.9473643,44.566359]]]]},"properties":{"structure_id":"structure_ae473708e5f98640d6a2","external_source":"openstreetmap","external_id":"a2683827816","building_type":"residential","source_building_tag":"house","source_timestamp":null,"confidence":"source_mapped"}},{"type":"Feature","id":"structure_17d72c7e0f800e57b733","geometry":{"type":"MultiPolygon","coordinates":[[[[-80.9473561,44.5662705],[-80.94729,44.5660198],[-80.9472032,44.5660314],[-80.9471527,44.5660382],[-80.9472188,44.5662889],[-80.9473561,44.5662705]]]]},"properties":{"structure_id":"structure_17d72c7e0f800e57b733","external_source":"openstreetmap","external_id":"a2683827818","building_type":"residential","source_building_tag":"house","source_timestamp":null,"confidence":"source_mapped"}},{"type":"Feature","id":"structure_3d66977d99ff57a4ade6","geometry":{"type":"MultiPolygon","coordinates":[[[[-80.9471816,44.5659534],[-80.9471515,44.5658287],[-80.9468276,44.5658683],[-80.9468488,44.5659565],[-80.9469903,44.5659392],[-80.9469991,44.5659757],[-80.9471172,44.5659612],[-80.9471816,44.5659534]]]]},"properties":{"structure_id":"structure_3d66977d99ff57a4ade6","external_source":"openstreetmap","external_id":"a2683827820","building_type":"residential","source_building_tag":"house","source_timestamp":null,"confidence":"source_mapped"}},{"type":"Feature","id":"structure_00bd0b05895af6682725","geometry":{"type":"MultiPolygon","coordinates":[[[[-80.9472367,44.5656748],[-80.9471963,44.5654998],[-80.946988,44.5655285],[-80.9470298,44.5657022],[-80.9472367,44.5656748]]]]},"properties":{"structure_id":"structure_00bd0b05895af6682725","external_source":"openstreetmap","external_id":"a2683827822","building_type":"residential","source_building_tag":"house","source_timestamp":null,"confidence":"source_mapped"}},{"type":"Feature","id":"structure_cd04b5730e3689e88296","geometry":{"type":"MultiPolygon","coordinates":[[[[-80.9469888,44.5655913],[-80.9469813,44.565525],[-80.9469248,44.5655344],[-80.9469368,44.5655964],[-80.9469888,44.5655913]]]]},"properties":{"structure_id":"structure_cd04b5730e3689e88296","external_source":"openstreetmap","external_id":"a2683827824","building_type":"unclassified","source_building_tag":"yes","source_timestamp":null,"confidence":"source_mapped"}},{"type":"Feature","id":"structure_954f0b6e18a6aa598bf0","geometry":{"type":"MultiPolygon","coordinates":[[[[-80.9469208,44.5656235],[-80.9468986,44.5654927],[-80.9467665,44.5655041],[-80.9467887,44.5656349],[-80.9469208,44.5656235]]]]},"properties":{"structure_id":"structure_954f0b6e18a6aa598bf0","external_source":"openstreetmap","external_id":"a2683827826","building_type":"residential","source_building_tag":"house","source_timestamp":null,"confidence":"source_mapped"}},{"type":"Feature","id":"structure_c32ba9a687b009f3a131","geometry":{"type":"MultiPolygon","coordinates":[[[[-80.9467495,44.5656301],[-80.9467275,44.5655287],[-80.946582,44.5655447],[-80.946604,44.5656461],[-80.9467495,44.5656301]]]]},"properties":{"structure_id":"structure_c32ba9a687b009f3a131","external_source":"openstreetmap","external_id":"a2683827828","building_type":"residential","source_building_tag":"house","source_timestamp":null,"confidence":"source_mapped"}},{"type":"Feature","id":"structure_7cc693949272d0deb1dc","geometry":{"type":"MultiPolygon","coordinates":[[[[-80.9465817,44.5656617],[-80.9465644,44.5655611],[-80.9463917,44.5655762],[-80.9464095,44.5656794],[-80.9464534,44.5656756],[-80.9464556,44.565688],[-80.9465492,44.5656798],[-80.9465466,44.5656648],[-80.9465817,44.5656617]]]]},"properties":{"structure_id":"structure_7cc693949272d0deb1dc","external_source":"openstreetmap","external_id":"a2683827830","building_type":"residential","source_building_tag":"house","source_timestamp":null,"confidence":"source_mapped"}},{"type":"Feature","id":"structure_7bf26d30552aad47c398","geometry":{"type":"MultiPolygon","coordinates":[[[[-80.9463674,44.5656949],[-80.9463359,44.5655678],[-80.9462298,44.5655812],[-80.9462614,44.5657083],[-80.9463674,44.5656949]]]]},"properties":{"structure_id":"structure_7bf26d30552aad47c398","external_source":"openstreetmap","external_id":"a2683827832","building_type":"residential","source_building_tag":"house","source_timestamp":null,"confidence":"source_mapped"}},{"type":"Feature","id":"structure_af63e29488f54ae9b120","geometry":{"type":"MultiPolygon","coordinates":[[[[-80.9462307,44.5656379],[-80.9462189,44.5655827],[-80.9461178,44.5655937],[-80.9461295,44.5656488],[-80.9462307,44.5656379]]]]},"properties":{"structure_id":"structure_af63e29488f54ae9b120","external_source":"openstreetmap","external_id":"a2683827834","building_type":"residential","source_building_tag":"house","source_timestamp":null,"confidence":"source_mapped"}},{"type":"Feature","id":"structure_dac28c2cc4064c408aa4","geometry":{"type":"MultiPolygon","coordinates":[[[[-80.9460771,44.5656713],[-80.9460554,44.565559],[-80.9458989,44.5655743],[-80.9459206,44.5656866],[-80.9460771,44.5656713]]]]},"properties":{"structure_id":"structure_dac28c2cc4064c408aa4","external_source":"openstreetmap","external_id":"a2683827836","building_type":"residential","source_building_tag":"house","source_timestamp":null,"confidence":"source_mapped"}},{"type":"Feature","id":"structure_49dbbe7ae0522bbd9a52","geometry":{"type":"MultiPolygon","coordinates":[[[[-80.9460853,44.5658312],[-80.9460652,44.5657275],[-80.9459155,44.5657421],[-80.9459355,44.5658459],[-80.9460853,44.5658312]]]]},"properties":{"structure_id":"structure_49dbbe7ae0522bbd9a52","external_source":"openstreetmap","external_id":"a2683827838","building_type":"unclassified","source_building_tag":"yes","source_timestamp":null,"confidence":"source_mapped"}},{"type":"Feature","id":"structure_f1fb519c985d85b8b49a","geometry":{"type":"MultiPolygon","coordinates":[[[[-80.946332,44.5663998],[-80.9463075,44.5662859],[-80.9460955,44.566309],[-80.9461201,44.566423],[-80.946332,44.5663998]]]]},"properties":{"structure_id":"structure_f1fb519c985d85b8b49a","external_source":"openstreetmap","external_id":"a2683827850","building_type":"residential","source_building_tag":"house","source_timestamp":null,"confidence":"source_mapped"}},{"type":"Feature","id":"structure_219807c7e19053c51e49","geometry":{"type":"MultiPolygon","coordinates":[[[[-80.9465498,44.5662975],[-80.9465356,44.5662302],[-80.9464459,44.5662398],[-80.9464601,44.5663071],[-80.9465498,44.5662975]]]]},"properties":{"structure_id":"structure_219807c7e19053c51e49","external_source":"openstreetmap","external_id":"a2683827852","building_type":"unclassified","source_building_tag":"yes","source_timestamp":null,"confidence":"source_mapped"}},{"type":"Feature","id":"structure_3819468bfe1cf5c3ff63","geometry":{"type":"MultiPolygon","coordinates":[[[[-80.9463806,44.56678],[-80.946358,44.5666802],[-80.9461896,44.5666995],[-80.9462122,44.5667993],[-80.9463806,44.56678]]]]},"properties":{"structure_id":"structure_3819468bfe1cf5c3ff63","external_source":"openstreetmap","external_id":"a2683827854","building_type":"unclassified","source_building_tag":"yes","source_timestamp":null,"confidence":"source_mapped"}},{"type":"Feature","id":"structure_236138c9116846e32b64","geometry":{"type":"MultiPolygon","coordinates":[[[[-80.9464485,44.5669085],[-80.9464301,44.5668148],[-80.9462113,44.5668366],[-80.9462297,44.5669304],[-80.9464485,44.5669085]]]]},"properties":{"structure_id":"structure_236138c9116846e32b64","external_source":"openstreetmap","external_id":"a2683827860","building_type":"unclassified","source_building_tag":"yes","source_timestamp":null,"confidence":"source_mapped"}},{"type":"Feature","id":"structure_e4e2bcb77717da8c1389","geometry":{"type":"MultiPolygon","coordinates":[[[[-80.9465575,44.5671208],[-80.9465432,44.5670591],[-80.9465131,44.5670563],[-80.9465017,44.5670075],[-80.9464203,44.5670171],[-80.9464331,44.5670719],[-80.946375,44.5670788],[-80.946367,44.5670447],[-80.9462694,44.5670562],[-80.9462926,44.5671557],[-80.946301,44.5671916],[-80.946427,44.5671767],[-80.9464306,44.5671922],[-80.9464747,44.567187],[-80.946549,44.5671782],[-80.9465362,44.5671233],[-80.9465575,44.5671208]]]]},"properties":{"structure_id":"structure_e4e2bcb77717da8c1389","external_source":"openstreetmap","external_id":"a2683827874","building_type":"unclassified","source_building_tag":"yes","source_timestamp":null,"confidence":"source_mapped"}},{"type":"Feature","id":"structure_73375587a2a384cefbe4","geometry":{"type":"MultiPolygon","coordinates":[[[[-80.9467785,44.567134],[-80.946753,44.5670184],[-80.9465901,44.5670367],[-80.9466156,44.5671523],[-80.9467785,44.567134]]]]},"properties":{"structure_id":"structure_73375587a2a384cefbe4","external_source":"openstreetmap","external_id":"a2683827876","building_type":"unclassified","source_building_tag":"yes","source_timestamp":null,"confidence":"source_mapped"}},{"type":"Feature","id":"structure_216c2cc47e0156fea87e","geometry":{"type":"MultiPolygon","coordinates":[[[[-80.9470058,44.5671047],[-80.9469844,44.5669905],[-80.9469723,44.5669408],[-80.9469456,44.5669437],[-80.946887,44.5669505],[-80.9468934,44.5669788],[-80.9468061,44.5669889],[-80.946832,44.5671218],[-80.9470058,44.5671047]]]]},"properties":{"structure_id":"structure_216c2cc47e0156fea87e","external_source":"openstreetmap","external_id":"a2683827878","building_type":"residential","source_building_tag":"house","source_timestamp":null,"confidence":"source_mapped"}},{"type":"Feature","id":"structure_58b7ead2007c9bd3727f","geometry":{"type":"MultiPolygon","coordinates":[[[[-80.9469125,44.5667986],[-80.9468902,44.5667188],[-80.9467061,44.5667373],[-80.9467251,44.5668204],[-80.9469125,44.5667986]]]]},"properties":{"structure_id":"structure_58b7ead2007c9bd3727f","external_source":"openstreetmap","external_id":"a2683827884","building_type":"unclassified","source_building_tag":"yes","source_timestamp":null,"confidence":"source_mapped"}},{"type":"Feature","id":"structure_7a2bf481431ed7377789","geometry":{"type":"MultiPolygon","coordinates":[[[[-80.9549197,44.5788885],[-80.9547577,44.5788648],[-80.9547391,44.5789295],[-80.9547798,44.5789354],[-80.9547778,44.5789424],[-80.954899,44.5789601],[-80.9549197,44.5788885]]]]},"properties":{"structure_id":"structure_7a2bf481431ed7377789","external_source":"openstreetmap","external_id":"a2684860294","building_type":"residential","source_building_tag":"house","source_timestamp":null,"confidence":"source_mapped"}},{"type":"Feature","id":"structure_3c272856983e951ab4dc","geometry":{"type":"MultiPolygon","coordinates":[[[[-80.9117575,44.5758944],[-80.9117154,44.575725],[-80.9113134,44.5757758],[-80.9113736,44.576018],[-80.9114852,44.5760039],[-80.9114671,44.5759311],[-80.9117575,44.5758944]]]]},"properties":{"structure_id":"structure_3c272856983e951ab4dc","external_source":"openstreetmap","external_id":"a2690476594","building_type":"unclassified","source_building_tag":"yes","source_timestamp":null,"confidence":"source_mapped"}},{"type":"Feature","id":"structure_e3839f38c75148a3eeb0","geometry":{"type":"MultiPolygon","coordinates":[[[[-80.9120612,44.5760709],[-80.9120438,44.5759948],[-80.9118955,44.5760121],[-80.9119129,44.5760882],[-80.9120612,44.5760709]]]]},"properties":{"structure_id":"structure_e3839f38c75148a3eeb0","external_source":"openstreetmap","external_id":"a2690476596","building_type":"unclassified","source_building_tag":"yes","source_timestamp":null,"confidence":"source_mapped"}},{"type":"Feature","id":"structure_879ff2a58323249615ad","geometry":{"type":"MultiPolygon","coordinates":[[[[-80.9117296,44.5765627],[-80.9116375,44.5762182],[-80.9114649,44.5762416],[-80.9115571,44.5765861],[-80.9117296,44.5765627]]]]},"properties":{"structure_id":"structure_879ff2a58323249615ad","external_source":"openstreetmap","external_id":"a2690476598","building_type":"unclassified","source_building_tag":"yes","source_timestamp":null,"confidence":"source_mapped"}},{"type":"Feature","id":"structure_23081d5a044c434fa448","geometry":{"type":"MultiPolygon","coordinates":[[[[-80.9283299,44.5743099],[-80.9280891,44.5742614],[-80.928031,44.5744077],[-80.9282718,44.5744563],[-80.9283299,44.5743099]]]]},"properties":{"structure_id":"structure_23081d5a044c434fa448","external_source":"openstreetmap","external_id":"a2697512948","building_type":"unclassified","source_building_tag":"yes","source_timestamp":null,"confidence":"source_mapped"}},{"type":"Feature","id":"structure_e8d337cf8fac03e7e105","geometry":{"type":"MultiPolygon","coordinates":[[[[-80.9378574,44.5701751],[-80.9374246,44.5700349],[-80.9370645,44.5705993],[-80.9373284,44.5706847],[-80.9375352,44.5703605],[-80.9377042,44.5704152],[-80.9378574,44.5701751]]]]},"properties":{"structure_id":"structure_e8d337cf8fac03e7e105","external_source":"openstreetmap","external_id":"a2706431622","building_type":"residential","source_building_tag":"residential","source_timestamp":null,"confidence":"source_mapped"}},{"type":"Feature","id":"structure_5376ee2a7488825e386d","geometry":{"type":"MultiPolygon","coordinates":[[[[-80.9430831,44.5637897],[-80.9430261,44.5635306],[-80.9429503,44.563539],[-80.943007,44.5637979],[-80.9430831,44.5637897]]]]},"properties":{"structure_id":"structure_5376ee2a7488825e386d","external_source":"openstreetmap","external_id":"a2716884932","building_type":"unclassified","source_building_tag":"yes","source_timestamp":null,"confidence":"source_mapped"}},{"type":"Feature","id":"structure_c80b99e83131b9477020","geometry":{"type":"MultiPolygon","coordinates":[[[[-80.943007,44.5637979],[-80.9429503,44.563539],[-80.9428607,44.5635498],[-80.9429188,44.563808],[-80.943007,44.5637979]]]]},"properties":{"structure_id":"structure_c80b99e83131b9477020","external_source":"openstreetmap","external_id":"a2716884934","building_type":"unclassified","source_building_tag":"yes","source_timestamp":null,"confidence":"source_mapped"}},{"type":"Feature","id":"structure_3b20f9b9e01bfb1b9bff","geometry":{"type":"MultiPolygon","coordinates":[[[[-80.9429188,44.563808],[-80.9428607,44.5635498],[-80.9426949,44.563568],[-80.9427151,44.5636599],[-80.9427376,44.5636574],[-80.9427742,44.5638243],[-80.9429188,44.563808]]]]},"properties":{"structure_id":"structure_3b20f9b9e01bfb1b9bff","external_source":"openstreetmap","external_id":"a2716884936","building_type":"unclassified","source_building_tag":"yes","source_timestamp":null,"confidence":"source_mapped"}},{"type":"Feature","id":"structure_fef6b06501f99d1ba09e","geometry":{"type":"MultiPolygon","coordinates":[[[[-80.9427742,44.5638243],[-80.9427376,44.5636574],[-80.9427151,44.5636599],[-80.9426949,44.563568],[-80.942616,44.5635768],[-80.9426772,44.5638354],[-80.9427742,44.5638243]]]]},"properties":{"structure_id":"structure_fef6b06501f99d1ba09e","external_source":"openstreetmap","external_id":"a2716884938","building_type":"unclassified","source_building_tag":"yes","source_timestamp":null,"confidence":"source_mapped"}},{"type":"Feature","id":"structure_8e19d284f4273ae6aab4","geometry":{"type":"MultiPolygon","coordinates":[[[[-80.9426772,44.5638354],[-80.942616,44.5635768],[-80.9426078,44.5635416],[-80.9424556,44.5635579],[-80.9425159,44.5638384],[-80.9425404,44.5638518],[-80.9426772,44.5638354]]]]},"properties":{"structure_id":"structure_8e19d284f4273ae6aab4","external_source":"openstreetmap","external_id":"a2716884940","building_type":"unclassified","source_building_tag":"yes","source_timestamp":null,"confidence":"source_mapped"}},{"type":"Feature","id":"structure_66a11f78710fba4a63f9","geometry":{"type":"MultiPolygon","coordinates":[[[[-80.9427793,44.5635143],[-80.9427678,44.5634601],[-80.9426677,44.5634709],[-80.9424425,44.5634956],[-80.9424556,44.5635579],[-80.9426078,44.5635416],[-80.9426737,44.5635345],[-80.9426752,44.5635416],[-80.9426937,44.5635396],[-80.9427247,44.5635202],[-80.9427793,44.5635143]]]]},"properties":{"structure_id":"structure_66a11f78710fba4a63f9","external_source":"openstreetmap","external_id":"a2716884942","building_type":"unclassified","source_building_tag":"yes","source_timestamp":null,"confidence":"source_mapped"}},{"type":"Feature","id":"structure_b923850f05af9da1e93e","geometry":{"type":"MultiPolygon","coordinates":[[[[-80.9428221,44.5634535],[-80.9428045,44.5633798],[-80.942652,44.5633983],[-80.9426677,44.5634709],[-80.9427678,44.5634601],[-80.9428221,44.5634535]]]]},"properties":{"structure_id":"structure_b923850f05af9da1e93e","external_source":"openstreetmap","external_id":"a2716884944","building_type":"unclassified","source_building_tag":"yes","source_timestamp":null,"confidence":"source_mapped"}},{"type":"Feature","id":"structure_b73dc888704ad40a1354","geometry":{"type":"MultiPolygon","coordinates":[[[[-80.9426677,44.5634709],[-80.942652,44.5633983],[-80.9424181,44.563424],[-80.9424338,44.5634966],[-80.9424425,44.5634956],[-80.9426677,44.5634709]]]]},"properties":{"structure_id":"structure_b73dc888704ad40a1354","external_source":"openstreetmap","external_id":"a2716884946","building_type":"unclassified","source_building_tag":"yes","source_timestamp":null,"confidence":"source_mapped"}},{"type":"Feature","id":"structure_69e930520d9a832d57ea","geometry":{"type":"MultiPolygon","coordinates":[[[[-80.9448066,44.5634423],[-80.9447989,44.5634039],[-80.9447411,44.5634098],[-80.9447068,44.5634132],[-80.9447145,44.5634517],[-80.9447562,44.5634474],[-80.9448066,44.5634423]]]]},"properties":{"structure_id":"structure_69e930520d9a832d57ea","external_source":"openstreetmap","external_id":"a2751656086","building_type":"unclassified","source_building_tag":"yes","source_timestamp":null,"confidence":"source_mapped"}},{"type":"Feature","id":"structure_e5aba6777678e5bdf40d","geometry":{"type":"MultiPolygon","coordinates":[[[[-80.9451117,44.5635393],[-80.9450394,44.5632417],[-80.9449056,44.563258],[-80.9449714,44.563555],[-80.9451117,44.5635393]]]]},"properties":{"structure_id":"structure_e5aba6777678e5bdf40d","external_source":"openstreetmap","external_id":"a2751656092","building_type":"residential","source_building_tag":"terrace","source_timestamp":null,"confidence":"source_mapped"}},{"type":"Feature","id":"structure_d1b6381e2691142ba098","geometry":{"type":"MultiPolygon","coordinates":[[[[-80.9449837,44.5632361],[-80.9449624,44.5631562],[-80.9447885,44.5631799],[-80.9448099,44.5632597],[-80.9449837,44.5632361]]]]},"properties":{"structure_id":"structure_d1b6381e2691142ba098","external_source":"openstreetmap","external_id":"a2751656096","building_type":"residential","source_building_tag":"house","source_timestamp":null,"confidence":"source_mapped"}},{"type":"Feature","id":"structure_ff35bfca5d0d50408ea2","geometry":{"type":"MultiPolygon","coordinates":[[[[-80.9449636,44.5631106],[-80.9449525,44.5630597],[-80.9447277,44.5630845],[-80.9447447,44.563163],[-80.9449188,44.5631438],[-80.9449128,44.5631162],[-80.9449636,44.5631106]]]]},"properties":{"structure_id":"structure_ff35bfca5d0d50408ea2","external_source":"openstreetmap","external_id":"a2751656098","building_type":"residential","source_building_tag":"house","source_timestamp":null,"confidence":"source_mapped"}},{"type":"Feature","id":"structure_b7fffd24f11a28e128bf","geometry":{"type":"MultiPolygon","coordinates":[[[[-80.9449009,44.5630541],[-80.9448865,44.5629779],[-80.9447154,44.5629944],[-80.9447299,44.5630706],[-80.9449009,44.5630541]]]]},"properties":{"structure_id":"structure_b7fffd24f11a28e128bf","external_source":"openstreetmap","external_id":"a2751656100","building_type":"residential","source_building_tag":"house","source_timestamp":null,"confidence":"source_mapped"}},{"type":"Feature","id":"structure_55a8eae8ccdfeae68dcb","geometry":{"type":"MultiPolygon","coordinates":[[[[-80.9448673,44.5629654],[-80.9448525,44.5628904],[-80.9446332,44.5629124],[-80.944648,44.5629873],[-80.9448673,44.5629654]]]]},"properties":{"structure_id":"structure_55a8eae8ccdfeae68dcb","external_source":"openstreetmap","external_id":"a2751656102","building_type":"residential","source_building_tag":"house","source_timestamp":null,"confidence":"source_mapped"}},{"type":"Feature","id":"structure_36fbfd0fd1381afce255","geometry":{"type":"MultiPolygon","coordinates":[[[[-80.9448119,44.5628773],[-80.9447967,44.5628017],[-80.9446067,44.562821],[-80.944618,44.5628775],[-80.9446402,44.5628753],[-80.944644,44.5628943],[-80.9448119,44.5628773]]]]},"properties":{"structure_id":"structure_36fbfd0fd1381afce255","external_source":"openstreetmap","external_id":"a2751656104","building_type":"residential","source_building_tag":"house","source_timestamp":null,"confidence":"source_mapped"}},{"type":"Feature","id":"structure_1a78e9c0908c44d46105","geometry":{"type":"MultiPolygon","coordinates":[[[[-80.9445568,44.5626819],[-80.9445442,44.5626347],[-80.9445135,44.5626389],[-80.9445061,44.5626111],[-80.9443283,44.5626353],[-80.9443367,44.5626666],[-80.9442551,44.5626777],[-80.9442755,44.5627541],[-80.9445389,44.5627184],[-80.9445301,44.5626855],[-80.9445568,44.5626819]]]]},"properties":{"structure_id":"structure_1a78e9c0908c44d46105","external_source":"openstreetmap","external_id":"a2751656106","building_type":"residential","source_building_tag":"house","source_timestamp":null,"confidence":"source_mapped"}},{"type":"Feature","id":"structure_07d1936190d60b37bbfe","geometry":{"type":"MultiPolygon","coordinates":[[[[-80.9447698,44.5624768],[-80.9447556,44.5624095],[-80.9447039,44.5624151],[-80.9446975,44.5624032],[-80.944553,44.5624155],[-80.9445593,44.562445],[-80.944518,44.5624495],[-80.9445293,44.5625026],[-80.9447698,44.5624768]]]]},"properties":{"structure_id":"structure_07d1936190d60b37bbfe","external_source":"openstreetmap","external_id":"a37920377","building_type":"residential","source_building_tag":"house","source_timestamp":null,"confidence":"source_mapped"}},{"type":"Feature","id":"structure_297289aa27f81305b663","geometry":{"type":"MultiPolygon","coordinates":[[[[-80.9447092,44.5623878],[-80.944687,44.5622829],[-80.9445483,44.5622978],[-80.9445551,44.5623299],[-80.9445181,44.5623339],[-80.9445335,44.5624068],[-80.9447092,44.5623878]]]]},"properties":{"structure_id":"structure_297289aa27f81305b663","external_source":"openstreetmap","external_id":"a2751656112","building_type":"residential","source_building_tag":"house","source_timestamp":null,"confidence":"source_mapped"}},{"type":"Feature","id":"structure_3142c0cb393bca5e5a50","geometry":{"type":"MultiPolygon","coordinates":[[[[-80.9446561,44.562214],[-80.944636,44.5621335],[-80.9444455,44.5621576],[-80.9444616,44.5622219],[-80.9444377,44.562225],[-80.9444501,44.5622749],[-80.9445986,44.5622561],[-80.9445902,44.5622223],[-80.9446561,44.562214]]]]},"properties":{"structure_id":"structure_3142c0cb393bca5e5a50","external_source":"openstreetmap","external_id":"a2751656114","building_type":"residential","source_building_tag":"house","source_timestamp":null,"confidence":"source_mapped"}},{"type":"Feature","id":"structure_a9f4e40d4a91aa8b9a4c","geometry":{"type":"MultiPolygon","coordinates":[[[[-80.9446752,44.5620809],[-80.9446625,44.5620167],[-80.9444781,44.5620353],[-80.9444838,44.5620643],[-80.9444392,44.5620688],[-80.944453,44.5621385],[-80.9446376,44.56212],[-80.9446308,44.5620854],[-80.9446752,44.5620809]]]]},"properties":{"structure_id":"structure_a9f4e40d4a91aa8b9a4c","external_source":"openstreetmap","external_id":"a2751656116","building_type":"residential","source_building_tag":"house","source_timestamp":null,"confidence":"source_mapped"}},{"type":"Feature","id":"structure_975b1e30559810cda3ee","geometry":{"type":"MultiPolygon","coordinates":[[[[-80.9446074,44.5619425],[-80.9445863,44.5618525],[-80.9443949,44.5618752],[-80.9444201,44.561983],[-80.9445631,44.561966],[-80.944559,44.5619483],[-80.9446074,44.5619425]]]]},"properties":{"structure_id":"structure_975b1e30559810cda3ee","external_source":"openstreetmap","external_id":"a2751656118","building_type":"residential","source_building_tag":"house","source_timestamp":null,"confidence":"source_mapped"}},{"type":"Feature","id":"structure_e75198381096b61808a9","geometry":{"type":"MultiPolygon","coordinates":[[[[-80.9446082,44.5617171],[-80.9445918,44.5616419],[-80.9443523,44.5616685],[-80.9443754,44.561774],[-80.9443135,44.5617809],[-80.9443306,44.5618594],[-80.9444455,44.5618467],[-80.9444298,44.5617748],[-80.9445654,44.5617598],[-80.9445573,44.5617227],[-80.9446082,44.5617171]]]]},"properties":{"structure_id":"structure_e75198381096b61808a9","external_source":"openstreetmap","external_id":"a2751656120","building_type":"residential","source_building_tag":"house","source_timestamp":null,"confidence":"source_mapped"}},{"type":"Feature","id":"structure_e936c20dca8b1705516d","geometry":{"type":"MultiPolygon","coordinates":[[[[-80.9445934,44.5615544],[-80.9445843,44.5615001],[-80.9443541,44.5615197],[-80.9443629,44.561572],[-80.9444179,44.5615673],[-80.9444239,44.5616024],[-80.9445464,44.561592],[-80.9445408,44.5615589],[-80.9445934,44.5615544]]]]},"properties":{"structure_id":"structure_e936c20dca8b1705516d","external_source":"openstreetmap","external_id":"a2751656122","building_type":"residential","source_building_tag":"house","source_timestamp":null,"confidence":"source_mapped"}},{"type":"Feature","id":"structure_2a4ae04df2df90c0d168","geometry":{"type":"MultiPolygon","coordinates":[[[[-80.9445713,44.5614749],[-80.9445535,44.5613895],[-80.9443145,44.5614148],[-80.9443322,44.5615002],[-80.9445713,44.5614749]]]]},"properties":{"structure_id":"structure_2a4ae04df2df90c0d168","external_source":"openstreetmap","external_id":"a2751656124","building_type":"residential","source_building_tag":"house","source_timestamp":null,"confidence":"source_mapped"}},{"type":"Feature","id":"structure_d6fbeab204df2c15bd3d","geometry":{"type":"MultiPolygon","coordinates":[[[[-80.9442158,44.5614485],[-80.9442066,44.561407],[-80.9440972,44.5614194],[-80.9441065,44.5614609],[-80.9442158,44.5614485]]]]},"properties":{"structure_id":"structure_d6fbeab204df2c15bd3d","external_source":"openstreetmap","external_id":"a2751656126","building_type":"unclassified","source_building_tag":"yes","source_timestamp":null,"confidence":"source_mapped"}},{"type":"Feature","id":"structure_971a6902b88c19b4d9f3","geometry":{"type":"MultiPolygon","coordinates":[[[[-80.9440158,44.5613276],[-80.9440088,44.5612913],[-80.9439339,44.5612986],[-80.9439409,44.5613349],[-80.9440158,44.5613276]]]]},"properties":{"structure_id":"structure_971a6902b88c19b4d9f3","external_source":"openstreetmap","external_id":"a2751656128","building_type":"unclassified","source_building_tag":"yes","source_timestamp":null,"confidence":"source_mapped"}},{"type":"Feature","id":"structure_8fc66be27f098e8f8be0","geometry":{"type":"MultiPolygon","coordinates":[[[[-80.9445536,44.5613629],[-80.9445376,44.5612824],[-80.9443805,44.5612983],[-80.9443965,44.5613788],[-80.9445536,44.5613629]]]]},"properties":{"structure_id":"structure_8fc66be27f098e8f8be0","external_source":"openstreetmap","external_id":"a2751656130","building_type":"residential","source_building_tag":"house","source_timestamp":null,"confidence":"source_mapped"}},{"type":"Feature","id":"structure_b1f90c195d8f0f1fd77c","geometry":{"type":"MultiPolygon","coordinates":[[[[-80.9444122,44.5612269],[-80.944388,44.5611189],[-80.9442269,44.5611372],[-80.944251,44.5612452],[-80.9444122,44.5612269]]]]},"properties":{"structure_id":"structure_b1f90c195d8f0f1fd77c","external_source":"openstreetmap","external_id":"a2751656132","building_type":"residential","source_building_tag":"house","source_timestamp":null,"confidence":"source_mapped"}},{"type":"Feature","id":"structure_8026b6dbc5aab629e173","geometry":{"type":"MultiPolygon","coordinates":[[[[-80.9444469,44.5610321],[-80.9444337,44.5609724],[-80.9442253,44.5609957],[-80.9442473,44.5610956],[-80.9444161,44.5610767],[-80.9444073,44.5610365],[-80.9444469,44.5610321]]]]},"properties":{"structure_id":"structure_8026b6dbc5aab629e173","external_source":"openstreetmap","external_id":"a2751656134","building_type":"residential","source_building_tag":"house","source_timestamp":null,"confidence":"source_mapped"}},{"type":"Feature","id":"structure_e4cd6d69871add4e6109","geometry":{"type":"MultiPolygon","coordinates":[[[[-80.944407,44.5609013],[-80.9443948,44.5608496],[-80.9443646,44.5608532],[-80.9443584,44.5608267],[-80.9441485,44.5608519],[-80.944162,44.5609093],[-80.9442153,44.560903],[-80.9442245,44.560942],[-80.9443838,44.5609229],[-80.9443795,44.5609046],[-80.944407,44.5609013]]]]},"properties":{"structure_id":"structure_e4cd6d69871add4e6109","external_source":"openstreetmap","external_id":"a2751656136","building_type":"residential","source_building_tag":"house","source_timestamp":null,"confidence":"source_mapped"}},{"type":"Feature","id":"structure_a5e08e2c52949e0daeaf","geometry":{"type":"MultiPolygon","coordinates":[[[[-80.9443929,44.5607963],[-80.9443697,44.5607073],[-80.9441858,44.5607317],[-80.944209,44.5608206],[-80.9443929,44.5607963]]]]},"properties":{"structure_id":"structure_a5e08e2c52949e0daeaf","external_source":"openstreetmap","external_id":"a2751656138","building_type":"residential","source_building_tag":"house","source_timestamp":null,"confidence":"source_mapped"}},{"type":"Feature","id":"structure_46043d8078330ce864dc","geometry":{"type":"MultiPolygon","coordinates":[[[[-80.944338,44.5606469],[-80.9443233,44.5605618],[-80.9441613,44.560576],[-80.9441659,44.5606026],[-80.9441095,44.5606076],[-80.9441196,44.5606661],[-80.944338,44.5606469]]]]},"properties":{"structure_id":"structure_46043d8078330ce864dc","external_source":"openstreetmap","external_id":"a2751656140","building_type":"residential","source_building_tag":"house","source_timestamp":null,"confidence":"source_mapped"}},{"type":"Feature","id":"structure_1bee2672bb73b85e7490","geometry":{"type":"MultiPolygon","coordinates":[[[[-80.9443247,44.560501],[-80.9442972,44.5603983],[-80.9440934,44.5604261],[-80.9441129,44.5604988],[-80.9441512,44.5604936],[-80.9441593,44.5605235],[-80.9443247,44.560501]]]]},"properties":{"structure_id":"structure_1bee2672bb73b85e7490","external_source":"openstreetmap","external_id":"a2751656142","building_type":"residential","source_building_tag":"house","source_timestamp":null,"confidence":"source_mapped"}},{"type":"Feature","id":"structure_cd8f39021d0d4adf4f32","geometry":{"type":"MultiPolygon","coordinates":[[[[-80.9441356,44.5603678],[-80.9441135,44.5602561],[-80.9438854,44.5602789],[-80.9438998,44.5603521],[-80.9439872,44.5603434],[-80.9439948,44.5603819],[-80.9441356,44.5603678]]]]},"properties":{"structure_id":"structure_cd8f39021d0d4adf4f32","external_source":"openstreetmap","external_id":"a2751656144","building_type":"residential","source_building_tag":"house","source_timestamp":null,"confidence":"source_mapped"}},{"type":"Feature","id":"structure_52ae1b2fa5f9f33839d2","geometry":{"type":"MultiPolygon","coordinates":[[[[-80.9425618,44.5616558],[-80.9425345,44.5615371],[-80.9422076,44.5615754],[-80.9422349,44.561694],[-80.9425618,44.5616558]]]]},"properties":{"structure_id":"structure_52ae1b2fa5f9f33839d2","external_source":"openstreetmap","external_id":"a2751656150","building_type":"residential","source_building_tag":"house","source_timestamp":null,"confidence":"source_mapped"}},{"type":"Feature","id":"structure_f8dc86257f0215ed164d","geometry":{"type":"MultiPolygon","coordinates":[[[[-80.942884,44.561859],[-80.9428646,44.5617825],[-80.9427864,44.5617926],[-80.9427742,44.5617441],[-80.9426881,44.5617552],[-80.9427198,44.5618801],[-80.942884,44.561859]]]]},"properties":{"structure_id":"structure_f8dc86257f0215ed164d","external_source":"openstreetmap","external_id":"a2751656152","building_type":"residential","source_building_tag":"house","source_timestamp":null,"confidence":"source_mapped"}},{"type":"Feature","id":"structure_8c40a55da6186d01a993","geometry":{"type":"MultiPolygon","coordinates":[[[[-80.9422064,44.5613351],[-80.9421914,44.5612781],[-80.9419815,44.5613062],[-80.9419965,44.5613632],[-80.9422064,44.5613351]]]]},"properties":{"structure_id":"structure_8c40a55da6186d01a993","external_source":"openstreetmap","external_id":"a2751656154","building_type":"residential","source_building_tag":"house","source_timestamp":null,"confidence":"source_mapped"}},{"type":"Feature","id":"structure_2e0046d1d85add1796ef","geometry":{"type":"MultiPolygon","coordinates":[[[[-80.9421851,44.5612028],[-80.9421813,44.5611852],[-80.9421731,44.5611466],[-80.9419444,44.5611714],[-80.9419564,44.5612276],[-80.9421851,44.5612028]]]]},"properties":{"structure_id":"structure_2e0046d1d85add1796ef","external_source":"openstreetmap","external_id":"a2751656156","building_type":"residential","source_building_tag":"house","source_timestamp":null,"confidence":"source_mapped"}},{"type":"Feature","id":"structure_6a4f39f6efdad225ef72","geometry":{"type":"MultiPolygon","coordinates":[[[[-80.9420814,44.5610664],[-80.9420667,44.5609898],[-80.9419066,44.5610055],[-80.9419213,44.561082],[-80.9420814,44.5610664]]]]},"properties":{"structure_id":"structure_6a4f39f6efdad225ef72","external_source":"openstreetmap","external_id":"a2751656158","building_type":"residential","source_building_tag":"house","source_timestamp":null,"confidence":"source_mapped"}},{"type":"Feature","id":"structure_aac73f48d4ef06f01070","geometry":{"type":"MultiPolygon","coordinates":[[[[-80.9424733,44.5608434],[-80.9423911,44.5605007],[-80.9422308,44.5605202],[-80.9418961,44.5605609],[-80.9419323,44.5607118],[-80.9419639,44.5608439],[-80.9420166,44.5608375],[-80.9420263,44.5608777],[-80.9421595,44.5608615],[-80.9421503,44.560823],[-80.9421709,44.5608205],[-80.9421848,44.5608785],[-80.9424733,44.5608434]]]]},"properties":{"structure_id":"structure_aac73f48d4ef06f01070","external_source":"openstreetmap","external_id":"a2751656160","building_type":"unclassified","source_building_tag":"yes","source_timestamp":null,"confidence":"source_mapped"}},{"type":"Feature","id":"structure_1ab0025db57e99463d4e","geometry":{"type":"MultiPolygon","coordinates":[[[[-80.9421673,44.5604687],[-80.942152,44.560394],[-80.9417812,44.5604325],[-80.9417964,44.5605072],[-80.9421673,44.5604687]]]]},"properties":{"structure_id":"structure_1ab0025db57e99463d4e","external_source":"openstreetmap","external_id":"a2751656174","building_type":"residential","source_building_tag":"house","source_timestamp":null,"confidence":"source_mapped"}},{"type":"Feature","id":"structure_b8f1d44dadc707cad0aa","geometry":{"type":"MultiPolygon","coordinates":[[[[-80.9420003,44.5603735],[-80.9419858,44.5602973],[-80.9417642,44.5603187],[-80.9417816,44.5604101],[-80.9419363,44.5603952],[-80.9419393,44.5603794],[-80.9420003,44.5603735]]]]},"properties":{"structure_id":"structure_b8f1d44dadc707cad0aa","external_source":"openstreetmap","external_id":"a2751656176","building_type":"residential","source_building_tag":"house","source_timestamp":null,"confidence":"source_mapped"}},{"type":"Feature","id":"structure_11ac1cc0d46e86995989","geometry":{"type":"MultiPolygon","coordinates":[[[[-80.9421346,44.5603412],[-80.9421195,44.5602746],[-80.94208,44.5602792],[-80.9420349,44.5602844],[-80.94205,44.5603509],[-80.9421346,44.5603412]]]]},"properties":{"structure_id":"structure_11ac1cc0d46e86995989","external_source":"openstreetmap","external_id":"a2751656178","building_type":"unclassified","source_building_tag":"yes","source_timestamp":null,"confidence":"source_mapped"}},{"type":"Feature","id":"structure_24e22ba663bff0da859a","geometry":{"type":"MultiPolygon","coordinates":[[[[-80.9419089,44.560285],[-80.9418963,44.5602189],[-80.9417792,44.5602302],[-80.9417919,44.5602963],[-80.9419089,44.560285]]]]},"properties":{"structure_id":"structure_24e22ba663bff0da859a","external_source":"openstreetmap","external_id":"a2751656180","building_type":"residential","source_building_tag":"house","source_timestamp":null,"confidence":"source_mapped"}},{"type":"Feature","id":"structure_24832b9696fcb85ea266","geometry":{"type":"MultiPolygon","coordinates":[[[[-80.9421197,44.5600373],[-80.942119,44.5600002],[-80.9420579,44.5600007],[-80.9420586,44.5600378],[-80.9421197,44.5600373]]]]},"properties":{"structure_id":"structure_24832b9696fcb85ea266","external_source":"openstreetmap","external_id":"a2751656188","building_type":"unclassified","source_building_tag":"yes","source_timestamp":null,"confidence":"source_mapped"}},{"type":"Feature","id":"structure_58583050a1f948e388e9","geometry":{"type":"MultiPolygon","coordinates":[[[[-80.9421492,44.5599001],[-80.9420101,44.5598201],[-80.9419472,44.5598756],[-80.9420509,44.5599354],[-80.9420696,44.5599267],[-80.9420995,44.5599439],[-80.9421492,44.5599001]]]]},"properties":{"structure_id":"structure_58583050a1f948e388e9","external_source":"openstreetmap","external_id":"a2751656200","building_type":"residential","source_building_tag":"house","source_timestamp":null,"confidence":"source_mapped"}},{"type":"Feature","id":"structure_158ff2b881f77d4f3530","geometry":{"type":"MultiPolygon","coordinates":[[[[-80.9422828,44.5597499],[-80.9421874,44.5596992],[-80.9421236,44.5597602],[-80.942096,44.5597456],[-80.9420362,44.5598028],[-80.9421849,44.5598817],[-80.9422748,44.5597957],[-80.9422492,44.5597821],[-80.9422828,44.5597499]]]]},"properties":{"structure_id":"structure_158ff2b881f77d4f3530","external_source":"openstreetmap","external_id":"a2751656202","building_type":"residential","source_building_tag":"house","source_timestamp":null,"confidence":"source_mapped"}},{"type":"Feature","id":"structure_78a5a1e43aa3446a0dec","geometry":{"type":"MultiPolygon","coordinates":[[[[-80.9424588,44.5595812],[-80.9423342,44.5595126],[-80.9422643,44.559577],[-80.9423092,44.5596017],[-80.9422847,44.5596243],[-80.9423643,44.5596682],[-80.9424588,44.5595812]]]]},"properties":{"structure_id":"structure_78a5a1e43aa3446a0dec","external_source":"openstreetmap","external_id":"a2751656204","building_type":"residential","source_building_tag":"house","source_timestamp":null,"confidence":"source_mapped"}},{"type":"Feature","id":"structure_f1e06194024c27e0dc5c","geometry":{"type":"MultiPolygon","coordinates":[[[[-80.9425558,44.55946],[-80.9424703,44.5594193],[-80.9423807,44.5595147],[-80.9424662,44.5595554],[-80.9425558,44.55946]]]]},"properties":{"structure_id":"structure_f1e06194024c27e0dc5c","external_source":"openstreetmap","external_id":"a2751656206","building_type":"residential","source_building_tag":"house","source_timestamp":null,"confidence":"source_mapped"}},{"type":"Feature","id":"structure_54d5d208163e0eef6eaf","geometry":{"type":"MultiPolygon","coordinates":[[[[-80.9427657,44.5593156],[-80.942723,44.5592929],[-80.9427432,44.5592736],[-80.942688,44.5592442],[-80.9425556,44.5593705],[-80.9426536,44.5594226],[-80.9427657,44.5593156]]]]},"properties":{"structure_id":"structure_54d5d208163e0eef6eaf","external_source":"openstreetmap","external_id":"a2751656208","building_type":"residential","source_building_tag":"house","source_timestamp":null,"confidence":"source_mapped"}},{"type":"Feature","id":"structure_b8e5fbb1f4eb80ee7678","geometry":{"type":"MultiPolygon","coordinates":[[[[-80.9429887,44.5591859],[-80.9428373,44.5591053],[-80.9427114,44.5592253],[-80.9428628,44.5593059],[-80.9429887,44.5591859]]]]},"properties":{"structure_id":"structure_b8e5fbb1f4eb80ee7678","external_source":"openstreetmap","external_id":"a2751656210","building_type":"residential","source_building_tag":"house","source_timestamp":null,"confidence":"source_mapped"}},{"type":"Feature","id":"structure_436bc5e35eecbf706c49","geometry":{"type":"MultiPolygon","coordinates":[[[[-80.9431203,44.5590742],[-80.9429763,44.558989],[-80.9428527,44.5590949],[-80.9429968,44.5591802],[-80.9431203,44.5590742]]]]},"properties":{"structure_id":"structure_436bc5e35eecbf706c49","external_source":"openstreetmap","external_id":"a2751656212","building_type":"residential","source_building_tag":"house","source_timestamp":null,"confidence":"source_mapped"}},{"type":"Feature","id":"structure_5ce7e132479508cc7eec","geometry":{"type":"MultiPolygon","coordinates":[[[[-80.9418206,44.5597959],[-80.9417955,44.5596487],[-80.9416054,44.5596651],[-80.9416305,44.5598124],[-80.9418206,44.5597959]]]]},"properties":{"structure_id":"structure_5ce7e132479508cc7eec","external_source":"openstreetmap","external_id":"a2751656216","building_type":"residential","source_building_tag":"house","source_timestamp":null,"confidence":"source_mapped"}},{"type":"Feature","id":"structure_116ada82ea61f703625b","geometry":{"type":"MultiPolygon","coordinates":[[[[-80.9417777,44.5595878],[-80.9417617,44.5595108],[-80.9415855,44.5595294],[-80.9416063,44.5596297],[-80.9417078,44.559619],[-80.941703,44.5595957],[-80.9417777,44.5595878]]]]},"properties":{"structure_id":"structure_116ada82ea61f703625b","external_source":"openstreetmap","external_id":"a2751656218","building_type":"residential","source_building_tag":"house","source_timestamp":null,"confidence":"source_mapped"}},{"type":"Feature","id":"structure_5a49d0ef2a9b93db865f","geometry":{"type":"MultiPolygon","coordinates":[[[[-80.9418348,44.5594496],[-80.9418205,44.5593742],[-80.9416668,44.559389],[-80.9416811,44.5594644],[-80.9418348,44.5594496]]]]},"properties":{"structure_id":"structure_5a49d0ef2a9b93db865f","external_source":"openstreetmap","external_id":"a2751656220","building_type":"residential","source_building_tag":"house","source_timestamp":null,"confidence":"source_mapped"}},{"type":"Feature","id":"structure_cf7ba253665572de4b3c","geometry":{"type":"MultiPolygon","coordinates":[[[[-80.9417704,44.5593295],[-80.9417398,44.5592052],[-80.9416897,44.5592115],[-80.9416773,44.5591614],[-80.941702,44.5591583],[-80.9416946,44.5591282],[-80.9417317,44.5591235],[-80.9417186,44.5590704],[-80.9416332,44.5590811],[-80.9416422,44.5591174],[-80.9415255,44.559132],[-80.9415691,44.5593087],[-80.9416426,44.5592995],[-80.9416536,44.5593441],[-80.9417704,44.5593295]]]]},"properties":{"structure_id":"structure_cf7ba253665572de4b3c","external_source":"openstreetmap","external_id":"a2751656222","building_type":"residential","source_building_tag":"house","source_timestamp":null,"confidence":"source_mapped"}},{"type":"Feature","id":"structure_35a80c1d5fca501ec521","geometry":{"type":"MultiPolygon","coordinates":[[[[-80.941616,44.5590658],[-80.9415878,44.558975],[-80.9414394,44.5589984],[-80.9414677,44.5590893],[-80.941616,44.5590658]]]]},"properties":{"structure_id":"structure_35a80c1d5fca501ec521","external_source":"openstreetmap","external_id":"a2751656224","building_type":"residential","source_building_tag":"house","source_timestamp":null,"confidence":"source_mapped"}},{"type":"Feature","id":"structure_7d79e69e02fdcd4053ba","geometry":{"type":"MultiPolygon","coordinates":[[[[-80.9418682,44.5590602],[-80.9418415,44.5589637],[-80.941721,44.5589807],[-80.9417477,44.5590771],[-80.9418682,44.5590602]]]]},"properties":{"structure_id":"structure_7d79e69e02fdcd4053ba","external_source":"openstreetmap","external_id":"a2751656226","building_type":"residential","source_building_tag":"house","source_timestamp":null,"confidence":"source_mapped"}},{"type":"Feature","id":"structure_7a688b49a59441d1db25","geometry":{"type":"MultiPolygon","coordinates":[[[[-80.9421645,44.5590628],[-80.9421408,44.5589587],[-80.9420177,44.558973],[-80.9420415,44.5590771],[-80.9421645,44.5590628]]]]},"properties":{"structure_id":"structure_7a688b49a59441d1db25","external_source":"openstreetmap","external_id":"a2751656228","building_type":"residential","source_building_tag":"house","source_timestamp":null,"confidence":"source_mapped"}},{"type":"Feature","id":"structure_759d0bb4952ff462d9ff","geometry":{"type":"MultiPolygon","coordinates":[[[[-80.9422767,44.558983],[-80.9422743,44.5589746],[-80.94226,44.5589156],[-80.9421794,44.5589257],[-80.9421961,44.5589931],[-80.9422767,44.558983]]]]},"properties":{"structure_id":"structure_759d0bb4952ff462d9ff","external_source":"openstreetmap","external_id":"a2751656230","building_type":"residential","source_building_tag":"house","source_timestamp":null,"confidence":"source_mapped"}},{"type":"Feature","id":"structure_56b3a213e314d6423374","geometry":{"type":"MultiPolygon","coordinates":[[[[-80.9423677,44.5589637],[-80.9423509,44.5588903],[-80.9422576,44.5589011],[-80.9422743,44.5589746],[-80.9423677,44.5589637]]]]},"properties":{"structure_id":"structure_56b3a213e314d6423374","external_source":"openstreetmap","external_id":"a2751656232","building_type":"residential","source_building_tag":"house","source_timestamp":null,"confidence":"source_mapped"}},{"type":"Feature","id":"structure_620056d0490fdb402ced","geometry":{"type":"MultiPolygon","coordinates":[[[[-80.9424995,44.5589806],[-80.942474,44.558879],[-80.9423727,44.558892],[-80.9423982,44.5589935],[-80.9424995,44.5589806]]]]},"properties":{"structure_id":"structure_620056d0490fdb402ced","external_source":"openstreetmap","external_id":"a2751656234","building_type":"residential","source_building_tag":"house","source_timestamp":null,"confidence":"source_mapped"}},{"type":"Feature","id":"structure_cd82a7d7c08e67224463","geometry":{"type":"MultiPolygon","coordinates":[[[[-80.9427213,44.5588899],[-80.942654,44.5588519],[-80.9425178,44.5589742],[-80.9425851,44.5590122],[-80.9427213,44.5588899]]]]},"properties":{"structure_id":"structure_cd82a7d7c08e67224463","external_source":"openstreetmap","external_id":"a2751656236","building_type":"residential","source_building_tag":"house","source_timestamp":null,"confidence":"source_mapped"}},{"type":"Feature","id":"structure_e3a80d52ad30753a5b06","geometry":{"type":"MultiPolygon","coordinates":[[[[-80.9425005,44.559121],[-80.9424861,44.5590608],[-80.94241,44.5590701],[-80.9424245,44.5591302],[-80.9425005,44.559121]]]]},"properties":{"structure_id":"structure_e3a80d52ad30753a5b06","external_source":"openstreetmap","external_id":"a2751656238","building_type":"residential","source_building_tag":"house","source_timestamp":null,"confidence":"source_mapped"}},{"type":"Feature","id":"structure_f893bd06550e638af19a","geometry":{"type":"MultiPolygon","coordinates":[[[[-80.9423104,44.5592744],[-80.9422834,44.5591397],[-80.9421643,44.5591518],[-80.9421913,44.5592865],[-80.9423104,44.5592744]]]]},"properties":{"structure_id":"structure_f893bd06550e638af19a","external_source":"openstreetmap","external_id":"a2751656240","building_type":"residential","source_building_tag":"house","source_timestamp":null,"confidence":"source_mapped"}},{"type":"Feature","id":"structure_653bdb8c8e0c47fa0a9f","geometry":{"type":"MultiPolygon","coordinates":[[[[-80.941997,44.5591492],[-80.9419857,44.559094],[-80.9419325,44.5590996],[-80.9419438,44.5591547],[-80.941997,44.5591492]]]]},"properties":{"structure_id":"structure_653bdb8c8e0c47fa0a9f","external_source":"openstreetmap","external_id":"a2751656242","building_type":"unclassified","source_building_tag":"yes","source_timestamp":null,"confidence":"source_mapped"}},{"type":"Feature","id":"structure_0a635ae283d21567e09c","geometry":{"type":"MultiPolygon","coordinates":[[[[-80.9419484,44.5593639],[-80.9419368,44.5593044],[-80.9418343,44.5593145],[-80.9418459,44.559374],[-80.9419484,44.5593639]]]]},"properties":{"structure_id":"structure_0a635ae283d21567e09c","external_source":"openstreetmap","external_id":"a2751656244","building_type":"unclassified","source_building_tag":"yes","source_timestamp":null,"confidence":"source_mapped"}},{"type":"Feature","id":"structure_43f069034b7758c15457","geometry":{"type":"MultiPolygon","coordinates":[[[[-80.9421106,44.5594677],[-80.9420993,44.5593883],[-80.9419336,44.5594002],[-80.9419448,44.5594796],[-80.9421106,44.5594677]]]]},"properties":{"structure_id":"structure_43f069034b7758c15457","external_source":"openstreetmap","external_id":"a2751656246","building_type":"residential","source_building_tag":"house","source_timestamp":null,"confidence":"source_mapped"}},{"type":"Feature","id":"structure_3057e33be15b16cc08bb","geometry":{"type":"MultiPolygon","coordinates":[[[[-80.9420607,44.5595682],[-80.9420218,44.5594848],[-80.9419267,44.5595073],[-80.9419656,44.5595907],[-80.9420607,44.5595682]]]]},"properties":{"structure_id":"structure_3057e33be15b16cc08bb","external_source":"openstreetmap","external_id":"a2751656248","building_type":"residential","source_building_tag":"house","source_timestamp":null,"confidence":"source_mapped"}},{"type":"Feature","id":"structure_d3c0d1d536f77d47ae90","geometry":{"type":"MultiPolygon","coordinates":[[[[-80.9458982,44.5619782],[-80.9458901,44.5619254],[-80.945842,44.5619291],[-80.9458502,44.561982],[-80.9458982,44.5619782]]]]},"properties":{"structure_id":"structure_d3c0d1d536f77d47ae90","external_source":"openstreetmap","external_id":"a2751709394","building_type":"unclassified","source_building_tag":"yes","source_timestamp":null,"confidence":"source_mapped"}},{"type":"Feature","id":"structure_e5c701aa78da18dba0e8","geometry":{"type":"MultiPolygon","coordinates":[[[[-80.9459416,44.5620092],[-80.9459342,44.5619802],[-80.9458657,44.5619891],[-80.945873,44.5620181],[-80.9459416,44.5620092]]]]},"properties":{"structure_id":"structure_e5c701aa78da18dba0e8","external_source":"openstreetmap","external_id":"a2751709396","building_type":"unclassified","source_building_tag":"yes","source_timestamp":null,"confidence":"source_mapped"}},{"type":"Feature","id":"structure_191e17477e07ee562709","geometry":{"type":"MultiPolygon","coordinates":[[[[-80.9456013,44.5620867],[-80.9455898,44.5620319],[-80.9454886,44.5620427],[-80.9455001,44.5620974],[-80.9456013,44.5620867]]]]},"properties":{"structure_id":"structure_191e17477e07ee562709","external_source":"openstreetmap","external_id":"a2751709398","building_type":"unclassified","source_building_tag":"yes","source_timestamp":null,"confidence":"source_mapped"}},{"type":"Feature","id":"structure_fd299968fa299f389f19","geometry":{"type":"MultiPolygon","coordinates":[[[[-80.9460473,44.5621745],[-80.9460431,44.5621475],[-80.9459831,44.5621522],[-80.9459873,44.5621792],[-80.9460473,44.5621745]]]]},"properties":{"structure_id":"structure_fd299968fa299f389f19","external_source":"openstreetmap","external_id":"a2751709400","building_type":"unclassified","source_building_tag":"yes","source_timestamp":null,"confidence":"source_mapped"}},{"type":"Feature","id":"structure_0e083079d497cb35514a","geometry":{"type":"MultiPolygon","coordinates":[[[[-80.9460437,44.5623254],[-80.9460288,44.5622458],[-80.9459169,44.5622564],[-80.9459319,44.562336],[-80.9460437,44.5623254]]]]},"properties":{"structure_id":"structure_0e083079d497cb35514a","external_source":"openstreetmap","external_id":"a2751709402","building_type":"unclassified","source_building_tag":"yes","source_timestamp":null,"confidence":"source_mapped"}},{"type":"Feature","id":"structure_5c340211760de6fd0f0c","geometry":{"type":"MultiPolygon","coordinates":[[[[-80.9460908,44.5623677],[-80.9460877,44.5623396],[-80.9460112,44.5623439],[-80.9460143,44.562372],[-80.9460908,44.5623677]]]]},"properties":{"structure_id":"structure_5c340211760de6fd0f0c","external_source":"openstreetmap","external_id":"a2751709404","building_type":"unclassified","source_building_tag":"yes","source_timestamp":null,"confidence":"source_mapped"}},{"type":"Feature","id":"structure_ece4ca34b4498f6773a3","geometry":{"type":"MultiPolygon","coordinates":[[[[-80.9458219,44.5628709],[-80.9458106,44.5628129],[-80.9457198,44.5628218],[-80.945731,44.5628798],[-80.9457769,44.5628753],[-80.9458219,44.5628709]]]]},"properties":{"structure_id":"structure_ece4ca34b4498f6773a3","external_source":"openstreetmap","external_id":"a2751709406","building_type":"unclassified","source_building_tag":"yes","source_timestamp":null,"confidence":"source_mapped"}},{"type":"Feature","id":"structure_85efe3cc314ce6d0bdb4","geometry":{"type":"MultiPolygon","coordinates":[[[[-80.9458099,44.563023],[-80.9457937,44.5629345],[-80.9457051,44.5629427],[-80.9457213,44.5630312],[-80.9458099,44.563023]]]]},"properties":{"structure_id":"structure_85efe3cc314ce6d0bdb4","external_source":"openstreetmap","external_id":"a2751709408","building_type":"unclassified","source_building_tag":"yes","source_timestamp":null,"confidence":"source_mapped"}},{"type":"Feature","id":"structure_b2ea01e3c0a1786e9d60","geometry":{"type":"MultiPolygon","coordinates":[[[[-80.9454377,44.562042],[-80.9454222,44.5619633],[-80.9452592,44.5619796],[-80.9452532,44.561949],[-80.9452483,44.5619242],[-80.9451192,44.5619372],[-80.9451456,44.5620713],[-80.9454377,44.562042]]]]},"properties":{"structure_id":"structure_b2ea01e3c0a1786e9d60","external_source":"openstreetmap","external_id":"a2751709414","building_type":"residential","source_building_tag":"house","source_timestamp":null,"confidence":"source_mapped"}},{"type":"Feature","id":"structure_6d4c54a94fc911f54021","geometry":{"type":"MultiPolygon","coordinates":[[[[-80.9453419,44.5621609],[-80.9453243,44.5620668],[-80.9451538,44.562083],[-80.9451713,44.5621771],[-80.9453419,44.5621609]]]]},"properties":{"structure_id":"structure_6d4c54a94fc911f54021","external_source":"openstreetmap","external_id":"a2751709416","building_type":"residential","source_building_tag":"house","source_timestamp":null,"confidence":"source_mapped"}},{"type":"Feature","id":"structure_8020e36ecd91c1e6ab38","geometry":{"type":"MultiPolygon","coordinates":[[[[-80.945353,44.5622871],[-80.9453352,44.5621895],[-80.9451574,44.5622058],[-80.9451751,44.5623035],[-80.945353,44.5622871]]]]},"properties":{"structure_id":"structure_8020e36ecd91c1e6ab38","external_source":"openstreetmap","external_id":"a2751709418","building_type":"residential","source_building_tag":"house","source_timestamp":null,"confidence":"source_mapped"}},{"type":"Feature","id":"structure_a2ef124d93394f9be220","geometry":{"type":"MultiPolygon","coordinates":[[[[-80.9454167,44.5624192],[-80.9454085,44.5623735],[-80.9453542,44.5623784],[-80.9453447,44.5623253],[-80.9452181,44.5623368],[-80.9452359,44.5624357],[-80.9454167,44.5624192]]]]},"properties":{"structure_id":"structure_a2ef124d93394f9be220","external_source":"openstreetmap","external_id":"a2751709420","building_type":"residential","source_building_tag":"house","source_timestamp":null,"confidence":"source_mapped"}},{"type":"Feature","id":"structure_1a0c88dba4edb61adf10","geometry":{"type":"MultiPolygon","coordinates":[[[[-80.9453978,44.5625042],[-80.9453855,44.562433],[-80.9452223,44.5624473],[-80.9452346,44.5625185],[-80.9453978,44.5625042]]]]},"properties":{"structure_id":"structure_1a0c88dba4edb61adf10","external_source":"openstreetmap","external_id":"a2751709422","building_type":"residential","source_building_tag":"house","source_timestamp":null,"confidence":"source_mapped"}},{"type":"Feature","id":"structure_5a8317c48956bd8fedf5","geometry":{"type":"MultiPolygon","coordinates":[[[[-80.9454864,44.5626083],[-80.9454758,44.5625478],[-80.9454234,44.5625524],[-80.9454204,44.5625352],[-80.9452492,44.5625505],[-80.9452629,44.5626282],[-80.9454864,44.5626083]]]]},"properties":{"structure_id":"structure_5a8317c48956bd8fedf5","external_source":"openstreetmap","external_id":"a2751709424","building_type":"residential","source_building_tag":"house","source_timestamp":null,"confidence":"source_mapped"}},{"type":"Feature","id":"structure_5a896aeb84d8a053c108","geometry":{"type":"MultiPolygon","coordinates":[[[[-80.9455747,44.5627426],[-80.9455477,44.5626156],[-80.9454447,44.5626268],[-80.9454525,44.5626634],[-80.945309,44.5626788],[-80.9453282,44.5627692],[-80.9455747,44.5627426]]]]},"properties":{"structure_id":"structure_5a896aeb84d8a053c108","external_source":"openstreetmap","external_id":"a2751709426","building_type":"residential","source_building_tag":"house","source_timestamp":null,"confidence":"source_mapped"}},{"type":"Feature","id":"structure_f1ffc3b214a39a83e2a6","geometry":{"type":"MultiPolygon","coordinates":[[[[-80.945557,44.5628722],[-80.9455371,44.56276],[-80.9453121,44.5627803],[-80.9453321,44.5628925],[-80.945557,44.5628722]]]]},"properties":{"structure_id":"structure_f1ffc3b214a39a83e2a6","external_source":"openstreetmap","external_id":"a2751709428","building_type":"residential","source_building_tag":"house","source_timestamp":null,"confidence":"source_mapped"}},{"type":"Feature","id":"structure_ac40a0486cc49281b5c6","geometry":{"type":"MultiPolygon","coordinates":[[[[-80.9455368,44.5630353],[-80.9455219,44.5629562],[-80.9453279,44.5629746],[-80.9453428,44.5630538],[-80.9455368,44.5630353]]]]},"properties":{"structure_id":"structure_ac40a0486cc49281b5c6","external_source":"openstreetmap","external_id":"a2751709430","building_type":"residential","source_building_tag":"house","source_timestamp":null,"confidence":"source_mapped"}},{"type":"Feature","id":"structure_ae509727ba1b6e8f3953","geometry":{"type":"MultiPolygon","coordinates":[[[[-80.9455145,44.5632014],[-80.9454843,44.5630659],[-80.9452813,44.5630889],[-80.9453115,44.5632243],[-80.9455145,44.5632014]]]]},"properties":{"structure_id":"structure_ae509727ba1b6e8f3953","external_source":"openstreetmap","external_id":"a2751709432","building_type":"residential","source_building_tag":"house","source_timestamp":null,"confidence":"source_mapped"}},{"type":"Feature","id":"structure_8f5bcbf07a4442cfc043","geometry":{"type":"MultiPolygon","coordinates":[[[[-80.9456558,44.5634503],[-80.9456298,44.5633314],[-80.9454473,44.5633517],[-80.9454733,44.5634706],[-80.9456558,44.5634503]]]]},"properties":{"structure_id":"structure_8f5bcbf07a4442cfc043","external_source":"openstreetmap","external_id":"a2751709434","building_type":"residential","source_building_tag":"house","source_timestamp":null,"confidence":"source_mapped"}},{"type":"Feature","id":"structure_3681310e4bd16ca040e6","geometry":{"type":"MultiPolygon","coordinates":[[[[-80.9458512,44.5634152],[-80.9458291,44.5633249],[-80.9457541,44.5633342],[-80.9457418,44.5632837],[-80.9456556,44.5632945],[-80.9456901,44.5634353],[-80.9458512,44.5634152]]]]},"properties":{"structure_id":"structure_3681310e4bd16ca040e6","external_source":"openstreetmap","external_id":"a2751709436","building_type":"residential","source_building_tag":"house","source_timestamp":null,"confidence":"source_mapped"}},{"type":"Feature","id":"structure_77e70cfd1fe744e7ac32","geometry":{"type":"MultiPolygon","coordinates":[[[[-80.9461082,44.5633838],[-80.9460872,44.5632763],[-80.9460784,44.5632313],[-80.9458762,44.5632514],[-80.9458842,44.5632919],[-80.9459061,44.5634039],[-80.9461082,44.5633838]]]]},"properties":{"structure_id":"structure_77e70cfd1fe744e7ac32","external_source":"openstreetmap","external_id":"a2751709438","building_type":"residential","source_building_tag":"house","source_timestamp":null,"confidence":"source_mapped"}},{"type":"Feature","id":"structure_2134f550957599079459","geometry":{"type":"MultiPolygon","coordinates":[[[[-80.9462696,44.5633894],[-80.9462408,44.563266],[-80.9461331,44.5632788],[-80.946162,44.5634022],[-80.9462696,44.5633894]]]]},"properties":{"structure_id":"structure_2134f550957599079459","external_source":"openstreetmap","external_id":"a2751709440","building_type":"residential","source_building_tag":"house","source_timestamp":null,"confidence":"source_mapped"}},{"type":"Feature","id":"structure_69132ea8aec119e0a62f","geometry":{"type":"MultiPolygon","coordinates":[[[[-80.94641,44.5633687],[-80.9463834,44.5632443],[-80.9462946,44.5632539],[-80.9462775,44.5632557],[-80.9463041,44.5633802],[-80.94641,44.5633687]]]]},"properties":{"structure_id":"structure_69132ea8aec119e0a62f","external_source":"openstreetmap","external_id":"a2751709442","building_type":"residential","source_building_tag":"house","source_timestamp":null,"confidence":"source_mapped"}},{"type":"Feature","id":"structure_ab80597c373e857fa974","geometry":{"type":"MultiPolygon","coordinates":[[[[-80.9466265,44.563326],[-80.9466111,44.5632379],[-80.9464022,44.5632563],[-80.9464175,44.5633444],[-80.9466265,44.563326]]]]},"properties":{"structure_id":"structure_ab80597c373e857fa974","external_source":"openstreetmap","external_id":"a2751709444","building_type":"residential","source_building_tag":"house","source_timestamp":null,"confidence":"source_mapped"}},{"type":"Feature","id":"structure_4df2b8dbf6c3a8ad8d18","geometry":{"type":"MultiPolygon","coordinates":[[[[-80.9465223,44.5631332],[-80.9465098,44.5630621],[-80.9463741,44.5630741],[-80.9463865,44.5631453],[-80.9465223,44.5631332]]]]},"properties":{"structure_id":"structure_4df2b8dbf6c3a8ad8d18","external_source":"openstreetmap","external_id":"a2751709446","building_type":"residential","source_building_tag":"house","source_timestamp":null,"confidence":"source_mapped"}},{"type":"Feature","id":"structure_d4c68d17d60e310ba865","geometry":{"type":"MultiPolygon","coordinates":[[[[-80.9465664,44.5630313],[-80.9465521,44.562948],[-80.9464653,44.5629556],[-80.9464797,44.5630389],[-80.9465664,44.5630313]]]]},"properties":{"structure_id":"structure_d4c68d17d60e310ba865","external_source":"openstreetmap","external_id":"a2751709448","building_type":"residential","source_building_tag":"house","source_timestamp":null,"confidence":"source_mapped"}},{"type":"Feature","id":"structure_48bfee324dd6ae0c67ea","geometry":{"type":"MultiPolygon","coordinates":[[[[-80.9465456,44.5629266],[-80.946526,44.5628437],[-80.9464342,44.5628548],[-80.9464537,44.5629376],[-80.9465456,44.5629266]]]]},"properties":{"structure_id":"structure_48bfee324dd6ae0c67ea","external_source":"openstreetmap","external_id":"a2751709450","building_type":"residential","source_building_tag":"house","source_timestamp":null,"confidence":"source_mapped"}},{"type":"Feature","id":"structure_6f951983c8cb6750c620","geometry":{"type":"MultiPolygon","coordinates":[[[[-80.9463883,44.5628457],[-80.9463764,44.5627558],[-80.9462672,44.5627631],[-80.9462753,44.5628245],[-80.9462408,44.5628268],[-80.9462445,44.5628554],[-80.9463883,44.5628457]]]]},"properties":{"structure_id":"structure_6f951983c8cb6750c620","external_source":"openstreetmap","external_id":"a2751709452","building_type":"residential","source_building_tag":"house","source_timestamp":null,"confidence":"source_mapped"}},{"type":"Feature","id":"structure_b4e58641c6512ca5b46f","geometry":{"type":"MultiPolygon","coordinates":[[[[-80.9462408,44.562781],[-80.9462223,44.5626869],[-80.9460134,44.5627077],[-80.9460437,44.562862],[-80.9461384,44.5628526],[-80.9461266,44.5627924],[-80.9462408,44.562781]]]]},"properties":{"structure_id":"structure_b4e58641c6512ca5b46f","external_source":"openstreetmap","external_id":"a2751709454","building_type":"residential","source_building_tag":"house","source_timestamp":null,"confidence":"source_mapped"}},{"type":"Feature","id":"structure_f5e13dfdf0a280d7f4af","geometry":{"type":"MultiPolygon","coordinates":[[[[-80.9464356,44.5626404],[-80.9464206,44.5625618],[-80.9462439,44.5625789],[-80.9462589,44.5626575],[-80.9464356,44.5626404]]]]},"properties":{"structure_id":"structure_f5e13dfdf0a280d7f4af","external_source":"openstreetmap","external_id":"a2751709456","building_type":"residential","source_building_tag":"house","source_timestamp":null,"confidence":"source_mapped"}},{"type":"Feature","id":"structure_4f46c517d6d4db45e5bb","geometry":{"type":"MultiPolygon","coordinates":[[[[-80.9463735,44.5625424],[-80.9463691,44.5625054],[-80.946315,44.5625087],[-80.9463102,44.5624684],[-80.9462294,44.5624733],[-80.946185,44.5624759],[-80.9461878,44.5624995],[-80.9461156,44.5625039],[-80.946122,44.5625577],[-80.9463735,44.5625424]]]]},"properties":{"structure_id":"structure_4f46c517d6d4db45e5bb","external_source":"openstreetmap","external_id":"a2751709458","building_type":"residential","source_building_tag":"house","source_timestamp":null,"confidence":"source_mapped"}},{"type":"Feature","id":"structure_79e08c38e6f160603cba","geometry":{"type":"MultiPolygon","coordinates":[[[[-80.9463476,44.5624151],[-80.9463379,44.5623799],[-80.946325,44.5623328],[-80.946198,44.5623504],[-80.9462205,44.5624328],[-80.9463476,44.5624151]]]]},"properties":{"structure_id":"structure_79e08c38e6f160603cba","external_source":"openstreetmap","external_id":"a2751709460","building_type":"residential","source_building_tag":"house","source_timestamp":null,"confidence":"source_mapped"}},{"type":"Feature","id":"structure_1b46227bf526442e26ab","geometry":{"type":"MultiPolygon","coordinates":[[[[-80.9463823,44.562258],[-80.94637,44.5621783],[-80.9462574,44.562187],[-80.946152,44.5621952],[-80.9461642,44.562275],[-80.9463823,44.562258]]]]},"properties":{"structure_id":"structure_1b46227bf526442e26ab","external_source":"openstreetmap","external_id":"a2751709462","building_type":"residential","source_building_tag":"house","source_timestamp":null,"confidence":"source_mapped"}},{"type":"Feature","id":"structure_2530b4337986374ee5d7","geometry":{"type":"MultiPolygon","coordinates":[[[[-80.9463352,44.5620832],[-80.9463075,44.5619534],[-80.9461301,44.5619726],[-80.9461578,44.5621025],[-80.9461748,44.5621006],[-80.9463352,44.5620832]]]]},"properties":{"structure_id":"structure_2530b4337986374ee5d7","external_source":"openstreetmap","external_id":"a2751709464","building_type":"residential","source_building_tag":"house","source_timestamp":null,"confidence":"source_mapped"}},{"type":"Feature","id":"structure_49f50e324117428f370c","geometry":{"type":"MultiPolygon","coordinates":[[[[-80.9462832,44.561927],[-80.9462679,44.5618416],[-80.9462119,44.5618467],[-80.9462043,44.5618043],[-80.9460729,44.5618163],[-80.9460958,44.5619441],[-80.9462832,44.561927]]]]},"properties":{"structure_id":"structure_49f50e324117428f370c","external_source":"openstreetmap","external_id":"a2751709466","building_type":"residential","source_building_tag":"house","source_timestamp":null,"confidence":"source_mapped"}},{"type":"Feature","id":"structure_ca0c0f3432c800477e43","geometry":{"type":"MultiPolygon","coordinates":[[[[-80.9462645,44.5617825],[-80.9462428,44.5616825],[-80.9461053,44.5616977],[-80.9461192,44.5617616],[-80.9461912,44.5617537],[-80.9461991,44.5617897],[-80.9462645,44.5617825]]]]},"properties":{"structure_id":"structure_ca0c0f3432c800477e43","external_source":"openstreetmap","external_id":"a2751709468","building_type":"residential","source_building_tag":"house","source_timestamp":null,"confidence":"source_mapped"}},{"type":"Feature","id":"structure_98102da573783cc5579a","geometry":{"type":"MultiPolygon","coordinates":[[[[-80.9459527,44.5618302],[-80.9459226,44.5616934],[-80.9458074,44.5617063],[-80.9458376,44.5618431],[-80.9459527,44.5618302]]]]},"properties":{"structure_id":"structure_98102da573783cc5579a","external_source":"openstreetmap","external_id":"a2751709470","building_type":"residential","source_building_tag":"house","source_timestamp":null,"confidence":"source_mapped"}},{"type":"Feature","id":"structure_f3678ff0ce1f689dcdfa","geometry":{"type":"MultiPolygon","coordinates":[[[[-80.9455925,44.5618705],[-80.9455859,44.5617537],[-80.9454469,44.5617577],[-80.9454535,44.5618745],[-80.9455925,44.5618705]]]]},"properties":{"structure_id":"structure_f3678ff0ce1f689dcdfa","external_source":"openstreetmap","external_id":"a2751709472","building_type":"residential","source_building_tag":"house","source_timestamp":null,"confidence":"source_mapped"}},{"type":"Feature","id":"structure_02592beca3b61e2a102e","geometry":{"type":"MultiPolygon","coordinates":[[[[-80.9470661,44.5575302],[-80.9470108,44.5573334],[-80.9468747,44.5573486],[-80.9469004,44.5574425],[-80.9468126,44.5574584],[-80.946832,44.5575556],[-80.9470661,44.5575302]]]]},"properties":{"structure_id":"structure_02592beca3b61e2a102e","external_source":"openstreetmap","external_id":"a2751709478","building_type":"residential","source_building_tag":"house","source_timestamp":null,"confidence":"source_mapped"}},{"type":"Feature","id":"structure_bf2cda0938c58697d5a8","geometry":{"type":"MultiPolygon","coordinates":[[[[-80.9466338,44.5577979],[-80.9466194,44.5577345],[-80.9466088,44.5576879],[-80.9464593,44.5577051],[-80.9464674,44.5577404],[-80.9463355,44.5577556],[-80.9463723,44.5579174],[-80.9465381,44.5578982],[-80.9465183,44.5578113],[-80.9466338,44.5577979]]]]},"properties":{"structure_id":"structure_bf2cda0938c58697d5a8","external_source":"openstreetmap","external_id":"a2751709480","building_type":"residential","source_building_tag":"house","source_timestamp":null,"confidence":"source_mapped"}},{"type":"Feature","id":"structure_f7b65f403cb6680a5424","geometry":{"type":"MultiPolygon","coordinates":[[[[-80.9465957,44.5582745],[-80.9465204,44.5579556],[-80.9463239,44.5579792],[-80.9463993,44.5582981],[-80.9465957,44.5582745]]]]},"properties":{"structure_id":"structure_f7b65f403cb6680a5424","external_source":"openstreetmap","external_id":"a2751709484","building_type":"residential","source_building_tag":"house","source_timestamp":null,"confidence":"source_mapped"}},{"type":"Feature","id":"structure_634a9d83140b1dda0617","geometry":{"type":"MultiPolygon","coordinates":[[[[-80.9466382,44.5585406],[-80.9466283,44.5584928],[-80.9465983,44.558496],[-80.9465824,44.5584198],[-80.9463852,44.5584407],[-80.9463984,44.558504],[-80.9463636,44.5585077],[-80.946392,44.5586438],[-80.9464305,44.5586397],[-80.9464426,44.5586977],[-80.9466167,44.5586792],[-80.9466084,44.5586398],[-80.9465889,44.5585458],[-80.9466382,44.5585406]]]]},"properties":{"structure_id":"structure_634a9d83140b1dda0617","external_source":"openstreetmap","external_id":"a2751709488","building_type":"residential","source_building_tag":"house","source_timestamp":null,"confidence":"source_mapped"}},{"type":"Feature","id":"structure_b76d317dd3aa2d83b1f6","geometry":{"type":"MultiPolygon","coordinates":[[[[-80.946623,44.5589796],[-80.9466127,44.5589271],[-80.946573,44.558931],[-80.9465582,44.5588553],[-80.9465502,44.5588147],[-80.9464196,44.5588277],[-80.9464245,44.5588529],[-80.9464587,44.5590271],[-80.9464833,44.5590246],[-80.9465955,44.5590135],[-80.9465895,44.5589829],[-80.946623,44.5589796]]]]},"properties":{"structure_id":"structure_b76d317dd3aa2d83b1f6","external_source":"openstreetmap","external_id":"a2751709496","building_type":"residential","source_building_tag":"house","source_timestamp":null,"confidence":"source_mapped"}},{"type":"Feature","id":"structure_f0c33613229364509211","geometry":{"type":"MultiPolygon","coordinates":[[[[-80.9465147,44.5595563],[-80.9465035,44.5594697],[-80.9464818,44.5594636],[-80.9464495,44.5592122],[-80.9462828,44.559223],[-80.946313,44.5594583],[-80.9463424,44.5594563],[-80.9463439,44.5594683],[-80.9463764,44.5594661],[-80.9463891,44.5595646],[-80.9464481,44.5595607],[-80.9465147,44.5595563]]]]},"properties":{"structure_id":"structure_f0c33613229364509211","external_source":"openstreetmap","external_id":"a2751709498","building_type":"residential","source_building_tag":"house","source_timestamp":null,"confidence":"source_mapped"}},{"type":"Feature","id":"structure_26513b946dd4cc4ed7c2","geometry":{"type":"MultiPolygon","coordinates":[[[[-80.9469425,44.5600573],[-80.9469233,44.5599691],[-80.9468209,44.5599804],[-80.9467986,44.5598777],[-80.9466525,44.5598938],[-80.9466939,44.5600847],[-80.9469425,44.5600573]]]]},"properties":{"structure_id":"structure_26513b946dd4cc4ed7c2","external_source":"openstreetmap","external_id":"a2751709504","building_type":"residential","source_building_tag":"house","source_timestamp":null,"confidence":"source_mapped"}},{"type":"Feature","id":"structure_37d49f26a0fbf14877a4","geometry":{"type":"MultiPolygon","coordinates":[[[[-80.9473021,44.5612646],[-80.9473003,44.5611879],[-80.947232,44.5611887],[-80.9471705,44.5611894],[-80.9471723,44.5612661],[-80.9473021,44.5612646]]]]},"properties":{"structure_id":"structure_37d49f26a0fbf14877a4","external_source":"openstreetmap","external_id":"a2751709508","building_type":"unclassified","source_building_tag":"yes","source_timestamp":null,"confidence":"source_mapped"}},{"type":"Feature","id":"structure_e8ea3568bd9ca090b742","geometry":{"type":"MultiPolygon","coordinates":[[[[-80.9470211,44.5610917],[-80.9470066,44.5610156],[-80.9469179,44.5610242],[-80.9469058,44.5609609],[-80.9466635,44.5609844],[-80.9466901,44.5611238],[-80.9470211,44.5610917]]]]},"properties":{"structure_id":"structure_e8ea3568bd9ca090b742","external_source":"openstreetmap","external_id":"a2751709510","building_type":"residential","source_building_tag":"house","source_timestamp":null,"confidence":"source_mapped"}},{"type":"Feature","id":"structure_c4046663d0114eec9fd7","geometry":{"type":"MultiPolygon","coordinates":[[[[-80.9455527,44.5593626],[-80.9455507,44.5593473],[-80.9455033,44.5593506],[-80.9455054,44.5593658],[-80.9455527,44.5593626]]]]},"properties":{"structure_id":"structure_c4046663d0114eec9fd7","external_source":"openstreetmap","external_id":"a2751709526","building_type":"unclassified","source_building_tag":"yes","source_timestamp":null,"confidence":"source_mapped"}},{"type":"Feature","id":"structure_592f092da1f8238a8b87","geometry":{"type":"MultiPolygon","coordinates":[[[[-80.9455913,44.5594384],[-80.9454733,44.5594374],[-80.9454725,44.5594895],[-80.9455904,44.5594904],[-80.9455913,44.5594384]]]]},"properties":{"structure_id":"structure_592f092da1f8238a8b87","external_source":"openstreetmap","external_id":"a2751709528","building_type":"residential","source_building_tag":"house","source_timestamp":null,"confidence":"source_mapped"}},{"type":"Feature","id":"structure_85c13ee596413597dc8b","geometry":{"type":"MultiPolygon","coordinates":[[[[-80.9456412,44.5595369],[-80.9454726,44.5595263],[-80.9454655,44.559584],[-80.9456341,44.5595946],[-80.9456412,44.5595369]]]]},"properties":{"structure_id":"structure_85c13ee596413597dc8b","external_source":"openstreetmap","external_id":"a2751709530","building_type":"residential","source_building_tag":"house","source_timestamp":null,"confidence":"source_mapped"}},{"type":"Feature","id":"structure_b85ebda1deb56fe1f645","geometry":{"type":"MultiPolygon","coordinates":[[[[-80.9455115,44.5597001],[-80.9454641,44.559696],[-80.9454568,44.5597388],[-80.9455042,44.5597429],[-80.9455115,44.5597001]]]]},"properties":{"structure_id":"structure_b85ebda1deb56fe1f645","external_source":"openstreetmap","external_id":"a2751709532","building_type":"residential","source_building_tag":"house","source_timestamp":null,"confidence":"source_mapped"}},{"type":"Feature","id":"structure_ecf1beba09170c841a67","geometry":{"type":"MultiPolygon","coordinates":[[[[-80.9456656,44.559838],[-80.9455384,44.5598351],[-80.945537,44.5598675],[-80.9455103,44.5598669],[-80.9455084,44.5599093],[-80.9455353,44.5599099],[-80.945534,44.5599382],[-80.945661,44.5599411],[-80.9456656,44.559838]]]]},"properties":{"structure_id":"structure_ecf1beba09170c841a67","external_source":"openstreetmap","external_id":"a2751709534","building_type":"residential","source_building_tag":"house","source_timestamp":null,"confidence":"source_mapped"}},{"type":"Feature","id":"structure_b6e387e142c7c3322d79","geometry":{"type":"MultiPolygon","coordinates":[[[[-80.9456231,44.5599778],[-80.9455136,44.5599759],[-80.9455113,44.5600408],[-80.9456208,44.5600427],[-80.9456231,44.5599778]]]]},"properties":{"structure_id":"structure_b6e387e142c7c3322d79","external_source":"openstreetmap","external_id":"a2751709536","building_type":"residential","source_building_tag":"house","source_timestamp":null,"confidence":"source_mapped"}},{"type":"Feature","id":"structure_173a8d44794b19e2193b","geometry":{"type":"MultiPolygon","coordinates":[[[[-80.9454617,44.5602373],[-80.9454343,44.5601178],[-80.9453325,44.5601297],[-80.9453598,44.5602492],[-80.9454617,44.5602373]]]]},"properties":{"structure_id":"structure_173a8d44794b19e2193b","external_source":"openstreetmap","external_id":"a2751709538","building_type":"residential","source_building_tag":"house","source_timestamp":null,"confidence":"source_mapped"}},{"type":"Feature","id":"structure_2e59b578e122efe99e65","geometry":{"type":"MultiPolygon","coordinates":[[[[-80.9452317,44.5602804],[-80.9452107,44.5601968],[-80.9450451,44.5602179],[-80.945066,44.5603015],[-80.9452317,44.5602804]]]]},"properties":{"structure_id":"structure_2e59b578e122efe99e65","external_source":"openstreetmap","external_id":"a2751709540","building_type":"residential","source_building_tag":"house","source_timestamp":null,"confidence":"source_mapped"}},{"type":"Feature","id":"structure_4affe1e4ba5a57567029","geometry":{"type":"MultiPolygon","coordinates":[[[[-80.944984,44.5603032],[-80.9449708,44.5602421],[-80.9447975,44.560261],[-80.9447913,44.5602323],[-80.9447036,44.5602419],[-80.9447254,44.560343],[-80.9448305,44.5603315],[-80.9448264,44.5603123],[-80.9448795,44.5603065],[-80.9448887,44.560349],[-80.9449744,44.5603396],[-80.9449669,44.560305],[-80.944984,44.5603032]]]]},"properties":{"structure_id":"structure_4affe1e4ba5a57567029","external_source":"openstreetmap","external_id":"a2751709542","building_type":"residential","source_building_tag":"house","source_timestamp":null,"confidence":"source_mapped"}},{"type":"Feature","id":"structure_0aceb7957f53206867b4","geometry":{"type":"MultiPolygon","coordinates":[[[[-80.9450189,44.560546],[-80.9450108,44.560501],[-80.9449408,44.5605074],[-80.944936,44.5604804],[-80.9448039,44.5604925],[-80.9448113,44.560534],[-80.9447959,44.5605354],[-80.9448061,44.5605925],[-80.9449627,44.5605782],[-80.9449579,44.5605516],[-80.9450189,44.560546]]]]},"properties":{"structure_id":"structure_0aceb7957f53206867b4","external_source":"openstreetmap","external_id":"a2751709544","building_type":"residential","source_building_tag":"house","source_timestamp":null,"confidence":"source_mapped"}},{"type":"Feature","id":"structure_5a249653a412ef41a442","geometry":{"type":"MultiPolygon","coordinates":[[[[-80.945177,44.5605753],[-80.9451705,44.5605257],[-80.9450622,44.560533],[-80.9450687,44.5605826],[-80.945177,44.5605753]]]]},"properties":{"structure_id":"structure_5a249653a412ef41a442","external_source":"openstreetmap","external_id":"a2751709546","building_type":"residential","source_building_tag":"house","source_timestamp":null,"confidence":"source_mapped"}},{"type":"Feature","id":"structure_4a0fd1e88a1013d0012f","geometry":{"type":"MultiPolygon","coordinates":[[[[-80.945072,44.5607323],[-80.9450494,44.5606473],[-80.9448259,44.5606775],[-80.9448485,44.5607624],[-80.945072,44.5607323]]]]},"properties":{"structure_id":"structure_4a0fd1e88a1013d0012f","external_source":"openstreetmap","external_id":"a2751709548","building_type":"residential","source_building_tag":"house","source_timestamp":null,"confidence":"source_mapped"}},{"type":"Feature","id":"structure_2b175b846ca346cf1783","geometry":{"type":"MultiPolygon","coordinates":[[[[-80.9450327,44.5608842],[-80.94501,44.5607679],[-80.9448675,44.560782],[-80.9448902,44.5608983],[-80.9450327,44.5608842]]]]},"properties":{"structure_id":"structure_2b175b846ca346cf1783","external_source":"openstreetmap","external_id":"a2751709550","building_type":"residential","source_building_tag":"house","source_timestamp":null,"confidence":"source_mapped"}},{"type":"Feature","id":"structure_d65f339a924733602215","geometry":{"type":"MultiPolygon","coordinates":[[[[-80.9451564,44.5610056],[-80.9451418,44.5609191],[-80.9450555,44.5609265],[-80.9450598,44.5609524],[-80.9449215,44.5609643],[-80.9449318,44.5610249],[-80.9451564,44.5610056]]]]},"properties":{"structure_id":"structure_d65f339a924733602215","external_source":"openstreetmap","external_id":"a2751709552","building_type":"residential","source_building_tag":"house","source_timestamp":null,"confidence":"source_mapped"}},{"type":"Feature","id":"structure_5ce6462efefb85ae02a8","geometry":{"type":"MultiPolygon","coordinates":[[[[-80.9455003,44.5609167],[-80.9454858,44.5608431],[-80.945308,44.5608609],[-80.9453225,44.5609345],[-80.9455003,44.5609167]]]]},"properties":{"structure_id":"structure_5ce6462efefb85ae02a8","external_source":"openstreetmap","external_id":"a2751709554","building_type":"residential","source_building_tag":"house","source_timestamp":null,"confidence":"source_mapped"}},{"type":"Feature","id":"structure_ea80bb126cfe49024c60","geometry":{"type":"MultiPolygon","coordinates":[[[[-80.9450909,44.5611601],[-80.9450686,44.5610629],[-80.9449094,44.5610814],[-80.9449317,44.5611787],[-80.9450909,44.5611601]]]]},"properties":{"structure_id":"structure_ea80bb126cfe49024c60","external_source":"openstreetmap","external_id":"a2751709556","building_type":"residential","source_building_tag":"house","source_timestamp":null,"confidence":"source_mapped"}},{"type":"Feature","id":"structure_bc18e01c763e389cfa76","geometry":{"type":"MultiPolygon","coordinates":[[[[-80.9451594,44.5613862],[-80.9451289,44.5612447],[-80.9449303,44.5612665],[-80.9449432,44.5613263],[-80.9449727,44.5613231],[-80.9449902,44.5614047],[-80.9451594,44.5613862]]]]},"properties":{"structure_id":"structure_bc18e01c763e389cfa76","external_source":"openstreetmap","external_id":"a2751709558","building_type":"residential","source_building_tag":"house","source_timestamp":null,"confidence":"source_mapped"}},{"type":"Feature","id":"structure_dc5a0c33ca6101fd0985","geometry":{"type":"MultiPolygon","coordinates":[[[[-80.9451824,44.5615788],[-80.9451658,44.5614885],[-80.9450076,44.5615032],[-80.9450241,44.5615935],[-80.9451824,44.5615788]]]]},"properties":{"structure_id":"structure_dc5a0c33ca6101fd0985","external_source":"openstreetmap","external_id":"a2751709560","building_type":"residential","source_building_tag":"house","source_timestamp":null,"confidence":"source_mapped"}},{"type":"Feature","id":"structure_4e7dd1f5bd10a543ff38","geometry":{"type":"MultiPolygon","coordinates":[[[[-80.9454684,44.5615236],[-80.9454483,44.5614335],[-80.9453403,44.5614458],[-80.9453604,44.5615358],[-80.9454684,44.5615236]]]]},"properties":{"structure_id":"structure_4e7dd1f5bd10a543ff38","external_source":"openstreetmap","external_id":"a2751709562","building_type":"residential","source_building_tag":"house","source_timestamp":null,"confidence":"source_mapped"}},{"type":"Feature","id":"structure_436766d3173393f146a8","geometry":{"type":"MultiPolygon","coordinates":[[[[-80.9456009,44.5615056],[-80.9455848,44.5614175],[-80.9455354,44.5614221],[-80.9455307,44.5613963],[-80.9454733,44.5614016],[-80.9454941,44.5615155],[-80.9456009,44.5615056]]]]},"properties":{"structure_id":"structure_436766d3173393f146a8","external_source":"openstreetmap","external_id":"a2751709564","building_type":"residential","source_building_tag":"house","source_timestamp":null,"confidence":"source_mapped"}},{"type":"Feature","id":"structure_f6c7511000b3ef545bdd","geometry":{"type":"MultiPolygon","coordinates":[[[[-80.9457294,44.561499],[-80.9457055,44.5613758],[-80.9455901,44.5613871],[-80.945614,44.5615104],[-80.9457294,44.561499]]]]},"properties":{"structure_id":"structure_f6c7511000b3ef545bdd","external_source":"openstreetmap","external_id":"a2751709566","building_type":"residential","source_building_tag":"house","source_timestamp":null,"confidence":"source_mapped"}},{"type":"Feature","id":"structure_a60cc537e61d88c7b7d2","geometry":{"type":"MultiPolygon","coordinates":[[[[-80.9458809,44.5614722],[-80.9458793,44.5613725],[-80.9457526,44.5613735],[-80.9457539,44.5614562],[-80.9458438,44.5614555],[-80.9458441,44.5614725],[-80.9458809,44.5614722]]]]},"properties":{"structure_id":"structure_a60cc537e61d88c7b7d2","external_source":"openstreetmap","external_id":"a2751709568","building_type":"residential","source_building_tag":"house","source_timestamp":null,"confidence":"source_mapped"}},{"type":"Feature","id":"structure_a9674d5c17a075fb9944","geometry":{"type":"MultiPolygon","coordinates":[[[[-80.9467536,44.5620519],[-80.9467303,44.561936],[-80.9466103,44.5619483],[-80.9466337,44.5620642],[-80.9467536,44.5620519]]]]},"properties":{"structure_id":"structure_a9674d5c17a075fb9944","external_source":"openstreetmap","external_id":"a2751709570","building_type":"residential","source_building_tag":"house","source_timestamp":null,"confidence":"source_mapped"}},{"type":"Feature","id":"structure_a76b3a179029bcf4fb93","geometry":{"type":"MultiPolygon","coordinates":[[[[-80.9468028,44.5621808],[-80.9467902,44.5621247],[-80.9466195,44.5621442],[-80.9466321,44.5622002],[-80.9468028,44.5621808]]]]},"properties":{"structure_id":"structure_a76b3a179029bcf4fb93","external_source":"openstreetmap","external_id":"a2751709572","building_type":"residential","source_building_tag":"house","source_timestamp":null,"confidence":"source_mapped"}},{"type":"Feature","id":"structure_db7adb1c3f2d66bc6056","geometry":{"type":"MultiPolygon","coordinates":[[[[-80.9469663,44.562367],[-80.9469465,44.5622746],[-80.94683,44.5622873],[-80.9468435,44.5623504],[-80.9468498,44.5623797],[-80.9469663,44.562367]]]]},"properties":{"structure_id":"structure_db7adb1c3f2d66bc6056","external_source":"openstreetmap","external_id":"a2751709574","building_type":"residential","source_building_tag":"house","source_timestamp":null,"confidence":"source_mapped"}},{"type":"Feature","id":"structure_671cccba01a424602ae6","geometry":{"type":"MultiPolygon","coordinates":[[[[-80.9473943,44.5623707],[-80.9473856,44.5622789],[-80.9472706,44.5622845],[-80.9472761,44.562342],[-80.9471674,44.5623473],[-80.9471725,44.5624014],[-80.9472244,44.5623989],[-80.947318,44.5623944],[-80.9473161,44.5623745],[-80.9473943,44.5623707]]]]},"properties":{"structure_id":"structure_671cccba01a424602ae6","external_source":"openstreetmap","external_id":"a2751709576","building_type":"residential","source_building_tag":"house","source_timestamp":null,"confidence":"source_mapped"}},{"type":"Feature","id":"structure_0904f196e5064eaaa066","geometry":{"type":"MultiPolygon","coordinates":[[[[-80.9468447,44.5625736],[-80.9468162,44.5624518],[-80.9467045,44.5624651],[-80.946733,44.5625869],[-80.9468447,44.5625736]]]]},"properties":{"structure_id":"structure_0904f196e5064eaaa066","external_source":"openstreetmap","external_id":"a2751709580","building_type":"residential","source_building_tag":"house","source_timestamp":null,"confidence":"source_mapped"}},{"type":"Feature","id":"structure_e8fa04776c723cb0d205","geometry":{"type":"MultiPolygon","coordinates":[[[[-80.9469152,44.562673],[-80.9469036,44.5626263],[-80.946814,44.5626376],[-80.9468263,44.5626871],[-80.9467674,44.5626945],[-80.9467815,44.5627515],[-80.9468955,44.5627371],[-80.9468807,44.5626773],[-80.9469152,44.562673]]]]},"properties":{"structure_id":"structure_e8fa04776c723cb0d205","external_source":"openstreetmap","external_id":"a2751709582","building_type":"residential","source_building_tag":"house","source_timestamp":null,"confidence":"source_mapped"}},{"type":"Feature","id":"structure_c1b5399d7d97e4529de2","geometry":{"type":"MultiPolygon","coordinates":[[[[-80.946955,44.5628683],[-80.9469531,44.5628588],[-80.9469461,44.5628238],[-80.9468875,44.5628297],[-80.9468802,44.5627933],[-80.946754,44.5628061],[-80.9467741,44.5629068],[-80.9469126,44.5628927],[-80.9469087,44.562873],[-80.946955,44.5628683]]]]},"properties":{"structure_id":"structure_c1b5399d7d97e4529de2","external_source":"openstreetmap","external_id":"a2751709584","building_type":"residential","source_building_tag":"house","source_timestamp":null,"confidence":"source_mapped"}},{"type":"Feature","id":"structure_27f65c466e0d3c59dd21","geometry":{"type":"MultiPolygon","coordinates":[[[[-80.9471694,44.5628932],[-80.9471541,44.5628221],[-80.9470333,44.5628353],[-80.9470368,44.5628517],[-80.9469656,44.5628595],[-80.9469855,44.5629519],[-80.9470619,44.5629436],[-80.9470538,44.5629058],[-80.9471694,44.5628932]]]]},"properties":{"structure_id":"structure_27f65c466e0d3c59dd21","external_source":"openstreetmap","external_id":"a2751709586","building_type":"residential","source_building_tag":"house","source_timestamp":null,"confidence":"source_mapped"}},{"type":"Feature","id":"structure_0743246fc08539dfc14b","geometry":{"type":"MultiPolygon","coordinates":[[[[-80.9469328,44.5630242],[-80.9469182,44.5629558],[-80.9467943,44.5629692],[-80.9468089,44.5630376],[-80.9469328,44.5630242]]]]},"properties":{"structure_id":"structure_0743246fc08539dfc14b","external_source":"openstreetmap","external_id":"a2751709588","building_type":"residential","source_building_tag":"house","source_timestamp":null,"confidence":"source_mapped"}},{"type":"Feature","id":"structure_ef2498129edc8a4fb532","geometry":{"type":"MultiPolygon","coordinates":[[[[-80.9473278,44.5632769],[-80.9472985,44.5631465],[-80.947246,44.5631525],[-80.94725,44.5631702],[-80.9471995,44.563176],[-80.9472248,44.5632886],[-80.9473278,44.5632769]]]]},"properties":{"structure_id":"structure_ef2498129edc8a4fb532","external_source":"openstreetmap","external_id":"a2751709590","building_type":"residential","source_building_tag":"house","source_timestamp":null,"confidence":"source_mapped"}},{"type":"Feature","id":"structure_04a7a089937918dc2e73","geometry":{"type":"MultiPolygon","coordinates":[[[[-80.9471944,44.5632956],[-80.947156,44.5631644],[-80.9470756,44.5631763],[-80.9470868,44.5632146],[-80.9470554,44.5632193],[-80.9470826,44.5633122],[-80.9471944,44.5632956]]]]},"properties":{"structure_id":"structure_04a7a089937918dc2e73","external_source":"openstreetmap","external_id":"a2751709592","building_type":"residential","source_building_tag":"house","source_timestamp":null,"confidence":"source_mapped"}},{"type":"Feature","id":"structure_8cd16d6a845e83b031da","geometry":{"type":"MultiPolygon","coordinates":[[[[-80.9469997,44.5633103],[-80.9469851,44.5632482],[-80.9468249,44.5632673],[-80.9468395,44.5633295],[-80.9469997,44.5633103]]]]},"properties":{"structure_id":"structure_8cd16d6a845e83b031da","external_source":"openstreetmap","external_id":"a2751709594","building_type":"residential","source_building_tag":"house","source_timestamp":null,"confidence":"source_mapped"}},{"type":"Feature","id":"structure_40c3c1b27dcc158aca69","geometry":{"type":"MultiPolygon","coordinates":[[[[-80.9469811,44.563228],[-80.9469637,44.5631572],[-80.9468294,44.563174],[-80.9468469,44.5632448],[-80.9469811,44.563228]]]]},"properties":{"structure_id":"structure_40c3c1b27dcc158aca69","external_source":"openstreetmap","external_id":"a2751709596","building_type":"residential","source_building_tag":"house","source_timestamp":null,"confidence":"source_mapped"}},{"type":"Feature","id":"structure_bdf130c07c67de360deb","geometry":{"type":"MultiPolygon","coordinates":[[[[-80.9469669,44.5631396],[-80.9469488,44.5630728],[-80.9468153,44.5630911],[-80.9468334,44.5631579],[-80.9469669,44.5631396]]]]},"properties":{"structure_id":"structure_bdf130c07c67de360deb","external_source":"openstreetmap","external_id":"a2751709598","building_type":"residential","source_building_tag":"house","source_timestamp":null,"confidence":"source_mapped"}},{"type":"Feature","id":"structure_0563a097daaedbc640ec","geometry":{"type":"MultiPolygon","coordinates":[[[[-80.9472546,44.5629796],[-80.9472409,44.5629306],[-80.9470636,44.5629556],[-80.9470838,44.563028],[-80.9471943,44.5630124],[-80.9471878,44.5629891],[-80.9472546,44.5629796]]]]},"properties":{"structure_id":"structure_0563a097daaedbc640ec","external_source":"openstreetmap","external_id":"a2751709600","building_type":"residential","source_building_tag":"house","source_timestamp":null,"confidence":"source_mapped"}},{"type":"Feature","id":"structure_c15d0aff3d1ff653564a","geometry":{"type":"MultiPolygon","coordinates":[[[[-80.9475186,44.5626185],[-80.9475057,44.5625528],[-80.9473824,44.562565],[-80.9473952,44.5626307],[-80.9475186,44.5626185]]]]},"properties":{"structure_id":"structure_c15d0aff3d1ff653564a","external_source":"openstreetmap","external_id":"a2751709602","building_type":"residential","source_building_tag":"house","source_timestamp":null,"confidence":"source_mapped"}},{"type":"Feature","id":"structure_ed818e9c8349749422f0","geometry":{"type":"MultiPolygon","coordinates":[[[[-80.9475412,44.5627186],[-80.9475235,44.5626378],[-80.9474548,44.5626455],[-80.9474587,44.5626634],[-80.9474124,44.5626685],[-80.9474261,44.5627314],[-80.9475412,44.5627186]]]]},"properties":{"structure_id":"structure_ed818e9c8349749422f0","external_source":"openstreetmap","external_id":"a2751709604","building_type":"residential","source_building_tag":"house","source_timestamp":null,"confidence":"source_mapped"}},{"type":"Feature","id":"structure_55c7bafaa7a8329dd2d4","geometry":{"type":"MultiPolygon","coordinates":[[[[-80.947665,44.5628212],[-80.9476551,44.5627736],[-80.9475986,44.5627796],[-80.9475962,44.5627678],[-80.9474681,44.5627813],[-80.9474741,44.5628102],[-80.9474431,44.5628135],[-80.9474494,44.5628439],[-80.947665,44.5628212]]]]},"properties":{"structure_id":"structure_55c7bafaa7a8329dd2d4","external_source":"openstreetmap","external_id":"a2751709606","building_type":"residential","source_building_tag":"house","source_timestamp":null,"confidence":"source_mapped"}},{"type":"Feature","id":"structure_1c55ed8b1dc8e58cbe41","geometry":{"type":"MultiPolygon","coordinates":[[[[-80.9476149,44.562987],[-80.947606,44.5629444],[-80.9475706,44.5629481],[-80.9475658,44.5629254],[-80.9474452,44.5629382],[-80.9474588,44.5630036],[-80.9476149,44.562987]]]]},"properties":{"structure_id":"structure_1c55ed8b1dc8e58cbe41","external_source":"openstreetmap","external_id":"a2751709608","building_type":"residential","source_building_tag":"house","source_timestamp":null,"confidence":"source_mapped"}},{"type":"Feature","id":"structure_c3f8f56c5c1451ad0edf","geometry":{"type":"MultiPolygon","coordinates":[[[[-80.9476388,44.5630618],[-80.9476272,44.5630196],[-80.9474624,44.5630427],[-80.9474789,44.5631021],[-80.9475895,44.5630865],[-80.9475848,44.5630694],[-80.9476388,44.5630618]]]]},"properties":{"structure_id":"structure_c3f8f56c5c1451ad0edf","external_source":"openstreetmap","external_id":"a2751709610","building_type":"residential","source_building_tag":"house","source_timestamp":null,"confidence":"source_mapped"}},{"type":"Feature","id":"structure_e6cdadf29b4718745700","geometry":{"type":"MultiPolygon","coordinates":[[[[-80.9476866,44.5632207],[-80.9476668,44.5631307],[-80.9476043,44.5631377],[-80.9476005,44.5631204],[-80.9474834,44.5631335],[-80.9475053,44.5632499],[-80.9476348,44.5632402],[-80.9476319,44.5632268],[-80.9476866,44.5632207]]]]},"properties":{"structure_id":"structure_e6cdadf29b4718745700","external_source":"openstreetmap","external_id":"a2751709612","building_type":"residential","source_building_tag":"house","source_timestamp":null,"confidence":"source_mapped"}},{"type":"Feature","id":"structure_f4eec9cfd93b110f06a3","geometry":{"type":"MultiPolygon","coordinates":[[[[-80.9482727,44.5627812],[-80.9482597,44.5627195],[-80.94824,44.5626264],[-80.9480807,44.5626435],[-80.9481134,44.5627983],[-80.9481618,44.5627931],[-80.9482727,44.5627812]]]]},"properties":{"structure_id":"structure_f4eec9cfd93b110f06a3","external_source":"openstreetmap","external_id":"a2751709616","building_type":"residential","source_building_tag":"house","source_timestamp":null,"confidence":"source_mapped"}},{"type":"Feature","id":"structure_8c26dd1c3539acea50fd","geometry":{"type":"MultiPolygon","coordinates":[[[[-80.9482722,44.5623578],[-80.9482462,44.56223],[-80.9481238,44.5622427],[-80.9481495,44.5623694],[-80.9480346,44.5623812],[-80.9480607,44.5625095],[-80.9482625,44.5624886],[-80.9482366,44.5623615],[-80.9482722,44.5623578]]]]},"properties":{"structure_id":"structure_8c26dd1c3539acea50fd","external_source":"openstreetmap","external_id":"a2751709618","building_type":"residential","source_building_tag":"house","source_timestamp":null,"confidence":"source_mapped"}},{"type":"Feature","id":"structure_8a72ec3f05651428bbcb","geometry":{"type":"MultiPolygon","coordinates":[[[[-80.9481855,44.5621835],[-80.9481591,44.5620204],[-80.9480638,44.5620282],[-80.9480903,44.5621913],[-80.9481855,44.5621835]]]]},"properties":{"structure_id":"structure_8a72ec3f05651428bbcb","external_source":"openstreetmap","external_id":"a2751709620","building_type":"residential","source_building_tag":"house","source_timestamp":null,"confidence":"source_mapped"}},{"type":"Feature","id":"structure_df3afb847e165e30ffff","geometry":{"type":"MultiPolygon","coordinates":[[[[-80.9481239,44.5619139],[-80.9480994,44.5617818],[-80.947938,44.561797],[-80.9479459,44.56184],[-80.9479254,44.5618652],[-80.9479323,44.5618871],[-80.9479704,44.5618977],[-80.947976,44.5619278],[-80.9481239,44.5619139]]]]},"properties":{"structure_id":"structure_df3afb847e165e30ffff","external_source":"openstreetmap","external_id":"a2751709622","building_type":"residential","source_building_tag":"house","source_timestamp":null,"confidence":"source_mapped"}},{"type":"Feature","id":"structure_1e3cc6e41f06d3d90b6a","geometry":{"type":"MultiPolygon","coordinates":[[[[-80.9439704,44.5589775],[-80.9438124,44.5588903],[-80.9436655,44.5590254],[-80.943754,44.5590743],[-80.9438134,44.5590196],[-80.9438829,44.5590579],[-80.9439704,44.5589775]]]]},"properties":{"structure_id":"structure_1e3cc6e41f06d3d90b6a","external_source":"openstreetmap","external_id":"a2751718134","building_type":"residential","source_building_tag":"house","source_timestamp":null,"confidence":"source_mapped"}},{"type":"Feature","id":"structure_8cc724e9d592214a8c2c","geometry":{"type":"MultiPolygon","coordinates":[[[[-80.9440748,44.5587293],[-80.9439618,44.5587036],[-80.9439474,44.5587358],[-80.9439088,44.558727],[-80.9438561,44.5588442],[-80.9440077,44.5588787],[-80.9440748,44.5587293]]]]},"properties":{"structure_id":"structure_8cc724e9d592214a8c2c","external_source":"openstreetmap","external_id":"a2751718136","building_type":"residential","source_building_tag":"house","source_timestamp":null,"confidence":"source_mapped"}},{"type":"Feature","id":"structure_d775b5d65a7df5679c7f","geometry":{"type":"MultiPolygon","coordinates":[[[[-80.9440431,44.5586546],[-80.9440044,44.5584472],[-80.9438536,44.5584615],[-80.9438679,44.558538],[-80.9438924,44.5586689],[-80.9440431,44.5586546]]]]},"properties":{"structure_id":"structure_d775b5d65a7df5679c7f","external_source":"openstreetmap","external_id":"a2751718138","building_type":"residential","source_building_tag":"house","source_timestamp":null,"confidence":"source_mapped"}},{"type":"Feature","id":"structure_a180f979f829c334f5ac","geometry":{"type":"MultiPolygon","coordinates":[[[[-80.9439901,44.5583768],[-80.9438496,44.558235],[-80.9437366,44.5582918],[-80.9437698,44.5583254],[-80.9438771,44.5584337],[-80.9439901,44.5583768]]]]},"properties":{"structure_id":"structure_a180f979f829c334f5ac","external_source":"openstreetmap","external_id":"a2751718140","building_type":"residential","source_building_tag":"house","source_timestamp":null,"confidence":"source_mapped"}},{"type":"Feature","id":"structure_5a9c612047bb02cf22a0","geometry":{"type":"MultiPolygon","coordinates":[[[[-80.9437516,44.5581432],[-80.9435986,44.5580952],[-80.9436175,44.5580646],[-80.9435351,44.5580387],[-80.9435008,44.5580943],[-80.9435364,44.5581055],[-80.943496,44.5581709],[-80.9435512,44.5581882],[-80.9436957,44.5582335],[-80.9437516,44.5581432]]]]},"properties":{"structure_id":"structure_5a9c612047bb02cf22a0","external_source":"openstreetmap","external_id":"a2751718142","building_type":"residential","source_building_tag":"house","source_timestamp":null,"confidence":"source_mapped"}},{"type":"Feature","id":"structure_e408b87e0033954e4fe9","geometry":{"type":"MultiPolygon","coordinates":[[[[-80.9434475,44.5581591],[-80.9434435,44.558097],[-80.9431291,44.5581074],[-80.9431339,44.5581823],[-80.9434089,44.5581733],[-80.9434081,44.5581604],[-80.9434475,44.5581591]]]]},"properties":{"structure_id":"structure_e408b87e0033954e4fe9","external_source":"openstreetmap","external_id":"a2751718144","building_type":"residential","source_building_tag":"house","source_timestamp":null,"confidence":"source_mapped"}},{"type":"Feature","id":"structure_f93efa73685bd0bccb75","geometry":{"type":"MultiPolygon","coordinates":[[[[-80.9417221,44.5587564],[-80.9416927,44.5586321],[-80.9414615,44.5586599],[-80.9414909,44.5587842],[-80.9417221,44.5587564]]]]},"properties":{"structure_id":"structure_f93efa73685bd0bccb75","external_source":"openstreetmap","external_id":"a2751718148","building_type":"unclassified","source_building_tag":"yes","source_timestamp":null,"confidence":"source_mapped"}},{"type":"Feature","id":"structure_67fa10f320bf320a6cc6","geometry":{"type":"MultiPolygon","coordinates":[[[[-80.9430381,44.5585711],[-80.9430145,44.5584632],[-80.9428688,44.5584794],[-80.9428811,44.558536],[-80.9429114,44.5585327],[-80.9429226,44.5585839],[-80.9430381,44.5585711]]]]},"properties":{"structure_id":"structure_67fa10f320bf320a6cc6","external_source":"openstreetmap","external_id":"a2751718150","building_type":"residential","source_building_tag":"house","source_timestamp":null,"confidence":"source_mapped"}},{"type":"Feature","id":"structure_c614cb8e4e875acc43bd","geometry":{"type":"MultiPolygon","coordinates":[[[[-80.9428438,44.5585273],[-80.9428342,44.5584832],[-80.9427832,44.5584888],[-80.9427928,44.558533],[-80.9428438,44.5585273]]]]},"properties":{"structure_id":"structure_c614cb8e4e875acc43bd","external_source":"openstreetmap","external_id":"a2751718152","building_type":"unclassified","source_building_tag":"yes","source_timestamp":null,"confidence":"source_mapped"}},{"type":"Feature","id":"structure_701cdb817e797e8c4785","geometry":{"type":"MultiPolygon","coordinates":[[[[-80.9426647,44.5586189],[-80.9426324,44.558503],[-80.9425591,44.5585134],[-80.9425328,44.5585171],[-80.9425651,44.558633],[-80.9426647,44.5586189]]]]},"properties":{"structure_id":"structure_701cdb817e797e8c4785","external_source":"openstreetmap","external_id":"a2751718154","building_type":"residential","source_building_tag":"house","source_timestamp":null,"confidence":"source_mapped"}},{"type":"Feature","id":"structure_8f36a4e57b06192d89a2","geometry":{"type":"MultiPolygon","coordinates":[[[[-80.9425037,44.5586653],[-80.9424817,44.5585646],[-80.9423552,44.5585786],[-80.9423773,44.5586794],[-80.9425037,44.5586653]]]]},"properties":{"structure_id":"structure_8f36a4e57b06192d89a2","external_source":"openstreetmap","external_id":"a2751718156","building_type":"residential","source_building_tag":"house","source_timestamp":null,"confidence":"source_mapped"}},{"type":"Feature","id":"structure_81cad31b83edfa1ea624","geometry":{"type":"MultiPolygon","coordinates":[[[[-80.9423374,44.5586701],[-80.9423151,44.5585919],[-80.9422763,44.5585975],[-80.9422687,44.5585709],[-80.9422037,44.5585803],[-80.9422335,44.5586851],[-80.9423374,44.5586701]]]]},"properties":{"structure_id":"structure_81cad31b83edfa1ea624","external_source":"openstreetmap","external_id":"a2751718158","building_type":"residential","source_building_tag":"house","source_timestamp":null,"confidence":"source_mapped"}},{"type":"Feature","id":"structure_30b64ce992b77819b36b","geometry":{"type":"MultiPolygon","coordinates":[[[[-80.9421706,44.5586804],[-80.9421499,44.5585804],[-80.9420352,44.5585925],[-80.9420431,44.5586307],[-80.9420747,44.5586274],[-80.9420874,44.5586892],[-80.9421706,44.5586804]]]]},"properties":{"structure_id":"structure_30b64ce992b77819b36b","external_source":"openstreetmap","external_id":"a2751718160","building_type":"residential","source_building_tag":"house","source_timestamp":null,"confidence":"source_mapped"}},{"type":"Feature","id":"structure_e30a17bb1e5b3f7a5cab","geometry":{"type":"MultiPolygon","coordinates":[[[[-80.9422491,44.5585288],[-80.9422321,44.5584617],[-80.942143,44.558471],[-80.9421635,44.5585398],[-80.9422491,44.5585288]]]]},"properties":{"structure_id":"structure_e30a17bb1e5b3f7a5cab","external_source":"openstreetmap","external_id":"a2751718164","building_type":"unclassified","source_building_tag":"yes","source_timestamp":null,"confidence":"source_mapped"}},{"type":"Feature","id":"structure_8f400df9008560ca495d","geometry":{"type":"MultiPolygon","coordinates":[[[[-80.942143,44.558471],[-80.9421276,44.5584093],[-80.942037,44.5584208],[-80.9420524,44.5584825],[-80.942143,44.558471]]]]},"properties":{"structure_id":"structure_8f400df9008560ca495d","external_source":"openstreetmap","external_id":"a2751718166","building_type":"unclassified","source_building_tag":"yes","source_timestamp":null,"confidence":"source_mapped"}},{"type":"Feature","id":"structure_84b42738bec7ba077d16","geometry":{"type":"MultiPolygon","coordinates":[[[[-80.9420294,44.5587014],[-80.9420115,44.5586252],[-80.9419026,44.5586382],[-80.9419206,44.5587144],[-80.9420294,44.5587014]]]]},"properties":{"structure_id":"structure_84b42738bec7ba077d16","external_source":"openstreetmap","external_id":"a2751718168","building_type":"residential","source_building_tag":"house","source_timestamp":null,"confidence":"source_mapped"}},{"type":"Feature","id":"structure_47e321533575c7e3a679","geometry":{"type":"MultiPolygon","coordinates":[[[[-80.9418789,44.5587162],[-80.9418663,44.5586475],[-80.9417529,44.558658],[-80.9417655,44.5587267],[-80.9418789,44.5587162]]]]},"properties":{"structure_id":"structure_47e321533575c7e3a679","external_source":"openstreetmap","external_id":"a2751718170","building_type":"residential","source_building_tag":"house","source_timestamp":null,"confidence":"source_mapped"}},{"type":"Feature","id":"structure_32101122c2bcf925106e","geometry":{"type":"MultiPolygon","coordinates":[[[[-80.9417527,44.5586427],[-80.9417398,44.5585897],[-80.9417015,44.5585939],[-80.9417152,44.5586473],[-80.9417527,44.5586427]]]]},"properties":{"structure_id":"structure_32101122c2bcf925106e","external_source":"openstreetmap","external_id":"a2751718172","building_type":"residential","source_building_tag":"house","source_timestamp":null,"confidence":"source_mapped"}},{"type":"Feature","id":"structure_713a67cdd4c10d3f36ea","geometry":{"type":"MultiPolygon","coordinates":[[[[-80.9418328,44.5585656],[-80.9418152,44.5584665],[-80.9416994,44.558482],[-80.9417238,44.5585755],[-80.9418328,44.5585656]]]]},"properties":{"structure_id":"structure_713a67cdd4c10d3f36ea","external_source":"openstreetmap","external_id":"a2751718174","building_type":"unclassified","source_building_tag":"yes","source_timestamp":null,"confidence":"source_mapped"}},{"type":"Feature","id":"structure_feb88383520760220d85","geometry":{"type":"MultiPolygon","coordinates":[[[[-80.9415327,44.5585018],[-80.941516,44.5584348],[-80.9413758,44.5584526],[-80.9413925,44.5585195],[-80.9415327,44.5585018]]]]},"properties":{"structure_id":"structure_feb88383520760220d85","external_source":"openstreetmap","external_id":"a2751718176","building_type":"residential","source_building_tag":"house","source_timestamp":null,"confidence":"source_mapped"}},{"type":"Feature","id":"structure_1c049e461e9efcfeb970","geometry":{"type":"MultiPolygon","coordinates":[[[[-80.9415145,44.5584216],[-80.9414993,44.5583509],[-80.9413288,44.5583695],[-80.941344,44.5584403],[-80.9415145,44.5584216]]]]},"properties":{"structure_id":"structure_1c049e461e9efcfeb970","external_source":"openstreetmap","external_id":"a2751718178","building_type":"residential","source_building_tag":"house","source_timestamp":null,"confidence":"source_mapped"}},{"type":"Feature","id":"structure_d13e0182ac940f3d46d5","geometry":{"type":"MultiPolygon","coordinates":[[[[-80.9414998,44.5583365],[-80.9414861,44.5582688],[-80.9413056,44.5582874],[-80.9413193,44.5583551],[-80.9414998,44.5583365]]]]},"properties":{"structure_id":"structure_d13e0182ac940f3d46d5","external_source":"openstreetmap","external_id":"a2751718180","building_type":"residential","source_building_tag":"house","source_timestamp":null,"confidence":"source_mapped"}},{"type":"Feature","id":"structure_7b5786d237038f03767b","geometry":{"type":"MultiPolygon","coordinates":[[[[-80.9414861,44.5582532],[-80.941473,44.5581916],[-80.9412885,44.5582115],[-80.9413015,44.5582731],[-80.9414861,44.5582532]]]]},"properties":{"structure_id":"structure_7b5786d237038f03767b","external_source":"openstreetmap","external_id":"a2751718182","building_type":"residential","source_building_tag":"house","source_timestamp":null,"confidence":"source_mapped"}},{"type":"Feature","id":"structure_5b5ca7289bc296c02d9a","geometry":{"type":"MultiPolygon","coordinates":[[[[-80.9414934,44.5581231],[-80.9414795,44.55806],[-80.9412939,44.5580807],[-80.9413155,44.558179],[-80.9414465,44.5581644],[-80.9414388,44.5581292],[-80.9414934,44.5581231]]]]},"properties":{"structure_id":"structure_5b5ca7289bc296c02d9a","external_source":"openstreetmap","external_id":"a2751718184","building_type":"residential","source_building_tag":"house","source_timestamp":null,"confidence":"source_mapped"}},{"type":"Feature","id":"structure_116bd088bec03d03c119","geometry":{"type":"MultiPolygon","coordinates":[[[[-80.9417073,44.5581644],[-80.9416704,44.5580374],[-80.9415679,44.5580525],[-80.9416049,44.5581795],[-80.9417073,44.5581644]]]]},"properties":{"structure_id":"structure_116bd088bec03d03c119","external_source":"openstreetmap","external_id":"a2751718186","building_type":"residential","source_building_tag":"house","source_timestamp":null,"confidence":"source_mapped"}},{"type":"Feature","id":"structure_36fc2c10a3063d371721","geometry":{"type":"MultiPolygon","coordinates":[[[[-80.9418337,44.5581253],[-80.9418011,44.558024],[-80.9417069,44.5580394],[-80.9417395,44.5581407],[-80.9418337,44.5581253]]]]},"properties":{"structure_id":"structure_36fc2c10a3063d371721","external_source":"openstreetmap","external_id":"a2751718188","building_type":"residential","source_building_tag":"house","source_timestamp":null,"confidence":"source_mapped"}},{"type":"Feature","id":"structure_45cacd22372064d7963c","geometry":{"type":"MultiPolygon","coordinates":[[[[-80.9419488,44.5581173],[-80.9419209,44.5580144],[-80.9418302,44.5580269],[-80.9418581,44.5581298],[-80.9419488,44.5581173]]]]},"properties":{"structure_id":"structure_45cacd22372064d7963c","external_source":"openstreetmap","external_id":"a2751718190","building_type":"residential","source_building_tag":"house","source_timestamp":null,"confidence":"source_mapped"}},{"type":"Feature","id":"structure_c81c18aa04198ff66998","geometry":{"type":"MultiPolygon","coordinates":[[[[-80.9420711,44.5580995],[-80.9420475,44.5579984],[-80.9419552,44.5580094],[-80.9419787,44.5581104],[-80.9420711,44.5580995]]]]},"properties":{"structure_id":"structure_c81c18aa04198ff66998","external_source":"openstreetmap","external_id":"a2751718192","building_type":"residential","source_building_tag":"house","source_timestamp":null,"confidence":"source_mapped"}},{"type":"Feature","id":"structure_333281779fdbc852eae2","geometry":{"type":"MultiPolygon","coordinates":[[[[-80.9421964,44.5580867],[-80.9421784,44.5579983],[-80.942076,44.5580089],[-80.9420941,44.5580973],[-80.9421964,44.5580867]]]]},"properties":{"structure_id":"structure_333281779fdbc852eae2","external_source":"openstreetmap","external_id":"a2751718194","building_type":"residential","source_building_tag":"house","source_timestamp":null,"confidence":"source_mapped"}},{"type":"Feature","id":"structure_6f5fb8f22acc350f4d4f","geometry":{"type":"MultiPolygon","coordinates":[[[[-80.9424273,44.5580546],[-80.9423835,44.5580498],[-80.9423881,44.5580291],[-80.9422192,44.5580103],[-80.9422034,44.5580822],[-80.9424161,44.5581059],[-80.9424273,44.5580546]]]]},"properties":{"structure_id":"structure_6f5fb8f22acc350f4d4f","external_source":"openstreetmap","external_id":"a2751718196","building_type":"residential","source_building_tag":"house","source_timestamp":null,"confidence":"source_mapped"}},{"type":"Feature","id":"structure_315b6a0451c4ee0a4220","geometry":{"type":"MultiPolygon","coordinates":[[[[-80.9427072,44.5580737],[-80.9424776,44.5580422],[-80.9424539,44.5581303],[-80.9426835,44.5581617],[-80.9427072,44.5580737]]]]},"properties":{"structure_id":"structure_315b6a0451c4ee0a4220","external_source":"openstreetmap","external_id":"a2751718198","building_type":"residential","source_building_tag":"house","source_timestamp":null,"confidence":"source_mapped"}},{"type":"Feature","id":"structure_6bba649085922dcefb6c","geometry":{"type":"MultiPolygon","coordinates":[[[[-80.9420287,44.558223],[-80.9420055,44.5581639],[-80.941956,44.5581738],[-80.9419792,44.5582329],[-80.9420287,44.558223]]]]},"properties":{"structure_id":"structure_6bba649085922dcefb6c","external_source":"openstreetmap","external_id":"a2751718200","building_type":"unclassified","source_building_tag":"yes","source_timestamp":null,"confidence":"source_mapped"}},{"type":"Feature","id":"structure_70f4784e634d1443ccfa","geometry":{"type":"MultiPolygon","coordinates":[[[[-80.9419065,44.558237],[-80.9418985,44.5581949],[-80.9418433,44.5582002],[-80.9418513,44.5582423],[-80.9419065,44.558237]]]]},"properties":{"structure_id":"structure_70f4784e634d1443ccfa","external_source":"openstreetmap","external_id":"a2751718202","building_type":"unclassified","source_building_tag":"yes","source_timestamp":null,"confidence":"source_mapped"}},{"type":"Feature","id":"structure_c4e84736f95ef6071759","geometry":{"type":"MultiPolygon","coordinates":[[[[-80.9417867,44.5582684],[-80.9417777,44.5582054],[-80.941726,44.5582092],[-80.941735,44.5582722],[-80.9417867,44.5582684]]]]},"properties":{"structure_id":"structure_c4e84736f95ef6071759","external_source":"openstreetmap","external_id":"a2751718204","building_type":"unclassified","source_building_tag":"yes","source_timestamp":null,"confidence":"source_mapped"}},{"type":"Feature","id":"structure_6c7d11ee6f39b2c60b1c","geometry":{"type":"MultiPolygon","coordinates":[[[[-80.9417917,44.558375],[-80.941775,44.5583165],[-80.9416765,44.5583308],[-80.9416932,44.5583893],[-80.9417917,44.558375]]]]},"properties":{"structure_id":"structure_6c7d11ee6f39b2c60b1c","external_source":"openstreetmap","external_id":"a2751718206","building_type":"unclassified","source_building_tag":"yes","source_timestamp":null,"confidence":"source_mapped"}},{"type":"Feature","id":"structure_0eed4c036886a615591b","geometry":{"type":"MultiPolygon","coordinates":[[[[-80.9425212,44.5584295],[-80.9424997,44.5583531],[-80.9424463,44.5583608],[-80.9424679,44.5584371],[-80.9425212,44.5584295]]]]},"properties":{"structure_id":"structure_0eed4c036886a615591b","external_source":"openstreetmap","external_id":"a2751718208","building_type":"unclassified","source_building_tag":"yes","source_timestamp":null,"confidence":"source_mapped"}},{"type":"Feature","id":"structure_1a932c5c599155891ca6","geometry":{"type":"MultiPolygon","coordinates":[[[[-80.943559,44.5578201],[-80.9434988,44.5578166],[-80.9434951,44.5578502],[-80.9435552,44.5578536],[-80.943559,44.5578201]]]]},"properties":{"structure_id":"structure_1a932c5c599155891ca6","external_source":"openstreetmap","external_id":"a2751718210","building_type":"unclassified","source_building_tag":"yes","source_timestamp":null,"confidence":"source_mapped"}},{"type":"Feature","id":"structure_8511660bb20de47715dc","geometry":{"type":"MultiPolygon","coordinates":[[[[-80.9436363,44.5578039],[-80.9435892,44.5577958],[-80.9435815,44.5578184],[-80.9436286,44.5578265],[-80.9436363,44.5578039]]]]},"properties":{"structure_id":"structure_8511660bb20de47715dc","external_source":"openstreetmap","external_id":"a2751718212","building_type":"unclassified","source_building_tag":"yes","source_timestamp":null,"confidence":"source_mapped"}},{"type":"Feature","id":"structure_097b480e27b7afd304eb","geometry":{"type":"MultiPolygon","coordinates":[[[[-80.9417578,44.5619589],[-80.9417391,44.5618843],[-80.9417263,44.5618333],[-80.9415429,44.5618567],[-80.9415745,44.5619823],[-80.9417578,44.5619589]]]]},"properties":{"structure_id":"structure_097b480e27b7afd304eb","external_source":"openstreetmap","external_id":"a2752196426","building_type":"unclassified","source_building_tag":"yes","source_timestamp":null,"confidence":"source_mapped"}},{"type":"Feature","id":"structure_b9e9e42c5520d07186c2","geometry":{"type":"MultiPolygon","coordinates":[[[[-80.9413041,44.5619694],[-80.9412739,44.5618303],[-80.9411996,44.5618385],[-80.9412041,44.5618596],[-80.9411007,44.561871],[-80.9411185,44.5619532],[-80.9410415,44.5619617],[-80.9410554,44.5620254],[-80.9411638,44.5620134],[-80.9411694,44.562039],[-80.9412742,44.5620275],[-80.9412626,44.561974],[-80.9413041,44.5619694]]]]},"properties":{"structure_id":"structure_b9e9e42c5520d07186c2","external_source":"openstreetmap","external_id":"a2752196430","building_type":"residential","source_building_tag":"house","source_timestamp":null,"confidence":"source_mapped"}},{"type":"Feature","id":"structure_237fe240adb6c12f8b8e","geometry":{"type":"MultiPolygon","coordinates":[[[[-80.940988,44.5620029],[-80.9409517,44.5618574],[-80.9409194,44.5618615],[-80.9409071,44.5618125],[-80.9408066,44.5618253],[-80.9408637,44.5620542],[-80.9409541,44.5620428],[-80.9409454,44.5620083],[-80.940988,44.5620029]]]]},"properties":{"structure_id":"structure_237fe240adb6c12f8b8e","external_source":"openstreetmap","external_id":"a2752196432","building_type":"residential","source_building_tag":"house","source_timestamp":null,"confidence":"source_mapped"}},{"type":"Feature","id":"structure_604cf0730cee41870c9c","geometry":{"type":"MultiPolygon","coordinates":[[[[-80.9407549,44.5620621],[-80.9407076,44.5618768],[-80.9405465,44.5618977],[-80.9405593,44.5619477],[-80.9405947,44.5619431],[-80.9406292,44.5620784],[-80.9407549,44.5620621]]]]},"properties":{"structure_id":"structure_604cf0730cee41870c9c","external_source":"openstreetmap","external_id":"a2752196438","building_type":"residential","source_building_tag":"house","source_timestamp":null,"confidence":"source_mapped"}},{"type":"Feature","id":"structure_2f0e6691f44f00a0e640","geometry":{"type":"MultiPolygon","coordinates":[[[[-80.9406113,44.5620838],[-80.940592,44.5619914],[-80.9404214,44.5620095],[-80.9404407,44.5621019],[-80.9406113,44.5620838]]]]},"properties":{"structure_id":"structure_2f0e6691f44f00a0e640","external_source":"openstreetmap","external_id":"a2752196440","building_type":"residential","source_building_tag":"house","source_timestamp":null,"confidence":"source_mapped"}},{"type":"Feature","id":"structure_7d58ec109e4c737fa87b","geometry":{"type":"MultiPolygon","coordinates":[[[[-80.9404072,44.5621081],[-80.940399,44.5620704],[-80.9403563,44.5620751],[-80.940348,44.5620368],[-80.9402479,44.5620478],[-80.9402527,44.5620701],[-80.9402204,44.5620736],[-80.9402306,44.5621208],[-80.9402605,44.5621175],[-80.9402669,44.5621474],[-80.9403667,44.5621365],[-80.9403617,44.5621131],[-80.9404072,44.5621081]]]]},"properties":{"structure_id":"structure_7d58ec109e4c737fa87b","external_source":"openstreetmap","external_id":"a2752196442","building_type":"residential","source_building_tag":"house","source_timestamp":null,"confidence":"source_mapped"}},{"type":"Feature","id":"structure_cab2abee30de879df92e","geometry":{"type":"MultiPolygon","coordinates":[[[[-80.9403761,44.5619577],[-80.9403598,44.5618645],[-80.9401742,44.5618811],[-80.9401906,44.5619743],[-80.9403761,44.5619577]]]]},"properties":{"structure_id":"structure_cab2abee30de879df92e","external_source":"openstreetmap","external_id":"a2752196444","building_type":"residential","source_building_tag":"house","source_timestamp":null,"confidence":"source_mapped"}},{"type":"Feature","id":"structure_53d2c8e42712a7ea926f","geometry":{"type":"MultiPolygon","coordinates":[[[[-80.9405198,44.5617756],[-80.940509,44.5617204],[-80.9404384,44.5617274],[-80.9404365,44.5617174],[-80.9402664,44.5617343],[-80.9402782,44.5617945],[-80.9403141,44.561791],[-80.9403252,44.5618479],[-80.9404508,44.5618354],[-80.9404407,44.5617834],[-80.9405198,44.5617756]]]]},"properties":{"structure_id":"structure_53d2c8e42712a7ea926f","external_source":"openstreetmap","external_id":"a2752196446","building_type":"residential","source_building_tag":"house","source_timestamp":null,"confidence":"source_mapped"}},{"type":"Feature","id":"structure_13550ab2bdd8fcb846ec","geometry":{"type":"MultiPolygon","coordinates":[[[[-80.9404852,44.5616636],[-80.9404718,44.5616029],[-80.940409,44.5616099],[-80.940405,44.5615918],[-80.9402486,44.5616093],[-80.9402662,44.5616894],[-80.940302,44.5616978],[-80.9403706,44.5616918],[-80.9403775,44.5617016],[-80.9404381,44.5616948],[-80.9404325,44.5616695],[-80.9404852,44.5616636]]]]},"properties":{"structure_id":"structure_13550ab2bdd8fcb846ec","external_source":"openstreetmap","external_id":"a2752196448","building_type":"residential","source_building_tag":"house","source_timestamp":null,"confidence":"source_mapped"}},{"type":"Feature","id":"structure_ada6622af870a6441a38","geometry":{"type":"MultiPolygon","coordinates":[[[[-80.9408323,44.5616522],[-80.9408199,44.5615953],[-80.9406954,44.561609],[-80.9407078,44.561666],[-80.9408323,44.5616522]]]]},"properties":{"structure_id":"structure_ada6622af870a6441a38","external_source":"openstreetmap","external_id":"a2752196450","building_type":"residential","source_building_tag":"house","source_timestamp":null,"confidence":"source_mapped"}},{"type":"Feature","id":"structure_b8636040385f2d94be63","geometry":{"type":"MultiPolygon","coordinates":[[[[-80.940591,44.5615265],[-80.94056,44.5613985],[-80.9404142,44.5614164],[-80.9404244,44.5614583],[-80.9401819,44.561488],[-80.9402028,44.5615742],[-80.9404522,44.5615435],[-80.940591,44.5615265]]]]},"properties":{"structure_id":"structure_b8636040385f2d94be63","external_source":"openstreetmap","external_id":"a2752196452","building_type":"residential","source_building_tag":"house","source_timestamp":null,"confidence":"source_mapped"}},{"type":"Feature","id":"structure_020d98a32d6edfd6b187","geometry":{"type":"MultiPolygon","coordinates":[[[[-80.9404775,44.5613987],[-80.9404662,44.5613494],[-80.9403871,44.5613585],[-80.9403739,44.5613009],[-80.9401384,44.5613283],[-80.9401463,44.5613629],[-80.9401109,44.561367],[-80.9401178,44.5613973],[-80.9401598,44.5613924],[-80.9401694,44.5614344],[-80.9404775,44.5613987]]]]},"properties":{"structure_id":"structure_020d98a32d6edfd6b187","external_source":"openstreetmap","external_id":"a2752196454","building_type":"residential","source_building_tag":"house","source_timestamp":null,"confidence":"source_mapped"}},{"type":"Feature","id":"structure_37276c4b9950b4ab47cd","geometry":{"type":"MultiPolygon","coordinates":[[[[-80.9405264,44.5612521],[-80.9405158,44.5611956],[-80.9403903,44.5612074],[-80.9403858,44.5611835],[-80.9400765,44.5612127],[-80.9400834,44.5612502],[-80.9401291,44.5612459],[-80.9401371,44.5612889],[-80.9405264,44.5612521]]]]},"properties":{"structure_id":"structure_37276c4b9950b4ab47cd","external_source":"openstreetmap","external_id":"a2752196456","building_type":"residential","source_building_tag":"house","source_timestamp":null,"confidence":"source_mapped"}},{"type":"Feature","id":"structure_3ca55ceea49ab6364fa4","geometry":{"type":"MultiPolygon","coordinates":[[[[-80.9404973,44.5611393],[-80.9404827,44.5610802],[-80.9403954,44.5610912],[-80.94041,44.5611502],[-80.9404973,44.5611393]]]]},"properties":{"structure_id":"structure_3ca55ceea49ab6364fa4","external_source":"openstreetmap","external_id":"a2752196458","building_type":"residential","source_building_tag":"house","source_timestamp":null,"confidence":"source_mapped"}},{"type":"Feature","id":"structure_cf1a7722b6c35cc31e9b","geometry":{"type":"MultiPolygon","coordinates":[[[[-80.9403244,44.5611525],[-80.9403059,44.5610851],[-80.940121,44.5611109],[-80.9401289,44.5611397],[-80.9400867,44.5611456],[-80.9400973,44.5611841],[-80.9403244,44.5611525]]]]},"properties":{"structure_id":"structure_cf1a7722b6c35cc31e9b","external_source":"openstreetmap","external_id":"a2752196460","building_type":"residential","source_building_tag":"house","source_timestamp":null,"confidence":"source_mapped"}},{"type":"Feature","id":"structure_04be647debc30913e89e","geometry":{"type":"MultiPolygon","coordinates":[[[[-80.9403983,44.560999],[-80.9403914,44.5609673],[-80.9403654,44.5609702],[-80.9403636,44.5609619],[-80.9402039,44.5609795],[-80.9402087,44.5610016],[-80.9400797,44.5610159],[-80.9400987,44.5611035],[-80.9402685,44.5610848],[-80.9402607,44.5610489],[-80.9403858,44.5610351],[-80.9403784,44.5610012],[-80.9403983,44.560999]]]]},"properties":{"structure_id":"structure_04be647debc30913e89e","external_source":"openstreetmap","external_id":"a2752196462","building_type":"residential","source_building_tag":"house","source_timestamp":null,"confidence":"source_mapped"}},{"type":"Feature","id":"structure_20316fa6b72eafeb5b0f","geometry":{"type":"MultiPolygon","coordinates":[[[[-80.940243,44.560966],[-80.9402304,44.5609139],[-80.9401622,44.5609222],[-80.9401661,44.5609384],[-80.940109,44.5609454],[-80.9400992,44.5609047],[-80.939997,44.5609172],[-80.9400191,44.5610094],[-80.9401235,44.5609966],[-80.9401197,44.5609811],[-80.940243,44.560966]]]]},"properties":{"structure_id":"structure_20316fa6b72eafeb5b0f","external_source":"openstreetmap","external_id":"a2752196464","building_type":"residential","source_building_tag":"house","source_timestamp":null,"confidence":"source_mapped"}},{"type":"Feature","id":"structure_aa1ab8c66ba66fd3eb5f","geometry":{"type":"MultiPolygon","coordinates":[[[[-80.940303,44.5608218],[-80.9402892,44.5607514],[-80.9401539,44.5607648],[-80.940158,44.5607856],[-80.9399998,44.5608014],[-80.9400135,44.5608711],[-80.9402493,44.5608476],[-80.9402454,44.5608276],[-80.940303,44.5608218]]]]},"properties":{"structure_id":"structure_aa1ab8c66ba66fd3eb5f","external_source":"openstreetmap","external_id":"a2752196466","building_type":"residential","source_building_tag":"house","source_timestamp":null,"confidence":"source_mapped"}},{"type":"Feature","id":"structure_65267359007365fac2f4","geometry":{"type":"MultiPolygon","coordinates":[[[[-80.9401538,44.5606822],[-80.940132,44.5605911],[-80.939988,44.5606085],[-80.9400067,44.5606867],[-80.9400886,44.5606767],[-80.9400918,44.5606898],[-80.9401538,44.5606822]]]]},"properties":{"structure_id":"structure_65267359007365fac2f4","external_source":"openstreetmap","external_id":"a2752196468","building_type":"residential","source_building_tag":"house","source_timestamp":null,"confidence":"source_mapped"}},{"type":"Feature","id":"structure_c8266a1cb88ac378ad3e","geometry":{"type":"MultiPolygon","coordinates":[[[[-80.9401647,44.5605318],[-80.9401478,44.5604477],[-80.9399715,44.5604658],[-80.939991,44.5605625],[-80.940122,44.5605491],[-80.9401194,44.5605364],[-80.9401647,44.5605318]]]]},"properties":{"structure_id":"structure_c8266a1cb88ac378ad3e","external_source":"openstreetmap","external_id":"a2752196470","building_type":"residential","source_building_tag":"house","source_timestamp":null,"confidence":"source_mapped"}},{"type":"Feature","id":"structure_47ca4afa57fbc7ff2e56","geometry":{"type":"MultiPolygon","coordinates":[[[[-80.9404231,44.5605269],[-80.9404013,44.5604273],[-80.9403855,44.5604255],[-80.9403806,44.560403],[-80.9403098,44.5604108],[-80.9403156,44.5604375],[-80.9402804,44.5604414],[-80.940302,44.5605404],[-80.9404231,44.5605269]]]]},"properties":{"structure_id":"structure_47ca4afa57fbc7ff2e56","external_source":"openstreetmap","external_id":"a2752196472","building_type":"residential","source_building_tag":"house","source_timestamp":null,"confidence":"source_mapped"}},{"type":"Feature","id":"structure_fee6a86b86650cc01d3a","geometry":{"type":"MultiPolygon","coordinates":[[[[-80.9405518,44.5605101],[-80.9405209,44.5603914],[-80.9404098,44.5604061],[-80.9404393,44.5605196],[-80.9404737,44.5605178],[-80.9404805,44.560544],[-80.940542,44.5605358],[-80.9405359,44.5605122],[-80.9405518,44.5605101]]]]},"properties":{"structure_id":"structure_fee6a86b86650cc01d3a","external_source":"openstreetmap","external_id":"a2752196474","building_type":"residential","source_building_tag":"house","source_timestamp":null,"confidence":"source_mapped"}},{"type":"Feature","id":"structure_353538437fa0bba511af","geometry":{"type":"MultiPolygon","coordinates":[[[[-80.9406939,44.5604883],[-80.9406594,44.5603702],[-80.9405513,44.5603863],[-80.9405858,44.5605043],[-80.9406939,44.5604883]]]]},"properties":{"structure_id":"structure_353538437fa0bba511af","external_source":"openstreetmap","external_id":"a2752196476","building_type":"residential","source_building_tag":"house","source_timestamp":null,"confidence":"source_mapped"}},{"type":"Feature","id":"structure_9d7caabe96a0ef9b7bc5","geometry":{"type":"MultiPolygon","coordinates":[[[[-80.9408124,44.5604835],[-80.9407854,44.5603719],[-80.9406809,44.5603847],[-80.9407079,44.5604963],[-80.9408124,44.5604835]]]]},"properties":{"structure_id":"structure_9d7caabe96a0ef9b7bc5","external_source":"openstreetmap","external_id":"a2752196478","building_type":"residential","source_building_tag":"house","source_timestamp":null,"confidence":"source_mapped"}},{"type":"Feature","id":"structure_e5c32f75f7332449a9be","geometry":{"type":"MultiPolygon","coordinates":[[[[-80.9409487,44.5604612],[-80.9409263,44.5603704],[-80.9408654,44.560378],[-80.9408595,44.560354],[-80.9408107,44.5603601],[-80.9408391,44.5604749],[-80.9409487,44.5604612]]]]},"properties":{"structure_id":"structure_e5c32f75f7332449a9be","external_source":"openstreetmap","external_id":"a2752196480","building_type":"residential","source_building_tag":"house","source_timestamp":null,"confidence":"source_mapped"}},{"type":"Feature","id":"structure_05641d127b27c2e51bf1","geometry":{"type":"MultiPolygon","coordinates":[[[[-80.9410956,44.5604446],[-80.9410925,44.5604255],[-80.94107,44.5603284],[-80.9409632,44.5603423],[-80.9409929,44.5604579],[-80.9410956,44.5604446]]]]},"properties":{"structure_id":"structure_05641d127b27c2e51bf1","external_source":"openstreetmap","external_id":"a2752196482","building_type":"residential","source_building_tag":"house","source_timestamp":null,"confidence":"source_mapped"}},{"type":"Feature","id":"structure_eed4814b4853d2eec0c6","geometry":{"type":"MultiPolygon","coordinates":[[[[-80.9410982,44.560517],[-80.9410828,44.5604636],[-80.9409644,44.560481],[-80.9409763,44.5605219],[-80.9410036,44.5605179],[-80.9410072,44.5605304],[-80.9410982,44.560517]]]]},"properties":{"structure_id":"structure_eed4814b4853d2eec0c6","external_source":"openstreetmap","external_id":"a2752196484","building_type":"residential","source_building_tag":"house","source_timestamp":null,"confidence":"source_mapped"}},{"type":"Feature","id":"structure_985cf7daec05af726a9a","geometry":{"type":"MultiPolygon","coordinates":[[[[-80.9414333,44.56054],[-80.9414017,44.5604098],[-80.9413664,44.5603934],[-80.9411488,44.5604189],[-80.941184,44.5605704],[-80.9414333,44.56054]]]]},"properties":{"structure_id":"structure_985cf7daec05af726a9a","external_source":"openstreetmap","external_id":"a2752196486","building_type":"unclassified","source_building_tag":"yes","source_timestamp":null,"confidence":"source_mapped"}},{"type":"Feature","id":"structure_5d0a03e28eeee87d360a","geometry":{"type":"MultiPolygon","coordinates":[[[[-80.9411019,44.560631],[-80.941093,44.5605935],[-80.9409979,44.560605],[-80.9410068,44.5606424],[-80.9411019,44.560631]]]]},"properties":{"structure_id":"structure_5d0a03e28eeee87d360a","external_source":"openstreetmap","external_id":"a2752196492","building_type":"residential","source_building_tag":"house","source_timestamp":null,"confidence":"source_mapped"}},{"type":"Feature","id":"structure_a7106e36b4c3da2e23f1","geometry":{"type":"MultiPolygon","coordinates":[[[[-80.9414952,44.5606939],[-80.9414788,44.5606184],[-80.9412522,44.5606434],[-80.9412686,44.5607189],[-80.9414952,44.5606939]]]]},"properties":{"structure_id":"structure_a7106e36b4c3da2e23f1","external_source":"openstreetmap","external_id":"a2752196494","building_type":"residential","source_building_tag":"house","source_timestamp":null,"confidence":"source_mapped"}},{"type":"Feature","id":"structure_918559d3f97231aa746f","geometry":{"type":"MultiPolygon","coordinates":[[[[-80.9415189,44.5608342],[-80.9415004,44.560752],[-80.9413601,44.560768],[-80.9413671,44.5607991],[-80.9413367,44.5608026],[-80.9413422,44.560827],[-80.9413649,44.5608244],[-80.9413709,44.5608511],[-80.9415189,44.5608342]]]]},"properties":{"structure_id":"structure_918559d3f97231aa746f","external_source":"openstreetmap","external_id":"a2752196496","building_type":"residential","source_building_tag":"house","source_timestamp":null,"confidence":"source_mapped"}},{"type":"Feature","id":"structure_3e777c0b5b78a5041adf","geometry":{"type":"MultiPolygon","coordinates":[[[[-80.9415053,44.560933],[-80.9414919,44.5608605],[-80.9412575,44.5608826],[-80.941271,44.5609552],[-80.9415053,44.560933]]]]},"properties":{"structure_id":"structure_3e777c0b5b78a5041adf","external_source":"openstreetmap","external_id":"a2752196498","building_type":"residential","source_building_tag":"house","source_timestamp":null,"confidence":"source_mapped"}},{"type":"Feature","id":"structure_4f2f2f29dc24637dd268","geometry":{"type":"MultiPolygon","coordinates":[[[[-80.9415341,44.5610251],[-80.9415186,44.5609475],[-80.9413588,44.5609637],[-80.9413743,44.5610413],[-80.9415341,44.5610251]]]]},"properties":{"structure_id":"structure_4f2f2f29dc24637dd268","external_source":"openstreetmap","external_id":"a2752196500","building_type":"residential","source_building_tag":"house","source_timestamp":null,"confidence":"source_mapped"}},{"type":"Feature","id":"structure_d9990639c76a23c4d92b","geometry":{"type":"MultiPolygon","coordinates":[[[[-80.9415553,44.5611259],[-80.9415384,44.5610482],[-80.9413778,44.5610659],[-80.94138,44.5610759],[-80.9413113,44.5610834],[-80.9413199,44.5611233],[-80.9413947,44.5611151],[-80.9414008,44.561143],[-80.9415553,44.5611259]]]]},"properties":{"structure_id":"structure_d9990639c76a23c4d92b","external_source":"openstreetmap","external_id":"a2752196502","building_type":"residential","source_building_tag":"house","source_timestamp":null,"confidence":"source_mapped"}},{"type":"Feature","id":"structure_9e8e63df39b27b093086","geometry":{"type":"MultiPolygon","coordinates":[[[[-80.9411508,44.5610716],[-80.9411446,44.5610407],[-80.941063,44.561049],[-80.9410702,44.5610848],[-80.9410343,44.5610884],[-80.9410396,44.5611152],[-80.9411207,44.5611069],[-80.9411144,44.5610753],[-80.9411508,44.5610716]]]]},"properties":{"structure_id":"structure_9e8e63df39b27b093086","external_source":"openstreetmap","external_id":"a2752196504","building_type":"residential","source_building_tag":"house","source_timestamp":null,"confidence":"source_mapped"}},{"type":"Feature","id":"structure_93aee1efb17db12496a6","geometry":{"type":"MultiPolygon","coordinates":[[[[-80.9415802,44.561263],[-80.9415587,44.5611633],[-80.9413364,44.5611875],[-80.9413468,44.5612359],[-80.9413926,44.5612309],[-80.9413978,44.5612551],[-80.941431,44.5612515],[-80.9414369,44.5612786],[-80.9415802,44.561263]]]]},"properties":{"structure_id":"structure_93aee1efb17db12496a6","external_source":"openstreetmap","external_id":"a2752196508","building_type":"unclassified","source_building_tag":"yes","source_timestamp":null,"confidence":"source_mapped"}},{"type":"Feature","id":"structure_ee89ba29387c1894a6c3","geometry":{"type":"MultiPolygon","coordinates":[[[[-80.9416022,44.5613926],[-80.9415858,44.5613136],[-80.9413865,44.5613346],[-80.941403,44.5614136],[-80.9416022,44.5613926]]]]},"properties":{"structure_id":"structure_ee89ba29387c1894a6c3","external_source":"openstreetmap","external_id":"a2752196512","building_type":"residential","source_building_tag":"house","source_timestamp":null,"confidence":"source_mapped"}},{"type":"Feature","id":"structure_1a14a4ee8f09c01c0370","geometry":{"type":"MultiPolygon","coordinates":[[[[-80.941295,44.5614166],[-80.9412819,44.5613583],[-80.9411919,44.5613685],[-80.941205,44.5614268],[-80.941295,44.5614166]]]]},"properties":{"structure_id":"structure_1a14a4ee8f09c01c0370","external_source":"openstreetmap","external_id":"a2752196514","building_type":"residential","source_building_tag":"house","source_timestamp":null,"confidence":"source_mapped"}},{"type":"Feature","id":"structure_e8f8d780cc78a19616b9","geometry":{"type":"MultiPolygon","coordinates":[[[[-80.9411844,44.5614275],[-80.941174,44.5613737],[-80.9411204,44.5613789],[-80.9411308,44.5614328],[-80.9411844,44.5614275]]]]},"properties":{"structure_id":"structure_e8f8d780cc78a19616b9","external_source":"openstreetmap","external_id":"a2752196516","building_type":"residential","source_building_tag":"house","source_timestamp":null,"confidence":"source_mapped"}},{"type":"Feature","id":"structure_cc6e650506e6fd8a0b81","geometry":{"type":"MultiPolygon","coordinates":[[[[-80.9416734,44.5617049],[-80.9416546,44.56163],[-80.9415023,44.5616493],[-80.941521,44.5617243],[-80.9416734,44.5617049]]]]},"properties":{"structure_id":"structure_cc6e650506e6fd8a0b81","external_source":"openstreetmap","external_id":"a2752196520","building_type":"residential","source_building_tag":"house","source_timestamp":null,"confidence":"source_mapped"}},{"type":"Feature","id":"structure_b402fad4511729847beb","geometry":{"type":"MultiPolygon","coordinates":[[[[-80.9402843,44.560594],[-80.9402771,44.5605654],[-80.9401984,44.5605754],[-80.9402055,44.560604],[-80.9402843,44.560594]]]]},"properties":{"structure_id":"structure_b402fad4511729847beb","external_source":"openstreetmap","external_id":"a2752196528","building_type":"residential","source_building_tag":"house","source_timestamp":null,"confidence":"source_mapped"}},{"type":"Feature","id":"structure_9d07bb09f9152782f050","geometry":{"type":"MultiPolygon","coordinates":[[[[-80.9405862,44.5606498],[-80.9405728,44.5605993],[-80.9405216,44.5606062],[-80.9405351,44.5606567],[-80.9405862,44.5606498]]]]},"properties":{"structure_id":"structure_9d07bb09f9152782f050","external_source":"openstreetmap","external_id":"a2752196530","building_type":"residential","source_building_tag":"house","source_timestamp":null,"confidence":"source_mapped"}},{"type":"Feature","id":"structure_3e1c0d189e6f3df89a30","geometry":{"type":"MultiPolygon","coordinates":[[[[-80.9406518,44.5606451],[-80.940642,44.5605944],[-80.940587,44.5605997],[-80.9405967,44.5606504],[-80.9406518,44.5606451]]]]},"properties":{"structure_id":"structure_3e1c0d189e6f3df89a30","external_source":"openstreetmap","external_id":"a2752196532","building_type":"residential","source_building_tag":"house","source_timestamp":null,"confidence":"source_mapped"}},{"type":"Feature","id":"structure_725451351e8a668dcc69","geometry":{"type":"MultiPolygon","coordinates":[[[[-80.9458028,44.5637227],[-80.9457936,44.5636724],[-80.9457679,44.5636748],[-80.9457193,44.5636793],[-80.945722,44.5636939],[-80.9456578,44.5636998],[-80.9456797,44.5638197],[-80.9457858,44.5638099],[-80.9457704,44.5637257],[-80.9458028,44.5637227]]]]},"properties":{"structure_id":"structure_725451351e8a668dcc69","external_source":"openstreetmap","external_id":"a2752209488","building_type":"residential","source_building_tag":"house","source_timestamp":null,"confidence":"source_mapped"}},{"type":"Feature","id":"structure_37bbb1eb0080ed5a9d14","geometry":{"type":"MultiPolygon","coordinates":[[[[-80.9457065,44.5638805],[-80.9456955,44.5638284],[-80.9456427,44.5638341],[-80.9456541,44.5638861],[-80.9457065,44.5638805]]]]},"properties":{"structure_id":"structure_37bbb1eb0080ed5a9d14","external_source":"openstreetmap","external_id":"a2752209490","building_type":"residential","source_building_tag":"house","source_timestamp":null,"confidence":"source_mapped"}},{"type":"Feature","id":"structure_5ab0b0c8bc16a18c5b91","geometry":{"type":"MultiPolygon","coordinates":[[[[-80.9460381,44.5638937],[-80.9460306,44.5638496],[-80.9459347,44.5638579],[-80.9459422,44.5639019],[-80.9460381,44.5638937]]]]},"properties":{"structure_id":"structure_5ab0b0c8bc16a18c5b91","external_source":"openstreetmap","external_id":"a2752209492","building_type":"residential","source_building_tag":"house","source_timestamp":null,"confidence":"source_mapped"}},{"type":"Feature","id":"structure_5efd7ed4f99c96c078d3","geometry":{"type":"MultiPolygon","coordinates":[[[[-80.9460162,44.5638221],[-80.9459828,44.5636559],[-80.9458945,44.5636649],[-80.9459019,44.5637017],[-80.945862,44.5637058],[-80.9458719,44.5637548],[-80.9459005,44.5637519],[-80.9459167,44.5638323],[-80.9460162,44.5638221]]]]},"properties":{"structure_id":"structure_5efd7ed4f99c96c078d3","external_source":"openstreetmap","external_id":"a2752209494","building_type":"residential","source_building_tag":"house","source_timestamp":null,"confidence":"source_mapped"}},{"type":"Feature","id":"structure_f14589bd58cf2a9ee3df","geometry":{"type":"MultiPolygon","coordinates":[[[[-80.9461961,44.5638202],[-80.946154,44.5636472],[-80.9460444,44.5636607],[-80.9460561,44.563709],[-80.9460251,44.5637128],[-80.9460392,44.5637706],[-80.9460685,44.563767],[-80.9460848,44.5638339],[-80.9461961,44.5638202]]]]},"properties":{"structure_id":"structure_f14589bd58cf2a9ee3df","external_source":"openstreetmap","external_id":"a2752209496","building_type":"residential","source_building_tag":"house","source_timestamp":null,"confidence":"source_mapped"}},{"type":"Feature","id":"structure_4a1f96ead7774d580f2b","geometry":{"type":"MultiPolygon","coordinates":[[[[-80.9467323,44.5637671],[-80.9467182,44.5637015],[-80.9466942,44.5635896],[-80.9465297,44.5636076],[-80.9465678,44.5637851],[-80.9467323,44.5637671]]]]},"properties":{"structure_id":"structure_4a1f96ead7774d580f2b","external_source":"openstreetmap","external_id":"a2752209498","building_type":"residential","source_building_tag":"house","source_timestamp":null,"confidence":"source_mapped"}},{"type":"Feature","id":"structure_d292edc25c57c3116c50","geometry":{"type":"MultiPolygon","coordinates":[[[[-80.9467805,44.5640302],[-80.9467709,44.5639867],[-80.9467403,44.5638475],[-80.9465352,44.5638705],[-80.9465547,44.5639588],[-80.9466045,44.5639533],[-80.9466126,44.5639901],[-80.9466688,44.5639838],[-80.9466814,44.5640413],[-80.9467805,44.5640302]]]]},"properties":{"structure_id":"structure_d292edc25c57c3116c50","external_source":"openstreetmap","external_id":"a2752209500","building_type":"residential","source_building_tag":"house","source_timestamp":null,"confidence":"source_mapped"}},{"type":"Feature","id":"structure_b77ca6e1508b6be2021e","geometry":{"type":"MultiPolygon","coordinates":[[[[-80.9465611,44.5641055],[-80.9465465,44.5640378],[-80.946419,44.5640518],[-80.9464336,44.5641194],[-80.9465611,44.5641055]]]]},"properties":{"structure_id":"structure_b77ca6e1508b6be2021e","external_source":"openstreetmap","external_id":"a2752209502","building_type":"residential","source_building_tag":"house","source_timestamp":null,"confidence":"source_mapped"}},{"type":"Feature","id":"structure_c97dfe904b2ecbb5b81b","geometry":{"type":"MultiPolygon","coordinates":[[[[-80.9468328,44.5642067],[-80.9468098,44.564105],[-80.9467042,44.5641171],[-80.9467272,44.5642188],[-80.9468328,44.5642067]]]]},"properties":{"structure_id":"structure_c97dfe904b2ecbb5b81b","external_source":"openstreetmap","external_id":"a2752209504","building_type":"residential","source_building_tag":"house","source_timestamp":null,"confidence":"source_mapped"}},{"type":"Feature","id":"structure_ca74cafec70ae8c57b4c","geometry":{"type":"MultiPolygon","coordinates":[[[[-80.9468767,44.5643858],[-80.9468726,44.5643613],[-80.9468574,44.5642691],[-80.9467292,44.5642799],[-80.9467438,44.5643685],[-80.9467484,44.5643966],[-80.9468767,44.5643858]]]]},"properties":{"structure_id":"structure_ca74cafec70ae8c57b4c","external_source":"openstreetmap","external_id":"a2752209506","building_type":"residential","source_building_tag":"house","source_timestamp":null,"confidence":"source_mapped"}},{"type":"Feature","id":"structure_6a8ae51b2183187cb316","geometry":{"type":"MultiPolygon","coordinates":[[[[-80.9469632,44.5645499],[-80.9469393,44.5644448],[-80.9469,44.5644493],[-80.9468932,44.5644193],[-80.9467838,44.5644319],[-80.9467965,44.5644878],[-80.9467541,44.5644927],[-80.9467648,44.5645398],[-80.9467976,44.564536],[-80.9468049,44.5645681],[-80.9469632,44.5645499]]]]},"properties":{"structure_id":"structure_6a8ae51b2183187cb316","external_source":"openstreetmap","external_id":"a2752209508","building_type":"residential","source_building_tag":"house","source_timestamp":null,"confidence":"source_mapped"}},{"type":"Feature","id":"structure_0107f96c469f1ae992cb","geometry":{"type":"MultiPolygon","coordinates":[[[[-80.9470013,44.5646108],[-80.9469931,44.5645717],[-80.9467402,44.5645984],[-80.9467514,44.564652],[-80.9468264,44.5646441],[-80.9468305,44.5646637],[-80.9469673,44.5646492],[-80.9469602,44.5646151],[-80.9470013,44.5646108]]]]},"properties":{"structure_id":"structure_0107f96c469f1ae992cb","external_source":"openstreetmap","external_id":"a2752209510","building_type":"residential","source_building_tag":"house","source_timestamp":null,"confidence":"source_mapped"}},{"type":"Feature","id":"structure_1c68c283bd4e287c76e6","geometry":{"type":"MultiPolygon","coordinates":[[[[-80.9470577,44.5647905],[-80.9470344,44.5646708],[-80.9468933,44.5646848],[-80.9469166,44.5648045],[-80.9470577,44.5647905]]]]},"properties":{"structure_id":"structure_1c68c283bd4e287c76e6","external_source":"openstreetmap","external_id":"a2752209512","building_type":"residential","source_building_tag":"house","source_timestamp":null,"confidence":"source_mapped"}},{"type":"Feature","id":"structure_269356885c3289b93fd8","geometry":{"type":"MultiPolygon","coordinates":[[[[-80.9471007,44.5648641],[-80.947089,44.5648049],[-80.9468908,44.5648248],[-80.9469025,44.5648839],[-80.9471007,44.5648641]]]]},"properties":{"structure_id":"structure_269356885c3289b93fd8","external_source":"openstreetmap","external_id":"a2752209514","building_type":"residential","source_building_tag":"house","source_timestamp":null,"confidence":"source_mapped"}},{"type":"Feature","id":"structure_025a95db433668b9ee77","geometry":{"type":"MultiPolygon","coordinates":[[[[-80.9471291,44.5649505],[-80.9471201,44.5649085],[-80.9470343,44.5649179],[-80.9470434,44.5649599],[-80.9471291,44.5649505]]]]},"properties":{"structure_id":"structure_025a95db433668b9ee77","external_source":"openstreetmap","external_id":"a2752209516","building_type":"residential","source_building_tag":"house","source_timestamp":null,"confidence":"source_mapped"}},{"type":"Feature","id":"structure_3d526df9013eaf13daaa","geometry":{"type":"MultiPolygon","coordinates":[[[[-80.9468031,44.5649121],[-80.9467965,44.5648776],[-80.9467194,44.564885],[-80.9467259,44.5649196],[-80.9468031,44.5649121]]]]},"properties":{"structure_id":"structure_3d526df9013eaf13daaa","external_source":"openstreetmap","external_id":"a2752209518","building_type":"residential","source_building_tag":"house","source_timestamp":null,"confidence":"source_mapped"}},{"type":"Feature","id":"structure_dff2177c6ae4bb54fb11","geometry":{"type":"MultiPolygon","coordinates":[[[[-80.9471881,44.5651482],[-80.947162,44.565028],[-80.9471253,44.565032],[-80.947116,44.564989],[-80.9470495,44.5649963],[-80.9470851,44.5651596],[-80.9471881,44.5651482]]]]},"properties":{"structure_id":"structure_dff2177c6ae4bb54fb11","external_source":"openstreetmap","external_id":"a2752209520","building_type":"residential","source_building_tag":"house","source_timestamp":null,"confidence":"source_mapped"}},{"type":"Feature","id":"structure_40dd7c3899e6d8ae4693","geometry":{"type":"MultiPolygon","coordinates":[[[[-80.94705,44.5651552],[-80.9470299,44.5650589],[-80.9470012,44.565062],[-80.9469842,44.5649805],[-80.9469168,44.5649877],[-80.9469257,44.5650302],[-80.946883,44.5650347],[-80.9468922,44.5650787],[-80.9468659,44.5650815],[-80.9468821,44.5651589],[-80.9469776,44.5651487],[-80.9469805,44.5651626],[-80.94705,44.5651552]]]]},"properties":{"structure_id":"structure_40dd7c3899e6d8ae4693","external_source":"openstreetmap","external_id":"a2752209522","building_type":"residential","source_building_tag":"house","source_timestamp":null,"confidence":"source_mapped"}},{"type":"Feature","id":"structure_09bf05b9fd1e1f94f23d","geometry":{"type":"MultiPolygon","coordinates":[[[[-80.9468702,44.5651796],[-80.9468423,44.5650704],[-80.9467527,44.5650821],[-80.9467806,44.5651912],[-80.9468702,44.5651796]]]]},"properties":{"structure_id":"structure_09bf05b9fd1e1f94f23d","external_source":"openstreetmap","external_id":"a2752209524","building_type":"residential","source_building_tag":"house","source_timestamp":null,"confidence":"source_mapped"}},{"type":"Feature","id":"structure_a031438ac052a404246c","geometry":{"type":"MultiPolygon","coordinates":[[[[-80.9467273,44.5651965],[-80.946698,44.5650876],[-80.9465347,44.5651037],[-80.9465565,44.5651851],[-80.9466305,44.5651753],[-80.9466391,44.5652082],[-80.9467273,44.5651965]]]]},"properties":{"structure_id":"structure_a031438ac052a404246c","external_source":"openstreetmap","external_id":"a2752209526","building_type":"residential","source_building_tag":"house","source_timestamp":null,"confidence":"source_mapped"}},{"type":"Feature","id":"structure_e3ca2df76922b299f250","geometry":{"type":"MultiPolygon","coordinates":[[[[-80.9464853,44.5652578],[-80.9464474,44.5650789],[-80.946341,44.5650903],[-80.9463361,44.5650673],[-80.9463744,44.5650632],[-80.9463671,44.5650284],[-80.9464247,44.5650222],[-80.9464152,44.5649775],[-80.9461859,44.5650002],[-80.9462126,44.5651263],[-80.9461949,44.5651282],[-80.9461534,44.5651327],[-80.9461703,44.5652129],[-80.9462113,44.5652085],[-80.9462507,44.5652042],[-80.9463099,44.5652767],[-80.9464853,44.5652578]]]]},"properties":{"structure_id":"structure_e3ca2df76922b299f250","external_source":"openstreetmap","external_id":"a2752209528","building_type":"unclassified","source_building_tag":"yes","source_timestamp":null,"confidence":"source_mapped"}},{"type":"Feature","id":"structure_fa509593e7726b81632e","geometry":{"type":"MultiPolygon","coordinates":[[[[-80.9461278,44.5653033],[-80.9461032,44.5652011],[-80.9459999,44.5652138],[-80.9459929,44.5651848],[-80.9458159,44.5652065],[-80.9458436,44.5653211],[-80.945939,44.5653095],[-80.9459407,44.5653239],[-80.9461278,44.5653033]]]]},"properties":{"structure_id":"structure_fa509593e7726b81632e","external_source":"openstreetmap","external_id":"a2752209534","building_type":"unclassified","source_building_tag":"yes","source_timestamp":null,"confidence":"source_mapped"}},{"type":"Feature","id":"structure_a2fcf47029db190ab946","geometry":{"type":"MultiPolygon","coordinates":[[[[-80.9464927,44.564826],[-80.9464792,44.5647518],[-80.9461617,44.564781],[-80.9461564,44.5648],[-80.9461675,44.564856],[-80.9464927,44.564826]]]]},"properties":{"structure_id":"structure_a2fcf47029db190ab946","external_source":"openstreetmap","external_id":"a2752209540","building_type":"unclassified","source_building_tag":"yes","source_timestamp":null,"confidence":"source_mapped"}},{"type":"Feature","id":"structure_17765d8ecbb1dfd4c052","geometry":{"type":"MultiPolygon","coordinates":[[[[-80.9461151,44.5649472],[-80.9461082,44.5649158],[-80.9460211,44.5649255],[-80.946028,44.5649569],[-80.9461151,44.5649472]]]]},"properties":{"structure_id":"structure_17765d8ecbb1dfd4c052","external_source":"openstreetmap","external_id":"a2752209542","building_type":"unclassified","source_building_tag":"yes","source_timestamp":null,"confidence":"source_mapped"}},{"type":"Feature","id":"structure_9940297e57e5624ff020","geometry":{"type":"MultiPolygon","coordinates":[[[[-80.9459448,44.5649143],[-80.9459243,44.5648231],[-80.9457624,44.5648415],[-80.9457829,44.5649328],[-80.9459448,44.5649143]]]]},"properties":{"structure_id":"structure_9940297e57e5624ff020","external_source":"openstreetmap","external_id":"a2752209548","building_type":"residential","source_building_tag":"house","source_timestamp":null,"confidence":"source_mapped"}},{"type":"Feature","id":"structure_d13a5abfd25b230ae135","geometry":{"type":"MultiPolygon","coordinates":[[[[-80.9459461,44.5647915],[-80.9459186,44.5646768],[-80.9457234,44.5647005],[-80.9457508,44.5648152],[-80.9459461,44.5647915]]]]},"properties":{"structure_id":"structure_d13a5abfd25b230ae135","external_source":"openstreetmap","external_id":"a2752209550","building_type":"residential","source_building_tag":"house","source_timestamp":null,"confidence":"source_mapped"}},{"type":"Feature","id":"structure_0405dedd4044bc032867","geometry":{"type":"MultiPolygon","coordinates":[[[[-80.9463658,44.5646017],[-80.94634,44.5644869],[-80.9462161,44.5644991],[-80.9461857,44.564479],[-80.9461204,44.5644853],[-80.9461001,44.5645139],[-80.9459695,44.5645269],[-80.9456822,44.5645616],[-80.945708,44.5646767],[-80.9463658,44.5646017]]]]},"properties":{"structure_id":"structure_0405dedd4044bc032867","external_source":"openstreetmap","external_id":"a2752209552","building_type":"unclassified","source_building_tag":"yes","source_timestamp":null,"confidence":"source_mapped"}},{"type":"Feature","id":"structure_ad975c2d9c7bb8cf604e","geometry":{"type":"MultiPolygon","coordinates":[[[[-80.946178,44.5642007],[-80.9461571,44.5640934],[-80.9456838,44.5641419],[-80.9456914,44.5641798],[-80.9457619,44.5641725],[-80.9457779,44.5642518],[-80.9456693,44.5642629],[-80.9456909,44.5643701],[-80.9456303,44.5643763],[-80.9456407,44.5644282],[-80.945676,44.5644307],[-80.945697,44.5645339],[-80.9459654,44.5645062],[-80.9459466,44.5644097],[-80.9460535,44.5643991],[-80.9460261,44.5642591],[-80.9461087,44.5642509],[-80.9461004,44.5642084],[-80.946178,44.5642007]]]]},"properties":{"structure_id":"structure_ad975c2d9c7bb8cf604e","external_source":"openstreetmap","external_id":"a2752209554","building_type":"unclassified","source_building_tag":"yes","source_timestamp":null,"confidence":"source_mapped"}},{"type":"Feature","id":"structure_8626aa6b198d4fd5041b","geometry":{"type":"MultiPolygon","coordinates":[[[[-80.9457979,44.5640524],[-80.9457796,44.5639748],[-80.9455331,44.5640042],[-80.9455514,44.5640819],[-80.9457979,44.5640524]]]]},"properties":{"structure_id":"structure_8626aa6b198d4fd5041b","external_source":"openstreetmap","external_id":"a2752209560","building_type":"residential","source_building_tag":"house","source_timestamp":null,"confidence":"source_mapped"}},{"type":"Feature","id":"structure_553f7a1b27816e718f80","geometry":{"type":"MultiPolygon","coordinates":[[[[-80.94646,44.5647154],[-80.9464395,44.5646182],[-80.9463689,44.5646257],[-80.9463537,44.5646273],[-80.9463742,44.5647246],[-80.94646,44.5647154]]]]},"properties":{"structure_id":"structure_553f7a1b27816e718f80","external_source":"openstreetmap","external_id":"a2752209566","building_type":"unclassified","source_building_tag":"yes","source_timestamp":null,"confidence":"source_mapped"}},{"type":"Feature","id":"structure_879749c28d68fe0e6154","geometry":{"type":"MultiPolygon","coordinates":[[[[-80.9452273,44.5588182],[-80.9450966,44.5588108],[-80.9450842,44.5589216],[-80.945108,44.558923],[-80.945102,44.5589765],[-80.9452089,44.5589826],[-80.9452273,44.5588182]]]]},"properties":{"structure_id":"structure_879749c28d68fe0e6154","external_source":"openstreetmap","external_id":"a2756615512","building_type":"residential","source_building_tag":"house","source_timestamp":null,"confidence":"source_mapped"}},{"type":"Feature","id":"structure_42f69aea0046822934c6","geometry":{"type":"MultiPolygon","coordinates":[[[[-80.9452363,44.5586827],[-80.9451978,44.5586822],[-80.9452001,44.5585899],[-80.9450969,44.5585886],[-80.9450954,44.558649],[-80.9450637,44.5586486],[-80.9450627,44.5586888],[-80.945086,44.5586891],[-80.9450841,44.5587647],[-80.9452342,44.5587666],[-80.9452363,44.5586827]]]]},"properties":{"structure_id":"structure_42f69aea0046822934c6","external_source":"openstreetmap","external_id":"a2756615514","building_type":"residential","source_building_tag":"house","source_timestamp":null,"confidence":"source_mapped"}},{"type":"Feature","id":"structure_e1f5ab5265bd576a36d0","geometry":{"type":"MultiPolygon","coordinates":[[[[-80.9452799,44.5583018],[-80.9452421,44.5582974],[-80.9451924,44.5582575],[-80.9452211,44.5581169],[-80.9452006,44.558064],[-80.9451013,44.5580525],[-80.9451108,44.558124],[-80.9450873,44.5582364],[-80.9451388,44.5582522],[-80.9451926,44.5582945],[-80.9451769,44.5583621],[-80.9452636,44.5583723],[-80.9452799,44.5583018]]]]},"properties":{"structure_id":"structure_e1f5ab5265bd576a36d0","external_source":"openstreetmap","external_id":"a2756615516","building_type":"residential","source_building_tag":"house","source_timestamp":null,"confidence":"source_mapped"}},{"type":"Feature","id":"structure_c5205e830442b057db2b","geometry":{"type":"MultiPolygon","coordinates":[[[[-80.945168,44.5578815],[-80.9451175,44.5577822],[-80.9449964,44.5578135],[-80.9450763,44.5579707],[-80.9451569,44.5579499],[-80.9451275,44.557892],[-80.945168,44.5578815]]]]},"properties":{"structure_id":"structure_c5205e830442b057db2b","external_source":"openstreetmap","external_id":"a2756615518","building_type":"residential","source_building_tag":"house","source_timestamp":null,"confidence":"source_mapped"}},{"type":"Feature","id":"structure_e0f609ac118dfa6cc19c","geometry":{"type":"MultiPolygon","coordinates":[[[[-80.9450439,44.5576731],[-80.9449644,44.5575219],[-80.9448153,44.5575617],[-80.9448948,44.5577129],[-80.9450439,44.5576731]]]]},"properties":{"structure_id":"structure_e0f609ac118dfa6cc19c","external_source":"openstreetmap","external_id":"a2756615520","building_type":"residential","source_building_tag":"house","source_timestamp":null,"confidence":"source_mapped"}},{"type":"Feature","id":"structure_a8925c14ab6608054f1b","geometry":{"type":"MultiPolygon","coordinates":[[[[-80.9448298,44.5573795],[-80.9447898,44.5573003],[-80.9446707,44.5573308],[-80.9447107,44.55741],[-80.9448298,44.5573795]]]]},"properties":{"structure_id":"structure_a8925c14ab6608054f1b","external_source":"openstreetmap","external_id":"a2756615522","building_type":"residential","source_building_tag":"house","source_timestamp":null,"confidence":"source_mapped"}},{"type":"Feature","id":"structure_5790e19201c137349cd9","geometry":{"type":"MultiPolygon","coordinates":[[[[-80.9447851,44.5572818],[-80.944735,44.5571997],[-80.9445525,44.5572562],[-80.9446026,44.5573384],[-80.9447851,44.5572818]]]]},"properties":{"structure_id":"structure_5790e19201c137349cd9","external_source":"openstreetmap","external_id":"a2756615524","building_type":"residential","source_building_tag":"house","source_timestamp":null,"confidence":"source_mapped"}},{"type":"Feature","id":"structure_aaecfae897e3a8615d2f","geometry":{"type":"MultiPolygon","coordinates":[[[[-80.9447237,44.557101],[-80.9447048,44.5570674],[-80.9446661,44.5570784],[-80.9446518,44.5570529],[-80.9445033,44.5570953],[-80.9445542,44.557186],[-80.9447074,44.5571423],[-80.9446897,44.5571107],[-80.9447237,44.557101]]]]},"properties":{"structure_id":"structure_aaecfae897e3a8615d2f","external_source":"openstreetmap","external_id":"a2756615526","building_type":"residential","source_building_tag":"house","source_timestamp":null,"confidence":"source_mapped"}},{"type":"Feature","id":"structure_68a05cd208796eece4bf","geometry":{"type":"MultiPolygon","coordinates":[[[[-80.9456368,44.5576802],[-80.9456081,44.5576183],[-80.9454127,44.5576642],[-80.9454414,44.5577262],[-80.9456368,44.5576802]]]]},"properties":{"structure_id":"structure_68a05cd208796eece4bf","external_source":"openstreetmap","external_id":"a2756615530","building_type":"residential","source_building_tag":"house","source_timestamp":null,"confidence":"source_mapped"}},{"type":"Feature","id":"structure_c0b66ecaf8a68d8cbc6b","geometry":{"type":"MultiPolygon","coordinates":[[[[-80.9455653,44.5575134],[-80.9455236,44.5574327],[-80.9453442,44.5574798],[-80.9453858,44.5575604],[-80.9455653,44.5575134]]]]},"properties":{"structure_id":"structure_c0b66ecaf8a68d8cbc6b","external_source":"openstreetmap","external_id":"a2756615532","building_type":"residential","source_building_tag":"house","source_timestamp":null,"confidence":"source_mapped"}},{"type":"Feature","id":"structure_ab388aea9dcca0ffac3f","geometry":{"type":"MultiPolygon","coordinates":[[[[-80.9454208,44.5573039],[-80.9453605,44.557204],[-80.945196,44.5572544],[-80.9452175,44.5572899],[-80.9451907,44.5572982],[-80.9452214,44.5573489],[-80.9452484,44.5573512],[-80.9452897,44.5574196],[-80.9453797,44.557392],[-80.9453412,44.5573283],[-80.9454208,44.5573039]]]]},"properties":{"structure_id":"structure_ab388aea9dcca0ffac3f","external_source":"openstreetmap","external_id":"a2756615534","building_type":"residential","source_building_tag":"house","source_timestamp":null,"confidence":"source_mapped"}},{"type":"Feature","id":"structure_87f29db7538652b7c7fe","geometry":{"type":"MultiPolygon","coordinates":[[[[-80.9452385,44.5570538],[-80.9451956,44.5569805],[-80.9452364,44.5569683],[-80.9452008,44.5569075],[-80.9450143,44.556963],[-80.9450929,44.5570971],[-80.9452385,44.5570538]]]]},"properties":{"structure_id":"structure_87f29db7538652b7c7fe","external_source":"openstreetmap","external_id":"a2756615536","building_type":"residential","source_building_tag":"house","source_timestamp":null,"confidence":"source_mapped"}},{"type":"Feature","id":"structure_eee8c3b5f4847e6132a1","geometry":{"type":"MultiPolygon","coordinates":[[[[-80.9452602,44.5568573],[-80.9451667,44.55668],[-80.94492,44.5567461],[-80.9449723,44.5568455],[-80.9451048,44.55681],[-80.9451459,44.5568879],[-80.9452602,44.5568573]]]]},"properties":{"structure_id":"structure_eee8c3b5f4847e6132a1","external_source":"openstreetmap","external_id":"a2756615538","building_type":"residential","source_building_tag":"house","source_timestamp":null,"confidence":"source_mapped"}},{"type":"Feature","id":"structure_4ab64a6e4f8c266d1e8a","geometry":{"type":"MultiPolygon","coordinates":[[[[-80.9447983,44.5565247],[-80.944708,44.5564528],[-80.9446089,44.556516],[-80.9446992,44.5565879],[-80.9447983,44.5565247]]]]},"properties":{"structure_id":"structure_4ab64a6e4f8c266d1e8a","external_source":"openstreetmap","external_id":"a2756615540","building_type":"residential","source_building_tag":"house","source_timestamp":null,"confidence":"source_mapped"}},{"type":"Feature","id":"structure_068a726c00640c191ff5","geometry":{"type":"MultiPolygon","coordinates":[[[[-80.9446108,44.5563461],[-80.9445655,44.5563176],[-80.9445307,44.5563457],[-80.9444999,44.5563264],[-80.9445225,44.5563081],[-80.9444379,44.5562549],[-80.9443497,44.5563262],[-80.9445103,44.5564272],[-80.9446108,44.5563461]]]]},"properties":{"structure_id":"structure_068a726c00640c191ff5","external_source":"openstreetmap","external_id":"a2756615542","building_type":"residential","source_building_tag":"house","source_timestamp":null,"confidence":"source_mapped"}},{"type":"Feature","id":"structure_e52154dbf76d6eda26e8","geometry":{"type":"MultiPolygon","coordinates":[[[[-80.944403,44.5562291],[-80.9442426,44.5561311],[-80.9441592,44.5562005],[-80.9443195,44.5562985],[-80.944403,44.5562291]]]]},"properties":{"structure_id":"structure_e52154dbf76d6eda26e8","external_source":"openstreetmap","external_id":"a2756615544","building_type":"residential","source_building_tag":"house","source_timestamp":null,"confidence":"source_mapped"}},{"type":"Feature","id":"structure_6e55ac34799bce02e5d3","geometry":{"type":"MultiPolygon","coordinates":[[[[-80.944233,44.5561114],[-80.9440407,44.555984],[-80.9439471,44.5560558],[-80.9441394,44.5561832],[-80.944233,44.5561114]]]]},"properties":{"structure_id":"structure_6e55ac34799bce02e5d3","external_source":"openstreetmap","external_id":"a2756615546","building_type":"residential","source_building_tag":"house","source_timestamp":null,"confidence":"source_mapped"}},{"type":"Feature","id":"structure_bdc3d4730d9558c5dff4","geometry":{"type":"MultiPolygon","coordinates":[[[[-80.9440076,44.5559833],[-80.9439019,44.5559209],[-80.9439354,44.555892],[-80.9438819,44.5558605],[-80.943857,44.555882],[-80.9438133,44.5558562],[-80.9437256,44.5559316],[-80.9439285,44.5560513],[-80.9440076,44.5559833]]]]},"properties":{"structure_id":"structure_bdc3d4730d9558c5dff4","external_source":"openstreetmap","external_id":"a2756615548","building_type":"residential","source_building_tag":"house","source_timestamp":null,"confidence":"source_mapped"}},{"type":"Feature","id":"structure_79dd46a35292e29c4491","geometry":{"type":"MultiPolygon","coordinates":[[[[-80.9438008,44.5557869],[-80.9436919,44.5557171],[-80.9436538,44.5557474],[-80.9435777,44.5556987],[-80.9434957,44.5557637],[-80.9436806,44.5558822],[-80.9438008,44.5557869]]]]},"properties":{"structure_id":"structure_79dd46a35292e29c4491","external_source":"openstreetmap","external_id":"a2756615550","building_type":"residential","source_building_tag":"house","source_timestamp":null,"confidence":"source_mapped"}},{"type":"Feature","id":"structure_1f320b05d180a180d2e4","geometry":{"type":"MultiPolygon","coordinates":[[[[-80.9435029,44.5556473],[-80.9434667,44.5556423],[-80.9434872,44.5555668],[-80.9434002,44.5555548],[-80.9433816,44.5556235],[-80.9432202,44.5556013],[-80.9431964,44.5556894],[-80.9434809,44.5557285],[-80.9435029,44.5556473]]]]},"properties":{"structure_id":"structure_1f320b05d180a180d2e4","external_source":"openstreetmap","external_id":"a2756615552","building_type":"residential","source_building_tag":"house","source_timestamp":null,"confidence":"source_mapped"}},{"type":"Feature","id":"structure_8ce14d3eccec0ea5ce92","geometry":{"type":"MultiPolygon","coordinates":[[[[-80.9431906,44.5555513],[-80.9430179,44.5555459],[-80.9430201,44.5555094],[-80.9429018,44.5555057],[-80.9428973,44.5555788],[-80.943008,44.5555822],[-80.9430055,44.5556241],[-80.943097,44.5556269],[-80.9430947,44.5556638],[-80.9431835,44.5556666],[-80.9431906,44.5555513]]]]},"properties":{"structure_id":"structure_8ce14d3eccec0ea5ce92","external_source":"openstreetmap","external_id":"a2756615554","building_type":"residential","source_building_tag":"house","source_timestamp":null,"confidence":"source_mapped"}},{"type":"Feature","id":"structure_a4f469c40c3012fdedd3","geometry":{"type":"MultiPolygon","coordinates":[[[[-80.9428714,44.5557425],[-80.9428672,44.5556623],[-80.9428181,44.5556636],[-80.9428162,44.5556283],[-80.9427078,44.5556312],[-80.9427057,44.5555916],[-80.9426343,44.5555935],[-80.9426425,44.5557486],[-80.9428714,44.5557425]]]]},"properties":{"structure_id":"structure_a4f469c40c3012fdedd3","external_source":"openstreetmap","external_id":"a2756615556","building_type":"residential","source_building_tag":"house","source_timestamp":null,"confidence":"source_mapped"}},{"type":"Feature","id":"structure_e65eb28dc53f8a2ae98f","geometry":{"type":"MultiPolygon","coordinates":[[[[-80.9425832,44.5556278],[-80.9423809,44.5556072],[-80.9423622,44.5557004],[-80.9425645,44.555721],[-80.9425832,44.5556278]]]]},"properties":{"structure_id":"structure_e65eb28dc53f8a2ae98f","external_source":"openstreetmap","external_id":"a2756615558","building_type":"residential","source_building_tag":"house","source_timestamp":null,"confidence":"source_mapped"}},{"type":"Feature","id":"structure_481388caa56352a830ef","geometry":{"type":"MultiPolygon","coordinates":[[[[-80.9422135,44.5555281],[-80.9421737,44.555525],[-80.9421557,44.5555083],[-80.9421295,44.555506],[-80.9421057,44.5555212],[-80.9419696,44.5555073],[-80.9419533,44.5555883],[-80.9418751,44.5556013],[-80.9418618,44.5555604],[-80.9418037,44.5555701],[-80.9418408,44.5556838],[-80.9419549,44.5556649],[-80.9419632,44.5556525],[-80.9420707,44.5556574],[-80.9420743,44.555617],[-80.9421168,44.5556189],[-80.9421155,44.5556336],[-80.9421352,44.5556477],[-80.942179,44.5556494],[-80.942197,44.5556352],[-80.9422135,44.5555281]]]]},"properties":{"structure_id":"structure_481388caa56352a830ef","external_source":"openstreetmap","external_id":"a2756615560","building_type":"residential","source_building_tag":"house","source_timestamp":null,"confidence":"source_mapped"}},{"type":"Feature","id":"structure_0a41b4874129772ec0d9","geometry":{"type":"MultiPolygon","coordinates":[[[[-80.9417838,44.5557024],[-80.9417554,44.5555795],[-80.9416806,44.5555883],[-80.941689,44.555625],[-80.9416491,44.5556297],[-80.9416689,44.5557159],[-80.9417838,44.5557024]]]]},"properties":{"structure_id":"structure_0a41b4874129772ec0d9","external_source":"openstreetmap","external_id":"a2756615562","building_type":"residential","source_building_tag":"house","source_timestamp":null,"confidence":"source_mapped"}},{"type":"Feature","id":"structure_d3ac7b85a1fdeba0973c","geometry":{"type":"MultiPolygon","coordinates":[[[[-80.9416392,44.555722],[-80.94162,44.5556239],[-80.9414889,44.5556369],[-80.9415081,44.555735],[-80.9416392,44.555722]]]]},"properties":{"structure_id":"structure_d3ac7b85a1fdeba0973c","external_source":"openstreetmap","external_id":"a2756615564","building_type":"residential","source_building_tag":"house","source_timestamp":null,"confidence":"source_mapped"}},{"type":"Feature","id":"structure_a7c02b10d9e900ce2748","geometry":{"type":"MultiPolygon","coordinates":[[[[-80.9414867,44.5557733],[-80.9414725,44.5556422],[-80.9413752,44.5556476],[-80.9413894,44.5557787],[-80.9414867,44.5557733]]]]},"properties":{"structure_id":"structure_a7c02b10d9e900ce2748","external_source":"openstreetmap","external_id":"a2756615566","building_type":"residential","source_building_tag":"house","source_timestamp":null,"confidence":"source_mapped"}},{"type":"Feature","id":"structure_cca6c53f3198f95e1f5a","geometry":{"type":"MultiPolygon","coordinates":[[[[-80.9413469,44.5558033],[-80.9413369,44.555722],[-80.9412849,44.5557253],[-80.9412803,44.5556875],[-80.9412517,44.5556893],[-80.9412477,44.5556569],[-80.9411867,44.5556608],[-80.9412026,44.5557896],[-80.941247,44.5557868],[-80.9412498,44.5558093],[-80.9413469,44.5558033]]]]},"properties":{"structure_id":"structure_cca6c53f3198f95e1f5a","external_source":"openstreetmap","external_id":"a2756615568","building_type":"residential","source_building_tag":"house","source_timestamp":null,"confidence":"source_mapped"}},{"type":"Feature","id":"structure_058b842ea0bbec27ed37","geometry":{"type":"MultiPolygon","coordinates":[[[[-80.9412389,44.5567847],[-80.9412303,44.5567372],[-80.9411626,44.5567435],[-80.941158,44.5567181],[-80.940982,44.5567344],[-80.9409952,44.5568072],[-80.9412389,44.5567847]]]]},"properties":{"structure_id":"structure_058b842ea0bbec27ed37","external_source":"openstreetmap","external_id":"a2756615572","building_type":"residential","source_building_tag":"house","source_timestamp":null,"confidence":"source_mapped"}},{"type":"Feature","id":"structure_e3d43b21a7287e1d7032","geometry":{"type":"MultiPolygon","coordinates":[[[[-80.9411565,44.5566756],[-80.9411394,44.556596],[-80.941006,44.5566105],[-80.9410231,44.5566901],[-80.9411565,44.5566756]]]]},"properties":{"structure_id":"structure_e3d43b21a7287e1d7032","external_source":"openstreetmap","external_id":"a2756615574","building_type":"residential","source_building_tag":"house","source_timestamp":null,"confidence":"source_mapped"}},{"type":"Feature","id":"structure_81b1987ae288a96e0fdf","geometry":{"type":"MultiPolygon","coordinates":[[[[-80.9411339,44.5565334],[-80.9411246,44.5564926],[-80.9409725,44.5565103],[-80.9409933,44.5566011],[-80.941098,44.5565889],[-80.9410866,44.5565389],[-80.9411339,44.5565334]]]]},"properties":{"structure_id":"structure_81b1987ae288a96e0fdf","external_source":"openstreetmap","external_id":"a2756615576","building_type":"residential","source_building_tag":"house","source_timestamp":null,"confidence":"source_mapped"}},{"type":"Feature","id":"structure_8bdb6949b63883a144c1","geometry":{"type":"MultiPolygon","coordinates":[[[[-80.941113,44.5564769],[-80.941096,44.5564032],[-80.9409659,44.5564184],[-80.9409828,44.5564921],[-80.941113,44.5564769]]]]},"properties":{"structure_id":"structure_8bdb6949b63883a144c1","external_source":"openstreetmap","external_id":"a2756615578","building_type":"residential","source_building_tag":"house","source_timestamp":null,"confidence":"source_mapped"}},{"type":"Feature","id":"structure_b44b0e99fdf136132234","geometry":{"type":"MultiPolygon","coordinates":[[[[-80.9410935,44.5563772],[-80.9410728,44.5563032],[-80.9409046,44.5563271],[-80.9409145,44.5563626],[-80.9409451,44.5563583],[-80.9409558,44.5563967],[-80.9410935,44.5563772]]]]},"properties":{"structure_id":"structure_b44b0e99fdf136132234","external_source":"openstreetmap","external_id":"a2756615580","building_type":"residential","source_building_tag":"house","source_timestamp":null,"confidence":"source_mapped"}},{"type":"Feature","id":"structure_f35280e4f44f932c6c23","geometry":{"type":"MultiPolygon","coordinates":[[[[-80.9410942,44.5562309],[-80.9410864,44.5561938],[-80.9408694,44.5562169],[-80.9408836,44.5562843],[-80.9410655,44.5562649],[-80.9410591,44.5562347],[-80.9410942,44.5562309]]]]},"properties":{"structure_id":"structure_f35280e4f44f932c6c23","external_source":"openstreetmap","external_id":"a2756615582","building_type":"residential","source_building_tag":"house","source_timestamp":null,"confidence":"source_mapped"}},{"type":"Feature","id":"structure_e79efce61dcc588698dc","geometry":{"type":"MultiPolygon","coordinates":[[[[-80.9411649,44.5559121],[-80.9411585,44.5558577],[-80.9410782,44.5558625],[-80.9410845,44.5559169],[-80.9411649,44.5559121]]]]},"properties":{"structure_id":"structure_e79efce61dcc588698dc","external_source":"openstreetmap","external_id":"a2756615584","building_type":"residential","source_building_tag":"house","source_timestamp":null,"confidence":"source_mapped"}},{"type":"Feature","id":"structure_b3ac239ca234b8aff7f1","geometry":{"type":"MultiPolygon","coordinates":[[[[-80.9409936,44.5559595],[-80.9409779,44.555882],[-80.9408083,44.5558994],[-80.9408239,44.5559769],[-80.9409936,44.5559595]]]]},"properties":{"structure_id":"structure_b3ac239ca234b8aff7f1","external_source":"openstreetmap","external_id":"a2756615586","building_type":"residential","source_building_tag":"house","source_timestamp":null,"confidence":"source_mapped"}},{"type":"Feature","id":"structure_dc8bd2e6b74638744ee5","geometry":{"type":"MultiPolygon","coordinates":[[[[-80.943555,44.5561612],[-80.9433881,44.5560445],[-80.9433128,44.5560991],[-80.9434797,44.5562159],[-80.943555,44.5561612]]]]},"properties":{"structure_id":"structure_dc8bd2e6b74638744ee5","external_source":"openstreetmap","external_id":"a2756615588","building_type":"residential","source_building_tag":"house","source_timestamp":null,"confidence":"source_mapped"}},{"type":"Feature","id":"structure_2e32202e4dae427d6dda","geometry":{"type":"MultiPolygon","coordinates":[[[[-80.9432859,44.5560776],[-80.9432671,44.5560013],[-80.9430949,44.5560229],[-80.9431137,44.5560991],[-80.9432859,44.5560776]]]]},"properties":{"structure_id":"structure_2e32202e4dae427d6dda","external_source":"openstreetmap","external_id":"a2756615590","building_type":"residential","source_building_tag":"house","source_timestamp":null,"confidence":"source_mapped"}},{"type":"Feature","id":"structure_cf1d1fe30d67e4aa9ec2","geometry":{"type":"MultiPolygon","coordinates":[[[[-80.9430699,44.5560908],[-80.943054,44.5560236],[-80.9429647,44.5560343],[-80.9429806,44.5561015],[-80.9430699,44.5560908]]]]},"properties":{"structure_id":"structure_cf1d1fe30d67e4aa9ec2","external_source":"openstreetmap","external_id":"a2756615592","building_type":"residential","source_building_tag":"house","source_timestamp":null,"confidence":"source_mapped"}},{"type":"Feature","id":"structure_2666c52b4364144b4ef8","geometry":{"type":"MultiPolygon","coordinates":[[[[-80.9429566,44.5561481],[-80.9429299,44.5560208],[-80.9428172,44.5560328],[-80.9428439,44.5561601],[-80.9429566,44.5561481]]]]},"properties":{"structure_id":"structure_2666c52b4364144b4ef8","external_source":"openstreetmap","external_id":"a2756615594","building_type":"residential","source_building_tag":"house","source_timestamp":null,"confidence":"source_mapped"}},{"type":"Feature","id":"structure_210aa3dbcc8628c31794","geometry":{"type":"MultiPolygon","coordinates":[[[[-80.9427993,44.5560922],[-80.9427823,44.5560199],[-80.9426778,44.5560324],[-80.9426948,44.5561046],[-80.9427993,44.5560922]]]]},"properties":{"structure_id":"structure_210aa3dbcc8628c31794","external_source":"openstreetmap","external_id":"a2756615596","building_type":"residential","source_building_tag":"house","source_timestamp":null,"confidence":"source_mapped"}},{"type":"Feature","id":"structure_af4778a082f8063b41f6","geometry":{"type":"MultiPolygon","coordinates":[[[[-80.9426153,44.5561161],[-80.942601,44.5560281],[-80.9425145,44.5560352],[-80.9425288,44.5561232],[-80.9426153,44.5561161]]]]},"properties":{"structure_id":"structure_af4778a082f8063b41f6","external_source":"openstreetmap","external_id":"a2756615598","building_type":"residential","source_building_tag":"house","source_timestamp":null,"confidence":"source_mapped"}},{"type":"Feature","id":"structure_1e036dd5993ac623c58f","geometry":{"type":"MultiPolygon","coordinates":[[[[-80.9423329,44.5560492],[-80.9423221,44.5559728],[-80.9421938,44.555982],[-80.9422074,44.5560787],[-80.9422504,44.5560756],[-80.9422475,44.5560553],[-80.9423329,44.5560492]]]]},"properties":{"structure_id":"structure_1e036dd5993ac623c58f","external_source":"openstreetmap","external_id":"a2756615600","building_type":"residential","source_building_tag":"house","source_timestamp":null,"confidence":"source_mapped"}},{"type":"Feature","id":"structure_8c7520dbf566efd9d435","geometry":{"type":"MultiPolygon","coordinates":[[[[-80.9421628,44.5560338],[-80.9421515,44.5559688],[-80.942014,44.555981],[-80.9420253,44.5560459],[-80.9421628,44.5560338]]]]},"properties":{"structure_id":"structure_8c7520dbf566efd9d435","external_source":"openstreetmap","external_id":"a2756615602","building_type":"residential","source_building_tag":"house","source_timestamp":null,"confidence":"source_mapped"}},{"type":"Feature","id":"structure_25aa61afbc73a2f5f3e5","geometry":{"type":"MultiPolygon","coordinates":[[[[-80.9418886,44.5560856],[-80.9418711,44.5559863],[-80.9418368,44.5559894],[-80.9418336,44.5559713],[-80.9417545,44.5559784],[-80.9417752,44.5560958],[-80.9418886,44.5560856]]]]},"properties":{"structure_id":"structure_25aa61afbc73a2f5f3e5","external_source":"openstreetmap","external_id":"a2756615604","building_type":"residential","source_building_tag":"house","source_timestamp":null,"confidence":"source_mapped"}},{"type":"Feature","id":"structure_ad184441108f2af81261","geometry":{"type":"MultiPolygon","coordinates":[[[[-80.9417325,44.5560973],[-80.9417137,44.5559937],[-80.9415939,44.5560047],[-80.9416127,44.5561083],[-80.9417325,44.5560973]]]]},"properties":{"structure_id":"structure_ad184441108f2af81261","external_source":"openstreetmap","external_id":"a2756615606","building_type":"residential","source_building_tag":"house","source_timestamp":null,"confidence":"source_mapped"}},{"type":"Feature","id":"structure_9f989d2f5946c445b830","geometry":{"type":"MultiPolygon","coordinates":[[[[-80.9415744,44.5561485],[-80.9415544,44.5560278],[-80.9414715,44.5560348],[-80.9414755,44.556059],[-80.9414295,44.5560629],[-80.9414417,44.5561364],[-80.9414909,44.5561322],[-80.9414947,44.5561552],[-80.9415744,44.5561485]]]]},"properties":{"structure_id":"structure_9f989d2f5946c445b830","external_source":"openstreetmap","external_id":"a2756615608","building_type":"residential","source_building_tag":"house","source_timestamp":null,"confidence":"source_mapped"}},{"type":"Feature","id":"structure_81a3437f178079a74d9c","geometry":{"type":"MultiPolygon","coordinates":[[[[-80.9415386,44.5566143],[-80.9415236,44.5565179],[-80.9414161,44.5565263],[-80.9414311,44.5566228],[-80.9415386,44.5566143]]]]},"properties":{"structure_id":"structure_81a3437f178079a74d9c","external_source":"openstreetmap","external_id":"a2756615610","building_type":"residential","source_building_tag":"house","source_timestamp":null,"confidence":"source_mapped"}},{"type":"Feature","id":"structure_2bc26120d557d17c63b9","geometry":{"type":"MultiPolygon","coordinates":[[[[-80.9416843,44.5565763],[-80.9416647,44.5564665],[-80.9415385,44.556478],[-80.9415582,44.5565877],[-80.9416843,44.5565763]]]]},"properties":{"structure_id":"structure_2bc26120d557d17c63b9","external_source":"openstreetmap","external_id":"a2756615612","building_type":"residential","source_building_tag":"house","source_timestamp":null,"confidence":"source_mapped"}},{"type":"Feature","id":"structure_c7c2bcf21110e444883b","geometry":{"type":"MultiPolygon","coordinates":[[[[-80.9418294,44.5565299],[-80.9418133,44.5564458],[-80.9417081,44.5564561],[-80.9417243,44.5565401],[-80.9418294,44.5565299]]]]},"properties":{"structure_id":"structure_c7c2bcf21110e444883b","external_source":"openstreetmap","external_id":"a2756615614","building_type":"residential","source_building_tag":"house","source_timestamp":null,"confidence":"source_mapped"}},{"type":"Feature","id":"structure_ff9c0744ec4f3e2f2de0","geometry":{"type":"MultiPolygon","coordinates":[[[[-80.9419867,44.5565107],[-80.9419707,44.5564063],[-80.9419231,44.55641],[-80.9419168,44.5563688],[-80.9418478,44.5563742],[-80.9418701,44.5565197],[-80.9419867,44.5565107]]]]},"properties":{"structure_id":"structure_ff9c0744ec4f3e2f2de0","external_source":"openstreetmap","external_id":"a2756615616","building_type":"residential","source_building_tag":"house","source_timestamp":null,"confidence":"source_mapped"}},{"type":"Feature","id":"structure_8dfafec184e6252f6520","geometry":{"type":"MultiPolygon","coordinates":[[[[-80.9421372,44.5564841],[-80.9421234,44.5563996],[-80.9419926,44.5564104],[-80.9420064,44.5564949],[-80.9421372,44.5564841]]]]},"properties":{"structure_id":"structure_8dfafec184e6252f6520","external_source":"openstreetmap","external_id":"a2756615618","building_type":"residential","source_building_tag":"house","source_timestamp":null,"confidence":"source_mapped"}},{"type":"Feature","id":"structure_aa186391e34f3f16b4c9","geometry":{"type":"MultiPolygon","coordinates":[[[[-80.9424497,44.5565114],[-80.9424317,44.556431],[-80.9423766,44.5564373],[-80.9423677,44.5563976],[-80.9422808,44.5564075],[-80.9423077,44.5565276],[-80.9424497,44.5565114]]]]},"properties":{"structure_id":"structure_aa186391e34f3f16b4c9","external_source":"openstreetmap","external_id":"a2756615620","building_type":"residential","source_building_tag":"house","source_timestamp":null,"confidence":"source_mapped"}},{"type":"Feature","id":"structure_980371b8b6ad04904c82","geometry":{"type":"MultiPolygon","coordinates":[[[[-80.9426138,44.5565221],[-80.9425907,44.5564304],[-80.9425034,44.5564416],[-80.9424984,44.5564219],[-80.9424661,44.556426],[-80.9424942,44.5565374],[-80.9426138,44.5565221]]]]},"properties":{"structure_id":"structure_980371b8b6ad04904c82","external_source":"openstreetmap","external_id":"a2756615622","building_type":"residential","source_building_tag":"house","source_timestamp":null,"confidence":"source_mapped"}},{"type":"Feature","id":"structure_3dd05139ecb48194ad7f","geometry":{"type":"MultiPolygon","coordinates":[[[[-80.9427841,44.5565564],[-80.9427648,44.5564538],[-80.9426429,44.5564655],[-80.9426622,44.556568],[-80.9427841,44.5565564]]]]},"properties":{"structure_id":"structure_3dd05139ecb48194ad7f","external_source":"openstreetmap","external_id":"a2756615624","building_type":"residential","source_building_tag":"house","source_timestamp":null,"confidence":"source_mapped"}},{"type":"Feature","id":"structure_e80ecbaf2c267355d54e","geometry":{"type":"MultiPolygon","coordinates":[[[[-80.9429266,44.5565557],[-80.9429144,44.5564859],[-80.9428075,44.5564954],[-80.9428197,44.5565652],[-80.9429266,44.5565557]]]]},"properties":{"structure_id":"structure_e80ecbaf2c267355d54e","external_source":"openstreetmap","external_id":"a2756615626","building_type":"residential","source_building_tag":"house","source_timestamp":null,"confidence":"source_mapped"}},{"type":"Feature","id":"structure_bc9965483546cfbde19c","geometry":{"type":"MultiPolygon","coordinates":[[[[-80.9430779,44.5565543],[-80.9430549,44.5564505],[-80.9429385,44.5564637],[-80.9429615,44.5565674],[-80.9430779,44.5565543]]]]},"properties":{"structure_id":"structure_bc9965483546cfbde19c","external_source":"openstreetmap","external_id":"a2756615628","building_type":"residential","source_building_tag":"house","source_timestamp":null,"confidence":"source_mapped"}},{"type":"Feature","id":"structure_bdb05fdbea1c695f7bce","geometry":{"type":"MultiPolygon","coordinates":[[[[-80.9432341,44.556581],[-80.9432159,44.5564847],[-80.9431549,44.5564905],[-80.9431452,44.5564388],[-80.9430793,44.5564451],[-80.9431073,44.5565931],[-80.9432341,44.556581]]]]},"properties":{"structure_id":"structure_bdb05fdbea1c695f7bce","external_source":"openstreetmap","external_id":"a2756615630","building_type":"residential","source_building_tag":"house","source_timestamp":null,"confidence":"source_mapped"}},{"type":"Feature","id":"structure_f4c4864de8c3a2776248","geometry":{"type":"MultiPolygon","coordinates":[[[[-80.943402,44.5565561],[-80.9433852,44.5564784],[-80.9433235,44.5564852],[-80.9433169,44.5564547],[-80.943269,44.5564599],[-80.9432923,44.5565681],[-80.943402,44.5565561]]]]},"properties":{"structure_id":"structure_f4c4864de8c3a2776248","external_source":"openstreetmap","external_id":"a2756615632","building_type":"residential","source_building_tag":"house","source_timestamp":null,"confidence":"source_mapped"}},{"type":"Feature","id":"structure_4ab34c36d40284317197","geometry":{"type":"MultiPolygon","coordinates":[[[[-80.9436705,44.5565067],[-80.9436489,44.556437],[-80.943521,44.5564571],[-80.9435426,44.5565268],[-80.9436705,44.5565067]]]]},"properties":{"structure_id":"structure_4ab34c36d40284317197","external_source":"openstreetmap","external_id":"a2756615634","building_type":"residential","source_building_tag":"house","source_timestamp":null,"confidence":"source_mapped"}},{"type":"Feature","id":"structure_64b8586a2e66ffc5c823","geometry":{"type":"MultiPolygon","coordinates":[[[[-80.9438601,44.5564421],[-80.9438187,44.556371],[-80.9436872,44.5564099],[-80.9437286,44.556481],[-80.9438601,44.5564421]]]]},"properties":{"structure_id":"structure_64b8586a2e66ffc5c823","external_source":"openstreetmap","external_id":"a2756615636","building_type":"residential","source_building_tag":"house","source_timestamp":null,"confidence":"source_mapped"}},{"type":"Feature","id":"structure_4d81c77f2ae9f70c8601","geometry":{"type":"MultiPolygon","coordinates":[[[[-80.9410126,44.555832],[-80.941006,44.55579],[-80.9407773,44.5558082],[-80.9407853,44.5558591],[-80.9408477,44.5558541],[-80.9408517,44.5558794],[-80.9409755,44.5558695],[-80.9409701,44.5558354],[-80.9410126,44.555832]]]]},"properties":{"structure_id":"structure_4d81c77f2ae9f70c8601","external_source":"openstreetmap","external_id":"a2757283330","building_type":"residential","source_building_tag":"house","source_timestamp":null,"confidence":"source_mapped"}},{"type":"Feature","id":"structure_d0ec9871333711040ec3","geometry":{"type":"MultiPolygon","coordinates":[[[[-80.9409392,44.55571],[-80.940933,44.5556779],[-80.940792,44.5556918],[-80.9408022,44.5557441],[-80.9407796,44.5557463],[-80.9407851,44.5557748],[-80.940907,44.5557628],[-80.9408976,44.5557141],[-80.9409392,44.55571]]]]},"properties":{"structure_id":"structure_d0ec9871333711040ec3","external_source":"openstreetmap","external_id":"a2757283332","building_type":"residential","source_building_tag":"house","source_timestamp":null,"confidence":"source_mapped"}},{"type":"Feature","id":"structure_03ed5ec85c511a6f0ed4","geometry":{"type":"MultiPolygon","coordinates":[[[[-80.9409262,44.5556486],[-80.9409125,44.5555791],[-80.9407887,44.5555915],[-80.9407967,44.555632],[-80.9407496,44.5556367],[-80.9407553,44.5556657],[-80.9409262,44.5556486]]]]},"properties":{"structure_id":"structure_03ed5ec85c511a6f0ed4","external_source":"openstreetmap","external_id":"a2757283334","building_type":"residential","source_building_tag":"house","source_timestamp":null,"confidence":"source_mapped"}},{"type":"Feature","id":"structure_f78a9c1c1684dd70e39c","geometry":{"type":"MultiPolygon","coordinates":[[[[-80.9409128,44.555548],[-80.9408988,44.5554691],[-80.9407568,44.5554819],[-80.9407708,44.5555609],[-80.9409128,44.555548]]]]},"properties":{"structure_id":"structure_f78a9c1c1684dd70e39c","external_source":"openstreetmap","external_id":"a2757283336","building_type":"residential","source_building_tag":"house","source_timestamp":null,"confidence":"source_mapped"}},{"type":"Feature","id":"structure_12f811eabe1571d99db6","geometry":{"type":"MultiPolygon","coordinates":[[[[-80.9409053,44.5554329],[-80.9408834,44.5553269],[-80.9407809,44.5553377],[-80.940786,44.5553625],[-80.9406912,44.5553725],[-80.9407027,44.5554276],[-80.9407378,44.5554239],[-80.9407432,44.5554499],[-80.9409053,44.5554329]]]]},"properties":{"structure_id":"structure_12f811eabe1571d99db6","external_source":"openstreetmap","external_id":"a2757283338","building_type":"residential","source_building_tag":"house","source_timestamp":null,"confidence":"source_mapped"}},{"type":"Feature","id":"structure_243b21a32e0ecd974c04","geometry":{"type":"MultiPolygon","coordinates":[[[[-80.940857,44.555151],[-80.9408446,44.5551098],[-80.94063,44.5551427],[-80.9406559,44.5552287],[-80.9408144,44.5552044],[-80.9408009,44.5551596],[-80.940857,44.555151]]]]},"properties":{"structure_id":"structure_243b21a32e0ecd974c04","external_source":"openstreetmap","external_id":"a2757283340","building_type":"residential","source_building_tag":"house","source_timestamp":null,"confidence":"source_mapped"}},{"type":"Feature","id":"structure_2f899fb59c74f4fdd0f5","geometry":{"type":"MultiPolygon","coordinates":[[[[-80.9421052,44.5550126],[-80.9421005,44.5549612],[-80.9420438,44.5549638],[-80.9420333,44.5548471],[-80.9418254,44.5548566],[-80.9418332,44.554943],[-80.941878,44.5549409],[-80.9418827,44.5549929],[-80.941828,44.5549954],[-80.9418338,44.5550594],[-80.9420635,44.5550489],[-80.9420604,44.5550146],[-80.9421052,44.5550126]]]]},"properties":{"structure_id":"structure_2f899fb59c74f4fdd0f5","external_source":"openstreetmap","external_id":"a2757283342","building_type":"residential","source_building_tag":"house","source_timestamp":null,"confidence":"source_mapped"}},{"type":"Feature","id":"structure_010dca67c192fa8b52bf","geometry":{"type":"MultiPolygon","coordinates":[[[[-80.941882,44.5552768],[-80.941846,44.5551987],[-80.9416898,44.5552352],[-80.9417257,44.5553133],[-80.9418238,44.5552904],[-80.941882,44.5552768]]]]},"properties":{"structure_id":"structure_010dca67c192fa8b52bf","external_source":"openstreetmap","external_id":"a2757283344","building_type":"unclassified","source_building_tag":"yes","source_timestamp":null,"confidence":"source_mapped"}},{"type":"Feature","id":"structure_1e4160b767c59ef03fe7","geometry":{"type":"MultiPolygon","coordinates":[[[[-80.9407658,44.5544634],[-80.9407482,44.5543881],[-80.9405607,44.5544104],[-80.9405782,44.5544856],[-80.9407658,44.5544634]]]]},"properties":{"structure_id":"structure_1e4160b767c59ef03fe7","external_source":"openstreetmap","external_id":"a2757283350","building_type":"residential","source_building_tag":"house","source_timestamp":null,"confidence":"source_mapped"}},{"type":"Feature","id":"structure_9b7a03bbc9f93ec5c75d","geometry":{"type":"MultiPolygon","coordinates":[[[[-80.9407257,44.5545802],[-80.9407083,44.5545038],[-80.9405433,44.5545228],[-80.9405607,44.5545992],[-80.9407257,44.5545802]]]]},"properties":{"structure_id":"structure_9b7a03bbc9f93ec5c75d","external_source":"openstreetmap","external_id":"a2757283352","building_type":"residential","source_building_tag":"house","source_timestamp":null,"confidence":"source_mapped"}},{"type":"Feature","id":"structure_fb77b1e3e808601860fe","geometry":{"type":"MultiPolygon","coordinates":[[[[-80.9407738,44.5547008],[-80.9407572,44.554614],[-80.9405542,44.5546337],[-80.9405708,44.5547205],[-80.9407738,44.5547008]]]]},"properties":{"structure_id":"structure_fb77b1e3e808601860fe","external_source":"openstreetmap","external_id":"a2757283354","building_type":"residential","source_building_tag":"house","source_timestamp":null,"confidence":"source_mapped"}},{"type":"Feature","id":"structure_ff27758c256901a564e2","geometry":{"type":"MultiPolygon","coordinates":[[[[-80.940756,44.5547872],[-80.9407384,44.554717],[-80.9405604,44.5547397],[-80.9405781,44.5548099],[-80.940756,44.5547872]]]]},"properties":{"structure_id":"structure_ff27758c256901a564e2","external_source":"openstreetmap","external_id":"a2757283356","building_type":"residential","source_building_tag":"house","source_timestamp":null,"confidence":"source_mapped"}},{"type":"Feature","id":"structure_a19f5f0c686d1cd778d4","geometry":{"type":"MultiPolygon","coordinates":[[[[-80.9409077,44.5548019],[-80.9408979,44.5547575],[-80.9407761,44.5547711],[-80.9407859,44.5548156],[-80.9409077,44.5548019]]]]},"properties":{"structure_id":"structure_a19f5f0c686d1cd778d4","external_source":"openstreetmap","external_id":"a2757283358","building_type":"residential","source_building_tag":"house","source_timestamp":null,"confidence":"source_mapped"}},{"type":"Feature","id":"structure_901dea09f84b5ec09191","geometry":{"type":"MultiPolygon","coordinates":[[[[-80.9407666,44.5549222],[-80.9407468,44.5548387],[-80.9405803,44.5548587],[-80.9406,44.5549422],[-80.9407666,44.5549222]]]]},"properties":{"structure_id":"structure_901dea09f84b5ec09191","external_source":"openstreetmap","external_id":"a2757283360","building_type":"residential","source_building_tag":"house","source_timestamp":null,"confidence":"source_mapped"}},{"type":"Feature","id":"structure_e0de70f18a0c114422b7","geometry":{"type":"MultiPolygon","coordinates":[[[[-80.9414243,44.5544044],[-80.9414145,44.5543571],[-80.9413308,44.554366],[-80.9413406,44.5544132],[-80.9414243,44.5544044]]]]},"properties":{"structure_id":"structure_e0de70f18a0c114422b7","external_source":"openstreetmap","external_id":"a2757283362","building_type":"unclassified","source_building_tag":"yes","source_timestamp":null,"confidence":"source_mapped"}},{"type":"Feature","id":"structure_2af93658c9423c2e5e4b","geometry":{"type":"MultiPolygon","coordinates":[[[[-80.9374328,44.5678196],[-80.9373947,44.5676141],[-80.9365238,44.5676767],[-80.9365715,44.5678945],[-80.9374328,44.5678196]]]]},"properties":{"structure_id":"structure_2af93658c9423c2e5e4b","external_source":"openstreetmap","external_id":"a2757499240","building_type":"unclassified","source_building_tag":"yes","source_timestamp":null,"confidence":"source_mapped"}},{"type":"Feature","id":"structure_27b1eb09be2fdb0967ad","geometry":{"type":"MultiPolygon","coordinates":[[[[-80.9367379,44.5675887],[-80.9365604,44.5669189],[-80.9363205,44.5669512],[-80.936498,44.5676209],[-80.9367379,44.5675887]]]]},"properties":{"structure_id":"structure_27b1eb09be2fdb0967ad","external_source":"openstreetmap","external_id":"a2757499242","building_type":"unclassified","source_building_tag":"yes","source_timestamp":null,"confidence":"source_mapped"}},{"type":"Feature","id":"structure_2e682ed805c306beae66","geometry":{"type":"MultiPolygon","coordinates":[[[[-80.9096469,44.5761522],[-80.9095981,44.5759688],[-80.9094298,44.5759915],[-80.9094786,44.576175],[-80.9096469,44.5761522]]]]},"properties":{"structure_id":"structure_2e682ed805c306beae66","external_source":"openstreetmap","external_id":"a2758228284","building_type":"unclassified","source_building_tag":"yes","source_timestamp":null,"confidence":"source_mapped"}},{"type":"Feature","id":"structure_ffe06d42c8ae8637223a","geometry":{"type":"MultiPolygon","coordinates":[[[[-80.9465678,44.5570324],[-80.9465511,44.5569617],[-80.9464316,44.556976],[-80.9464483,44.5570468],[-80.9465678,44.5570324]]]]},"properties":{"structure_id":"structure_ffe06d42c8ae8637223a","external_source":"openstreetmap","external_id":"a2758622042","building_type":"unclassified","source_building_tag":"yes","source_timestamp":null,"confidence":"source_mapped"}},{"type":"Feature","id":"structure_bff18123c4eb3a4edaa4","geometry":{"type":"MultiPolygon","coordinates":[[[[-80.9463644,44.556989],[-80.9463555,44.5569373],[-80.9463304,44.5567921],[-80.9462043,44.5568031],[-80.9462139,44.5568587],[-80.9462387,44.5568565],[-80.9462456,44.5568965],[-80.9461881,44.5569016],[-80.9462056,44.5570029],[-80.9463644,44.556989]]]]},"properties":{"structure_id":"structure_bff18123c4eb3a4edaa4","external_source":"openstreetmap","external_id":"a2758622044","building_type":"residential","source_building_tag":"house","source_timestamp":null,"confidence":"source_mapped"}},{"type":"Feature","id":"structure_58268997c5f0ef45f9e7","geometry":{"type":"MultiPolygon","coordinates":[[[[-80.9463663,44.5566607],[-80.9463428,44.5565488],[-80.9461791,44.5565663],[-80.9461858,44.5565977],[-80.9459886,44.5566189],[-80.9460228,44.5567808],[-80.9462664,44.5567548],[-80.9462492,44.5566733],[-80.9463663,44.5566607]]]]},"properties":{"structure_id":"structure_58268997c5f0ef45f9e7","external_source":"openstreetmap","external_id":"a2758622046","building_type":"residential","source_building_tag":"house","source_timestamp":null,"confidence":"source_mapped"}},{"type":"Feature","id":"structure_e0cf8da3c183c8c98b5c","geometry":{"type":"MultiPolygon","coordinates":[[[[-80.9462878,44.5565301],[-80.9462695,44.5564446],[-80.9462542,44.5563728],[-80.9460826,44.5563914],[-80.946093,44.5564397],[-80.9461103,44.5564379],[-80.9461336,44.5565469],[-80.9462878,44.5565301]]]]},"properties":{"structure_id":"structure_e0cf8da3c183c8c98b5c","external_source":"openstreetmap","external_id":"a2758622048","building_type":"residential","source_building_tag":"house","source_timestamp":null,"confidence":"source_mapped"}},{"type":"Feature","id":"structure_6490dccb790d0ed01932","geometry":{"type":"MultiPolygon","coordinates":[[[[-80.9467278,44.5562503],[-80.9466876,44.5560453],[-80.9465249,44.5560615],[-80.9465336,44.5561062],[-80.9465928,44.5561003],[-80.9466242,44.5562606],[-80.9467278,44.5562503]]]]},"properties":{"structure_id":"structure_6490dccb790d0ed01932","external_source":"openstreetmap","external_id":"a2758622050","building_type":"residential","source_building_tag":"house","source_timestamp":null,"confidence":"source_mapped"}},{"type":"Feature","id":"structure_b6a5aa81e0ca3ded2db9","geometry":{"type":"MultiPolygon","coordinates":[[[[-80.9467295,44.5559887],[-80.9467148,44.5559196],[-80.9466137,44.5559305],[-80.9465878,44.5558089],[-80.9464641,44.5558223],[-80.9465048,44.556013],[-80.9467295,44.5559887]]]]},"properties":{"structure_id":"structure_b6a5aa81e0ca3ded2db9","external_source":"openstreetmap","external_id":"a2758622052","building_type":"residential","source_building_tag":"house","source_timestamp":null,"confidence":"source_mapped"}},{"type":"Feature","id":"structure_8ec11e4f7212797e34db","geometry":{"type":"MultiPolygon","coordinates":[[[[-80.9465665,44.5552702],[-80.9465506,44.5551852],[-80.9463541,44.5552038],[-80.9463831,44.5553584],[-80.9465002,44.5553472],[-80.9464872,44.5552777],[-80.9465665,44.5552702]]]]},"properties":{"structure_id":"structure_8ec11e4f7212797e34db","external_source":"openstreetmap","external_id":"a2758622058","building_type":"residential","source_building_tag":"house","source_timestamp":null,"confidence":"source_mapped"}},{"type":"Feature","id":"structure_7204e87032fbc18266f1","geometry":{"type":"MultiPolygon","coordinates":[[[[-80.9463437,44.5553438],[-80.946296,44.5552135],[-80.9460846,44.5552528],[-80.9461323,44.5553831],[-80.9463437,44.5553438]]]]},"properties":{"structure_id":"structure_7204e87032fbc18266f1","external_source":"openstreetmap","external_id":"a2758622060","building_type":"residential","source_building_tag":"house","source_timestamp":null,"confidence":"source_mapped"}},{"type":"Feature","id":"structure_4bcdc3912aefbb5a7415","geometry":{"type":"MultiPolygon","coordinates":[[[[-80.9460363,44.5554482],[-80.9459963,44.5553448],[-80.9459072,44.5553623],[-80.9458841,44.5553025],[-80.9457727,44.5553244],[-80.9458059,44.5554101],[-80.9458357,44.5554042],[-80.9458657,44.5554817],[-80.9460363,44.5554482]]]]},"properties":{"structure_id":"structure_4bcdc3912aefbb5a7415","external_source":"openstreetmap","external_id":"a2758622062","building_type":"residential","source_building_tag":"house","source_timestamp":null,"confidence":"source_mapped"}},{"type":"Feature","id":"structure_620b5058442e9aebb1eb","geometry":{"type":"MultiPolygon","coordinates":[[[[-80.9457405,44.5554943],[-80.945692,44.5553667],[-80.9455171,44.5554005],[-80.9455657,44.5555281],[-80.9457405,44.5554943]]]]},"properties":{"structure_id":"structure_620b5058442e9aebb1eb","external_source":"openstreetmap","external_id":"a2758622064","building_type":"residential","source_building_tag":"house","source_timestamp":null,"confidence":"source_mapped"}},{"type":"Feature","id":"structure_42a71c93fa5e031dfc1a","geometry":{"type":"MultiPolygon","coordinates":[[[[-80.9455137,44.5555889],[-80.9454835,44.555485],[-80.9452725,44.5555161],[-80.9453027,44.55562],[-80.9455137,44.5555889]]]]},"properties":{"structure_id":"structure_42a71c93fa5e031dfc1a","external_source":"openstreetmap","external_id":"a2758622066","building_type":"residential","source_building_tag":"house","source_timestamp":null,"confidence":"source_mapped"}},{"type":"Feature","id":"structure_c4b406aade94fd28f7b0","geometry":{"type":"MultiPolygon","coordinates":[[[[-80.9452563,44.5555467],[-80.945096,44.5555004],[-80.9450589,44.5555658],[-80.9449548,44.5555358],[-80.9448937,44.5556433],[-80.9451114,44.5557061],[-80.9451566,44.5556265],[-80.9452033,44.5556399],[-80.9452563,44.5555467]]]]},"properties":{"structure_id":"structure_c4b406aade94fd28f7b0","external_source":"openstreetmap","external_id":"a2758622068","building_type":"residential","source_building_tag":"house","source_timestamp":null,"confidence":"source_mapped"}},{"type":"Feature","id":"structure_404d59bb2f8eb69d5f1b","geometry":{"type":"MultiPolygon","coordinates":[[[[-80.9449833,44.5554747],[-80.9449402,44.5553896],[-80.9448935,44.5554016],[-80.9448567,44.5553288],[-80.9447559,44.5553547],[-80.9447825,44.5554073],[-80.944739,44.5554185],[-80.9447551,44.5554503],[-80.9447786,44.5554443],[-80.9448157,44.5555177],[-80.9449833,44.5554747]]]]},"properties":{"structure_id":"structure_404d59bb2f8eb69d5f1b","external_source":"openstreetmap","external_id":"a2758622070","building_type":"residential","source_building_tag":"house","source_timestamp":null,"confidence":"source_mapped"}},{"type":"Feature","id":"structure_d79522850b0a08ae7063","geometry":{"type":"MultiPolygon","coordinates":[[[[-80.9448472,44.5552994],[-80.9447665,44.5551552],[-80.9446111,44.5551994],[-80.9446917,44.5553435],[-80.9448472,44.5552994]]]]},"properties":{"structure_id":"structure_d79522850b0a08ae7063","external_source":"openstreetmap","external_id":"a2758622072","building_type":"residential","source_building_tag":"house","source_timestamp":null,"confidence":"source_mapped"}},{"type":"Feature","id":"structure_710b78cdf2ee3bb85703","geometry":{"type":"MultiPolygon","coordinates":[[[[-80.9447122,44.5551569],[-80.9446766,44.5551014],[-80.9446287,44.555117],[-80.9446088,44.555086],[-80.9446625,44.5550685],[-80.9446319,44.5550208],[-80.9444319,44.5550858],[-80.944518,44.5552201],[-80.9447122,44.5551569]]]]},"properties":{"structure_id":"structure_710b78cdf2ee3bb85703","external_source":"openstreetmap","external_id":"a2758622074","building_type":"residential","source_building_tag":"house","source_timestamp":null,"confidence":"source_mapped"}},{"type":"Feature","id":"structure_b4a88521ec457554faa6","geometry":{"type":"MultiPolygon","coordinates":[[[[-80.9443217,44.5547741],[-80.9442368,44.5546439],[-80.9439105,44.554752],[-80.9439954,44.5548822],[-80.9443217,44.5547741]]]]},"properties":{"structure_id":"structure_b4a88521ec457554faa6","external_source":"openstreetmap","external_id":"a2758622076","building_type":"residential","source_building_tag":"house","source_timestamp":null,"confidence":"source_mapped"}},{"type":"Feature","id":"structure_7b1027b3581f84f00226","geometry":{"type":"MultiPolygon","coordinates":[[[[-80.9465116,44.5548541],[-80.9464977,44.5547851],[-80.9463394,44.5548013],[-80.946358,44.5548936],[-80.9464319,44.5548861],[-80.9464272,44.5548627],[-80.9465116,44.5548541]]]]},"properties":{"structure_id":"structure_7b1027b3581f84f00226","external_source":"openstreetmap","external_id":"a2758622078","building_type":"residential","source_building_tag":"house","source_timestamp":null,"confidence":"source_mapped"}},{"type":"Feature","id":"structure_334dbe4b880f95a5ae46","geometry":{"type":"MultiPolygon","coordinates":[[[[-80.9462923,44.5548876],[-80.9462665,44.5547515],[-80.9461116,44.5547664],[-80.9461407,44.5549203],[-80.946253,44.5549095],[-80.9462496,44.5548917],[-80.9462923,44.5548876]]]]},"properties":{"structure_id":"structure_334dbe4b880f95a5ae46","external_source":"openstreetmap","external_id":"a2758622080","building_type":"residential","source_building_tag":"house","source_timestamp":null,"confidence":"source_mapped"}},{"type":"Feature","id":"structure_374f0e094e8bca049158","geometry":{"type":"MultiPolygon","coordinates":[[[[-80.946083,44.554926],[-80.9460567,44.5547692],[-80.9459754,44.5547761],[-80.9459811,44.55481],[-80.9458615,44.5548202],[-80.9458875,44.5549747],[-80.9459847,44.5549664],[-80.9459759,44.5549137],[-80.9460156,44.5549103],[-80.9460191,44.5549315],[-80.946083,44.554926]]]]},"properties":{"structure_id":"structure_374f0e094e8bca049158","external_source":"openstreetmap","external_id":"a2758622082","building_type":"residential","source_building_tag":"house","source_timestamp":null,"confidence":"source_mapped"}},{"type":"Feature","id":"structure_198fbe85a3d8e474fb92","geometry":{"type":"MultiPolygon","coordinates":[[[[-80.9458734,44.5549888],[-80.9458475,44.5548683],[-80.9457613,44.5548777],[-80.9457356,44.5548599],[-80.9457074,44.5548613],[-80.9456861,44.5548832],[-80.9456245,44.5548899],[-80.9456434,44.554978],[-80.9457927,44.5549617],[-80.9458002,44.5549968],[-80.9458734,44.5549888]]]]},"properties":{"structure_id":"structure_198fbe85a3d8e474fb92","external_source":"openstreetmap","external_id":"a2758622084","building_type":"residential","source_building_tag":"house","source_timestamp":null,"confidence":"source_mapped"}},{"type":"Feature","id":"structure_0cd311b92d05d5a60806","geometry":{"type":"MultiPolygon","coordinates":[[[[-80.9456377,44.5550413],[-80.9455959,44.5549392],[-80.9453974,44.5549805],[-80.9454392,44.5550825],[-80.9456377,44.5550413]]]]},"properties":{"structure_id":"structure_0cd311b92d05d5a60806","external_source":"openstreetmap","external_id":"a2758622086","building_type":"residential","source_building_tag":"house","source_timestamp":null,"confidence":"source_mapped"}},{"type":"Feature","id":"structure_9d9e4e8661267c64b515","geometry":{"type":"MultiPolygon","coordinates":[[[[-80.945398,44.555078],[-80.9453468,44.5549484],[-80.945142,44.5549894],[-80.945177,44.555078],[-80.9452857,44.5550562],[-80.9453019,44.5550973],[-80.945398,44.555078]]]]},"properties":{"structure_id":"structure_9d9e4e8661267c64b515","external_source":"openstreetmap","external_id":"a2758622088","building_type":"residential","source_building_tag":"house","source_timestamp":null,"confidence":"source_mapped"}},{"type":"Feature","id":"structure_ea2907b287db1ccec099","geometry":{"type":"MultiPolygon","coordinates":[[[[-80.9450724,44.5547862],[-80.9450066,44.5546338],[-80.9448251,44.5546736],[-80.9448744,44.5547878],[-80.9449116,44.5547797],[-80.9449281,44.5548178],[-80.9450724,44.5547862]]]]},"properties":{"structure_id":"structure_ea2907b287db1ccec099","external_source":"openstreetmap","external_id":"a2758622090","building_type":"residential","source_building_tag":"house","source_timestamp":null,"confidence":"source_mapped"}},{"type":"Feature","id":"structure_a22f9b50f7e659025f7f","geometry":{"type":"MultiPolygon","coordinates":[[[[-80.9453022,44.5547589],[-80.945239,44.5546045],[-80.9451436,44.5546243],[-80.9451665,44.5546801],[-80.9451344,44.5546868],[-80.9451219,44.5546561],[-80.9450428,44.5546725],[-80.9450955,44.5548016],[-80.9451537,44.5547895],[-80.9451465,44.5547719],[-80.9452319,44.5547542],[-80.9452392,44.554772],[-80.9453022,44.5547589]]]]},"properties":{"structure_id":"structure_a22f9b50f7e659025f7f","external_source":"openstreetmap","external_id":"a2758622092","building_type":"residential","source_building_tag":"house","source_timestamp":null,"confidence":"source_mapped"}},{"type":"Feature","id":"structure_cfa00bf2ee57759b7d78","geometry":{"type":"MultiPolygon","coordinates":[[[[-80.9455464,44.5547159],[-80.9455046,44.5546288],[-80.9454823,44.5546342],[-80.9454739,44.5546166],[-80.9454193,44.5546299],[-80.9454282,44.5546483],[-80.9453885,44.554658],[-80.9453735,44.5546267],[-80.9452794,44.5546497],[-80.9453169,44.5547278],[-80.9453757,44.5547134],[-80.9453947,44.5547529],[-80.9455464,44.5547159]]]]},"properties":{"structure_id":"structure_cfa00bf2ee57759b7d78","external_source":"openstreetmap","external_id":"a2758622094","building_type":"residential","source_building_tag":"house","source_timestamp":null,"confidence":"source_mapped"}},{"type":"Feature","id":"structure_b31d88e3d0bf5409bc6c","geometry":{"type":"MultiPolygon","coordinates":[[[[-80.9457824,44.5545363],[-80.9456284,44.5544762],[-80.9455715,44.5545502],[-80.945604,44.5545629],[-80.9455563,44.554625],[-80.9456777,44.5546724],[-80.9457824,44.5545363]]]]},"properties":{"structure_id":"structure_b31d88e3d0bf5409bc6c","external_source":"openstreetmap","external_id":"a2758622096","building_type":"residential","source_building_tag":"house","source_timestamp":null,"confidence":"source_mapped"}},{"type":"Feature","id":"structure_0eaae59d22e1ac8d55db","geometry":{"type":"MultiPolygon","coordinates":[[[[-80.9457192,44.5542272],[-80.9456445,44.5541729],[-80.9456698,44.5541552],[-80.9456103,44.5541119],[-80.9455845,44.5541305],[-80.9455699,44.5541215],[-80.9454705,44.5541909],[-80.9455434,44.554244],[-80.9454899,44.5542813],[-80.9455643,44.5543353],[-80.9457192,44.5542272]]]]},"properties":{"structure_id":"structure_0eaae59d22e1ac8d55db","external_source":"openstreetmap","external_id":"a2758622098","building_type":"residential","source_building_tag":"house","source_timestamp":null,"confidence":"source_mapped"}},{"type":"Feature","id":"structure_bcb24202e96ce0eacb9d","geometry":{"type":"MultiPolygon","coordinates":[[[[-80.9453509,44.554251],[-80.9453321,44.5541586],[-80.9451299,44.5541796],[-80.9451488,44.554272],[-80.9453509,44.554251]]]]},"properties":{"structure_id":"structure_bcb24202e96ce0eacb9d","external_source":"openstreetmap","external_id":"a2758622100","building_type":"residential","source_building_tag":"house","source_timestamp":null,"confidence":"source_mapped"}},{"type":"Feature","id":"structure_3305253fbf921cadee2d","geometry":{"type":"MultiPolygon","coordinates":[[[[-80.9451058,44.5543418],[-80.945075,44.5541937],[-80.9448755,44.5542148],[-80.9448951,44.5543087],[-80.9449875,44.554299],[-80.9449988,44.5543531],[-80.9451058,44.5543418]]]]},"properties":{"structure_id":"structure_3305253fbf921cadee2d","external_source":"openstreetmap","external_id":"a2758622102","building_type":"residential","source_building_tag":"house","source_timestamp":null,"confidence":"source_mapped"}},{"type":"Feature","id":"structure_0bd11bbddbabd0e58585","geometry":{"type":"MultiPolygon","coordinates":[[[[-80.9448269,44.5540566],[-80.9448089,44.5539743],[-80.9445894,44.5539986],[-80.9446074,44.5540809],[-80.9448269,44.5540566]]]]},"properties":{"structure_id":"structure_0bd11bbddbabd0e58585","external_source":"openstreetmap","external_id":"a2758622104","building_type":"residential","source_building_tag":"house","source_timestamp":null,"confidence":"source_mapped"}},{"type":"Feature","id":"structure_753abd36a5430500b819","geometry":{"type":"MultiPolygon","coordinates":[[[[-80.9450343,44.5540232],[-80.945021,44.5539495],[-80.9448472,44.5539653],[-80.9448604,44.554039],[-80.9450343,44.5540232]]]]},"properties":{"structure_id":"structure_753abd36a5430500b819","external_source":"openstreetmap","external_id":"a2758622106","building_type":"residential","source_building_tag":"house","source_timestamp":null,"confidence":"source_mapped"}},{"type":"Feature","id":"structure_f403180f33733421dd75","geometry":{"type":"MultiPolygon","coordinates":[[[[-80.9453091,44.5539962],[-80.9452936,44.5539191],[-80.9452351,44.5539251],[-80.9452241,44.5538707],[-80.9450904,44.5538844],[-80.9451168,44.5540158],[-80.9453091,44.5539962]]]]},"properties":{"structure_id":"structure_f403180f33733421dd75","external_source":"openstreetmap","external_id":"a2758622108","building_type":"residential","source_building_tag":"house","source_timestamp":null,"confidence":"source_mapped"}},{"type":"Feature","id":"structure_8eb56420bcb6b13fbe97","geometry":{"type":"MultiPolygon","coordinates":[[[[-80.9455245,44.5539923],[-80.9455038,44.5538896],[-80.9453472,44.5539056],[-80.9453679,44.5540084],[-80.9455245,44.5539923]]]]},"properties":{"structure_id":"structure_8eb56420bcb6b13fbe97","external_source":"openstreetmap","external_id":"a2758622110","building_type":"residential","source_building_tag":"house","source_timestamp":null,"confidence":"source_mapped"}},{"type":"Feature","id":"structure_65d40e67d01a2049cdf4","geometry":{"type":"MultiPolygon","coordinates":[[[[-80.9458004,44.5539502],[-80.9457868,44.5538526],[-80.9455512,44.5538693],[-80.9455648,44.5539668],[-80.9458004,44.5539502]]]]},"properties":{"structure_id":"structure_65d40e67d01a2049cdf4","external_source":"openstreetmap","external_id":"a2758622112","building_type":"residential","source_building_tag":"house","source_timestamp":null,"confidence":"source_mapped"}},{"type":"Feature","id":"structure_38bb3dbdfe607bc3736b","geometry":{"type":"MultiPolygon","coordinates":[[[[-80.9460636,44.5539115],[-80.9460494,44.5538297],[-80.9458707,44.5538454],[-80.9458755,44.5538733],[-80.9458195,44.5538783],[-80.9458369,44.5539783],[-80.9459017,44.5539726],[-80.9458937,44.5539265],[-80.9460636,44.5539115]]]]},"properties":{"structure_id":"structure_38bb3dbdfe607bc3736b","external_source":"openstreetmap","external_id":"a2758622114","building_type":"residential","source_building_tag":"house","source_timestamp":null,"confidence":"source_mapped"}},{"type":"Feature","id":"structure_e38f25b30229409e51ad","geometry":{"type":"MultiPolygon","coordinates":[[[[-80.946276,44.5539821],[-80.94625,44.5538186],[-80.9461163,44.5538293],[-80.9461291,44.5539098],[-80.9460948,44.5539126],[-80.9461023,44.5539598],[-80.9461421,44.5539565],[-80.9461478,44.5539924],[-80.946276,44.5539821]]]]},"properties":{"structure_id":"structure_e38f25b30229409e51ad","external_source":"openstreetmap","external_id":"a2758622116","building_type":"residential","source_building_tag":"house","source_timestamp":null,"confidence":"source_mapped"}},{"type":"Feature","id":"structure_73b499d2b4044aa6aa11","geometry":{"type":"MultiPolygon","coordinates":[[[[-80.9462901,44.5541688],[-80.9462749,44.554092],[-80.9461918,44.5541003],[-80.9461817,44.5540488],[-80.9460387,44.5540631],[-80.946064,44.5541915],[-80.9462901,44.5541688]]]]},"properties":{"structure_id":"structure_73b499d2b4044aa6aa11","external_source":"openstreetmap","external_id":"a2758622118","building_type":"residential","source_building_tag":"house","source_timestamp":null,"confidence":"source_mapped"}},{"type":"Feature","id":"structure_c3b23bfa90c039f97fb3","geometry":{"type":"MultiPolygon","coordinates":[[[[-80.9463991,44.5543781],[-80.9463868,44.5542953],[-80.9463651,44.554297],[-80.9463587,44.5542535],[-80.9462503,44.5542617],[-80.9462586,44.5543175],[-80.9462244,44.5543201],[-80.9462349,44.5543905],[-80.9463991,44.5543781]]]]},"properties":{"structure_id":"structure_c3b23bfa90c039f97fb3","external_source":"openstreetmap","external_id":"a2758622120","building_type":"residential","source_building_tag":"house","source_timestamp":null,"confidence":"source_mapped"}},{"type":"Feature","id":"structure_1acf30c1a064b84cb49d","geometry":{"type":"MultiPolygon","coordinates":[[[[-80.9460265,44.5544181],[-80.946012,44.5543334],[-80.9458619,44.5543464],[-80.9458763,44.5544311],[-80.9460265,44.5544181]]]]},"properties":{"structure_id":"structure_1acf30c1a064b84cb49d","external_source":"openstreetmap","external_id":"a2758622122","building_type":"residential","source_building_tag":"house","source_timestamp":null,"confidence":"source_mapped"}},{"type":"Feature","id":"structure_a139cc9e3a2b7d246d3f","geometry":{"type":"MultiPolygon","coordinates":[[[[-80.9463974,44.5546051],[-80.946384,44.5545472],[-80.946312,44.5545556],[-80.9462971,44.5544907],[-80.9460901,44.5545149],[-80.9461063,44.5545853],[-80.9461648,44.5545785],[-80.9461768,44.5546309],[-80.9463974,44.5546051]]]]},"properties":{"structure_id":"structure_a139cc9e3a2b7d246d3f","external_source":"openstreetmap","external_id":"a2758622124","building_type":"residential","source_building_tag":"house","source_timestamp":null,"confidence":"source_mapped"}},{"type":"Feature","id":"structure_ab22e8518dd2b6267380","geometry":{"type":"MultiPolygon","coordinates":[[[[-80.9442631,44.5541092],[-80.9442484,44.554048],[-80.9441942,44.5540302],[-80.9440657,44.5540459],[-80.9440862,44.5541308],[-80.9442631,44.5541092]]]]},"properties":{"structure_id":"structure_ab22e8518dd2b6267380","external_source":"openstreetmap","external_id":"a2758622126","building_type":"residential","source_building_tag":"house","source_timestamp":null,"confidence":"source_mapped"}},{"type":"Feature","id":"structure_23d5e8f7abce9c982a62","geometry":{"type":"MultiPolygon","coordinates":[[[[-80.9440201,44.5541607],[-80.9440064,44.5540686],[-80.9438027,44.5540839],[-80.9438163,44.5541761],[-80.9440201,44.5541607]]]]},"properties":{"structure_id":"structure_23d5e8f7abce9c982a62","external_source":"openstreetmap","external_id":"a2758622128","building_type":"residential","source_building_tag":"house","source_timestamp":null,"confidence":"source_mapped"}},{"type":"Feature","id":"structure_6e732793433a445747d7","geometry":{"type":"MultiPolygon","coordinates":[[[[-80.9437744,44.5542349],[-80.9437599,44.5541598],[-80.943553,44.5541801],[-80.9435675,44.5542552],[-80.9437744,44.5542349]]]]},"properties":{"structure_id":"structure_6e732793433a445747d7","external_source":"openstreetmap","external_id":"a2758622130","building_type":"residential","source_building_tag":"house","source_timestamp":null,"confidence":"source_mapped"}},{"type":"Feature","id":"structure_389476e118669b4979b2","geometry":{"type":"MultiPolygon","coordinates":[[[[-80.9435426,44.5542653],[-80.9435227,44.554162],[-80.9434611,44.554168],[-80.9434575,44.5541496],[-80.9433097,44.5541641],[-80.9433269,44.5542532],[-80.9433626,44.5542497],[-80.9433689,44.5542823],[-80.9435426,44.5542653]]]]},"properties":{"structure_id":"structure_389476e118669b4979b2","external_source":"openstreetmap","external_id":"a2758622132","building_type":"residential","source_building_tag":"house","source_timestamp":null,"confidence":"source_mapped"}},{"type":"Feature","id":"structure_b2fce13d8a2e4413068b","geometry":{"type":"MultiPolygon","coordinates":[[[[-80.9433081,44.554311],[-80.9432872,44.5542066],[-80.9432005,44.5542154],[-80.9431909,44.5541675],[-80.9430821,44.5541786],[-80.9431126,44.5543308],[-80.9433081,44.554311]]]]},"properties":{"structure_id":"structure_b2fce13d8a2e4413068b","external_source":"openstreetmap","external_id":"a2758622134","building_type":"residential","source_building_tag":"house","source_timestamp":null,"confidence":"source_mapped"}},{"type":"Feature","id":"structure_2b1c3136124bb3027f31","geometry":{"type":"MultiPolygon","coordinates":[[[[-80.94308,44.5543087],[-80.9430608,44.5541823],[-80.9429625,44.5541899],[-80.9429683,44.554228],[-80.9428714,44.5542355],[-80.9428848,44.5543238],[-80.94308,44.5543087]]]]},"properties":{"structure_id":"structure_2b1c3136124bb3027f31","external_source":"openstreetmap","external_id":"a2758622136","building_type":"residential","source_building_tag":"house","source_timestamp":null,"confidence":"source_mapped"}},{"type":"Feature","id":"structure_372bce0a45f3c98ac52e","geometry":{"type":"MultiPolygon","coordinates":[[[[-80.9428508,44.55431],[-80.9428322,44.5542147],[-80.9427253,44.5542254],[-80.9427217,44.5542068],[-80.9426274,44.5542162],[-80.94265,44.5543317],[-80.9427268,44.5543241],[-80.9427305,44.5543432],[-80.9427963,44.5543367],[-80.9427922,44.5543158],[-80.9428508,44.55431]]]]},"properties":{"structure_id":"structure_372bce0a45f3c98ac52e","external_source":"openstreetmap","external_id":"a2758622138","building_type":"residential","source_building_tag":"house","source_timestamp":null,"confidence":"source_mapped"}},{"type":"Feature","id":"structure_ff022db58b86eefc11ef","geometry":{"type":"MultiPolygon","coordinates":[[[[-80.9426343,44.5543427],[-80.9426105,44.5542184],[-80.9425116,44.554228],[-80.9425083,44.554211],[-80.9423794,44.5542236],[-80.9423827,44.5542409],[-80.9423228,44.5542467],[-80.9423371,44.5543212],[-80.9423966,44.5543154],[-80.942399,44.5543283],[-80.9424273,44.5543255],[-80.9424312,44.5543457],[-80.942571,44.5543321],[-80.9425742,44.5543486],[-80.9426343,44.5543427]]]]},"properties":{"structure_id":"structure_ff022db58b86eefc11ef","external_source":"openstreetmap","external_id":"a2758622140","building_type":"residential","source_building_tag":"house","source_timestamp":null,"confidence":"source_mapped"}},{"type":"Feature","id":"structure_47aad3d25e1e7c1ded18","geometry":{"type":"MultiPolygon","coordinates":[[[[-80.9443274,44.5568047],[-80.9442255,44.5567393],[-80.944276,44.5566994],[-80.9441996,44.5566504],[-80.9440201,44.5567098],[-80.9440595,44.5567702],[-80.944143,44.5567426],[-80.9442881,44.5568357],[-80.9443274,44.5568047]]]]},"properties":{"structure_id":"structure_47aad3d25e1e7c1ded18","external_source":"openstreetmap","external_id":"a2758622142","building_type":"residential","source_building_tag":"house","source_timestamp":null,"confidence":"source_mapped"}},{"type":"Feature","id":"structure_feafe666a4ec91928990","geometry":{"type":"MultiPolygon","coordinates":[[[[-80.9439264,44.5568958],[-80.9439156,44.5567922],[-80.9437433,44.5568013],[-80.943752,44.5568853],[-80.9438611,44.5568795],[-80.9438631,44.5568991],[-80.9439264,44.5568958]]]]},"properties":{"structure_id":"structure_feafe666a4ec91928990","external_source":"openstreetmap","external_id":"a2758622144","building_type":"residential","source_building_tag":"house","source_timestamp":null,"confidence":"source_mapped"}},{"type":"Feature","id":"structure_78a0903a1640dd05e258","geometry":{"type":"MultiPolygon","coordinates":[[[[-80.9437059,44.5568977],[-80.9436848,44.5568205],[-80.9433897,44.5568615],[-80.9434267,44.5569967],[-80.9436508,44.5569656],[-80.943635,44.5569075],[-80.9437059,44.5568977]]]]},"properties":{"structure_id":"structure_78a0903a1640dd05e258","external_source":"openstreetmap","external_id":"a2758622146","building_type":"residential","source_building_tag":"house","source_timestamp":null,"confidence":"source_mapped"}},{"type":"Feature","id":"structure_6c58b7f89abe436ddf38","geometry":{"type":"MultiPolygon","coordinates":[[[[-80.9433845,44.5569145],[-80.9433677,44.5568437],[-80.9433044,44.5568513],[-80.9433096,44.5568735],[-80.9432514,44.5568805],[-80.9432471,44.5568622],[-80.9431295,44.5568764],[-80.9431502,44.5569638],[-80.9433301,44.5569422],[-80.9433252,44.5569217],[-80.9433845,44.5569145]]]]},"properties":{"structure_id":"structure_6c58b7f89abe436ddf38","external_source":"openstreetmap","external_id":"a2758622148","building_type":"residential","source_building_tag":"house","source_timestamp":null,"confidence":"source_mapped"}},{"type":"Feature","id":"structure_7a47b299f8bd418a19f7","geometry":{"type":"MultiPolygon","coordinates":[[[[-80.9430923,44.5569543],[-80.9430838,44.5568705],[-80.9427495,44.5568877],[-80.9427572,44.5569629],[-80.9427081,44.5569654],[-80.9427161,44.5570451],[-80.9430392,44.5570284],[-80.943032,44.5569575],[-80.9430923,44.5569543]]]]},"properties":{"structure_id":"structure_7a47b299f8bd418a19f7","external_source":"openstreetmap","external_id":"a2758622150","building_type":"residential","source_building_tag":"house","source_timestamp":null,"confidence":"source_mapped"}},{"type":"Feature","id":"structure_c1b9556fd2e2fb8d0cbc","geometry":{"type":"MultiPolygon","coordinates":[[[[-80.9426429,44.5569503],[-80.9426212,44.5568486],[-80.9424671,44.5568653],[-80.9424888,44.556967],[-80.9426429,44.5569503]]]]},"properties":{"structure_id":"structure_c1b9556fd2e2fb8d0cbc","external_source":"openstreetmap","external_id":"a2758622152","building_type":"residential","source_building_tag":"house","source_timestamp":null,"confidence":"source_mapped"}},{"type":"Feature","id":"structure_de0fe5a0eebec17377f1","geometry":{"type":"MultiPolygon","coordinates":[[[[-80.9423007,44.5569087],[-80.9422774,44.5567833],[-80.9421645,44.5567939],[-80.9421728,44.5568389],[-80.9420723,44.5568484],[-80.9420872,44.5569288],[-80.9423007,44.5569087]]]]},"properties":{"structure_id":"structure_de0fe5a0eebec17377f1","external_source":"openstreetmap","external_id":"a2758622154","building_type":"residential","source_building_tag":"house","source_timestamp":null,"confidence":"source_mapped"}},{"type":"Feature","id":"structure_d4092c89807a7b6fe587","geometry":{"type":"MultiPolygon","coordinates":[[[[-80.9419765,44.5569188],[-80.9419594,44.5568365],[-80.9417606,44.5568575],[-80.9417851,44.5569759],[-80.941924,44.5569613],[-80.9419165,44.5569252],[-80.9419765,44.5569188]]]]},"properties":{"structure_id":"structure_d4092c89807a7b6fe587","external_source":"openstreetmap","external_id":"a2758622156","building_type":"residential","source_building_tag":"house","source_timestamp":null,"confidence":"source_mapped"}},{"type":"Feature","id":"structure_dc051477b9c73ccfcb63","geometry":{"type":"MultiPolygon","coordinates":[[[[-80.9416665,44.5569956],[-80.9416503,44.5569126],[-80.9415177,44.5569257],[-80.9415289,44.5569834],[-80.941479,44.5569884],[-80.9415027,44.5571101],[-80.9415599,44.5571045],[-80.9415491,44.5570492],[-80.9416329,44.5570409],[-80.9416248,44.5569998],[-80.9416665,44.5569956]]]]},"properties":{"structure_id":"structure_dc051477b9c73ccfcb63","external_source":"openstreetmap","external_id":"a2758622158","building_type":"residential","source_building_tag":"house","source_timestamp":null,"confidence":"source_mapped"}},{"type":"Feature","id":"structure_5f819670856b107b5a27","geometry":{"type":"MultiPolygon","coordinates":[[[[-80.941337,44.5573288],[-80.9413128,44.5572219],[-80.9411442,44.5572412],[-80.9411536,44.5572828],[-80.9411162,44.5572871],[-80.941131,44.5573525],[-80.941337,44.5573288]]]]},"properties":{"structure_id":"structure_5f819670856b107b5a27","external_source":"openstreetmap","external_id":"a2758622160","building_type":"residential","source_building_tag":"house","source_timestamp":null,"confidence":"source_mapped"}},{"type":"Feature","id":"structure_525212fe5f2a859226b0","geometry":{"type":"MultiPolygon","coordinates":[[[[-80.9412899,44.5572035],[-80.941281,44.5571299],[-80.9410747,44.5571426],[-80.9410836,44.5572162],[-80.9412899,44.5572035]]]]},"properties":{"structure_id":"structure_525212fe5f2a859226b0","external_source":"openstreetmap","external_id":"a2758622162","building_type":"residential","source_building_tag":"house","source_timestamp":null,"confidence":"source_mapped"}},{"type":"Feature","id":"structure_5f8cb094482463938cdd","geometry":{"type":"MultiPolygon","coordinates":[[[[-80.9412772,44.5570968],[-80.941262,44.5570217],[-80.9410656,44.5570419],[-80.9410808,44.557117],[-80.9412772,44.5570968]]]]},"properties":{"structure_id":"structure_5f8cb094482463938cdd","external_source":"openstreetmap","external_id":"a2758622164","building_type":"residential","source_building_tag":"house","source_timestamp":null,"confidence":"source_mapped"}},{"type":"Feature","id":"structure_d6b5b3f2d35c03690d72","geometry":{"type":"MultiPolygon","coordinates":[[[[-80.9479872,44.5635519],[-80.947964,44.5634469],[-80.947812,44.5634639],[-80.9478351,44.5635689],[-80.9479872,44.5635519]]]]},"properties":{"structure_id":"structure_d6b5b3f2d35c03690d72","external_source":"openstreetmap","external_id":"a2763216494","building_type":"residential","source_building_tag":"house","source_timestamp":null,"confidence":"source_mapped"}},{"type":"Feature","id":"structure_d26695d579149ad94fd4","geometry":{"type":"MultiPolygon","coordinates":[[[[-80.947812,44.563571],[-80.9477912,44.5634733],[-80.9476181,44.5634921],[-80.9476389,44.5635898],[-80.947812,44.563571]]]]},"properties":{"structure_id":"structure_d26695d579149ad94fd4","external_source":"openstreetmap","external_id":"a2763216496","building_type":"residential","source_building_tag":"house","source_timestamp":null,"confidence":"source_mapped"}},{"type":"Feature","id":"structure_ea560d0649a9d434ff99","geometry":{"type":"MultiPolygon","coordinates":[[[[-80.947868,44.5638142],[-80.9478581,44.5637718],[-80.9477989,44.5637789],[-80.9477905,44.563743],[-80.9476952,44.5637543],[-80.9477028,44.5637867],[-80.9477189,44.5638554],[-80.9478128,44.5638443],[-80.9478074,44.5638214],[-80.947868,44.5638142]]]]},"properties":{"structure_id":"structure_ea560d0649a9d434ff99","external_source":"openstreetmap","external_id":"a2763216498","building_type":"residential","source_building_tag":"house","source_timestamp":null,"confidence":"source_mapped"}},{"type":"Feature","id":"structure_d7cd34f3057711ba5d40","geometry":{"type":"MultiPolygon","coordinates":[[[[-80.9474285,44.5636254],[-80.9474154,44.5635591],[-80.9473278,44.5635679],[-80.9473183,44.5635201],[-80.9471397,44.5635381],[-80.9471622,44.5636521],[-80.9474285,44.5636254]]]]},"properties":{"structure_id":"structure_d7cd34f3057711ba5d40","external_source":"openstreetmap","external_id":"a2763216502","building_type":"residential","source_building_tag":"house","source_timestamp":null,"confidence":"source_mapped"}},{"type":"Feature","id":"structure_19de55551da9be3ef370","geometry":{"type":"MultiPolygon","coordinates":[[[[-80.9474512,44.563758],[-80.9474325,44.5636613],[-80.9471788,44.5636864],[-80.9471976,44.563783],[-80.9474054,44.5637625],[-80.9474512,44.563758]]]]},"properties":{"structure_id":"structure_19de55551da9be3ef370","external_source":"openstreetmap","external_id":"a2763216504","building_type":"residential","source_building_tag":"house","source_timestamp":null,"confidence":"source_mapped"}},{"type":"Feature","id":"structure_2bc94e3989906a01ad8d","geometry":{"type":"MultiPolygon","coordinates":[[[[-80.9474124,44.5638366],[-80.9474044,44.5637936],[-80.9473003,44.5638034],[-80.9473082,44.5638464],[-80.9474124,44.5638366]]]]},"properties":{"structure_id":"structure_2bc94e3989906a01ad8d","external_source":"openstreetmap","external_id":"a2763216506","building_type":"residential","source_building_tag":"house","source_timestamp":null,"confidence":"source_mapped"}},{"type":"Feature","id":"structure_05225b2660850fc50975","geometry":{"type":"MultiPolygon","coordinates":[[[[-80.9473702,44.563921],[-80.9473563,44.5638603],[-80.9471773,44.5638811],[-80.9471912,44.5639417],[-80.9473702,44.563921]]]]},"properties":{"structure_id":"structure_05225b2660850fc50975","external_source":"openstreetmap","external_id":"a2763216508","building_type":"residential","source_building_tag":"house","source_timestamp":null,"confidence":"source_mapped"}},{"type":"Feature","id":"structure_e8a794df5d50269616eb","geometry":{"type":"MultiPolygon","coordinates":[[[[-80.9474688,44.5641218],[-80.9474344,44.5639418],[-80.947221,44.5639626],[-80.9472555,44.5641426],[-80.9474688,44.5641218]]]]},"properties":{"structure_id":"structure_e8a794df5d50269616eb","external_source":"openstreetmap","external_id":"a2763216510","building_type":"residential","source_building_tag":"house","source_timestamp":null,"confidence":"source_mapped"}},{"type":"Feature","id":"structure_a864543ec917d0adaf84","geometry":{"type":"MultiPolygon","coordinates":[[[[-80.9475438,44.564186],[-80.9475301,44.5641215],[-80.947286,44.5641477],[-80.9472996,44.5642122],[-80.9475438,44.564186]]]]},"properties":{"structure_id":"structure_a864543ec917d0adaf84","external_source":"openstreetmap","external_id":"a2763216512","building_type":"residential","source_building_tag":"house","source_timestamp":null,"confidence":"source_mapped"}},{"type":"Feature","id":"structure_0426d23d7adc2f398222","geometry":{"type":"MultiPolygon","coordinates":[[[[-80.9482269,44.564212],[-80.9482104,44.5641183],[-80.9480434,44.5641333],[-80.9480599,44.5642269],[-80.9482269,44.564212]]]]},"properties":{"structure_id":"structure_0426d23d7adc2f398222","external_source":"openstreetmap","external_id":"a2763216514","building_type":"residential","source_building_tag":"house","source_timestamp":null,"confidence":"source_mapped"}},{"type":"Feature","id":"structure_26567d4aaacefc8a4555","geometry":{"type":"MultiPolygon","coordinates":[[[[-80.9483181,44.56434],[-80.9483076,44.5642815],[-80.948268,44.5642851],[-80.9482613,44.5642475],[-80.9481585,44.5642569],[-80.9481757,44.5643529],[-80.9483181,44.56434]]]]},"properties":{"structure_id":"structure_26567d4aaacefc8a4555","external_source":"openstreetmap","external_id":"a2763216516","building_type":"residential","source_building_tag":"house","source_timestamp":null,"confidence":"source_mapped"}},{"type":"Feature","id":"structure_83211b674475cd42a80c","geometry":{"type":"MultiPolygon","coordinates":[[[[-80.9476193,44.5643218],[-80.947609,44.564273],[-80.9475044,44.5642841],[-80.9474969,44.5642484],[-80.9472984,44.5642696],[-80.9473162,44.5643541],[-80.9476193,44.5643218]]]]},"properties":{"structure_id":"structure_83211b674475cd42a80c","external_source":"openstreetmap","external_id":"a2763216520","building_type":"residential","source_building_tag":"house","source_timestamp":null,"confidence":"source_mapped"}},{"type":"Feature","id":"structure_1573188a383351af49e2","geometry":{"type":"MultiPolygon","coordinates":[[[[-80.9477336,44.5644464],[-80.9477153,44.5643658],[-80.9475711,44.5643823],[-80.9475655,44.5643574],[-80.9473901,44.5643777],[-80.9474199,44.564509],[-80.9476062,44.5644875],[-80.9476003,44.5644617],[-80.9477336,44.5644464]]]]},"properties":{"structure_id":"structure_1573188a383351af49e2","external_source":"openstreetmap","external_id":"a2763216522","building_type":"residential","source_building_tag":"house","source_timestamp":null,"confidence":"source_mapped"}},{"type":"Feature","id":"structure_fb421ec51e41b2a3de0d","geometry":{"type":"MultiPolygon","coordinates":[[[[-80.9480688,44.5644404],[-80.9480599,44.5643871],[-80.9478789,44.5644023],[-80.9478878,44.5644557],[-80.9480688,44.5644404]]]]},"properties":{"structure_id":"structure_fb421ec51e41b2a3de0d","external_source":"openstreetmap","external_id":"a2763216524","building_type":"residential","source_building_tag":"house","source_timestamp":null,"confidence":"source_mapped"}},{"type":"Feature","id":"structure_c7a7ea6952c12943ed08","geometry":{"type":"MultiPolygon","coordinates":[[[[-80.9485452,44.5646097],[-80.948533,44.5645262],[-80.9482436,44.5645476],[-80.9482557,44.5646311],[-80.9485452,44.5646097]]]]},"properties":{"structure_id":"structure_c7a7ea6952c12943ed08","external_source":"openstreetmap","external_id":"a2763216526","building_type":"residential","source_building_tag":"house","source_timestamp":null,"confidence":"source_mapped"}},{"type":"Feature","id":"structure_0bd5cbd785a55044c562","geometry":{"type":"MultiPolygon","coordinates":[[[[-80.9475684,44.564723],[-80.9475389,44.5645924],[-80.9474165,44.5646064],[-80.947446,44.564737],[-80.9475684,44.564723]]]]},"properties":{"structure_id":"structure_0bd5cbd785a55044c562","external_source":"openstreetmap","external_id":"a2763216530","building_type":"residential","source_building_tag":"house","source_timestamp":null,"confidence":"source_mapped"}},{"type":"Feature","id":"structure_233e6611b9ef98f7777e","geometry":{"type":"MultiPolygon","coordinates":[[[[-80.9475943,44.5649422],[-80.9475632,44.5647745],[-80.9475431,44.5647598],[-80.9475097,44.564763],[-80.9474952,44.5647786],[-80.947502,44.5648147],[-80.9474699,44.5648178],[-80.9474948,44.5649516],[-80.9475943,44.5649422]]]]},"properties":{"structure_id":"structure_233e6611b9ef98f7777e","external_source":"openstreetmap","external_id":"a2763216532","building_type":"residential","source_building_tag":"house","source_timestamp":null,"confidence":"source_mapped"}},{"type":"Feature","id":"structure_a1d0eeceda4f4daa7566","geometry":{"type":"MultiPolygon","coordinates":[[[[-80.9476614,44.565009],[-80.9476475,44.5649485],[-80.9475627,44.5649584],[-80.9475765,44.5650189],[-80.9476614,44.565009]]]]},"properties":{"structure_id":"structure_a1d0eeceda4f4daa7566","external_source":"openstreetmap","external_id":"a2763216534","building_type":"residential","source_building_tag":"house","source_timestamp":null,"confidence":"source_mapped"}},{"type":"Feature","id":"structure_cb868118b3fd0726e797","geometry":{"type":"MultiPolygon","coordinates":[[[[-80.947642,44.5651694],[-80.9476328,44.5651168],[-80.9475877,44.5651208],[-80.9475769,44.5650587],[-80.9474978,44.5650656],[-80.9475177,44.5651804],[-80.947642,44.5651694]]]]},"properties":{"structure_id":"structure_cb868118b3fd0726e797","external_source":"openstreetmap","external_id":"a2763216536","building_type":"residential","source_building_tag":"house","source_timestamp":null,"confidence":"source_mapped"}},{"type":"Feature","id":"structure_4f89040f3799972777c2","geometry":{"type":"MultiPolygon","coordinates":[[[[-80.9477945,44.5651595],[-80.9477795,44.5650763],[-80.9477209,44.5650817],[-80.9477165,44.5650568],[-80.9476643,44.5650616],[-80.9476838,44.5651696],[-80.9477945,44.5651595]]]]},"properties":{"structure_id":"structure_4f89040f3799972777c2","external_source":"openstreetmap","external_id":"a2763216538","building_type":"residential","source_building_tag":"house","source_timestamp":null,"confidence":"source_mapped"}},{"type":"Feature","id":"structure_72c08cff008297dab2f9","geometry":{"type":"MultiPolygon","coordinates":[[[[-80.9478437,44.564981],[-80.9478432,44.5649789],[-80.9478404,44.5649674],[-80.9478307,44.5649272],[-80.9477432,44.564938],[-80.9477562,44.5649918],[-80.9478437,44.564981]]]]},"properties":{"structure_id":"structure_72c08cff008297dab2f9","external_source":"openstreetmap","external_id":"a2763216540","building_type":"residential","source_building_tag":"house","source_timestamp":null,"confidence":"source_mapped"}},{"type":"Feature","id":"structure_24e0f02c0261a15a7a4e","geometry":{"type":"MultiPolygon","coordinates":[[[[-80.9481183,44.5650672],[-80.9481044,44.5649865],[-80.9480143,44.564995],[-80.9479964,44.5649967],[-80.9479926,44.5649971],[-80.948007,44.5650774],[-80.9481183,44.5650672]]]]},"properties":{"structure_id":"structure_24e0f02c0261a15a7a4e","external_source":"openstreetmap","external_id":"a2763216542","building_type":"residential","source_building_tag":"house","source_timestamp":null,"confidence":"source_mapped"}},{"type":"Feature","id":"structure_23ba83ccdc55dbecdc6a","geometry":{"type":"MultiPolygon","coordinates":[[[[-80.9481509,44.564983],[-80.9481401,44.5649088],[-80.9480937,44.5649122],[-80.9481044,44.5649865],[-80.9481509,44.564983]]]]},"properties":{"structure_id":"structure_23ba83ccdc55dbecdc6a","external_source":"openstreetmap","external_id":"a2763216544","building_type":"residential","source_building_tag":"house","source_timestamp":null,"confidence":"source_mapped"}},{"type":"Feature","id":"structure_5e69b8626346bf426545","geometry":{"type":"MultiPolygon","coordinates":[[[[-80.948348,44.5650365],[-80.9483368,44.56497],[-80.9481658,44.5649846],[-80.9481839,44.5650921],[-80.9483051,44.5650818],[-80.9482982,44.5650408],[-80.948348,44.5650365]]]]},"properties":{"structure_id":"structure_5e69b8626346bf426545","external_source":"openstreetmap","external_id":"a2763216546","building_type":"residential","source_building_tag":"house","source_timestamp":null,"confidence":"source_mapped"}},{"type":"Feature","id":"structure_5c4152cba9c5cef7e238","geometry":{"type":"MultiPolygon","coordinates":[[[[-80.9489077,44.5649788],[-80.9488801,44.5648835],[-80.9487136,44.5649079],[-80.9487412,44.5650032],[-80.9489077,44.5649788]]]]},"properties":{"structure_id":"structure_5c4152cba9c5cef7e238","external_source":"openstreetmap","external_id":"a2763216548","building_type":"residential","source_building_tag":"house","source_timestamp":null,"confidence":"source_mapped"}},{"type":"Feature","id":"structure_3cbc5b3d85bd224b089c","geometry":{"type":"MultiPolygon","coordinates":[[[[-80.9485005,44.5634417],[-80.9484851,44.5633611],[-80.9483627,44.563373],[-80.9483782,44.5634536],[-80.9485005,44.5634417]]]]},"properties":{"structure_id":"structure_3cbc5b3d85bd224b089c","external_source":"openstreetmap","external_id":"a2763216554","building_type":"residential","source_building_tag":"house","source_timestamp":null,"confidence":"source_mapped"}},{"type":"Feature","id":"structure_1055f4c08c088efd6d02","geometry":{"type":"MultiPolygon","coordinates":[[[[-80.948956,44.5636245],[-80.9489373,44.5635427],[-80.9488174,44.5635566],[-80.9488361,44.5636384],[-80.948956,44.5636245]]]]},"properties":{"structure_id":"structure_1055f4c08c088efd6d02","external_source":"openstreetmap","external_id":"a2763216556","building_type":"residential","source_building_tag":"house","source_timestamp":null,"confidence":"source_mapped"}},{"type":"Feature","id":"structure_d68f8a7a043df7fe238e","geometry":{"type":"MultiPolygon","coordinates":[[[[-80.9489464,44.5634889],[-80.9489314,44.5634257],[-80.9488015,44.5634414],[-80.9488165,44.5635045],[-80.9489464,44.5634889]]]]},"properties":{"structure_id":"structure_d68f8a7a043df7fe238e","external_source":"openstreetmap","external_id":"a2763216558","building_type":"residential","source_building_tag":"house","source_timestamp":null,"confidence":"source_mapped"}},{"type":"Feature","id":"structure_89ef96744fe04c87a088","geometry":{"type":"MultiPolygon","coordinates":[[[[-80.9490177,44.5633876],[-80.9490011,44.5633044],[-80.9488251,44.5633223],[-80.9488417,44.5634054],[-80.9490177,44.5633876]]]]},"properties":{"structure_id":"structure_89ef96744fe04c87a088","external_source":"openstreetmap","external_id":"a2763216560","building_type":"residential","source_building_tag":"house","source_timestamp":null,"confidence":"source_mapped"}},{"type":"Feature","id":"structure_36e3be22c7b016a88428","geometry":{"type":"MultiPolygon","coordinates":[[[[-80.9493252,44.5633374],[-80.9493069,44.5632652],[-80.9491794,44.5632817],[-80.9490811,44.5632944],[-80.9490995,44.5633665],[-80.9493252,44.5633374]]]]},"properties":{"structure_id":"structure_36e3be22c7b016a88428","external_source":"openstreetmap","external_id":"a2763216562","building_type":"residential","source_building_tag":"house","source_timestamp":null,"confidence":"source_mapped"}},{"type":"Feature","id":"structure_69692d50a3c80a7451e3","geometry":{"type":"MultiPolygon","coordinates":[[[[-80.9495914,44.5634782],[-80.9495694,44.5633768],[-80.9494177,44.5633935],[-80.9494397,44.5634949],[-80.9495914,44.5634782]]]]},"properties":{"structure_id":"structure_69692d50a3c80a7451e3","external_source":"openstreetmap","external_id":"a2763216564","building_type":"residential","source_building_tag":"house","source_timestamp":null,"confidence":"source_mapped"}},{"type":"Feature","id":"structure_ac383d8e488418f91423","geometry":{"type":"MultiPolygon","coordinates":[[[[-80.9494726,44.5636961],[-80.9494588,44.5636275],[-80.9492255,44.5636513],[-80.9492558,44.5638022],[-80.9494074,44.5637867],[-80.9493909,44.5637044],[-80.9494726,44.5636961]]]]},"properties":{"structure_id":"structure_ac383d8e488418f91423","external_source":"openstreetmap","external_id":"a2763216566","building_type":"residential","source_building_tag":"house","source_timestamp":null,"confidence":"source_mapped"}},{"type":"Feature","id":"structure_d11f457b61c2708118f9","geometry":{"type":"MultiPolygon","coordinates":[[[[-80.9494833,44.5639481],[-80.9494764,44.5638722],[-80.9494193,44.5638748],[-80.9494149,44.5638276],[-80.9492858,44.5638336],[-80.9492971,44.5639568],[-80.9494833,44.5639481]]]]},"properties":{"structure_id":"structure_d11f457b61c2708118f9","external_source":"openstreetmap","external_id":"a2763216568","building_type":"residential","source_building_tag":"house","source_timestamp":null,"confidence":"source_mapped"}},{"type":"Feature","id":"structure_a34bf2f2375063312659","geometry":{"type":"MultiPolygon","coordinates":[[[[-80.9495202,44.5640856],[-80.9495121,44.5640274],[-80.9494649,44.5640308],[-80.9494564,44.5639698],[-80.9492738,44.5639827],[-80.9492904,44.5641019],[-80.9495202,44.5640856]]]]},"properties":{"structure_id":"structure_a34bf2f2375063312659","external_source":"openstreetmap","external_id":"a2763216570","building_type":"residential","source_building_tag":"house","source_timestamp":null,"confidence":"source_mapped"}},{"type":"Feature","id":"structure_f7232b7f538395ac2319","geometry":{"type":"MultiPolygon","coordinates":[[[[-80.9497455,44.564376],[-80.9497333,44.5643148],[-80.9496365,44.5643246],[-80.9496486,44.5643858],[-80.9497455,44.564376]]]]},"properties":{"structure_id":"structure_f7232b7f538395ac2319","external_source":"openstreetmap","external_id":"a2763216576","building_type":"residential","source_building_tag":"house","source_timestamp":null,"confidence":"source_mapped"}},{"type":"Feature","id":"structure_7dc34ddff4647c19f1d8","geometry":{"type":"MultiPolygon","coordinates":[[[[-80.9494178,44.5644142],[-80.9494022,44.5643454],[-80.949275,44.5643601],[-80.949268,44.5643292],[-80.9490906,44.5643496],[-80.9491249,44.5645007],[-80.9493277,44.5644773],[-80.949316,44.564426],[-80.9494178,44.5644142]]]]},"properties":{"structure_id":"structure_7dc34ddff4647c19f1d8","external_source":"openstreetmap","external_id":"a2763216578","building_type":"residential","source_building_tag":"house","source_timestamp":null,"confidence":"source_mapped"}},{"type":"Feature","id":"structure_7983813ab4b25fc15770","geometry":{"type":"MultiPolygon","coordinates":[[[[-80.949504,44.5646208],[-80.9494916,44.5645603],[-80.9493833,44.5645716],[-80.9493887,44.5645979],[-80.9492835,44.5646088],[-80.9492998,44.5646887],[-80.949444,44.5646737],[-80.9494346,44.564628],[-80.949504,44.5646208]]]]},"properties":{"structure_id":"structure_7983813ab4b25fc15770","external_source":"openstreetmap","external_id":"a2763216580","building_type":"residential","source_building_tag":"house","source_timestamp":null,"confidence":"source_mapped"}},{"type":"Feature","id":"structure_00f03f6695ecef397dbc","geometry":{"type":"MultiPolygon","coordinates":[[[[-80.9497688,44.5647463],[-80.9497419,44.5646825],[-80.9495241,44.5647289],[-80.9495811,44.5648645],[-80.9497343,44.5648318],[-80.9497042,44.5647601],[-80.9497688,44.5647463]]]]},"properties":{"structure_id":"structure_00f03f6695ecef397dbc","external_source":"openstreetmap","external_id":"a2763216582","building_type":"residential","source_building_tag":"house","source_timestamp":null,"confidence":"source_mapped"}},{"type":"Feature","id":"structure_b8600b43f19ad17caf54","geometry":{"type":"MultiPolygon","coordinates":[[[[-80.9485771,44.5654123],[-80.9485516,44.5653094],[-80.9484312,44.5653246],[-80.9484566,44.5654274],[-80.9485771,44.5654123]]]]},"properties":{"structure_id":"structure_b8600b43f19ad17caf54","external_source":"openstreetmap","external_id":"a2763257938","building_type":"residential","source_building_tag":"house","source_timestamp":null,"confidence":"source_mapped"}},{"type":"Feature","id":"structure_143a635b99682d0a86be","geometry":{"type":"MultiPolygon","coordinates":[[[[-80.9484018,44.5654231],[-80.948382,44.5653287],[-80.9482507,44.5653427],[-80.9482887,44.5655237],[-80.9483783,44.5655142],[-80.9483602,44.5654276],[-80.9484018,44.5654231]]]]},"properties":{"structure_id":"structure_143a635b99682d0a86be","external_source":"openstreetmap","external_id":"a2763257940","building_type":"residential","source_building_tag":"house","source_timestamp":null,"confidence":"source_mapped"}},{"type":"Feature","id":"structure_fec8eb7fa9657a00e253","geometry":{"type":"MultiPolygon","coordinates":[[[[-80.9481693,44.565438],[-80.9481521,44.5653496],[-80.9480468,44.56536],[-80.9480641,44.5654484],[-80.9481693,44.565438]]]]},"properties":{"structure_id":"structure_fec8eb7fa9657a00e253","external_source":"openstreetmap","external_id":"a2763257942","building_type":"residential","source_building_tag":"house","source_timestamp":null,"confidence":"source_mapped"}},{"type":"Feature","id":"structure_a90933a7d67ccb176dee","geometry":{"type":"MultiPolygon","coordinates":[[[[-80.9480015,44.5655176],[-80.9479869,44.5654364],[-80.9479491,44.5654398],[-80.9479443,44.5654131],[-80.9478708,44.5654198],[-80.9478744,44.5654403],[-80.9477945,44.5654476],[-80.9477915,44.5654312],[-80.9476365,44.5654453],[-80.9476675,44.5656181],[-80.9477005,44.5656151],[-80.9477037,44.5656325],[-80.9478205,44.5656219],[-80.9478147,44.5655893],[-80.9478752,44.5655838],[-80.9478715,44.5655632],[-80.94797,44.5655542],[-80.9479641,44.565521],[-80.9480015,44.5655176]]]]},"properties":{"structure_id":"structure_a90933a7d67ccb176dee","external_source":"openstreetmap","external_id":"a2763257944","building_type":"residential","source_building_tag":"house","source_timestamp":null,"confidence":"source_mapped"}},{"type":"Feature","id":"structure_2e8e9170af7dfde51779","geometry":{"type":"MultiPolygon","coordinates":[[[[-80.9478213,44.5657327],[-80.9478049,44.5656715],[-80.9476154,44.5656971],[-80.9476383,44.5657829],[-80.9477035,44.5657741],[-80.9477097,44.5657973],[-80.9477685,44.5657893],[-80.9477557,44.5657416],[-80.9478213,44.5657327]]]]},"properties":{"structure_id":"structure_2e8e9170af7dfde51779","external_source":"openstreetmap","external_id":"a2763257946","building_type":"residential","source_building_tag":"house","source_timestamp":null,"confidence":"source_mapped"}},{"type":"Feature","id":"structure_06a6ff13cea3267ad8c7","geometry":{"type":"MultiPolygon","coordinates":[[[[-80.9479883,44.5659027],[-80.9479742,44.5658227],[-80.9477474,44.5658431],[-80.9477581,44.5659034],[-80.9477726,44.5659854],[-80.9479001,44.565974],[-80.9478943,44.5659416],[-80.9479374,44.5659378],[-80.9479321,44.5659077],[-80.9479883,44.5659027]]]]},"properties":{"structure_id":"structure_06a6ff13cea3267ad8c7","external_source":"openstreetmap","external_id":"a2763257948","building_type":"residential","source_building_tag":"house","source_timestamp":null,"confidence":"source_mapped"}},{"type":"Feature","id":"structure_d39ac123922e7dcf39da","geometry":{"type":"MultiPolygon","coordinates":[[[[-80.9484238,44.5663191],[-80.9484127,44.5662625],[-80.9482506,44.5662786],[-80.9482574,44.5663137],[-80.9482617,44.5663352],[-80.9484238,44.5663191]]]]},"properties":{"structure_id":"structure_d39ac123922e7dcf39da","external_source":"openstreetmap","external_id":"a2763257954","building_type":"residential","source_building_tag":"house","source_timestamp":null,"confidence":"source_mapped"}},{"type":"Feature","id":"structure_06bb3d6cd398fff609f3","geometry":{"type":"MultiPolygon","coordinates":[[[[-80.9484148,44.5664353],[-80.9484017,44.5663789],[-80.9482862,44.5663925],[-80.9482908,44.5664126],[-80.9482992,44.5664489],[-80.9484148,44.5664353]]]]},"properties":{"structure_id":"structure_06bb3d6cd398fff609f3","external_source":"openstreetmap","external_id":"a2763257956","building_type":"residential","source_building_tag":"house","source_timestamp":null,"confidence":"source_mapped"}},{"type":"Feature","id":"structure_061686bef53fec253b4a","geometry":{"type":"MultiPolygon","coordinates":[[[[-80.9480242,44.5664275],[-80.9480079,44.5663609],[-80.9479108,44.5663729],[-80.9479059,44.5663527],[-80.9478017,44.5663656],[-80.9478287,44.5664759],[-80.9479359,44.5664626],[-80.9479302,44.5664391],[-80.9480242,44.5664275]]]]},"properties":{"structure_id":"structure_061686bef53fec253b4a","external_source":"openstreetmap","external_id":"a2763257958","building_type":"residential","source_building_tag":"house","source_timestamp":null,"confidence":"source_mapped"}},{"type":"Feature","id":"structure_7a23cef09249673405b2","geometry":{"type":"MultiPolygon","coordinates":[[[[-80.9480486,44.5665963],[-80.9480316,44.5665176],[-80.9478271,44.5665399],[-80.9478441,44.5666187],[-80.9480486,44.5665963]]]]},"properties":{"structure_id":"structure_7a23cef09249673405b2","external_source":"openstreetmap","external_id":"a2763257960","building_type":"residential","source_building_tag":"house","source_timestamp":null,"confidence":"source_mapped"}},{"type":"Feature","id":"structure_b72c07b8af603666f203","geometry":{"type":"MultiPolygon","coordinates":[[[[-80.948032,44.566694],[-80.9480216,44.5666346],[-80.947955,44.5666405],[-80.9479571,44.5666524],[-80.9478312,44.5666635],[-80.9478463,44.56675],[-80.9479796,44.5667382],[-80.9479728,44.5666992],[-80.948032,44.566694]]]]},"properties":{"structure_id":"structure_b72c07b8af603666f203","external_source":"openstreetmap","external_id":"a2763257962","building_type":"residential","source_building_tag":"house","source_timestamp":null,"confidence":"source_mapped"}},{"type":"Feature","id":"structure_a2e47a475bf1dfa538f6","geometry":{"type":"MultiPolygon","coordinates":[[[[-80.948145,44.5669467],[-80.9481206,44.5668346],[-80.9480129,44.5668452],[-80.9480001,44.5667788],[-80.9478405,44.5667974],[-80.9478777,44.5669585],[-80.9479704,44.5669477],[-80.9479748,44.5669667],[-80.948145,44.5669467]]]]},"properties":{"structure_id":"structure_a2e47a475bf1dfa538f6","external_source":"openstreetmap","external_id":"a2763257964","building_type":"residential","source_building_tag":"house","source_timestamp":null,"confidence":"source_mapped"}},{"type":"Feature","id":"structure_26b84913d522da5bf4de","geometry":{"type":"MultiPolygon","coordinates":[[[[-80.9484138,44.5669259],[-80.9483885,44.5668071],[-80.9483388,44.5668125],[-80.948329,44.5667663],[-80.9482606,44.566774],[-80.948273,44.5668304],[-80.9481785,44.566841],[-80.9482015,44.5669489],[-80.9484138,44.5669259]]]]},"properties":{"structure_id":"structure_26b84913d522da5bf4de","external_source":"openstreetmap","external_id":"a2763257966","building_type":"residential","source_building_tag":"house","source_timestamp":null,"confidence":"source_mapped"}},{"type":"Feature","id":"structure_5172be625db29d1033ae","geometry":{"type":"MultiPolygon","coordinates":[[[[-80.9486066,44.5668885],[-80.9485729,44.5667233],[-80.9485176,44.5667298],[-80.9484541,44.5667383],[-80.9484889,44.5669289],[-80.9485632,44.5669213],[-80.9485575,44.5668936],[-80.9486066,44.5668885]]]]},"properties":{"structure_id":"structure_5172be625db29d1033ae","external_source":"openstreetmap","external_id":"a2763257968","building_type":"residential","source_building_tag":"house","source_timestamp":null,"confidence":"source_mapped"}},{"type":"Feature","id":"structure_e6ee5f065a529df4b62b","geometry":{"type":"MultiPolygon","coordinates":[[[[-80.9487978,44.5669094],[-80.9487818,44.5668201],[-80.9486713,44.5668301],[-80.9486874,44.5669195],[-80.9487978,44.5669094]]]]},"properties":{"structure_id":"structure_e6ee5f065a529df4b62b","external_source":"openstreetmap","external_id":"a2763257982","building_type":"residential","source_building_tag":"house","source_timestamp":null,"confidence":"source_mapped"}},{"type":"Feature","id":"structure_0c28f8ba168a64f2653c","geometry":{"type":"MultiPolygon","coordinates":[[[[-80.9489339,44.5668971],[-80.9489116,44.5668022],[-80.9487958,44.5668161],[-80.9488182,44.566911],[-80.9489339,44.5668971]]]]},"properties":{"structure_id":"structure_0c28f8ba168a64f2653c","external_source":"openstreetmap","external_id":"a2763257984","building_type":"residential","source_building_tag":"house","source_timestamp":null,"confidence":"source_mapped"}},{"type":"Feature","id":"structure_8696aa5c56383d5fb9b4","geometry":{"type":"MultiPolygon","coordinates":[[[[-80.9492334,44.5668608],[-80.9492143,44.5667629],[-80.9491058,44.5667736],[-80.9491248,44.5668715],[-80.9492334,44.5668608]]]]},"properties":{"structure_id":"structure_8696aa5c56383d5fb9b4","external_source":"openstreetmap","external_id":"a2763257986","building_type":"residential","source_building_tag":"house","source_timestamp":null,"confidence":"source_mapped"}},{"type":"Feature","id":"structure_bc572e8e9f3385a30257","geometry":{"type":"MultiPolygon","coordinates":[[[[-80.9492262,44.5666928],[-80.9492178,44.5666584],[-80.9491186,44.5666707],[-80.949127,44.5667051],[-80.9492262,44.5666928]]]]},"properties":{"structure_id":"structure_bc572e8e9f3385a30257","external_source":"openstreetmap","external_id":"a2763257988","building_type":"residential","source_building_tag":"house","source_timestamp":null,"confidence":"source_mapped"}},{"type":"Feature","id":"structure_dbafec44d4026663470e","geometry":{"type":"MultiPolygon","coordinates":[[[[-80.9485997,44.5666455],[-80.948582,44.5665726],[-80.9484797,44.5665852],[-80.9484974,44.5666581],[-80.9485997,44.5666455]]]]},"properties":{"structure_id":"structure_dbafec44d4026663470e","external_source":"openstreetmap","external_id":"a2763257990","building_type":"residential","source_building_tag":"house","source_timestamp":null,"confidence":"source_mapped"}},{"type":"Feature","id":"structure_cd7bbbe12a4764ed19aa","geometry":{"type":"MultiPolygon","coordinates":[[[[-80.9491584,44.5666295],[-80.9491347,44.5665189],[-80.9489227,44.566542],[-80.9489465,44.5666526],[-80.9491584,44.5666295]]]]},"properties":{"structure_id":"structure_cd7bbbe12a4764ed19aa","external_source":"openstreetmap","external_id":"a2763257992","building_type":"residential","source_building_tag":"house","source_timestamp":null,"confidence":"source_mapped"}},{"type":"Feature","id":"structure_f8bf6c813bf39b6609fb","geometry":{"type":"MultiPolygon","coordinates":[[[[-80.9491264,44.5664895],[-80.9491157,44.5664367],[-80.9489292,44.5664559],[-80.9489399,44.5665087],[-80.9491264,44.5664895]]]]},"properties":{"structure_id":"structure_f8bf6c813bf39b6609fb","external_source":"openstreetmap","external_id":"a2763257994","building_type":"residential","source_building_tag":"house","source_timestamp":null,"confidence":"source_mapped"}},{"type":"Feature","id":"structure_48212fa8f1bf3e0cbe99","geometry":{"type":"MultiPolygon","coordinates":[[[[-80.9491242,44.5664237],[-80.9491133,44.5663717],[-80.948949,44.5663892],[-80.9489599,44.5664413],[-80.9491242,44.5664237]]]]},"properties":{"structure_id":"structure_48212fa8f1bf3e0cbe99","external_source":"openstreetmap","external_id":"a2763257996","building_type":"residential","source_building_tag":"house","source_timestamp":null,"confidence":"source_mapped"}},{"type":"Feature","id":"structure_265197ea70913a348bbc","geometry":{"type":"MultiPolygon","coordinates":[[[[-80.9491059,44.5663514],[-80.9490924,44.5662947],[-80.9489266,44.5663148],[-80.9489402,44.5663716],[-80.9491059,44.5663514]]]]},"properties":{"structure_id":"structure_265197ea70913a348bbc","external_source":"openstreetmap","external_id":"a2763257998","building_type":"residential","source_building_tag":"house","source_timestamp":null,"confidence":"source_mapped"}},{"type":"Feature","id":"structure_44c5e30e779a369ab9ab","geometry":{"type":"MultiPolygon","coordinates":[[[[-80.9487438,44.5663484],[-80.9487281,44.5662808],[-80.9485956,44.5662964],[-80.9486113,44.566364],[-80.9487438,44.5663484]]]]},"properties":{"structure_id":"structure_44c5e30e779a369ab9ab","external_source":"openstreetmap","external_id":"a2763258000","building_type":"residential","source_building_tag":"house","source_timestamp":null,"confidence":"source_mapped"}},{"type":"Feature","id":"structure_7e07913d48c68b748d7c","geometry":{"type":"MultiPolygon","coordinates":[[[[-80.9490315,44.5662771],[-80.9490186,44.5662075],[-80.9488856,44.5662199],[-80.948888,44.5662327],[-80.9488403,44.5662372],[-80.9488474,44.5662756],[-80.9488924,44.5662714],[-80.9488958,44.5662898],[-80.9490315,44.5662771]]]]},"properties":{"structure_id":"structure_7e07913d48c68b748d7c","external_source":"openstreetmap","external_id":"a2763258002","building_type":"residential","source_building_tag":"house","source_timestamp":null,"confidence":"source_mapped"}},{"type":"Feature","id":"structure_2e3917cf2d3da8dec2b6","geometry":{"type":"MultiPolygon","coordinates":[[[[-80.9490366,44.5661492],[-80.9490312,44.5661199],[-80.9488217,44.5661395],[-80.9488308,44.566189],[-80.9488777,44.5661847],[-80.9488813,44.5662047],[-80.94901,44.5661927],[-80.9490026,44.5661524],[-80.9490366,44.5661492]]]]},"properties":{"structure_id":"structure_2e3917cf2d3da8dec2b6","external_source":"openstreetmap","external_id":"a2763258004","building_type":"residential","source_building_tag":"house","source_timestamp":null,"confidence":"source_mapped"}},{"type":"Feature","id":"structure_bde5fd996718e29e0b48","geometry":{"type":"MultiPolygon","coordinates":[[[[-80.9489656,44.5661042],[-80.9489324,44.5659789],[-80.948781,44.5659993],[-80.9487982,44.5660642],[-80.9487387,44.5660722],[-80.9487478,44.5661063],[-80.9487978,44.5660996],[-80.9488048,44.5661259],[-80.9489656,44.5661042]]]]},"properties":{"structure_id":"structure_bde5fd996718e29e0b48","external_source":"openstreetmap","external_id":"a2763258006","building_type":"residential","source_building_tag":"house","source_timestamp":null,"confidence":"source_mapped"}},{"type":"Feature","id":"structure_4b1b575fbbe4b72c8318","geometry":{"type":"MultiPolygon","coordinates":[[[[-80.948923,44.5659287],[-80.9489062,44.5658507],[-80.9487551,44.5658672],[-80.9487615,44.5658971],[-80.948717,44.5659019],[-80.9487273,44.5659501],[-80.948923,44.5659287]]]]},"properties":{"structure_id":"structure_4b1b575fbbe4b72c8318","external_source":"openstreetmap","external_id":"a2763258008","building_type":"residential","source_building_tag":"house","source_timestamp":null,"confidence":"source_mapped"}},{"type":"Feature","id":"structure_86e76c6f697d5a2156f4","geometry":{"type":"MultiPolygon","coordinates":[[[[-80.9489274,44.5658261],[-80.9489092,44.5657514],[-80.9487298,44.5657736],[-80.9487379,44.5658065],[-80.9486875,44.5658127],[-80.9486977,44.5658546],[-80.9489274,44.5658261]]]]},"properties":{"structure_id":"structure_86e76c6f697d5a2156f4","external_source":"openstreetmap","external_id":"a2763258010","building_type":"residential","source_building_tag":"house","source_timestamp":null,"confidence":"source_mapped"}},{"type":"Feature","id":"structure_e3c8a614410770e9bb24","geometry":{"type":"MultiPolygon","coordinates":[[[[-80.9488708,44.5657334],[-80.9488531,44.5656509],[-80.9486798,44.5656697],[-80.9486975,44.5657522],[-80.9488708,44.5657334]]]]},"properties":{"structure_id":"structure_e3c8a614410770e9bb24","external_source":"openstreetmap","external_id":"a2763258012","building_type":"residential","source_building_tag":"house","source_timestamp":null,"confidence":"source_mapped"}},{"type":"Feature","id":"structure_c167bc5c7e0e20b0f7bc","geometry":{"type":"MultiPolygon","coordinates":[[[[-80.9488773,44.565613],[-80.9488593,44.5655388],[-80.94865,44.5655645],[-80.948668,44.5656388],[-80.9488773,44.565613]]]]},"properties":{"structure_id":"structure_c167bc5c7e0e20b0f7bc","external_source":"openstreetmap","external_id":"a2763258014","building_type":"residential","source_building_tag":"house","source_timestamp":null,"confidence":"source_mapped"}},{"type":"Feature","id":"structure_68b4adb79074182ca36f","geometry":{"type":"MultiPolygon","coordinates":[[[[-80.9495048,44.5657363],[-80.9494866,44.5656501],[-80.9493349,44.5656663],[-80.9493531,44.5657526],[-80.9495048,44.5657363]]]]},"properties":{"structure_id":"structure_68b4adb79074182ca36f","external_source":"openstreetmap","external_id":"a2763258020","building_type":"residential","source_building_tag":"house","source_timestamp":null,"confidence":"source_mapped"}},{"type":"Feature","id":"structure_88165fb51005a78304db","geometry":{"type":"MultiPolygon","coordinates":[[[[-80.9495285,44.5658067],[-80.949521,44.5657708],[-80.9493838,44.5657854],[-80.9493973,44.5658496],[-80.9495113,44.5658375],[-80.9495054,44.5658091],[-80.9495285,44.5658067]]]]},"properties":{"structure_id":"structure_88165fb51005a78304db","external_source":"openstreetmap","external_id":"a2763258022","building_type":"residential","source_building_tag":"house","source_timestamp":null,"confidence":"source_mapped"}},{"type":"Feature","id":"structure_914c0e7a368f70163dba","geometry":{"type":"MultiPolygon","coordinates":[[[[-80.9495597,44.5660285],[-80.9495429,44.5659501],[-80.9494081,44.5659648],[-80.9494249,44.5660432],[-80.9495597,44.5660285]]]]},"properties":{"structure_id":"structure_914c0e7a368f70163dba","external_source":"openstreetmap","external_id":"a2763258024","building_type":"residential","source_building_tag":"house","source_timestamp":null,"confidence":"source_mapped"}},{"type":"Feature","id":"structure_70151582ff2e22ff9620","geometry":{"type":"MultiPolygon","coordinates":[[[[-80.9496775,44.5661902],[-80.9496704,44.5661613],[-80.9496378,44.5661653],[-80.9496297,44.5661325],[-80.9494602,44.5661536],[-80.9494662,44.566178],[-80.9494259,44.566183],[-80.9494351,44.5662203],[-80.9496775,44.5661902]]]]},"properties":{"structure_id":"structure_70151582ff2e22ff9620","external_source":"openstreetmap","external_id":"a2763258026","building_type":"residential","source_building_tag":"house","source_timestamp":null,"confidence":"source_mapped"}},{"type":"Feature","id":"structure_0ef80464611434dd2b0c","geometry":{"type":"MultiPolygon","coordinates":[[[[-80.9497826,44.5662682],[-80.9497641,44.5661937],[-80.9495749,44.5662175],[-80.9495933,44.5662919],[-80.9497826,44.5662682]]]]},"properties":{"structure_id":"structure_0ef80464611434dd2b0c","external_source":"openstreetmap","external_id":"a2763258028","building_type":"residential","source_building_tag":"house","source_timestamp":null,"confidence":"source_mapped"}},{"type":"Feature","id":"structure_f9e548f6fe7c95360198","geometry":{"type":"MultiPolygon","coordinates":[[[[-80.9496298,44.5663782],[-80.9496138,44.5663124],[-80.949494,44.5663272],[-80.9494999,44.5663513],[-80.9494626,44.5663559],[-80.9494727,44.5663976],[-80.9496298,44.5663782]]]]},"properties":{"structure_id":"structure_f9e548f6fe7c95360198","external_source":"openstreetmap","external_id":"a2763258030","building_type":"residential","source_building_tag":"house","source_timestamp":null,"confidence":"source_mapped"}},{"type":"Feature","id":"structure_66d31409d26d4523bd48","geometry":{"type":"MultiPolygon","coordinates":[[[[-80.9496773,44.5664686],[-80.9496614,44.5663943],[-80.949465,44.5664157],[-80.9494809,44.56649],[-80.9496773,44.5664686]]]]},"properties":{"structure_id":"structure_66d31409d26d4523bd48","external_source":"openstreetmap","external_id":"a2763258032","building_type":"residential","source_building_tag":"house","source_timestamp":null,"confidence":"source_mapped"}},{"type":"Feature","id":"structure_6709fd6be128bbebcf30","geometry":{"type":"MultiPolygon","coordinates":[[[[-80.9497465,44.5665835],[-80.9497239,44.566485],[-80.949558,44.5665043],[-80.9495663,44.5665404],[-80.949516,44.5665463],[-80.9495303,44.5666087],[-80.9497465,44.5665835]]]]},"properties":{"structure_id":"structure_6709fd6be128bbebcf30","external_source":"openstreetmap","external_id":"a2763258034","building_type":"residential","source_building_tag":"house","source_timestamp":null,"confidence":"source_mapped"}},{"type":"Feature","id":"structure_26a4e33dfff4dbdb1f28","geometry":{"type":"MultiPolygon","coordinates":[[[[-80.9497419,44.5666864],[-80.9497337,44.566645],[-80.9495416,44.5666643],[-80.9495537,44.5667256],[-80.9496782,44.566713],[-80.9496742,44.5666932],[-80.9497419,44.5666864]]]]},"properties":{"structure_id":"structure_26a4e33dfff4dbdb1f28","external_source":"openstreetmap","external_id":"a2763258036","building_type":"residential","source_building_tag":"house","source_timestamp":null,"confidence":"source_mapped"}},{"type":"Feature","id":"structure_696ca633f727a77c3e4c","geometry":{"type":"MultiPolygon","coordinates":[[[[-80.9496969,44.5667897],[-80.9496871,44.5667241],[-80.9495551,44.566734],[-80.9495648,44.5667996],[-80.9496969,44.5667897]]]]},"properties":{"structure_id":"structure_696ca633f727a77c3e4c","external_source":"openstreetmap","external_id":"a2763258038","building_type":"residential","source_building_tag":"house","source_timestamp":null,"confidence":"source_mapped"}},{"type":"Feature","id":"structure_e4b5d18f15d68831fd53","geometry":{"type":"MultiPolygon","coordinates":[[[[-80.9499523,44.5668341],[-80.9499447,44.5667756],[-80.9497857,44.5667862],[-80.9497925,44.5668379],[-80.9498557,44.5668337],[-80.9498588,44.5668576],[-80.9499088,44.5668543],[-80.9499065,44.5668372],[-80.9499523,44.5668341]]]]},"properties":{"structure_id":"structure_e4b5d18f15d68831fd53","external_source":"openstreetmap","external_id":"a2763258040","building_type":"residential","source_building_tag":"house","source_timestamp":null,"confidence":"source_mapped"}},{"type":"Feature","id":"structure_f5516aea449a69a82064","geometry":{"type":"MultiPolygon","coordinates":[[[[-80.9501231,44.5668221],[-80.9501188,44.5667653],[-80.9499865,44.5667704],[-80.9499921,44.5668452],[-80.9500784,44.5668419],[-80.950077,44.5668239],[-80.9501231,44.5668221]]]]},"properties":{"structure_id":"structure_f5516aea449a69a82064","external_source":"openstreetmap","external_id":"a2763258042","building_type":"residential","source_building_tag":"house","source_timestamp":null,"confidence":"source_mapped"}},{"type":"Feature","id":"structure_e3a88af362bdd482f103","geometry":{"type":"MultiPolygon","coordinates":[[[[-80.9502461,44.5648074],[-80.9502323,44.56474],[-80.950186,44.5647448],[-80.9501781,44.5647066],[-80.9502291,44.5647013],[-80.9502142,44.5646289],[-80.9500857,44.5646423],[-80.9500992,44.5647079],[-80.9500634,44.5647116],[-80.9500829,44.5648064],[-80.9501672,44.5647976],[-80.9501709,44.5648153],[-80.9502461,44.5648074]]]]},"properties":{"structure_id":"structure_e3a88af362bdd482f103","external_source":"openstreetmap","external_id":"a2766002264","building_type":"residential","source_building_tag":"house","source_timestamp":null,"confidence":"source_mapped"}},{"type":"Feature","id":"structure_6207b82db4c0fba1bb9e","geometry":{"type":"MultiPolygon","coordinates":[[[[-80.9504365,44.564629],[-80.9504222,44.5645816],[-80.9503429,44.5645938],[-80.9503573,44.5646412],[-80.9504365,44.564629]]]]},"properties":{"structure_id":"structure_6207b82db4c0fba1bb9e","external_source":"openstreetmap","external_id":"a2766002266","building_type":"residential","source_building_tag":"house","source_timestamp":null,"confidence":"source_mapped"}},{"type":"Feature","id":"structure_339e438508a05509d458","geometry":{"type":"MultiPolygon","coordinates":[[[[-80.9502631,44.5645791],[-80.95024,44.5644955],[-80.9500739,44.5645187],[-80.950097,44.5646024],[-80.9502631,44.5645791]]]]},"properties":{"structure_id":"structure_339e438508a05509d458","external_source":"openstreetmap","external_id":"a2766002268","building_type":"residential","source_building_tag":"house","source_timestamp":null,"confidence":"source_mapped"}},{"type":"Feature","id":"structure_27944e0c0b115ed1362e","geometry":{"type":"MultiPolygon","coordinates":[[[[-80.9501174,44.5644599],[-80.9501082,44.5644156],[-80.9500321,44.5644237],[-80.9500412,44.5644679],[-80.9501174,44.5644599]]]]},"properties":{"structure_id":"structure_27944e0c0b115ed1362e","external_source":"openstreetmap","external_id":"a2766002270","building_type":"residential","source_building_tag":"house","source_timestamp":null,"confidence":"source_mapped"}},{"type":"Feature","id":"structure_a9f24330d7fb5979ad05","geometry":{"type":"MultiPolygon","coordinates":[[[[-80.9501969,44.5643779],[-80.9501831,44.5643068],[-80.9500659,44.5643183],[-80.9500698,44.5643382],[-80.9499704,44.564348],[-80.9499803,44.5643992],[-80.9501969,44.5643779]]]]},"properties":{"structure_id":"structure_a9f24330d7fb5979ad05","external_source":"openstreetmap","external_id":"a2766002272","building_type":"residential","source_building_tag":"house","source_timestamp":null,"confidence":"source_mapped"}},{"type":"Feature","id":"structure_1873eff50ea1b1b52641","geometry":{"type":"MultiPolygon","coordinates":[[[[-80.9501037,44.5642973],[-80.9500829,44.5642185],[-80.9499739,44.5642331],[-80.9499947,44.5643119],[-80.9501037,44.5642973]]]]},"properties":{"structure_id":"structure_1873eff50ea1b1b52641","external_source":"openstreetmap","external_id":"a2766002274","building_type":"residential","source_building_tag":"house","source_timestamp":null,"confidence":"source_mapped"}},{"type":"Feature","id":"structure_2c0c1b710ace578e4c7d","geometry":{"type":"MultiPolygon","coordinates":[[[[-80.9500687,44.5641697],[-80.9500481,44.5640537],[-80.9499444,44.564063],[-80.949965,44.5641791],[-80.9500687,44.5641697]]]]},"properties":{"structure_id":"structure_2c0c1b710ace578e4c7d","external_source":"openstreetmap","external_id":"a2766002276","building_type":"residential","source_building_tag":"house","source_timestamp":null,"confidence":"source_mapped"}},{"type":"Feature","id":"structure_f33d92df932c83773370","geometry":{"type":"MultiPolygon","coordinates":[[[[-80.9500895,44.5640335],[-80.9500592,44.5638906],[-80.9498789,44.5639099],[-80.9499092,44.5640529],[-80.9500895,44.5640335]]]]},"properties":{"structure_id":"structure_f33d92df932c83773370","external_source":"openstreetmap","external_id":"a2766002278","building_type":"residential","source_building_tag":"house","source_timestamp":null,"confidence":"source_mapped"}},{"type":"Feature","id":"structure_629455831941227c3194","geometry":{"type":"MultiPolygon","coordinates":[[[[-80.9502823,44.5640147],[-80.9502716,44.563933],[-80.9502108,44.563937],[-80.9502215,44.5640188],[-80.9502823,44.5640147]]]]},"properties":{"structure_id":"structure_629455831941227c3194","external_source":"openstreetmap","external_id":"a2766002280","building_type":"residential","source_building_tag":"house","source_timestamp":null,"confidence":"source_mapped"}},{"type":"Feature","id":"structure_e815907a42f8677c6774","geometry":{"type":"MultiPolygon","coordinates":[[[[-80.9501032,44.5638416],[-80.9500892,44.5637507],[-80.9498975,44.5637657],[-80.9499114,44.5638565],[-80.9500495,44.5638458],[-80.9501032,44.5638416]]]]},"properties":{"structure_id":"structure_e815907a42f8677c6774","external_source":"openstreetmap","external_id":"a2766002282","building_type":"residential","source_building_tag":"house","source_timestamp":null,"confidence":"source_mapped"}},{"type":"Feature","id":"structure_b3ce01ad57047f7a41be","geometry":{"type":"MultiPolygon","coordinates":[[[[-80.9499827,44.5637477],[-80.949971,44.5636909],[-80.9498519,44.5637034],[-80.9498636,44.5637602],[-80.9499827,44.5637477]]]]},"properties":{"structure_id":"structure_b3ce01ad57047f7a41be","external_source":"openstreetmap","external_id":"a2766002284","building_type":"residential","source_building_tag":"house","source_timestamp":null,"confidence":"source_mapped"}},{"type":"Feature","id":"structure_bb132842b73d492a9bc7","geometry":{"type":"MultiPolygon","coordinates":[[[[-80.9499705,44.5636784],[-80.9499566,44.5636192],[-80.949833,44.563634],[-80.949847,44.5636932],[-80.9499705,44.5636784]]]]},"properties":{"structure_id":"structure_bb132842b73d492a9bc7","external_source":"openstreetmap","external_id":"a2766002286","building_type":"residential","source_building_tag":"house","source_timestamp":null,"confidence":"source_mapped"}},{"type":"Feature","id":"structure_5be605b0f881c62ad5f6","geometry":{"type":"MultiPolygon","coordinates":[[[[-80.9499908,44.5635883],[-80.9499829,44.5635443],[-80.9498176,44.5635595],[-80.9498287,44.5636206],[-80.9499499,44.5636096],[-80.9499467,44.5635923],[-80.9499908,44.5635883]]]]},"properties":{"structure_id":"structure_5be605b0f881c62ad5f6","external_source":"openstreetmap","external_id":"a2766002288","building_type":"residential","source_building_tag":"house","source_timestamp":null,"confidence":"source_mapped"}},{"type":"Feature","id":"structure_910cbfe544c50e3be4c6","geometry":{"type":"MultiPolygon","coordinates":[[[[-80.9499732,44.5635197],[-80.9499587,44.5634612],[-80.9498004,44.5634812],[-80.9498149,44.5635397],[-80.9499732,44.5635197]]]]},"properties":{"structure_id":"structure_910cbfe544c50e3be4c6","external_source":"openstreetmap","external_id":"a2766002290","building_type":"residential","source_building_tag":"house","source_timestamp":null,"confidence":"source_mapped"}},{"type":"Feature","id":"structure_70fd4fd94b6d5dfb209f","geometry":{"type":"MultiPolygon","coordinates":[[[[-80.949957,44.5633957],[-80.9499442,44.5633269],[-80.9499424,44.5633171],[-80.9498788,44.5633231],[-80.9497544,44.5633349],[-80.9497746,44.5634435],[-80.9499011,44.5634315],[-80.9498955,44.5634015],[-80.949957,44.5633957]]]]},"properties":{"structure_id":"structure_70fd4fd94b6d5dfb209f","external_source":"openstreetmap","external_id":"a2766002292","building_type":"residential","source_building_tag":"house","source_timestamp":null,"confidence":"source_mapped"}},{"type":"Feature","id":"structure_3d9d6f6b73c9b6e59458","geometry":{"type":"MultiPolygon","coordinates":[[[[-80.9501393,44.5633047],[-80.9501102,44.5631784],[-80.9500177,44.5631893],[-80.9500468,44.5633155],[-80.9501393,44.5633047]]]]},"properties":{"structure_id":"structure_3d9d6f6b73c9b6e59458","external_source":"openstreetmap","external_id":"a2766002294","building_type":"residential","source_building_tag":"house","source_timestamp":null,"confidence":"source_mapped"}},{"type":"Feature","id":"structure_13b88d4f7be034fb4cf2","geometry":{"type":"MultiPolygon","coordinates":[[[[-80.9502482,44.5632941],[-80.9502192,44.5631585],[-80.9501288,44.5631683],[-80.9501578,44.5633039],[-80.9502482,44.5632941]]]]},"properties":{"structure_id":"structure_13b88d4f7be034fb4cf2","external_source":"openstreetmap","external_id":"a2766002296","building_type":"residential","source_building_tag":"house","source_timestamp":null,"confidence":"source_mapped"}},{"type":"Feature","id":"structure_1e5b6f7cb873e4e5dd02","geometry":{"type":"MultiPolygon","coordinates":[[[[-80.9503549,44.5632847],[-80.9503274,44.5631571],[-80.9502377,44.5631669],[-80.9502579,44.5632607],[-80.9502839,44.5632579],[-80.9502912,44.5632917],[-80.9503549,44.5632847]]]]},"properties":{"structure_id":"structure_1e5b6f7cb873e4e5dd02","external_source":"openstreetmap","external_id":"a2766002298","building_type":"residential","source_building_tag":"house","source_timestamp":null,"confidence":"source_mapped"}},{"type":"Feature","id":"structure_e8f8d0fcf0a6a04ebedc","geometry":{"type":"MultiPolygon","coordinates":[[[[-80.9505253,44.5632426],[-80.9505009,44.5631228],[-80.950355,44.5631379],[-80.9503856,44.5632887],[-80.950455,44.5632815],[-80.9504487,44.5632505],[-80.9505253,44.5632426]]]]},"properties":{"structure_id":"structure_e8f8d0fcf0a6a04ebedc","external_source":"openstreetmap","external_id":"a2766002300","building_type":"residential","source_building_tag":"house","source_timestamp":null,"confidence":"source_mapped"}},{"type":"Feature","id":"structure_7b2914d9e5f35a909be2","geometry":{"type":"MultiPolygon","coordinates":[[[[-80.9502997,44.5634226],[-80.9502941,44.5633927],[-80.9502118,44.5634005],[-80.9502174,44.5634304],[-80.9502997,44.5634226]]]]},"properties":{"structure_id":"structure_7b2914d9e5f35a909be2","external_source":"openstreetmap","external_id":"a2766002302","building_type":"residential","source_building_tag":"house","source_timestamp":null,"confidence":"source_mapped"}},{"type":"Feature","id":"structure_1d2481e4ef1185107dfc","geometry":{"type":"MultiPolygon","coordinates":[[[[-80.9505883,44.5635328],[-80.9505754,44.563475],[-80.9503876,44.5634963],[-80.9504005,44.5635541],[-80.9505883,44.5635328]]]]},"properties":{"structure_id":"structure_1d2481e4ef1185107dfc","external_source":"openstreetmap","external_id":"a2766002304","building_type":"residential","source_building_tag":"house","source_timestamp":null,"confidence":"source_mapped"}},{"type":"Feature","id":"structure_30c2d55eb7be9cb2fca8","geometry":{"type":"MultiPolygon","coordinates":[[[[-80.9505495,44.5636802],[-80.9505377,44.5636281],[-80.9505217,44.5635578],[-80.9504002,44.5635718],[-80.9504072,44.5636027],[-80.9502971,44.5636153],[-80.9503104,44.5636738],[-80.950349,44.5636694],[-80.9503565,44.5637025],[-80.9505495,44.5636802]]]]},"properties":{"structure_id":"structure_30c2d55eb7be9cb2fca8","external_source":"openstreetmap","external_id":"a2766002306","building_type":"residential","source_building_tag":"house","source_timestamp":null,"confidence":"source_mapped"}},{"type":"Feature","id":"structure_56ef814391222181edb4","geometry":{"type":"MultiPolygon","coordinates":[[[[-80.9506952,44.5639631],[-80.9506876,44.5639266],[-80.9506484,44.5639308],[-80.9506422,44.5639009],[-80.9506336,44.56386],[-80.9505132,44.5638728],[-80.9505167,44.5638895],[-80.9504371,44.5638979],[-80.9504534,44.563976],[-80.9505462,44.5639662],[-80.9505488,44.5639786],[-80.9506952,44.5639631]]]]},"properties":{"structure_id":"structure_56ef814391222181edb4","external_source":"openstreetmap","external_id":"a2766002308","building_type":"residential","source_building_tag":"house","source_timestamp":null,"confidence":"source_mapped"}},{"type":"Feature","id":"structure_fc4b4526b12559a654cb","geometry":{"type":"MultiPolygon","coordinates":[[[[-80.9503769,44.5641399],[-80.9503746,44.5641129],[-80.9503216,44.5641152],[-80.9503238,44.5641421],[-80.9503769,44.5641399]]]]},"properties":{"structure_id":"structure_fc4b4526b12559a654cb","external_source":"openstreetmap","external_id":"a2766002310","building_type":"residential","source_building_tag":"house","source_timestamp":null,"confidence":"source_mapped"}},{"type":"Feature","id":"structure_4cef48ac3e5d42477a9d","geometry":{"type":"MultiPolygon","coordinates":[[[[-80.9504841,44.5642655],[-80.9504741,44.5642177],[-80.9504683,44.5641906],[-80.9503452,44.5642037],[-80.9503609,44.5642786],[-80.9504841,44.5642655]]]]},"properties":{"structure_id":"structure_4cef48ac3e5d42477a9d","external_source":"openstreetmap","external_id":"a2766002312","building_type":"residential","source_building_tag":"house","source_timestamp":null,"confidence":"source_mapped"}},{"type":"Feature","id":"structure_cc37d9aaf8f90cd22019","geometry":{"type":"MultiPolygon","coordinates":[[[[-80.9504833,44.5643075],[-80.9504766,44.5642796],[-80.9504302,44.5642852],[-80.9504369,44.5643132],[-80.9504833,44.5643075]]]]},"properties":{"structure_id":"structure_cc37d9aaf8f90cd22019","external_source":"openstreetmap","external_id":"a2766002314","building_type":"residential","source_building_tag":"house","source_timestamp":null,"confidence":"source_mapped"}},{"type":"Feature","id":"structure_401f0c611f880b746786","geometry":{"type":"MultiPolygon","coordinates":[[[[-80.9507289,44.5642244],[-80.9507249,44.5642049],[-80.9507112,44.5641369],[-80.950593,44.564149],[-80.9506007,44.5641868],[-80.9505564,44.5641914],[-80.9505605,44.5642119],[-80.9505664,44.5642411],[-80.9507289,44.5642244]]]]},"properties":{"structure_id":"structure_401f0c611f880b746786","external_source":"openstreetmap","external_id":"a2766002316","building_type":"residential","source_building_tag":"house","source_timestamp":null,"confidence":"source_mapped"}},{"type":"Feature","id":"structure_84da5065109f49cb494b","geometry":{"type":"MultiPolygon","coordinates":[[[[-80.9507507,44.5643866],[-80.9507322,44.5642906],[-80.9506085,44.5643028],[-80.9506271,44.5643988],[-80.9507507,44.5643866]]]]},"properties":{"structure_id":"structure_84da5065109f49cb494b","external_source":"openstreetmap","external_id":"a2766002318","building_type":"residential","source_building_tag":"house","source_timestamp":null,"confidence":"source_mapped"}},{"type":"Feature","id":"structure_d0cad89c1fd164ff155b","geometry":{"type":"MultiPolygon","coordinates":[[[[-80.9506233,44.5644479],[-80.9506157,44.5644156],[-80.9505609,44.5644221],[-80.9505685,44.5644544],[-80.9506233,44.5644479]]]]},"properties":{"structure_id":"structure_d0cad89c1fd164ff155b","external_source":"openstreetmap","external_id":"a2766002320","building_type":"residential","source_building_tag":"house","source_timestamp":null,"confidence":"source_mapped"}},{"type":"Feature","id":"structure_c556d02d33be2c5972a0","geometry":{"type":"MultiPolygon","coordinates":[[[[-80.9507553,44.5645282],[-80.9507409,44.5644641],[-80.9506349,44.5644762],[-80.9506492,44.5645403],[-80.9507553,44.5645282]]]]},"properties":{"structure_id":"structure_c556d02d33be2c5972a0","external_source":"openstreetmap","external_id":"a2766002322","building_type":"residential","source_building_tag":"house","source_timestamp":null,"confidence":"source_mapped"}},{"type":"Feature","id":"structure_7ca0b7973dc8fc812712","geometry":{"type":"MultiPolygon","coordinates":[[[[-80.9507415,44.5645847],[-80.9507334,44.5645465],[-80.9506638,44.564554],[-80.950672,44.5645922],[-80.9507415,44.5645847]]]]},"properties":{"structure_id":"structure_7ca0b7973dc8fc812712","external_source":"openstreetmap","external_id":"a2766002324","building_type":"residential","source_building_tag":"house","source_timestamp":null,"confidence":"source_mapped"}},{"type":"Feature","id":"structure_fb842864d6759920f129","geometry":{"type":"MultiPolygon","coordinates":[[[[-80.9508434,44.5647806],[-80.9508276,44.5646859],[-80.9508125,44.5646872],[-80.9508085,44.5646629],[-80.950753,44.5646676],[-80.9507581,44.5646983],[-80.9507044,44.5647028],[-80.9507111,44.5647428],[-80.9507191,44.5647911],[-80.9508434,44.5647806]]]]},"properties":{"structure_id":"structure_fb842864d6759920f129","external_source":"openstreetmap","external_id":"a2766002326","building_type":"residential","source_building_tag":"house","source_timestamp":null,"confidence":"source_mapped"}},{"type":"Feature","id":"structure_77cf7ee04d73ded59903","geometry":{"type":"MultiPolygon","coordinates":[[[[-80.9487969,44.5626039],[-80.9487764,44.5625062],[-80.9486588,44.5625187],[-80.9486793,44.5626164],[-80.9487969,44.5626039]]]]},"properties":{"structure_id":"structure_77cf7ee04d73ded59903","external_source":"openstreetmap","external_id":"a2766002336","building_type":"residential","source_building_tag":"house","source_timestamp":null,"confidence":"source_mapped"}},{"type":"Feature","id":"structure_fabd1dc369a0c82777bc","geometry":{"type":"MultiPolygon","coordinates":[[[[-80.948875,44.5627322],[-80.9488565,44.5626528],[-80.9486692,44.5626749],[-80.9486876,44.5627543],[-80.948875,44.5627322]]]]},"properties":{"structure_id":"structure_fabd1dc369a0c82777bc","external_source":"openstreetmap","external_id":"a2766002338","building_type":"residential","source_building_tag":"house","source_timestamp":null,"confidence":"source_mapped"}},{"type":"Feature","id":"structure_5e582253db54679b7849","geometry":{"type":"MultiPolygon","coordinates":[[[[-80.9488591,44.5628819],[-80.9488337,44.5627793],[-80.9486584,44.5628014],[-80.9486838,44.5629039],[-80.9488155,44.5628874],[-80.9488591,44.5628819]]]]},"properties":{"structure_id":"structure_5e582253db54679b7849","external_source":"openstreetmap","external_id":"a2766002340","building_type":"residential","source_building_tag":"house","source_timestamp":null,"confidence":"source_mapped"}},{"type":"Feature","id":"structure_671b9a88e334e8908f74","geometry":{"type":"MultiPolygon","coordinates":[[[[-80.9498625,44.5628739],[-80.9498428,44.5628022],[-80.9497428,44.5628162],[-80.9497614,44.5628836],[-80.9497394,44.5628867],[-80.9497618,44.5629678],[-80.9498623,44.5629538],[-80.9498411,44.5628769],[-80.9498625,44.5628739]]]]},"properties":{"structure_id":"structure_671b9a88e334e8908f74","external_source":"openstreetmap","external_id":"a2766002342","building_type":"residential","source_building_tag":"house","source_timestamp":null,"confidence":"source_mapped"}},{"type":"Feature","id":"structure_934d2d3c0fa8d660bc91","geometry":{"type":"MultiPolygon","coordinates":[[[[-80.9496747,44.5629638],[-80.9496623,44.5629021],[-80.9495551,44.5629131],[-80.9495675,44.5629748],[-80.9496747,44.5629638]]]]},"properties":{"structure_id":"structure_934d2d3c0fa8d660bc91","external_source":"openstreetmap","external_id":"a2766002344","building_type":"residential","source_building_tag":"house","source_timestamp":null,"confidence":"source_mapped"}},{"type":"Feature","id":"structure_b309beb4395780ed7555","geometry":{"type":"MultiPolygon","coordinates":[[[[-80.9495198,44.5630014],[-80.9495002,44.5628843],[-80.9493354,44.5628983],[-80.9493482,44.5629748],[-80.9494038,44.56297],[-80.9494106,44.5630107],[-80.9495198,44.5630014]]]]},"properties":{"structure_id":"structure_b309beb4395780ed7555","external_source":"openstreetmap","external_id":"a2766002346","building_type":"residential","source_building_tag":"house","source_timestamp":null,"confidence":"source_mapped"}},{"type":"Feature","id":"structure_85f47235617e44a12004","geometry":{"type":"MultiPolygon","coordinates":[[[[-80.9493132,44.5629818],[-80.9492921,44.5629011],[-80.9492766,44.562842],[-80.9491146,44.5628635],[-80.9491357,44.5629443],[-80.949206,44.562935],[-80.9492214,44.562994],[-80.9493132,44.5629818]]]]},"properties":{"structure_id":"structure_85f47235617e44a12004","external_source":"openstreetmap","external_id":"a2766002348","building_type":"residential","source_building_tag":"house","source_timestamp":null,"confidence":"source_mapped"}},{"type":"Feature","id":"structure_33ccc880c019029b7d35","geometry":{"type":"MultiPolygon","coordinates":[[[[-80.9489129,44.5630249],[-80.9488926,44.5629422],[-80.9488318,44.5629498],[-80.9488248,44.5629215],[-80.9487406,44.562932],[-80.9487497,44.5629694],[-80.9487271,44.5629722],[-80.9487412,44.5630296],[-80.9487194,44.5630323],[-80.9487376,44.5631062],[-80.9488808,44.5630883],[-80.9488666,44.5630307],[-80.9489129,44.5630249]]]]},"properties":{"structure_id":"structure_33ccc880c019029b7d35","external_source":"openstreetmap","external_id":"a2766002350","building_type":"residential","source_building_tag":"house","source_timestamp":null,"confidence":"source_mapped"}},{"type":"Feature","id":"structure_475fc4c78e7d85d6d71e","geometry":{"type":"MultiPolygon","coordinates":[[[[-80.9500873,44.5620478],[-80.9500731,44.5619807],[-80.9499481,44.5619941],[-80.9499623,44.5620612],[-80.9500873,44.5620478]]]]},"properties":{"structure_id":"structure_475fc4c78e7d85d6d71e","external_source":"openstreetmap","external_id":"a2766002380","building_type":"residential","source_building_tag":"house","source_timestamp":null,"confidence":"source_mapped"}},{"type":"Feature","id":"structure_ba7a2360c601e36d5d73","geometry":{"type":"MultiPolygon","coordinates":[[[[-80.9082893,44.5754909],[-80.9082459,44.5753185],[-80.9079559,44.5753556],[-80.9079994,44.575528],[-80.9082893,44.5754909]]]]},"properties":{"structure_id":"structure_ba7a2360c601e36d5d73","external_source":"openstreetmap","external_id":"a2782471612","building_type":"unclassified","source_building_tag":"yes","source_timestamp":null,"confidence":"source_mapped"}},{"type":"Feature","id":"structure_9679f140ef15020d4d35","geometry":{"type":"MultiPolygon","coordinates":[[[[-80.9274934,44.573627],[-80.9273541,44.5735968],[-80.9272845,44.5737601],[-80.9274238,44.5737903],[-80.9274934,44.573627]]]]},"properties":{"structure_id":"structure_9679f140ef15020d4d35","external_source":"openstreetmap","external_id":"a2789740362","building_type":"commercial","source_building_tag":"retail","source_timestamp":null,"confidence":"source_mapped"}},{"type":"Feature","id":"structure_d1db3bbb41588395d588","geometry":{"type":"MultiPolygon","coordinates":[[[[-80.9468803,44.573558],[-80.9468696,44.5735021],[-80.9467209,44.5735165],[-80.9467316,44.5735725],[-80.9468803,44.573558]]]]},"properties":{"structure_id":"structure_d1db3bbb41588395d588","external_source":"openstreetmap","external_id":"a2791167322","building_type":"unclassified","source_building_tag":"roof","source_timestamp":null,"confidence":"source_mapped"}},{"type":"Feature","id":"structure_7535e5eee8bdcf75d225","geometry":{"type":"MultiPolygon","coordinates":[[[[-80.9284252,44.5707062],[-80.9283203,44.5706837],[-80.9282874,44.5707616],[-80.9283923,44.5707841],[-80.9284252,44.5707062]]]]},"properties":{"structure_id":"structure_7535e5eee8bdcf75d225","external_source":"openstreetmap","external_id":"a2820779484","building_type":"unclassified","source_building_tag":"yes","source_timestamp":null,"confidence":"source_mapped"}},{"type":"Feature","id":"structure_3a662579343188bb55ad","geometry":{"type":"MultiPolygon","coordinates":[[[[-80.927072,44.5713705],[-80.9270038,44.5713536],[-80.9269808,44.5714008],[-80.9270491,44.5714177],[-80.927072,44.5713705]]]]},"properties":{"structure_id":"structure_3a662579343188bb55ad","external_source":"openstreetmap","external_id":"a2820779486","building_type":"unclassified","source_building_tag":"yes","source_timestamp":null,"confidence":"source_mapped"}},{"type":"Feature","id":"structure_bcd31fdea030a2da3214","geometry":{"type":"MultiPolygon","coordinates":[[[[-80.9267245,44.5712805],[-80.9266277,44.5712481],[-80.9265943,44.5712988],[-80.9266912,44.5713312],[-80.9267245,44.5712805]]]]},"properties":{"structure_id":"structure_bcd31fdea030a2da3214","external_source":"openstreetmap","external_id":"a2820779488","building_type":"unclassified","source_building_tag":"yes","source_timestamp":null,"confidence":"source_mapped"}},{"type":"Feature","id":"structure_d93a6289e2b24c9623dd","geometry":{"type":"MultiPolygon","coordinates":[[[[-80.9279448,44.5722068],[-80.9278022,44.5721786],[-80.9277151,44.5724019],[-80.9278576,44.5724301],[-80.9279448,44.5722068]]]]},"properties":{"structure_id":"structure_d93a6289e2b24c9623dd","external_source":"openstreetmap","external_id":"a2820779490","building_type":"unclassified","source_building_tag":"yes","source_timestamp":null,"confidence":"source_mapped"}},{"type":"Feature","id":"structure_9994e5b6e81fcc503588","geometry":{"type":"MultiPolygon","coordinates":[[[[-80.9281552,44.5722326],[-80.9280841,44.5722254],[-80.928066,44.5723161],[-80.9281371,44.5723233],[-80.9281552,44.5722326]]]]},"properties":{"structure_id":"structure_9994e5b6e81fcc503588","external_source":"openstreetmap","external_id":"a2820779492","building_type":"unclassified","source_building_tag":"yes","source_timestamp":null,"confidence":"source_mapped"}},{"type":"Feature","id":"structure_09c8ea672072ba9b1be3","geometry":{"type":"MultiPolygon","coordinates":[[[[-80.9193075,44.5923735],[-80.9191288,44.5923386],[-80.9190876,44.5924458],[-80.919198,44.5924673],[-80.9192088,44.5924393],[-80.919277,44.5924526],[-80.9193075,44.5923735]]]]},"properties":{"structure_id":"structure_09c8ea672072ba9b1be3","external_source":"openstreetmap","external_id":"a3001912670","building_type":"residential","source_building_tag":"detached","source_timestamp":null,"confidence":"source_mapped"}},{"type":"Feature","id":"structure_144cc148d928815bbe1f","geometry":{"type":"MultiPolygon","coordinates":[[[[-80.9266073,44.5694949],[-80.9265832,44.56939],[-80.925913,44.5694683],[-80.9259368,44.5695714],[-80.9259788,44.5695665],[-80.9259809,44.5695755],[-80.9260704,44.5695651],[-80.9260686,44.5695575],[-80.9261381,44.5695494],[-80.9261399,44.5695571],[-80.9262324,44.5695463],[-80.9262305,44.5695381],[-80.9263074,44.5695291],[-80.9263096,44.5695389],[-80.9263989,44.5695285],[-80.9263969,44.5695197],[-80.9264767,44.5695104],[-80.9264789,44.5695199],[-80.9265623,44.5695101],[-80.9265601,44.5695004],[-80.9266073,44.5694949]]]]},"properties":{"structure_id":"structure_144cc148d928815bbe1f","external_source":"openstreetmap","external_id":"a3001913238","building_type":"residential","source_building_tag":"terrace","source_timestamp":null,"confidence":"source_mapped"}},{"type":"Feature","id":"structure_02be2320eeb96da79318","geometry":{"type":"MultiPolygon","coordinates":[[[[-80.950279,44.5824482],[-80.9500118,44.5824033],[-80.949975,44.5825144],[-80.9497448,44.5824757],[-80.9497408,44.5824878],[-80.9497002,44.5824809],[-80.9496702,44.5825242],[-80.9496703,44.5825761],[-80.9497082,44.5825825],[-80.9497058,44.5825899],[-80.9499301,44.5826276],[-80.9499214,44.5826538],[-80.9499835,44.5826717],[-80.9500349,44.5826727],[-80.9500365,44.582668],[-80.9501783,44.5826919],[-80.950222,44.5825599],[-80.9502409,44.5825631],[-80.950279,44.5824482]]]]},"properties":{"structure_id":"structure_02be2320eeb96da79318","external_source":"openstreetmap","external_id":"a3001914520","building_type":"unclassified","source_building_tag":"yes","source_timestamp":null,"confidence":"source_mapped"}}]}
