{"type":"FeatureCollection","features":[{"type":"Feature","id":"address_d269f6e9b1a62eb51e00","properties":{"address_id":"address_d269f6e9b1a62eb51e00","source_address_guid":"826f7074-2323-46c1-91b4-33649663bd94","source_location_guid":"caf130f5-f566-45e5-9745-8ed4e3137497","external_source":"statistics_canada_national_address_register","external_id":"826f7074-2323-46c1-91b4-33649663bd94","source_retrieval_date":"2026-08-28","civic_number":"10","civic_number_base":"10","civic_number_suffix":"","street":"4th Avenue West","unit":"","label":"10 4th Avenue West","base_label":"10 4th Avenue West","official_street_name":"4th","official_street_type":"AVE","official_street_direction":"W","nar_coordinate_source":"nar_block_face_fallback","normalized_address":"10|4TH AVE W|","normalized_base_address":"10|4TH AVE W|","building_use_code":"3","building_use":"non_residential","address_category":"non_residential","mailing_street_name":"4TH","mailing_street_type":"AVE","mailing_street_direction":"W","mailing_municipality":"OWEN SOUND","mailing_province":"ON","postal_code":"N4K0G9","association_status":"statcan_authoritative_address_location","address_source_status":"authoritative","association_candidates":[],"location_id":"caf130f5-f566-45e5-9745-8ed4e3137497","structure_id":"structure_250c39aa0ce7a9726bb3","nar_placement_status":"nearest","nar_placement_distance_m":42.170653292755716,"nar_placement_rejection_reason":null},"geometry":{"type":"Point","coordinates":[-80.945027,44.546913]}},{"type":"Feature","id":"address_b09926acadbb9224e676","properties":{"address_id":"address_b09926acadbb9224e676","source_address_guid":"5fcab05f-c464-4dcd-9d3c-55111f2fa9bb","source_location_guid":"67445cde-aebc-47dc-9d96-acdeaf99956f","external_source":"statistics_canada_national_address_register","external_id":"5fcab05f-c464-4dcd-9d3c-55111f2fa9bb","source_retrieval_date":"2026-08-28","civic_number":"100","civic_number_base":"100","civic_number_suffix":"","street":"10th Street West","unit":"","label":"100 10th Street West","base_label":"100 10th Street West","official_street_name":"10th","official_street_type":"ST","official_street_direction":"W","nar_coordinate_source":"nar_building","normalized_address":"100|10TH ST W|","normalized_base_address":"100|10TH ST W|","building_use_code":"3","building_use":"non_residential","address_category":"non_residential","mailing_street_name":"10TH","mailing_street_type":"ST","mailing_street_direction":"W","mailing_municipality":"OWEN SOUND","mailing_province":"ON","postal_code":"N4K3P9","association_status":"unresolved","address_source_status":"authoritative","association_candidates":[],"location_id":"67445cde-aebc-47dc-9d96-acdeaf99956f","structure_id":null,"nar_placement_status":"ambiguous","nar_placement_distance_m":27.350229564744303,"nar_placement_rejection_reason":"distinct LOC_GUIDs share one footprint without sufficient multi-entrance or apartment evidence"},"geometry":{"type":"Point","coordinates":[-80.94473,44.567655]}},{"type":"Feature","id":"address_1bc50d4abe6b2fa69f7d","properties":{"address_id":"address_1bc50d4abe6b2fa69f7d","source_address_guid":"dcb27cd9-ffd3-4e3c-a43a-5850664c46cc","source_location_guid":"b11f970d-0746-405b-814c-efca59b92ae6","external_source":"statistics_canada_national_address_register","external_id":"dcb27cd9-ffd3-4e3c-a43a-5850664c46cc","source_retrieval_date":"2026-08-28","civic_number":"1000","civic_number_base":"1000","civic_number_suffix":"","street":"6th Street East","unit":"","label":"1000 6th Street East","base_label":"1000 6th Street East","official_street_name":"6th","official_street_type":"ST","official_street_direction":"E","nar_coordinate_source":"nar_building","normalized_address":"1000|6TH ST E|","normalized_base_address":"1000|6TH ST E|","building_use_code":"3","building_use":"non_residential","address_category":"non_residential","mailing_street_name":"6TH","mailing_street_type":"ST","mailing_street_direction":"E","mailing_municipality":"OWEN SOUND","mailing_province":"ON","postal_code":"N4K1H1","association_status":"statcan_authoritative_address_location","address_source_status":"authoritative","association_candidates":[],"location_id":"b11f970d-0746-405b-814c-efca59b92ae6","structure_id":"structure_f66dfc3773463f3bdab9","nar_placement_status":"nearest","nar_placement_distance_m":28.374586888044725,"nar_placement_rejection_reason":null},"geometry":{"type":"Point","coordinates":[-80.92524,44.56201]}},{"type":"Feature","id":"address_afe63f27dad7050d0791","properties":{"address_id":"address_afe63f27dad7050d0791","source_address_guid":"7d25ceac-f772-4e69-8caa-8f5310ab7d89","source_location_guid":"a06b9564-2a23-4d40-9575-b7e1b9d65618","external_source":"statistics_canada_national_address_register","external_id":"7d25ceac-f772-4e69-8caa-8f5310ab7d89","source_retrieval_date":"2026-08-28","civic_number":"1001","civic_number_base":"1001","civic_number_suffix":"","street":"3rd Avenue East","unit":"","label":"1001 3rd Avenue East","base_label":"1001 3rd Avenue East","official_street_name":"3rd","official_street_type":"AVE","official_street_direction":"E","nar_coordinate_source":"nar_building","normalized_address":"1001|3RD AVE E|","normalized_base_address":"1001|3RD AVE E|","building_use_code":"3","building_use":"non_residential","address_category":"non_residential","mailing_street_name":"3RD","mailing_street_type":"AVE","mailing_street_direction":"E","mailing_municipality":"OWEN SOUND","mailing_province":"ON","postal_code":"N4K2L1","association_status":"statcan_authoritative_address_location","address_source_status":"authoritative","association_candidates":[],"location_id":"a06b9564-2a23-4d40-9575-b7e1b9d65618","structure_id":"structure_aac3dc2b711b1558649e","nar_placement_status":"nearest","nar_placement_distance_m":1.0081959673624155,"nar_placement_rejection_reason":null},"geometry":{"type":"Point","coordinates":[-80.941109,44.568253]}},{"type":"Feature","id":"address_fbfffc4ee232c8d57ac1","properties":{"address_id":"address_fbfffc4ee232c8d57ac1","source_address_guid":"e4df0156-8d47-486b-baa4-e310da801e98","source_location_guid":"e48ddb2e-1899-42cc-80fe-c9efd3a4f614","external_source":"statistics_canada_national_address_register","external_id":"e4df0156-8d47-486b-baa4-e310da801e98","source_retrieval_date":"2026-08-28","civic_number":"1005","civic_number_base":"1005","civic_number_suffix":"","street":"2nd Avenue East","unit":"","label":"1005 2nd Avenue East","base_label":"1005 2nd Avenue East","official_street_name":"2nd","official_street_type":"AVE","official_street_direction":"E","nar_coordinate_source":"nar_building","normalized_address":"1005|2ND AVE E|","normalized_base_address":"1005|2ND AVE E|","building_use_code":"3","building_use":"non_residential","address_category":"non_residential","mailing_street_name":"2ND","mailing_street_type":"AVE","mailing_street_direction":"E","mailing_municipality":"OWEN SOUND","mailing_province":"ON","postal_code":"N4K2H8","association_status":"unresolved","address_source_status":"authoritative","association_candidates":[],"location_id":"e48ddb2e-1899-42cc-80fe-c9efd3a4f614","structure_id":null,"nar_placement_status":"unmatched","nar_placement_distance_m":null,"nar_placement_rejection_reason":"no credible footprint within the conservative match threshold"},"geometry":{"type":"Point","coordinates":[-80.943007,44.567929]}},{"type":"Feature","id":"address_eb1adf753077dd886c17","properties":{"address_id":"address_eb1adf753077dd886c17","source_address_guid":"0f664385-528d-4405-9005-76ce36596837","source_location_guid":"bed62e4b-1b07-4c73-8032-4257d933d833","external_source":"statistics_canada_national_address_register","external_id":"0f664385-528d-4405-9005-76ce36596837","source_retrieval_date":"2026-08-28","civic_number":"1010","civic_number_base":"1010","civic_number_suffix":"","street":"Superior Street","unit":"","label":"1010 Superior Street","base_label":"1010 Superior Street","official_street_name":"Superior","official_street_type":"ST","official_street_direction":"","nar_coordinate_source":"nar_block_face_fallback","normalized_address":"1010|SUPERIOR ST|","normalized_base_address":"1010|SUPERIOR ST|","building_use_code":"3","building_use":"non_residential","address_category":"non_residential","mailing_street_name":"SUPERIOR","mailing_street_type":"ST","mailing_street_direction":"","mailing_municipality":"OWEN SOUND","mailing_province":"ON","postal_code":"N4K5N8","association_status":"unresolved","address_source_status":"authoritative","association_candidates":[],"location_id":"bed62e4b-1b07-4c73-8032-4257d933d833","structure_id":null,"nar_placement_status":"unmatched","nar_placement_distance_m":null,"nar_placement_rejection_reason":"no credible footprint within the conservative match threshold"},"geometry":{"type":"Point","coordinates":[-80.922828,44.558664]}},{"type":"Feature","id":"address_e336500e883f9e393e43","properties":{"address_id":"address_e336500e883f9e393e43","source_address_guid":"302e0312-21f4-4c3b-bd17-ff02c01ad0b6","source_location_guid":"afeebf3f-3019-41c3-9b6a-fde921ed0f4f","external_source":"statistics_canada_national_address_register","external_id":"302e0312-21f4-4c3b-bd17-ff02c01ad0b6","source_retrieval_date":"2026-08-28","civic_number":"1015","civic_number_base":"1015","civic_number_suffix":"","street":"10th Street West","unit":"","label":"1015 10th Street West","base_label":"1015 10th Street West","official_street_name":"10th","official_street_type":"ST","official_street_direction":"W","nar_coordinate_source":"nar_building","normalized_address":"1015|10TH ST W|","normalized_base_address":"1015|10TH ST W|","building_use_code":"3","building_use":"non_residential","address_category":"non_residential","mailing_street_name":"10TH","mailing_street_type":"ST","mailing_street_direction":"W","mailing_municipality":"OWEN SOUND","mailing_province":"ON","postal_code":"N4K5S2","association_status":"statcan_authoritative_address_location","address_source_status":"authoritative","association_candidates":[],"location_id":"afeebf3f-3019-41c3-9b6a-fde921ed0f4f","structure_id":"structure_92c4dbd1939fdc082411","nar_placement_status":"nearest","nar_placement_distance_m":27.88720716639327,"nar_placement_rejection_reason":null},"geometry":{"type":"Point","coordinates":[-80.961517,44.566135]}},{"type":"Feature","id":"address_c6b8d341178d6f72cefc","properties":{"address_id":"address_c6b8d341178d6f72cefc","source_address_guid":"0cbf1247-f81c-4dca-a0cf-7ab95de9be9a","source_location_guid":"7179f5e0-063b-4f4c-af47-87151c43da80","external_source":"statistics_canada_national_address_register","external_id":"0cbf1247-f81c-4dca-a0cf-7ab95de9be9a","source_retrieval_date":"2026-08-28","civic_number":"1024","civic_number_base":"1024","civic_number_suffix":"","street":"2nd Avenue East","unit":"","label":"1024 2nd Avenue East","base_label":"1024 2nd Avenue East","official_street_name":"2nd","official_street_type":"AVE","official_street_direction":"E","nar_coordinate_source":"nar_building","normalized_address":"1024|2ND AVE E|","normalized_base_address":"1024|2ND AVE E|","building_use_code":"3","building_use":"non_residential","address_category":"non_residential","mailing_street_name":"2ND","mailing_street_type":"AVE","mailing_street_direction":"E","mailing_municipality":"OWEN SOUND","mailing_province":"ON","postal_code":"N4K2H7","association_status":"unresolved","address_source_status":"authoritative","association_candidates":[],"location_id":"7179f5e0-063b-4f4c-af47-87151c43da80","structure_id":null,"nar_placement_status":"ambiguous","nar_placement_distance_m":0,"nar_placement_rejection_reason":"distinct LOC_GUIDs share one footprint without sufficient multi-entrance or apartment evidence"},"geometry":{"type":"Point","coordinates":[-80.942888,44.568609]}},{"type":"Feature","id":"address_e7ee811d1b5f59aa1bf8","properties":{"address_id":"address_e7ee811d1b5f59aa1bf8","source_address_guid":"6da10296-30b6-4250-b848-2ae415b1cc08","source_location_guid":"3ab08cc9-a475-41cd-ba2f-9080b9828909","external_source":"statistics_canada_national_address_register","external_id":"6da10296-30b6-4250-b848-2ae415b1cc08","source_retrieval_date":"2026-08-28","civic_number":"1025","civic_number_base":"1025","civic_number_suffix":"","street":"2nd Avenue West","unit":"","label":"1025 2nd Avenue West","base_label":"1025 2nd Avenue West","official_street_name":"2nd","official_street_type":"AVE","official_street_direction":"W","nar_coordinate_source":"nar_block_face_fallback","normalized_address":"1025|2ND AVE W|","normalized_base_address":"1025|2ND AVE W|","building_use_code":"3","building_use":"non_residential","address_category":"non_residential","mailing_street_name":"2ND","mailing_street_type":"AVE","mailing_street_direction":"W","mailing_municipality":"OWEN SOUND","mailing_province":"ON","postal_code":"N4K4N1","association_status":"statcan_authoritative_address_location","address_source_status":"authoritative","association_candidates":[],"location_id":"3ab08cc9-a475-41cd-ba2f-9080b9828909","structure_id":"structure_7599a29e841d56787ed9","nar_placement_status":"nearest","nar_placement_distance_m":6.443332082524746,"nar_placement_rejection_reason":null},"geometry":{"type":"Point","coordinates":[-80.946235,44.568222]}},{"type":"Feature","id":"address_a7a3751238b59bd6f10c","properties":{"address_id":"address_a7a3751238b59bd6f10c","source_address_guid":"c09ca51d-9c57-4354-a4a6-547ce7d17e63","source_location_guid":"baa510a2-0ca8-4efd-a09f-fa0d023c924c","external_source":"statistics_canada_national_address_register","external_id":"c09ca51d-9c57-4354-a4a6-547ce7d17e63","source_retrieval_date":"2026-08-28","civic_number":"1025","civic_number_base":"1025","civic_number_suffix":"","street":"6th Street East","unit":"","label":"1025 6th Street East","base_label":"1025 6th Street East","official_street_name":"6th","official_street_type":"ST","official_street_direction":"E","nar_coordinate_source":"nar_building","normalized_address":"1025|6TH ST E|","normalized_base_address":"1025|6TH ST E|","building_use_code":"3","building_use":"non_residential","address_category":"non_residential","mailing_street_name":"6TH","mailing_street_type":"ST","mailing_street_direction":"E","mailing_municipality":"OWEN SOUND","mailing_province":"ON","postal_code":"N4K1G9","association_status":"unresolved","address_source_status":"authoritative","association_candidates":[],"location_id":"baa510a2-0ca8-4efd-a09f-fa0d023c924c","structure_id":null,"nar_placement_status":"ambiguous","nar_placement_distance_m":46.06726680455237,"nar_placement_rejection_reason":"distinct LOC_GUIDs share one footprint without sufficient multi-entrance or apartment evidence"},"geometry":{"type":"Point","coordinates":[-80.924616,44.562014]}},{"type":"Feature","id":"address_4b21817e1cb16da9dadc","properties":{"address_id":"address_4b21817e1cb16da9dadc","source_address_guid":"10669964-db09-4487-8e77-6d53d8627660","source_location_guid":"0e0a4c68-b639-40c7-ae86-aaa0ebc6127a","external_source":"statistics_canada_national_address_register","external_id":"10669964-db09-4487-8e77-6d53d8627660","source_retrieval_date":"2026-08-28","civic_number":"1026","civic_number_base":"1026","civic_number_suffix":"","street":"2nd Avenue East","unit":"","label":"1026 2nd Avenue East","base_label":"1026 2nd Avenue East","official_street_name":"2nd","official_street_type":"AVE","official_street_direction":"E","nar_coordinate_source":"nar_building","normalized_address":"1026|2ND AVE E|","normalized_base_address":"1026|2ND AVE E|","building_use_code":"3","building_use":"non_residential","address_category":"non_residential","mailing_street_name":"2ND","mailing_street_type":"AVE","mailing_street_direction":"E","mailing_municipality":"OWEN SOUND","mailing_province":"ON","postal_code":"N4K2H7","association_status":"statcan_authoritative_address_location","address_source_status":"authoritative","association_candidates":[],"location_id":"0e0a4c68-b639-40c7-ae86-aaa0ebc6127a","structure_id":"structure_2dc57aa795a3ce95ea39","nar_placement_status":"exact","nar_placement_distance_m":0,"nar_placement_rejection_reason":null},"geometry":{"type":"Point","coordinates":[-80.942846,44.568673]}},{"type":"Feature","id":"address_68facf7b018dc69f221e","properties":{"address_id":"address_68facf7b018dc69f221e","source_address_guid":"c64260fd-c8d0-43d6-940b-50ad0da4c9ce","source_location_guid":"4141b988-250c-4c0a-a1b8-0ce178cac45f","external_source":"statistics_canada_national_address_register","external_id":"c64260fd-c8d0-43d6-940b-50ad0da4c9ce","source_retrieval_date":"2026-08-28","civic_number":"1028","civic_number_base":"1028","civic_number_suffix":"","street":"2nd Avenue East","unit":"","label":"1028 2nd Avenue East","base_label":"1028 2nd Avenue East","official_street_name":"2nd","official_street_type":"AVE","official_street_direction":"E","nar_coordinate_source":"nar_building","normalized_address":"1028|2ND AVE E|","normalized_base_address":"1028|2ND AVE E|","building_use_code":"3","building_use":"non_residential","address_category":"non_residential","mailing_street_name":"2ND","mailing_street_type":"AVE","mailing_street_direction":"E","mailing_municipality":"OWEN SOUND","mailing_province":"ON","postal_code":"N4K2H7","association_status":"unresolved","address_source_status":"authoritative","association_candidates":[],"location_id":"4141b988-250c-4c0a-a1b8-0ce178cac45f","structure_id":null,"nar_placement_status":"ambiguous","nar_placement_distance_m":0,"nar_placement_rejection_reason":"distinct LOC_GUIDs share one footprint without sufficient multi-entrance or apartment evidence"},"geometry":{"type":"Point","coordinates":[-80.942802,44.568738]}},{"type":"Feature","id":"address_3382843d0dfd63ff3918","properties":{"address_id":"address_3382843d0dfd63ff3918","source_address_guid":"e95f7539-59d0-42ec-a6cc-94d0c1e1848f","source_location_guid":"9034aa55-91da-4163-b525-2dbef52c1bbe","external_source":"statistics_canada_national_address_register","external_id":"e95f7539-59d0-42ec-a6cc-94d0c1e1848f","source_retrieval_date":"2026-08-28","civic_number":"1030","civic_number_base":"1030","civic_number_suffix":"","street":"10th Street West","unit":"","label":"1030 10th Street West","base_label":"1030 10th Street West","official_street_name":"10th","official_street_type":"ST","official_street_direction":"W","nar_coordinate_source":"nar_building","normalized_address":"1030|10TH ST W|","normalized_base_address":"1030|10TH ST W|","building_use_code":"3","building_use":"non_residential","address_category":"non_residential","mailing_street_name":"10TH","mailing_street_type":"ST","mailing_street_direction":"W","mailing_municipality":"OWEN SOUND","mailing_province":"ON","postal_code":"N4K6M4","association_status":"unresolved","address_source_status":"authoritative","association_candidates":[],"location_id":"9034aa55-91da-4163-b525-2dbef52c1bbe","structure_id":null,"nar_placement_status":"ambiguous","nar_placement_distance_m":31.086260495081344,"nar_placement_rejection_reason":"distinct LOC_GUIDs share one footprint without sufficient multi-entrance or apartment evidence"},"geometry":{"type":"Point","coordinates":[-80.961533,44.566162]}},{"type":"Feature","id":"address_126c46dd0e10e1673721","properties":{"address_id":"address_126c46dd0e10e1673721","source_address_guid":"28db8e41-e013-4e6d-a836-4ce326ee10c1","source_location_guid":"4ba1878a-16f0-458e-a757-eeeed9b173ba","external_source":"statistics_canada_national_address_register","external_id":"28db8e41-e013-4e6d-a836-4ce326ee10c1","source_retrieval_date":"2026-08-28","civic_number":"1030","civic_number_base":"1030","civic_number_suffix":"","street":"2nd Avenue East","unit":"","label":"1030 2nd Avenue East","base_label":"1030 2nd Avenue East","official_street_name":"2nd","official_street_type":"AVE","official_street_direction":"E","nar_coordinate_source":"nar_block_face_fallback","normalized_address":"1030|2ND AVE E|","normalized_base_address":"1030|2ND AVE E|","building_use_code":"3","building_use":"non_residential","address_category":"non_residential","mailing_street_name":"2ND","mailing_street_type":"AVE","mailing_street_direction":"E","mailing_municipality":"OWEN SOUND","mailing_province":"ON","postal_code":"N4K2H7","association_status":"unresolved","address_source_status":"authoritative","association_candidates":[],"location_id":"4ba1878a-16f0-458e-a757-eeeed9b173ba","structure_id":null,"nar_placement_status":"ambiguous","nar_placement_distance_m":13.224682187771174,"nar_placement_rejection_reason":"distinct LOC_GUIDs share one footprint without sufficient multi-entrance or apartment evidence"},"geometry":{"type":"Point","coordinates":[-80.942622,44.568918]}},{"type":"Feature","id":"address_9c1680508a98714dee2b","properties":{"address_id":"address_9c1680508a98714dee2b","source_address_guid":"8bf3bbf5-6dc4-447e-8447-abeed4e0768b","source_location_guid":"13d55f28-9657-4ae3-97dd-e188109b4c94","external_source":"statistics_canada_national_address_register","external_id":"8bf3bbf5-6dc4-447e-8447-abeed4e0768b","source_retrieval_date":"2026-08-28","civic_number":"1033","civic_number_base":"1033","civic_number_suffix":"","street":"2nd Avenue East","unit":"","label":"1033 2nd Avenue East","base_label":"1033 2nd Avenue East","official_street_name":"2nd","official_street_type":"AVE","official_street_direction":"E","nar_coordinate_source":"nar_building","normalized_address":"1033|2ND AVE E|","normalized_base_address":"1033|2ND AVE E|","building_use_code":"3","building_use":"non_residential","address_category":"non_residential","mailing_street_name":"2ND","mailing_street_type":"AVE","mailing_street_direction":"E","mailing_municipality":"OWEN SOUND","mailing_province":"ON","postal_code":"N4K2H8","association_status":"statcan_authoritative_address_location","address_source_status":"authoritative","association_candidates":[],"location_id":"13d55f28-9657-4ae3-97dd-e188109b4c94","structure_id":"structure_f529434b2d6bbdf0d902","nar_placement_status":"exact","nar_placement_distance_m":0,"nar_placement_rejection_reason":null},"geometry":{"type":"Point","coordinates":[-80.942637,44.568492]}},{"type":"Feature","id":"address_5787705543ec6d6bf67f","properties":{"address_id":"address_5787705543ec6d6bf67f","source_address_guid":"9e172f7c-156d-480e-b1db-7ad7d9559d86","source_location_guid":"2d16f2a7-99df-4e77-a064-c7b29bc12b18","external_source":"statistics_canada_national_address_register","external_id":"9e172f7c-156d-480e-b1db-7ad7d9559d86","source_retrieval_date":"2026-08-28","civic_number":"1035","civic_number_base":"1035","civic_number_suffix":"","street":"3rd Avenue East","unit":"","label":"1035 3rd Avenue East","base_label":"1035 3rd Avenue East","official_street_name":"3rd","official_street_type":"AVE","official_street_direction":"E","nar_coordinate_source":"nar_building","normalized_address":"1035|3RD AVE E|","normalized_base_address":"1035|3RD AVE E|","building_use_code":"3","building_use":"non_residential","address_category":"non_residential","mailing_street_name":"3RD","mailing_street_type":"AVE","mailing_street_direction":"E","mailing_municipality":"OWEN SOUND","mailing_province":"ON","postal_code":"N4K2L1","association_status":"statcan_authoritative_address_location","address_source_status":"authoritative","association_candidates":[],"location_id":"2d16f2a7-99df-4e77-a064-c7b29bc12b18","structure_id":"structure_63401d3b7641ed560941","nar_placement_status":"nearest","nar_placement_distance_m":15.643810030476345,"nar_placement_rejection_reason":null},"geometry":{"type":"Point","coordinates":[-80.940874,44.568551]}},{"type":"Feature","id":"address_0b7fcaae5422da2b0fa4","properties":{"address_id":"address_0b7fcaae5422da2b0fa4","source_address_guid":"db14745c-266c-4ab3-bd69-b95adf83d2e8","source_location_guid":"7faa6ba8-1abe-4f3e-800d-c5e6a42434e0","external_source":"statistics_canada_national_address_register","external_id":"db14745c-266c-4ab3-bd69-b95adf83d2e8","source_retrieval_date":"2026-08-28","civic_number":"1039","civic_number_base":"1039","civic_number_suffix":"","street":"2nd Avenue East","unit":"","label":"1039 2nd Avenue East","base_label":"1039 2nd Avenue East","official_street_name":"2nd","official_street_type":"AVE","official_street_direction":"E","nar_coordinate_source":"nar_building","normalized_address":"1039|2ND AVE E|","normalized_base_address":"1039|2ND AVE E|","building_use_code":"3","building_use":"non_residential","address_category":"non_residential","mailing_street_name":"2ND","mailing_street_type":"AVE","mailing_street_direction":"E","mailing_municipality":"OWEN SOUND","mailing_province":"ON","postal_code":"N4K2H8","association_status":"unresolved","address_source_status":"authoritative","association_candidates":[],"location_id":"7faa6ba8-1abe-4f3e-800d-c5e6a42434e0","structure_id":null,"nar_placement_status":"ambiguous","nar_placement_distance_m":1.7900525349033765,"nar_placement_rejection_reason":"multiple nearby footprints remain similarly plausible"},"geometry":{"type":"Point","coordinates":[-80.942541,44.568638]}},{"type":"Feature","id":"address_1ca885d3fdf837b52dd2","properties":{"address_id":"address_1ca885d3fdf837b52dd2","source_address_guid":"297f41d7-afa4-4ede-a1ce-dd4d7d039c0a","source_location_guid":"c21a49a5-c218-43da-83cf-73fc372c8d15","external_source":"statistics_canada_national_address_register","external_id":"297f41d7-afa4-4ede-a1ce-dd4d7d039c0a","source_retrieval_date":"2026-08-28","civic_number":"1040","civic_number_base":"1040","civic_number_suffix":"","street":"3rd Avenue East","unit":"","label":"1040 3rd Avenue East","base_label":"1040 3rd Avenue East","official_street_name":"3rd","official_street_type":"AVE","official_street_direction":"E","nar_coordinate_source":"nar_building","normalized_address":"1040|3RD AVE E|","normalized_base_address":"1040|3RD AVE E|","building_use_code":"3","building_use":"non_residential","address_category":"non_residential","mailing_street_name":"3RD","mailing_street_type":"AVE","mailing_street_direction":"E","mailing_municipality":"OWEN SOUND","mailing_province":"ON","postal_code":"N4K2L2","association_status":"statcan_authoritative_address_location","address_source_status":"authoritative","association_candidates":[],"location_id":"c21a49a5-c218-43da-83cf-73fc372c8d15","structure_id":"structure_046795fedd0a43139fc0","nar_placement_status":"nearest","nar_placement_distance_m":11.689047779682596,"nar_placement_rejection_reason":null},"geometry":{"type":"Point","coordinates":[-80.941159,44.568613]}},{"type":"Feature","id":"address_799503dec79a1a3f14b0","properties":{"address_id":"address_799503dec79a1a3f14b0","source_address_guid":"76073d32-cbe3-4dd5-a6d5-df3ff5707f6d","source_location_guid":"bbb5b400-96ca-4a34-aa2f-644aa6e69bd6","external_source":"statistics_canada_national_address_register","external_id":"76073d32-cbe3-4dd5-a6d5-df3ff5707f6d","source_retrieval_date":"2026-08-28","civic_number":"1042","civic_number_base":"1042","civic_number_suffix":"","street":"2nd Avenue East","unit":"","label":"1042 2nd Avenue East","base_label":"1042 2nd Avenue East","official_street_name":"2nd","official_street_type":"AVE","official_street_direction":"E","nar_coordinate_source":"nar_building","normalized_address":"1042|2ND AVE E|","normalized_base_address":"1042|2ND AVE E|","building_use_code":"3","building_use":"non_residential","address_category":"non_residential","mailing_street_name":"2ND","mailing_street_type":"AVE","mailing_street_direction":"E","mailing_municipality":"OWEN SOUND","mailing_province":"ON","postal_code":"N4K2H7","association_status":"unresolved","address_source_status":"authoritative","association_candidates":[],"location_id":"bbb5b400-96ca-4a34-aa2f-644aa6e69bd6","structure_id":null,"nar_placement_status":"ambiguous","nar_placement_distance_m":20.753838390003597,"nar_placement_rejection_reason":"multiple nearby footprints remain similarly plausible"},"geometry":{"type":"Point","coordinates":[-80.942478,44.569231]}},{"type":"Feature","id":"address_462ea085aaf8a471c8b4","properties":{"address_id":"address_462ea085aaf8a471c8b4","source_address_guid":"6b520515-67ab-4e98-bb86-52f3ad321fe9","source_location_guid":"59bd1b3b-1e51-4cc6-b0ed-0a04c7ac9872","external_source":"statistics_canada_national_address_register","external_id":"6b520515-67ab-4e98-bb86-52f3ad321fe9","source_retrieval_date":"2026-08-28","civic_number":"1043","civic_number_base":"1043","civic_number_suffix":"","street":"2nd Avenue East","unit":"","label":"1043 2nd Avenue East","base_label":"1043 2nd Avenue East","official_street_name":"2nd","official_street_type":"AVE","official_street_direction":"E","nar_coordinate_source":"nar_building","normalized_address":"1043|2ND AVE E|","normalized_base_address":"1043|2ND AVE E|","building_use_code":"3","building_use":"non_residential","address_category":"non_residential","mailing_street_name":"2ND","mailing_street_type":"AVE","mailing_street_direction":"E","mailing_municipality":"OWEN SOUND","mailing_province":"ON","postal_code":"N4K2H8","association_status":"statcan_authoritative_address_location","address_source_status":"authoritative","association_candidates":[],"location_id":"59bd1b3b-1e51-4cc6-b0ed-0a04c7ac9872","structure_id":"structure_8da7c82886334d9e0fee","nar_placement_status":"exact","nar_placement_distance_m":0,"nar_placement_rejection_reason":null},"geometry":{"type":"Point","coordinates":[-80.942474,44.56874]}},{"type":"Feature","id":"address_b1f0efe40aa566e169e0","properties":{"address_id":"address_b1f0efe40aa566e169e0","source_address_guid":"6c092f53-0144-4db3-ae4a-6f5347e93293","source_location_guid":"7b3ac9dc-edf8-4169-ae33-14e9d9f74362","external_source":"statistics_canada_national_address_register","external_id":"6c092f53-0144-4db3-ae4a-6f5347e93293","source_retrieval_date":"2026-08-28","civic_number":"1045","civic_number_base":"1045","civic_number_suffix":"","street":"2nd Avenue East","unit":"","label":"1045 2nd Avenue East","base_label":"1045 2nd Avenue East","official_street_name":"2nd","official_street_type":"AVE","official_street_direction":"E","nar_coordinate_source":"nar_building","normalized_address":"1045|2ND AVE E|","normalized_base_address":"1045|2ND AVE E|","building_use_code":"3","building_use":"non_residential","address_category":"non_residential","mailing_street_name":"2ND","mailing_street_type":"AVE","mailing_street_direction":"E","mailing_municipality":"OWEN SOUND","mailing_province":"ON","postal_code":"N4K2H8","association_status":"unresolved","address_source_status":"authoritative","association_candidates":[],"location_id":"7b3ac9dc-edf8-4169-ae33-14e9d9f74362","structure_id":null,"nar_placement_status":"ambiguous","nar_placement_distance_m":0,"nar_placement_rejection_reason":"distinct LOC_GUIDs share one footprint without sufficient multi-entrance or apartment evidence"},"geometry":{"type":"Point","coordinates":[-80.942439,44.568792]}},{"type":"Feature","id":"address_506c6a25ad32c059b394","properties":{"address_id":"address_506c6a25ad32c059b394","source_address_guid":"35925128-7bab-4c45-a55d-623d8f70e734","source_location_guid":"0c8f3bf1-f65c-430f-8411-c44ba5a80531","external_source":"statistics_canada_national_address_register","external_id":"35925128-7bab-4c45-a55d-623d8f70e734","source_retrieval_date":"2026-08-28","civic_number":"1045","civic_number_base":"1045","civic_number_suffix":"","street":"3rd Avenue West","unit":"","label":"1045 3rd Avenue West","base_label":"1045 3rd Avenue West","official_street_name":"3rd","official_street_type":"AVE","official_street_direction":"W","nar_coordinate_source":"nar_building","normalized_address":"1045|3RD AVE W|","normalized_base_address":"1045|3RD AVE W|","building_use_code":"3","building_use":"non_residential","address_category":"non_residential","mailing_street_name":"3RD","mailing_street_type":"AVE","mailing_street_direction":"W","mailing_municipality":"OWEN SOUND","mailing_province":"ON","postal_code":"N4K5W6","association_status":"statcan_authoritative_address_location","address_source_status":"authoritative","association_candidates":[],"location_id":"0c8f3bf1-f65c-430f-8411-c44ba5a80531","structure_id":"structure_e1c10e77901125194731","nar_placement_status":"nearest","nar_placement_distance_m":19.47190035922332,"nar_placement_rejection_reason":null},"geometry":{"type":"Point","coordinates":[-80.947694,44.567408]}},{"type":"Feature","id":"address_c82477be330212214151","properties":{"address_id":"address_c82477be330212214151","source_address_guid":"a4648df1-5627-4735-982c-2b98f8edf344","source_location_guid":"c49936d8-6a24-4c20-bb78-00dfd47936b9","external_source":"statistics_canada_national_address_register","external_id":"a4648df1-5627-4735-982c-2b98f8edf344","source_retrieval_date":"2026-08-28","civic_number":"1049","civic_number_base":"1049","civic_number_suffix":"","street":"4th Avenue East","unit":"","label":"1049 4th Avenue East","base_label":"1049 4th Avenue East","official_street_name":"4th","official_street_type":"AVE","official_street_direction":"E","nar_coordinate_source":"nar_building","normalized_address":"1049|4TH AVE E|","normalized_base_address":"1049|4TH AVE E|","building_use_code":"3","building_use":"non_residential","address_category":"non_residential","mailing_street_name":"","mailing_street_type":"","mailing_street_direction":"","mailing_municipality":"OWEN SOUND","mailing_province":"ON","postal_code":"","association_status":"statcan_authoritative_address_location","address_source_status":"authoritative","association_candidates":[],"location_id":"c49936d8-6a24-4c20-bb78-00dfd47936b9","structure_id":"structure_b22b3760aca6bf4a9c6d","nar_placement_status":"exact","nar_placement_distance_m":0,"nar_placement_rejection_reason":null},"geometry":{"type":"Point","coordinates":[-80.938734,44.568701]}},{"type":"Feature","id":"address_323a5b2548177710507b","properties":{"address_id":"address_323a5b2548177710507b","source_address_guid":"cd3d6710-b550-440c-8fe7-d9fefba5c9c8","source_location_guid":"9e46d7f2-6307-4a56-a017-f88ddd2ffbad","external_source":"statistics_canada_national_address_register","external_id":"cd3d6710-b550-440c-8fe7-d9fefba5c9c8","source_retrieval_date":"2026-08-28","civic_number":"1050","civic_number_base":"1050","civic_number_suffix":"","street":"2nd Avenue East","unit":"1","label":"1050 2nd Avenue East Unit 1","base_label":"1050 2nd Avenue East","official_street_name":"2nd","official_street_type":"AVE","official_street_direction":"E","nar_coordinate_source":"nar_block_face_fallback","normalized_address":"1050|2ND AVE E|1","normalized_base_address":"1050|2ND AVE E|","building_use_code":"3","building_use":"non_residential","address_category":"non_residential","mailing_street_name":"2ND","mailing_street_type":"AVE","mailing_street_direction":"E","mailing_municipality":"OWEN SOUND","mailing_province":"ON","postal_code":"N4K2H7","association_status":"unresolved","address_source_status":"authoritative","association_candidates":[],"location_id":"9e46d7f2-6307-4a56-a017-f88ddd2ffbad","structure_id":null,"nar_placement_status":"ambiguous","nar_placement_distance_m":13.224682187771174,"nar_placement_rejection_reason":"distinct LOC_GUIDs share one footprint without sufficient multi-entrance or apartment evidence"},"geometry":{"type":"Point","coordinates":[-80.942622,44.568918]}},{"type":"Feature","id":"address_8abc5c8081f1c6b53dd2","properties":{"address_id":"address_8abc5c8081f1c6b53dd2","source_address_guid":"a7573eb9-e642-45fb-8829-aef43bf12c9d","source_location_guid":"f68cf5a3-d8db-455b-a83d-bbfabfc3a098","external_source":"statistics_canada_national_address_register","external_id":"a7573eb9-e642-45fb-8829-aef43bf12c9d","source_retrieval_date":"2026-08-28","civic_number":"1055","civic_number_base":"1055","civic_number_suffix":"","street":"1st Avenue West","unit":"","label":"1055 1st Avenue West","base_label":"1055 1st Avenue West","official_street_name":"1st","official_street_type":"AVE","official_street_direction":"W","nar_coordinate_source":"nar_building","normalized_address":"1055|1ST AVE W|","normalized_base_address":"1055|1ST AVE W|","building_use_code":"3","building_use":"non_residential","address_category":"non_residential","mailing_street_name":"1ST","mailing_street_type":"AVE","mailing_street_direction":"W","mailing_municipality":"OWEN SOUND","mailing_province":"ON","postal_code":"N4K4K7","association_status":"unresolved","address_source_status":"authoritative","association_candidates":[],"location_id":"f68cf5a3-d8db-455b-a83d-bbfabfc3a098","structure_id":null,"nar_placement_status":"ambiguous","nar_placement_distance_m":48.625139538172185,"nar_placement_rejection_reason":"distinct LOC_GUIDs share one footprint without sufficient multi-entrance or apartment evidence"},"geometry":{"type":"Point","coordinates":[-80.94439,44.56775]}},{"type":"Feature","id":"address_863eaacc6504ec0427d0","properties":{"address_id":"address_863eaacc6504ec0427d0","source_address_guid":"0045ee6e-4f76-4462-aebb-f4285f5cc558","source_location_guid":"ea7d4401-09c0-47f3-8d45-7bd6f82ef262","external_source":"statistics_canada_national_address_register","external_id":"0045ee6e-4f76-4462-aebb-f4285f5cc558","source_retrieval_date":"2026-08-28","civic_number":"1063","civic_number_base":"1063","civic_number_suffix":"","street":"2nd Avenue East","unit":"","label":"1063 2nd Avenue East","base_label":"1063 2nd Avenue East","official_street_name":"2nd","official_street_type":"AVE","official_street_direction":"E","nar_coordinate_source":"nar_building","normalized_address":"1063|2ND AVE E|","normalized_base_address":"1063|2ND AVE E|","building_use_code":"3","building_use":"non_residential","address_category":"non_residential","mailing_street_name":"2ND","mailing_street_type":"AVE","mailing_street_direction":"E","mailing_municipality":"OWEN SOUND","mailing_province":"ON","postal_code":"N4K2H8","association_status":"statcan_authoritative_address_location","address_source_status":"authoritative","association_candidates":[],"location_id":"ea7d4401-09c0-47f3-8d45-7bd6f82ef262","structure_id":"structure_e786e41b6e48759c0228","nar_placement_status":"exact","nar_placement_distance_m":0,"nar_placement_rejection_reason":null},"geometry":{"type":"Point","coordinates":[-80.942127,44.569268]}},{"type":"Feature","id":"address_c0132bed668c1c04bab8","properties":{"address_id":"address_c0132bed668c1c04bab8","source_address_guid":"0debc69c-ddd3-4f06-be96-a8647f095a2f","source_location_guid":"38b4d609-6dc1-4318-85b9-c137e5e4627c","external_source":"statistics_canada_national_address_register","external_id":"0debc69c-ddd3-4f06-be96-a8647f095a2f","source_retrieval_date":"2026-08-28","civic_number":"1066","civic_number_base":"1066","civic_number_suffix":"","street":"3rd Avenue East","unit":"","label":"1066 3rd Avenue East","base_label":"1066 3rd Avenue East","official_street_name":"3rd","official_street_type":"AVE","official_street_direction":"E","nar_coordinate_source":"nar_block_face_fallback","normalized_address":"1066|3RD AVE E|","normalized_base_address":"1066|3RD AVE E|","building_use_code":"3","building_use":"non_residential","address_category":"non_residential","mailing_street_name":"3RD","mailing_street_type":"AVE","mailing_street_direction":"E","mailing_municipality":"OWEN SOUND","mailing_province":"ON","postal_code":"N4K2L2","association_status":"statcan_authoritative_address_location","address_source_status":"authoritative","association_candidates":[],"location_id":"38b4d609-6dc1-4318-85b9-c137e5e4627c","structure_id":"structure_7ba20ec75f0bf7a0fb5e","nar_placement_status":"nearest","nar_placement_distance_m":2.2174277817358186,"nar_placement_rejection_reason":null},"geometry":{"type":"Point","coordinates":[-80.941029,44.568799]}},{"type":"Feature","id":"address_213acc8c796dae6426af","properties":{"address_id":"address_213acc8c796dae6426af","source_address_guid":"b9310ec1-31f7-4762-b212-78facf4ce55b","source_location_guid":"2262114b-6a58-43af-a3e4-a415e75c9a3b","external_source":"statistics_canada_national_address_register","external_id":"b9310ec1-31f7-4762-b212-78facf4ce55b","source_retrieval_date":"2026-08-28","civic_number":"1070","civic_number_base":"1070","civic_number_suffix":"","street":"2nd Avenue East","unit":"","label":"1070 2nd Avenue East","base_label":"1070 2nd Avenue East","official_street_name":"2nd","official_street_type":"AVE","official_street_direction":"E","nar_coordinate_source":"nar_building","normalized_address":"1070|2ND AVE E|","normalized_base_address":"1070|2ND AVE E|","building_use_code":"3","building_use":"non_residential","address_category":"non_residential","mailing_street_name":"2ND","mailing_street_type":"AVE","mailing_street_direction":"E","mailing_municipality":"OWEN SOUND","mailing_province":"ON","postal_code":"N4K2H7","association_status":"statcan_authoritative_address_location","address_source_status":"authoritative","association_candidates":[],"location_id":"2262114b-6a58-43af-a3e4-a415e75c9a3b","structure_id":"structure_824fc86caed65e4b55d0","nar_placement_status":"nearest","nar_placement_distance_m":24.182864127686322,"nar_placement_rejection_reason":null},"geometry":{"type":"Point","coordinates":[-80.941961,44.570017]}},{"type":"Feature","id":"address_0d49b6832a9135cf1bfa","properties":{"address_id":"address_0d49b6832a9135cf1bfa","source_address_guid":"cead94a3-da49-4841-9ea5-f117bc42ee22","source_location_guid":"89f1f5f1-74dd-4a40-9693-f0a30e145b85","external_source":"statistics_canada_national_address_register","external_id":"cead94a3-da49-4841-9ea5-f117bc42ee22","source_retrieval_date":"2026-08-28","civic_number":"1077","civic_number_base":"1077","civic_number_suffix":"","street":"2nd Avenue East","unit":"","label":"1077 2nd Avenue East","base_label":"1077 2nd Avenue East","official_street_name":"2nd","official_street_type":"AVE","official_street_direction":"E","nar_coordinate_source":"nar_building","normalized_address":"1077|2ND AVE E|","normalized_base_address":"1077|2ND AVE E|","building_use_code":"3","building_use":"non_residential","address_category":"non_residential","mailing_street_name":"2ND","mailing_street_type":"AVE","mailing_street_direction":"E","mailing_municipality":"OWEN SOUND","mailing_province":"ON","postal_code":"N4K2H8","association_status":"statcan_authoritative_address_location","address_source_status":"authoritative","association_candidates":[],"location_id":"89f1f5f1-74dd-4a40-9693-f0a30e145b85","structure_id":"structure_cf67f5b968298b1c9e43","nar_placement_status":"exact","nar_placement_distance_m":0,"nar_placement_rejection_reason":null},"geometry":{"type":"Point","coordinates":[-80.941916,44.569588]}},{"type":"Feature","id":"address_6b763fb08b799fda8828","properties":{"address_id":"address_6b763fb08b799fda8828","source_address_guid":"41c3c538-047c-4dcf-9e6f-f6172fdfb8c4","source_location_guid":"021fc492-242d-493c-b8ce-198376cea6a7","external_source":"statistics_canada_national_address_register","external_id":"41c3c538-047c-4dcf-9e6f-f6172fdfb8c4","source_retrieval_date":"2026-08-28","civic_number":"1095","civic_number_base":"1095","civic_number_suffix":"","street":"2nd Avenue East","unit":"","label":"1095 2nd Avenue East","base_label":"1095 2nd Avenue East","official_street_name":"2nd","official_street_type":"AVE","official_street_direction":"E","nar_coordinate_source":"nar_building","normalized_address":"1095|2ND AVE E|","normalized_base_address":"1095|2ND AVE E|","building_use_code":"3","building_use":"non_residential","address_category":"non_residential","mailing_street_name":"2ND","mailing_street_type":"AVE","mailing_street_direction":"E","mailing_municipality":"OWEN SOUND","mailing_province":"ON","postal_code":"N4K2H8","association_status":"statcan_authoritative_address_location","address_source_status":"authoritative","association_candidates":[],"location_id":"021fc492-242d-493c-b8ce-198376cea6a7","structure_id":"structure_74cfba2e22fd1be1f3a6","nar_placement_status":"nearest","nar_placement_distance_m":0.2534145710668569,"nar_placement_rejection_reason":null},"geometry":{"type":"Point","coordinates":[-80.941693,44.569927]}},{"type":"Feature","id":"address_48365032f4aa6858659e","properties":{"address_id":"address_48365032f4aa6858659e","source_address_guid":"b7773a77-fa97-46a6-aa5b-3a4a41d12aa5","source_location_guid":"4142c6b0-d171-4d83-b9b3-42d22209c801","external_source":"statistics_canada_national_address_register","external_id":"b7773a77-fa97-46a6-aa5b-3a4a41d12aa5","source_retrieval_date":"2026-08-28","civic_number":"1101","civic_number_base":"1101","civic_number_suffix":"","street":"2nd Avenue East","unit":"","label":"1101 2nd Avenue East","base_label":"1101 2nd Avenue East","official_street_name":"2nd","official_street_type":"AVE","official_street_direction":"E","nar_coordinate_source":"nar_building","normalized_address":"1101|2ND AVE E|","normalized_base_address":"1101|2ND AVE E|","building_use_code":"3","building_use":"non_residential","address_category":"non_residential","mailing_street_name":"2ND","mailing_street_type":"AVE","mailing_street_direction":"E","mailing_municipality":"OWEN SOUND","mailing_province":"ON","postal_code":"N4K2J1","association_status":"statcan_authoritative_address_location","address_source_status":"authoritative","association_candidates":[],"location_id":"4142c6b0-d171-4d83-b9b3-42d22209c801","structure_id":"structure_a71f76912a7d899470ef","nar_placement_status":"nearest","nar_placement_distance_m":10.107134460095208,"nar_placement_rejection_reason":null},"geometry":{"type":"Point","coordinates":[-80.941417,44.570348]}},{"type":"Feature","id":"address_01b6be3ec185c0c4e2e5","properties":{"address_id":"address_01b6be3ec185c0c4e2e5","source_address_guid":"bbf1b956-1e86-4669-8ec3-121b3f70f8c2","source_location_guid":"711dbb3d-29a3-4e59-92e3-748eac69a60b","external_source":"statistics_canada_national_address_register","external_id":"bbf1b956-1e86-4669-8ec3-121b3f70f8c2","source_retrieval_date":"2026-08-28","civic_number":"1105","civic_number_base":"1105","civic_number_suffix":"","street":"1st Avenue East","unit":"","label":"1105 1st Avenue East","base_label":"1105 1st Avenue East","official_street_name":"1st","official_street_type":"AVE","official_street_direction":"E","nar_coordinate_source":"nar_building","normalized_address":"1105|1ST AVE E|","normalized_base_address":"1105|1ST AVE E|","building_use_code":"3","building_use":"non_residential","address_category":"non_residential","mailing_street_name":"1ST","mailing_street_type":"AVE","mailing_street_direction":"E","mailing_municipality":"OWEN SOUND","mailing_province":"ON","postal_code":"N4K2E2","association_status":"statcan_authoritative_address_location","address_source_status":"authoritative","association_candidates":[],"location_id":"711dbb3d-29a3-4e59-92e3-748eac69a60b","structure_id":"structure_d3ad123908cbd78505ac","nar_placement_status":"nearest","nar_placement_distance_m":28.736137617711705,"nar_placement_rejection_reason":null},"geometry":{"type":"Point","coordinates":[-80.942919,44.570776]}},{"type":"Feature","id":"address_dcd734d7788b48f9fa15","properties":{"address_id":"address_dcd734d7788b48f9fa15","source_address_guid":"766a62da-753d-4e2a-b935-e859ef903223","source_location_guid":"fa04c9d9-8850-4d10-bdce-d6c40db4fa54","external_source":"statistics_canada_national_address_register","external_id":"766a62da-753d-4e2a-b935-e859ef903223","source_retrieval_date":"2026-08-28","civic_number":"1110","civic_number_base":"1110","civic_number_suffix":"","street":"8th Street East","unit":"","label":"1110 8th Street East","base_label":"1110 8th Street East","official_street_name":"8th","official_street_type":"ST","official_street_direction":"E","nar_coordinate_source":"nar_building","normalized_address":"1110|8TH ST E|","normalized_base_address":"1110|8TH ST E|","building_use_code":"3","building_use":"non_residential","address_category":"non_residential","mailing_street_name":"8TH","mailing_street_type":"ST","mailing_street_direction":"E","mailing_municipality":"OWEN SOUND","mailing_province":"ON","postal_code":"N4K1M7","association_status":"statcan_authoritative_address_location","address_source_status":"authoritative","association_candidates":[],"location_id":"fa04c9d9-8850-4d10-bdce-d6c40db4fa54","structure_id":"structure_3f01dfe531ec8692b7b1","nar_placement_status":"nearest","nar_placement_distance_m":7.610530400938287,"nar_placement_rejection_reason":null},"geometry":{"type":"Point","coordinates":[-80.922826,44.566315]}},{"type":"Feature","id":"address_214324a74d533a0d5870","properties":{"address_id":"address_214324a74d533a0d5870","source_address_guid":"8136ba9e-d153-4ad9-aee0-82d2a9c65bb7","source_location_guid":"e21cb127-5ef2-467e-9adb-3798be754dea","external_source":"statistics_canada_national_address_register","external_id":"8136ba9e-d153-4ad9-aee0-82d2a9c65bb7","source_retrieval_date":"2026-08-28","civic_number":"1115","civic_number_base":"1115","civic_number_suffix":"","street":"10th Street East","unit":"","label":"1115 10th Street East","base_label":"1115 10th Street East","official_street_name":"10th","official_street_type":"ST","official_street_direction":"E","nar_coordinate_source":"nar_building","normalized_address":"1115|10TH ST E|","normalized_base_address":"1115|10TH ST E|","building_use_code":"3","building_use":"non_residential","address_category":"non_residential","mailing_street_name":"10TH","mailing_street_type":"ST","mailing_street_direction":"E","mailing_municipality":"OWEN SOUND","mailing_province":"ON","postal_code":"N4K6B1","association_status":"statcan_authoritative_address_location","address_source_status":"authoritative","association_candidates":[],"location_id":"e21cb127-5ef2-467e-9adb-3798be754dea","structure_id":"structure_e4cffd22464f7a447466","nar_placement_status":"nearest","nar_placement_distance_m":8.8859324130346,"nar_placement_rejection_reason":null},"geometry":{"type":"Point","coordinates":[-80.923645,44.569931]}},{"type":"Feature","id":"address_6e76f6ab740a4f75b35d","properties":{"address_id":"address_6e76f6ab740a4f75b35d","source_address_guid":"e6080063-f6f0-406e-a5fe-98375e4fac06","source_location_guid":"9001527f-f8a1-481a-b455-29c6a4bf4e4a","external_source":"statistics_canada_national_address_register","external_id":"e6080063-f6f0-406e-a5fe-98375e4fac06","source_retrieval_date":"2026-08-28","civic_number":"1130","civic_number_base":"1130","civic_number_suffix":"","street":"8th Street East","unit":"","label":"1130 8th Street East","base_label":"1130 8th Street East","official_street_name":"8th","official_street_type":"ST","official_street_direction":"E","nar_coordinate_source":"nar_block_face_fallback","normalized_address":"1130|8TH ST E|","normalized_base_address":"1130|8TH ST E|","building_use_code":"3","building_use":"non_residential","address_category":"non_residential","mailing_street_name":"8TH","mailing_street_type":"ST","mailing_street_direction":"E","mailing_municipality":"OWEN SOUND","mailing_province":"ON","postal_code":"N4K5N8","association_status":"statcan_authoritative_address_location","address_source_status":"authoritative","association_candidates":[],"location_id":"9001527f-f8a1-481a-b455-29c6a4bf4e4a","structure_id":"structure_8e1d297532df1af9dffb","nar_placement_status":"nearest","nar_placement_distance_m":145.0434964190699,"nar_placement_rejection_reason":null},"geometry":{"type":"Point","coordinates":[-80.918818,44.566745]}},{"type":"Feature","id":"address_62a5d81a934049e0feb6","properties":{"address_id":"address_62a5d81a934049e0feb6","source_address_guid":"5d24bb01-f049-4ad6-99d7-d6776cda6336","source_location_guid":"5f5d06bc-2fac-4614-813d-6df311790c06","external_source":"statistics_canada_national_address_register","external_id":"5d24bb01-f049-4ad6-99d7-d6776cda6336","source_retrieval_date":"2026-08-28","civic_number":"1150","civic_number_base":"1150","civic_number_suffix":"","street":"8th Street East","unit":"","label":"1150 8th Street East","base_label":"1150 8th Street East","official_street_name":"8th","official_street_type":"ST","official_street_direction":"E","nar_coordinate_source":"nar_block_face_fallback","normalized_address":"1150|8TH ST E|","normalized_base_address":"1150|8TH ST E|","building_use_code":"3","building_use":"non_residential","address_category":"non_residential","mailing_street_name":"8TH","mailing_street_type":"ST","mailing_street_direction":"E","mailing_municipality":"OWEN SOUND","mailing_province":"ON","postal_code":"N4K5N8","association_status":"unresolved","address_source_status":"authoritative","association_candidates":[],"location_id":"5f5d06bc-2fac-4614-813d-6df311790c06","structure_id":null,"nar_placement_status":"unmatched","nar_placement_distance_m":null,"nar_placement_rejection_reason":"no credible footprint within the conservative match threshold"},"geometry":{"type":"Point","coordinates":[-80.918818,44.566745]}},{"type":"Feature","id":"address_6cedd6fa13bb1759e2f1","properties":{"address_id":"address_6cedd6fa13bb1759e2f1","source_address_guid":"f7264317-c2e2-4fea-b032-5b131bb2412b","source_location_guid":"f4494832-8c79-45c7-9396-cb5b9aee5147","external_source":"statistics_canada_national_address_register","external_id":"f7264317-c2e2-4fea-b032-5b131bb2412b","source_retrieval_date":"2026-08-28","civic_number":"1155","civic_number_base":"1155","civic_number_suffix":"","street":"1st Avenue East","unit":"","label":"1155 1st Avenue East","base_label":"1155 1st Avenue East","official_street_name":"1st","official_street_type":"AVE","official_street_direction":"E","nar_coordinate_source":"nar_building","normalized_address":"1155|1ST AVE E|","normalized_base_address":"1155|1ST AVE E|","building_use_code":"3","building_use":"non_residential","address_category":"non_residential","mailing_street_name":"1ST","mailing_street_type":"AVE","mailing_street_direction":"E","mailing_municipality":"OWEN SOUND","mailing_province":"ON","postal_code":"N4K2E2","association_status":"statcan_authoritative_address_location","address_source_status":"authoritative","association_candidates":[],"location_id":"f4494832-8c79-45c7-9396-cb5b9aee5147","structure_id":"structure_2cf6880ffe80411a1b89","nar_placement_status":"nearest","nar_placement_distance_m":15.35256528770432,"nar_placement_rejection_reason":null},"geometry":{"type":"Point","coordinates":[-80.942393,44.571539]}},{"type":"Feature","id":"address_ec61856229993345c85d","properties":{"address_id":"address_ec61856229993345c85d","source_address_guid":"30855676-46c0-4ae3-b90d-c49118a38881","source_location_guid":"640b66c3-9113-4684-8ff0-4980b91a0613","external_source":"statistics_canada_national_address_register","external_id":"30855676-46c0-4ae3-b90d-c49118a38881","source_retrieval_date":"2026-08-28","civic_number":"1170","civic_number_base":"1170","civic_number_suffix":"","street":"2nd Avenue East","unit":"","label":"1170 2nd Avenue East","base_label":"1170 2nd Avenue East","official_street_name":"2nd","official_street_type":"AVE","official_street_direction":"E","nar_coordinate_source":"nar_building","normalized_address":"1170|2ND AVE E|","normalized_base_address":"1170|2ND AVE E|","building_use_code":"3","building_use":"non_residential","address_category":"non_residential","mailing_street_name":"2ND","mailing_street_type":"AVE","mailing_street_direction":"E","mailing_municipality":"OWEN SOUND","mailing_province":"ON","postal_code":"N4K2H9","association_status":"statcan_authoritative_address_location","address_source_status":"authoritative","association_candidates":[],"location_id":"640b66c3-9113-4684-8ff0-4980b91a0613","structure_id":"structure_55fb1fd3568061aed3df","nar_placement_status":"nearest","nar_placement_distance_m":8.731977014143622,"nar_placement_rejection_reason":null},"geometry":{"type":"Point","coordinates":[-80.941087,44.57135]}},{"type":"Feature","id":"address_f10777f9086aa0e0ac6c","properties":{"address_id":"address_f10777f9086aa0e0ac6c","source_address_guid":"fbd3f8e6-c92a-482c-8cca-ac6473f8aeac","source_location_guid":"5ecd655f-4cb8-4e15-a110-0a4f274dce26","external_source":"statistics_canada_national_address_register","external_id":"fbd3f8e6-c92a-482c-8cca-ac6473f8aeac","source_retrieval_date":"2026-08-28","civic_number":"1177","civic_number_base":"1177","civic_number_suffix":"","street":"16th Street East","unit":"","label":"1177 16th Street East","base_label":"1177 16th Street East","official_street_name":"16th","official_street_type":"ST","official_street_direction":"E","nar_coordinate_source":"nar_block_face_fallback","normalized_address":"1177|16TH ST E|","normalized_base_address":"1177|16TH ST E|","building_use_code":"3","building_use":"non_residential","address_category":"non_residential","mailing_street_name":"16TH","mailing_street_type":"ST","mailing_street_direction":"E","mailing_municipality":"OWEN SOUND","mailing_province":"ON","postal_code":"N4K1Z4","association_status":"statcan_authoritative_address_location","address_source_status":"authoritative","association_candidates":[],"location_id":"5ecd655f-4cb8-4e15-a110-0a4f274dce26","structure_id":"structure_807510fd53b961b9d520","nar_placement_status":"nearest","nar_placement_distance_m":17.621897825217033,"nar_placement_rejection_reason":null},"geometry":{"type":"Point","coordinates":[-80.925112,44.573646]}},{"type":"Feature","id":"address_bf4ba437a3308a457211","properties":{"address_id":"address_bf4ba437a3308a457211","source_address_guid":"dd3dca2e-bd4a-4499-a321-7cc36ec0b532","source_location_guid":"fbdc9dd2-a0f5-4a14-b2fe-fcd003611822","external_source":"statistics_canada_national_address_register","external_id":"dd3dca2e-bd4a-4499-a321-7cc36ec0b532","source_retrieval_date":"2026-08-28","civic_number":"1183","civic_number_base":"1183","civic_number_suffix":"","street":"16th Street East","unit":"","label":"1183 16th Street East","base_label":"1183 16th Street East","official_street_name":"16th","official_street_type":"ST","official_street_direction":"E","nar_coordinate_source":"nar_building","normalized_address":"1183|16TH ST E|","normalized_base_address":"1183|16TH ST E|","building_use_code":"3","building_use":"non_residential","address_category":"non_residential","mailing_street_name":"16TH","mailing_street_type":"ST","mailing_street_direction":"E","mailing_municipality":"OWEN SOUND","mailing_province":"ON","postal_code":"N4K1Z4","association_status":"statcan_authoritative_address_location","address_source_status":"authoritative","association_candidates":[],"location_id":"fbdc9dd2-a0f5-4a14-b2fe-fcd003611822","structure_id":"structure_a971d3b982312e578e5c","nar_placement_status":"nearest","nar_placement_distance_m":39.921673174144004,"nar_placement_rejection_reason":null},"geometry":{"type":"Point","coordinates":[-80.923601,44.573854]}},{"type":"Feature","id":"address_ac8a14fb9085e0049c1c","properties":{"address_id":"address_ac8a14fb9085e0049c1c","source_address_guid":"04953f18-61ef-4229-8106-f733e4d3fc9b","source_location_guid":"8f3c543e-37b4-4b20-b4d1-14d68c56d4e2","external_source":"statistics_canada_national_address_register","external_id":"04953f18-61ef-4229-8106-f733e4d3fc9b","source_retrieval_date":"2026-08-28","civic_number":"1190","civic_number_base":"1190","civic_number_suffix":"","street":"2nd Avenue East","unit":"","label":"1190 2nd Avenue East","base_label":"1190 2nd Avenue East","official_street_name":"2nd","official_street_type":"AVE","official_street_direction":"E","nar_coordinate_source":"nar_building","normalized_address":"1190|2ND AVE E|","normalized_base_address":"1190|2ND AVE E|","building_use_code":"3","building_use":"non_residential","address_category":"non_residential","mailing_street_name":"2ND","mailing_street_type":"AVE","mailing_street_direction":"E","mailing_municipality":"OWEN SOUND","mailing_province":"ON","postal_code":"N4K2H9","association_status":"statcan_authoritative_address_location","address_source_status":"authoritative","association_candidates":[],"location_id":"8f3c543e-37b4-4b20-b4d1-14d68c56d4e2","structure_id":"structure_3e51ec9ff541a5e551ca","nar_placement_status":"exact","nar_placement_distance_m":0,"nar_placement_rejection_reason":null},"geometry":{"type":"Point","coordinates":[-80.940861,44.571694]}},{"type":"Feature","id":"address_0680bdd5b61f8de5b637","properties":{"address_id":"address_0680bdd5b61f8de5b637","source_address_guid":"7edc64fc-d327-4453-b064-9f61aa990bac","source_location_guid":"eaabde6b-c085-4c20-b1ab-70bb08f45145","external_source":"statistics_canada_national_address_register","external_id":"7edc64fc-d327-4453-b064-9f61aa990bac","source_retrieval_date":"2026-08-28","civic_number":"1195","civic_number_base":"1195","civic_number_suffix":"","street":"2nd Avenue East","unit":"","label":"1195 2nd Avenue East","base_label":"1195 2nd Avenue East","official_street_name":"2nd","official_street_type":"AVE","official_street_direction":"E","nar_coordinate_source":"nar_block_face_fallback","normalized_address":"1195|2ND AVE E|","normalized_base_address":"1195|2ND AVE E|","building_use_code":"3","building_use":"non_residential","address_category":"non_residential","mailing_street_name":"2ND","mailing_street_type":"AVE","mailing_street_direction":"E","mailing_municipality":"OWEN SOUND","mailing_province":"ON","postal_code":"N4K2J1","association_status":"unresolved","address_source_status":"authoritative","association_candidates":[],"location_id":"eaabde6b-c085-4c20-b1ab-70bb08f45145","structure_id":null,"nar_placement_status":"unmatched","nar_placement_distance_m":null,"nar_placement_rejection_reason":"no credible footprint within the conservative match threshold"},"geometry":{"type":"Point","coordinates":[-80.941042,44.57095]}},{"type":"Feature","id":"address_e3a64fa5a30027089b1b","properties":{"address_id":"address_e3a64fa5a30027089b1b","source_address_guid":"f210f896-ac98-44c7-8fb6-6404a92c9348","source_location_guid":"d912d965-a79a-4ace-9db3-8bf4c15ad21b","external_source":"statistics_canada_national_address_register","external_id":"f210f896-ac98-44c7-8fb6-6404a92c9348","source_retrieval_date":"2026-08-28","civic_number":"1198","civic_number_base":"1198","civic_number_suffix":"","street":"1st Avenue East","unit":"","label":"1198 1st Avenue East","base_label":"1198 1st Avenue East","official_street_name":"1st","official_street_type":"AVE","official_street_direction":"E","nar_coordinate_source":"nar_block_face_fallback","normalized_address":"1198|1ST AVE E|","normalized_base_address":"1198|1ST AVE E|","building_use_code":"3","building_use":"non_residential","address_category":"non_residential","mailing_street_name":"1ST","mailing_street_type":"AVE","mailing_street_direction":"E","mailing_municipality":"OWEN SOUND","mailing_province":"ON","postal_code":"N4K2E3","association_status":"statcan_authoritative_address_location","address_source_status":"authoritative","association_candidates":[],"location_id":"d912d965-a79a-4ace-9db3-8bf4c15ad21b","structure_id":"structure_f264f368a5521e7ba8cc","nar_placement_status":"nearest","nar_placement_distance_m":17.454505799337976,"nar_placement_rejection_reason":null},"geometry":{"type":"Point","coordinates":[-80.941818,44.572791]}},{"type":"Feature","id":"address_ebd42af9fcc1d66f9b1c","properties":{"address_id":"address_ebd42af9fcc1d66f9b1c","source_address_guid":"fe017311-6434-40ba-93e6-cd009c6715f7","source_location_guid":"7cb95e79-0190-400d-8685-493938f2575b","external_source":"statistics_canada_national_address_register","external_id":"fe017311-6434-40ba-93e6-cd009c6715f7","source_retrieval_date":"2026-08-28","civic_number":"1201","civic_number_base":"1201","civic_number_suffix":"","street":"1st Avenue East","unit":"","label":"1201 1st Avenue East","base_label":"1201 1st Avenue East","official_street_name":"1st","official_street_type":"AVE","official_street_direction":"E","nar_coordinate_source":"nar_building","normalized_address":"1201|1ST AVE E|","normalized_base_address":"1201|1ST AVE E|","building_use_code":"3","building_use":"non_residential","address_category":"non_residential","mailing_street_name":"1ST","mailing_street_type":"AVE","mailing_street_direction":"E","mailing_municipality":"OWEN SOUND","mailing_province":"ON","postal_code":"N4K2E4","association_status":"statcan_authoritative_address_location","address_source_status":"authoritative","association_candidates":[],"location_id":"7cb95e79-0190-400d-8685-493938f2575b","structure_id":"structure_23c83947254916bbb351","nar_placement_status":"nearest","nar_placement_distance_m":32.969809446352365,"nar_placement_rejection_reason":null},"geometry":{"type":"Point","coordinates":[-80.941759,44.57245]}},{"type":"Feature","id":"address_1ed7cf6460a9bbffc42a","properties":{"address_id":"address_1ed7cf6460a9bbffc42a","source_address_guid":"a9be66a2-c512-40a8-a4ae-cd73af972a44","source_location_guid":"fdfdefbf-7f96-4b8d-8cbf-19d82f521ca4","external_source":"statistics_canada_national_address_register","external_id":"a9be66a2-c512-40a8-a4ae-cd73af972a44","source_retrieval_date":"2026-08-28","civic_number":"1209","civic_number_base":"1209","civic_number_suffix":"","street":"16th Street East","unit":"","label":"1209 16th Street East","base_label":"1209 16th Street East","official_street_name":"16th","official_street_type":"ST","official_street_direction":"E","nar_coordinate_source":"nar_building","normalized_address":"1209|16TH ST E|","normalized_base_address":"1209|16TH ST E|","building_use_code":"3","building_use":"non_residential","address_category":"non_residential","mailing_street_name":"16TH","mailing_street_type":"ST","mailing_street_direction":"E","mailing_municipality":"OWEN SOUND","mailing_province":"ON","postal_code":"N4K1Z4","association_status":"statcan_authoritative_address_location","address_source_status":"authoritative","association_candidates":[],"location_id":"fdfdefbf-7f96-4b8d-8cbf-19d82f521ca4","structure_id":"structure_01180d251ae1022da31e","nar_placement_status":"nearest","nar_placement_distance_m":27.09441803932463,"nar_placement_rejection_reason":null},"geometry":{"type":"Point","coordinates":[-80.922544,44.573978]}},{"type":"Feature","id":"address_50b09afcaf23b1100572","properties":{"address_id":"address_50b09afcaf23b1100572","source_address_guid":"3029685e-0d90-4b5a-95a3-ae8f1232555c","source_location_guid":"fdfdefbf-7f96-4b8d-8cbf-19d82f521ca4","external_source":"statistics_canada_national_address_register","external_id":"3029685e-0d90-4b5a-95a3-ae8f1232555c","source_retrieval_date":"2026-08-28","civic_number":"1209","civic_number_base":"1209","civic_number_suffix":"","street":"16th Street East","unit":"2","label":"1209 16th Street East Unit 2","base_label":"1209 16th Street East","official_street_name":"16th","official_street_type":"ST","official_street_direction":"E","nar_coordinate_source":"nar_building","normalized_address":"1209|16TH ST E|2","normalized_base_address":"1209|16TH ST E|","building_use_code":"3","building_use":"non_residential","address_category":"non_residential","mailing_street_name":"16TH","mailing_street_type":"ST","mailing_street_direction":"E","mailing_municipality":"OWEN SOUND","mailing_province":"ON","postal_code":"N4K1Z4","association_status":"statcan_authoritative_address_location","address_source_status":"authoritative","association_candidates":[],"location_id":"fdfdefbf-7f96-4b8d-8cbf-19d82f521ca4","structure_id":"structure_01180d251ae1022da31e","nar_placement_status":"nearest","nar_placement_distance_m":27.09441803932463,"nar_placement_rejection_reason":null},"geometry":{"type":"Point","coordinates":[-80.922544,44.573978]}},{"type":"Feature","id":"address_73aaea7ef170d677767f","properties":{"address_id":"address_73aaea7ef170d677767f","source_address_guid":"3785d4b0-5f8b-4e62-a8ed-2255f96b62e6","source_location_guid":"76cd3970-fd75-40ce-8028-e4d3eea2b094","external_source":"statistics_canada_national_address_register","external_id":"3785d4b0-5f8b-4e62-a8ed-2255f96b62e6","source_retrieval_date":"2026-08-28","civic_number":"1210","civic_number_base":"1210","civic_number_suffix":"","street":"3rd Avenue East","unit":"","label":"1210 3rd Avenue East","base_label":"1210 3rd Avenue East","official_street_name":"3rd","official_street_type":"AVE","official_street_direction":"E","nar_coordinate_source":"nar_building","normalized_address":"1210|3RD AVE E|","normalized_base_address":"1210|3RD AVE E|","building_use_code":"3","building_use":"non_residential","address_category":"non_residential","mailing_street_name":"3RD","mailing_street_type":"AVE","mailing_street_direction":"E","mailing_municipality":"OWEN SOUND","mailing_province":"ON","postal_code":"N4K2L5","association_status":"unresolved","address_source_status":"authoritative","association_candidates":[],"location_id":"76cd3970-fd75-40ce-8028-e4d3eea2b094","structure_id":null,"nar_placement_status":"ambiguous","nar_placement_distance_m":38.680472465869265,"nar_placement_rejection_reason":"distinct LOC_GUIDs share one footprint without sufficient multi-entrance or apartment evidence"},"geometry":{"type":"Point","coordinates":[-80.939224,44.571696]}},{"type":"Feature","id":"address_c4e746d5ae1a751eb0a7","properties":{"address_id":"address_c4e746d5ae1a751eb0a7","source_address_guid":"a4c37ba9-094a-4bf0-8ec2-fe3a3650fde7","source_location_guid":"03924f74-6d20-44a7-b823-1145d9478052","external_source":"statistics_canada_national_address_register","external_id":"a4c37ba9-094a-4bf0-8ec2-fe3a3650fde7","source_retrieval_date":"2026-08-28","civic_number":"122","civic_number_base":"122","civic_number_suffix":"","street":"9th Street East","unit":"","label":"122 9th Street East","base_label":"122 9th Street East","official_street_name":"9th","official_street_type":"ST","official_street_direction":"E","nar_coordinate_source":"nar_building","normalized_address":"122|9TH ST E|","normalized_base_address":"122|9TH ST E|","building_use_code":"3","building_use":"non_residential","address_category":"non_residential","mailing_street_name":"9TH","mailing_street_type":"ST","mailing_street_direction":"E","mailing_municipality":"OWEN SOUND","mailing_province":"ON","postal_code":"N4K1N5","association_status":"statcan_authoritative_address_location","address_source_status":"authoritative","association_candidates":[],"location_id":"03924f74-6d20-44a7-b823-1145d9478052","structure_id":"structure_d96c190eddcba5e271bb","nar_placement_status":"nearest","nar_placement_distance_m":6.8296438920496385,"nar_placement_rejection_reason":null},"geometry":{"type":"Point","coordinates":[-80.943521,44.565794]}},{"type":"Feature","id":"address_49f7af7f20540484df3b","properties":{"address_id":"address_49f7af7f20540484df3b","source_address_guid":"998232a0-c925-4bfb-9e9d-5e3ee6bb6294","source_location_guid":"edbce21c-c05e-44ea-8a19-356efe457f06","external_source":"statistics_canada_national_address_register","external_id":"998232a0-c925-4bfb-9e9d-5e3ee6bb6294","source_retrieval_date":"2026-08-28","civic_number":"1230","civic_number_base":"1230","civic_number_suffix":"","street":"2nd Avenue East","unit":"","label":"1230 2nd Avenue East","base_label":"1230 2nd Avenue East","official_street_name":"2nd","official_street_type":"AVE","official_street_direction":"E","nar_coordinate_source":"nar_building","normalized_address":"1230|2ND AVE E|","normalized_base_address":"1230|2ND AVE E|","building_use_code":"3","building_use":"non_residential","address_category":"non_residential","mailing_street_name":"2ND","mailing_street_type":"AVE","mailing_street_direction":"E","mailing_municipality":"OWEN SOUND","mailing_province":"ON","postal_code":"N4K2J3","association_status":"statcan_authoritative_address_location","address_source_status":"authoritative","association_candidates":[],"location_id":"edbce21c-c05e-44ea-8a19-356efe457f06","structure_id":"structure_592b40cdec2632e4f56d","nar_placement_status":"nearest","nar_placement_distance_m":2.00913214863038,"nar_placement_rejection_reason":null},"geometry":{"type":"Point","coordinates":[-80.940164,44.572258]}},{"type":"Feature","id":"address_52635e1c134981c4d4ae","properties":{"address_id":"address_52635e1c134981c4d4ae","source_address_guid":"7b30cff6-9637-482d-b690-5c3f53266edb","source_location_guid":"aa4e464b-7b93-48b2-83e0-b6a52de62840","external_source":"statistics_canada_national_address_register","external_id":"7b30cff6-9637-482d-b690-5c3f53266edb","source_retrieval_date":"2026-08-28","civic_number":"1235","civic_number_base":"1235","civic_number_suffix":"","street":"3rd Avenue East","unit":"","label":"1235 3rd Avenue East","base_label":"1235 3rd Avenue East","official_street_name":"3rd","official_street_type":"AVE","official_street_direction":"E","nar_coordinate_source":"nar_building","normalized_address":"1235|3RD AVE E|","normalized_base_address":"1235|3RD AVE E|","building_use_code":"3","building_use":"non_residential","address_category":"non_residential","mailing_street_name":"3RD","mailing_street_type":"AVE","mailing_street_direction":"E","mailing_municipality":"OWEN SOUND","mailing_province":"ON","postal_code":"N4K2L6","association_status":"statcan_authoritative_address_location","address_source_status":"authoritative","association_candidates":[],"location_id":"aa4e464b-7b93-48b2-83e0-b6a52de62840","structure_id":"structure_af5a9f8bd3f4de09356d","nar_placement_status":"nearest","nar_placement_distance_m":13.665028917859432,"nar_placement_rejection_reason":null},"geometry":{"type":"Point","coordinates":[-80.938703,44.571995]}},{"type":"Feature","id":"address_2ed4e598ffecb0fcb962","properties":{"address_id":"address_2ed4e598ffecb0fcb962","source_address_guid":"a8a71f19-c5de-4795-97d4-3de42172983b","source_location_guid":"120a3f23-f682-431a-8a0b-e0508ef3eaec","external_source":"statistics_canada_national_address_register","external_id":"a8a71f19-c5de-4795-97d4-3de42172983b","source_retrieval_date":"2026-08-28","civic_number":"1240","civic_number_base":"1240","civic_number_suffix":"","street":"2nd Avenue East","unit":"","label":"1240 2nd Avenue East","base_label":"1240 2nd Avenue East","official_street_name":"2nd","official_street_type":"AVE","official_street_direction":"E","nar_coordinate_source":"nar_building","normalized_address":"1240|2ND AVE E|","normalized_base_address":"1240|2ND AVE E|","building_use_code":"3","building_use":"non_residential","address_category":"non_residential","mailing_street_name":"2ND","mailing_street_type":"AVE","mailing_street_direction":"E","mailing_municipality":"OWEN SOUND","mailing_province":"ON","postal_code":"N4K2J3","association_status":"statcan_authoritative_address_location","address_source_status":"authoritative","association_candidates":[],"location_id":"120a3f23-f682-431a-8a0b-e0508ef3eaec","structure_id":"structure_c26af0fa4d899f134675","nar_placement_status":"nearest","nar_placement_distance_m":16.012646243157633,"nar_placement_rejection_reason":null},"geometry":{"type":"Point","coordinates":[-80.940391,44.572411]}},{"type":"Feature","id":"address_d4a8610efe133868ad02","properties":{"address_id":"address_d4a8610efe133868ad02","source_address_guid":"ee7256a0-b764-486b-b2a1-ed256df2e391","source_location_guid":"22d9a54a-8594-40bd-86c1-1cff5452a2ac","external_source":"statistics_canada_national_address_register","external_id":"ee7256a0-b764-486b-b2a1-ed256df2e391","source_retrieval_date":"2026-08-28","civic_number":"125","civic_number_base":"125","civic_number_suffix":"","street":"14th Street West","unit":"","label":"125 14th Street West","base_label":"125 14th Street West","official_street_name":"14th","official_street_type":"ST","official_street_direction":"W","nar_coordinate_source":"nar_building","normalized_address":"125|14TH ST W|","normalized_base_address":"125|14TH ST W|","building_use_code":"3","building_use":"non_residential","address_category":"non_residential","mailing_street_name":"14TH","mailing_street_type":"ST","mailing_street_direction":"W","mailing_municipality":"OWEN SOUND","mailing_province":"ON","postal_code":"N4K3X6","association_status":"unresolved","address_source_status":"authoritative","association_candidates":[],"location_id":"22d9a54a-8594-40bd-86c1-1cff5452a2ac","structure_id":null,"nar_placement_status":"ambiguous","nar_placement_distance_m":7.777023458775045,"nar_placement_rejection_reason":"distinct LOC_GUIDs share one footprint without sufficient multi-entrance or apartment evidence"},"geometry":{"type":"Point","coordinates":[-80.945751,44.572963]}},{"type":"Feature","id":"address_b2981ea189b5440af8bf","properties":{"address_id":"address_b2981ea189b5440af8bf","source_address_guid":"70054b68-e0b4-4231-902a-fa32d00677ad","source_location_guid":"8cbf4441-76f5-43db-b835-cf8817350864","external_source":"statistics_canada_national_address_register","external_id":"70054b68-e0b4-4231-902a-fa32d00677ad","source_retrieval_date":"2026-08-28","civic_number":"1260","civic_number_base":"1260","civic_number_suffix":"","street":"2nd Avenue East","unit":"1","label":"1260 2nd Avenue East Unit 1","base_label":"1260 2nd Avenue East","official_street_name":"2nd","official_street_type":"AVE","official_street_direction":"E","nar_coordinate_source":"nar_building","normalized_address":"1260|2ND AVE E|1","normalized_base_address":"1260|2ND AVE E|","building_use_code":"3","building_use":"non_residential","address_category":"non_residential","mailing_street_name":"2ND","mailing_street_type":"AVE","mailing_street_direction":"E","mailing_municipality":"OWEN SOUND","mailing_province":"ON","postal_code":"N4K2J3","association_status":"statcan_authoritative_address_location","address_source_status":"authoritative","association_candidates":[],"location_id":"8cbf4441-76f5-43db-b835-cf8817350864","structure_id":"structure_8b21f12af1da8d31c6e1","nar_placement_status":"nearest","nar_placement_distance_m":33.30750974844403,"nar_placement_rejection_reason":null},"geometry":{"type":"Point","coordinates":[-80.939926,44.573121]}},{"type":"Feature","id":"address_759b74405dd1254e66af","properties":{"address_id":"address_759b74405dd1254e66af","source_address_guid":"7c9d474e-04ce-426a-bad7-c2e06a3a297f","source_location_guid":"8cbf4441-76f5-43db-b835-cf8817350864","external_source":"statistics_canada_national_address_register","external_id":"7c9d474e-04ce-426a-bad7-c2e06a3a297f","source_retrieval_date":"2026-08-28","civic_number":"1260","civic_number_base":"1260","civic_number_suffix":"","street":"2nd Avenue East","unit":"2","label":"1260 2nd Avenue East Unit 2","base_label":"1260 2nd Avenue East","official_street_name":"2nd","official_street_type":"AVE","official_street_direction":"E","nar_coordinate_source":"nar_building","normalized_address":"1260|2ND AVE E|2","normalized_base_address":"1260|2ND AVE E|","building_use_code":"3","building_use":"non_residential","address_category":"non_residential","mailing_street_name":"2ND","mailing_street_type":"AVE","mailing_street_direction":"E","mailing_municipality":"OWEN SOUND","mailing_province":"ON","postal_code":"N4K2J3","association_status":"statcan_authoritative_address_location","address_source_status":"authoritative","association_candidates":[],"location_id":"8cbf4441-76f5-43db-b835-cf8817350864","structure_id":"structure_8b21f12af1da8d31c6e1","nar_placement_status":"nearest","nar_placement_distance_m":33.30750974844403,"nar_placement_rejection_reason":null},"geometry":{"type":"Point","coordinates":[-80.939926,44.573121]}},{"type":"Feature","id":"address_0774342104ccb1bbdbe8","properties":{"address_id":"address_0774342104ccb1bbdbe8","source_address_guid":"2507e362-4603-4f11-aa82-7a0f0777d321","source_location_guid":"8cbf4441-76f5-43db-b835-cf8817350864","external_source":"statistics_canada_national_address_register","external_id":"2507e362-4603-4f11-aa82-7a0f0777d321","source_retrieval_date":"2026-08-28","civic_number":"1260","civic_number_base":"1260","civic_number_suffix":"","street":"2nd Avenue East","unit":"3","label":"1260 2nd Avenue East Unit 3","base_label":"1260 2nd Avenue East","official_street_name":"2nd","official_street_type":"AVE","official_street_direction":"E","nar_coordinate_source":"nar_building","normalized_address":"1260|2ND AVE E|3","normalized_base_address":"1260|2ND AVE E|","building_use_code":"3","building_use":"non_residential","address_category":"non_residential","mailing_street_name":"2ND","mailing_street_type":"AVE","mailing_street_direction":"E","mailing_municipality":"OWEN SOUND","mailing_province":"ON","postal_code":"N4K2J3","association_status":"statcan_authoritative_address_location","address_source_status":"authoritative","association_candidates":[],"location_id":"8cbf4441-76f5-43db-b835-cf8817350864","structure_id":"structure_8b21f12af1da8d31c6e1","nar_placement_status":"nearest","nar_placement_distance_m":33.30750974844403,"nar_placement_rejection_reason":null},"geometry":{"type":"Point","coordinates":[-80.939926,44.573121]}},{"type":"Feature","id":"address_3452dd28e4903ab49755","properties":{"address_id":"address_3452dd28e4903ab49755","source_address_guid":"6b55863d-da5c-4ad2-9c3d-c6da250f6870","source_location_guid":"bcb68d81-8f97-440a-8902-fef4ca26d97d","external_source":"statistics_canada_national_address_register","external_id":"6b55863d-da5c-4ad2-9c3d-c6da250f6870","source_retrieval_date":"2026-08-28","civic_number":"1280","civic_number_base":"1280","civic_number_suffix":"","street":"20th Street East","unit":"","label":"1280 20th Street East","base_label":"1280 20th Street East","official_street_name":"20th","official_street_type":"ST","official_street_direction":"E","nar_coordinate_source":"nar_block_face_fallback","normalized_address":"1280|20TH ST E|","normalized_base_address":"1280|20TH ST E|","building_use_code":"3","building_use":"non_residential","address_category":"non_residential","mailing_street_name":"","mailing_street_type":"","mailing_street_direction":"","mailing_municipality":"OWEN SOUND","mailing_province":"ON","postal_code":"N4K6S6","association_status":"unresolved","address_source_status":"authoritative","association_candidates":[],"location_id":"bcb68d81-8f97-440a-8902-fef4ca26d97d","structure_id":null,"nar_placement_status":"ambiguous","nar_placement_distance_m":16.631302532981532,"nar_placement_rejection_reason":"distinct LOC_GUIDs share one footprint without sufficient multi-entrance or apartment evidence"},"geometry":{"type":"Point","coordinates":[-80.921112,44.581505]}},{"type":"Feature","id":"address_f38c86cf30722e4c3c0a","properties":{"address_id":"address_f38c86cf30722e4c3c0a","source_address_guid":"073d10cc-f31d-4b3b-bbbf-389caaceb924","source_location_guid":"fb8a98b4-4c3d-466c-8c41-6cd14575f401","external_source":"statistics_canada_national_address_register","external_id":"073d10cc-f31d-4b3b-bbbf-389caaceb924","source_retrieval_date":"2026-08-28","civic_number":"1285","civic_number_base":"1285","civic_number_suffix":"","street":"2nd Avenue East","unit":"","label":"1285 2nd Avenue East","base_label":"1285 2nd Avenue East","official_street_name":"2nd","official_street_type":"AVE","official_street_direction":"E","nar_coordinate_source":"nar_building","normalized_address":"1285|2ND AVE E|","normalized_base_address":"1285|2ND AVE E|","building_use_code":"3","building_use":"non_residential","address_category":"non_residential","mailing_street_name":"2ND","mailing_street_type":"AVE","mailing_street_direction":"E","mailing_municipality":"OWEN SOUND","mailing_province":"ON","postal_code":"N4K2J2","association_status":"statcan_authoritative_address_location","address_source_status":"authoritative","association_candidates":[],"location_id":"fb8a98b4-4c3d-466c-8c41-6cd14575f401","structure_id":"structure_340b3f2bb25e46829aa7","nar_placement_status":"nearest","nar_placement_distance_m":15.17887547051838,"nar_placement_rejection_reason":null},"geometry":{"type":"Point","coordinates":[-80.939305,44.57357]}},{"type":"Feature","id":"address_5f16dd762e058c79cc4e","properties":{"address_id":"address_5f16dd762e058c79cc4e","source_address_guid":"5177460b-ad11-484a-aa5f-30b7d207459b","source_location_guid":"3c5fc519-043a-4ad6-8c52-52c6cd912b49","external_source":"statistics_canada_national_address_register","external_id":"5177460b-ad11-484a-aa5f-30b7d207459b","source_retrieval_date":"2026-08-28","civic_number":"1290","civic_number_base":"1290","civic_number_suffix":"","street":"3rd Avenue East","unit":"","label":"1290 3rd Avenue East","base_label":"1290 3rd Avenue East","official_street_name":"3rd","official_street_type":"AVE","official_street_direction":"E","nar_coordinate_source":"nar_building","normalized_address":"1290|3RD AVE E|","normalized_base_address":"1290|3RD AVE E|","building_use_code":"3","building_use":"non_residential","address_category":"non_residential","mailing_street_name":"3RD","mailing_street_type":"AVE","mailing_street_direction":"E","mailing_municipality":"OWEN SOUND","mailing_province":"ON","postal_code":"N4K2L5","association_status":"statcan_authoritative_address_location","address_source_status":"authoritative","association_candidates":[],"location_id":"3c5fc519-043a-4ad6-8c52-52c6cd912b49","structure_id":"structure_85d6dd0b7a8d6555f386","nar_placement_status":"nearest","nar_placement_distance_m":27.281635693771413,"nar_placement_rejection_reason":null},"geometry":{"type":"Point","coordinates":[-80.938295,44.573121]}},{"type":"Feature","id":"address_e040cd5c84f74684a143","properties":{"address_id":"address_e040cd5c84f74684a143","source_address_guid":"a2a69380-753f-4777-929c-180707d5c31b","source_location_guid":"0b7be6f5-c0c0-4dd6-a73f-6717fc0f6f0f","external_source":"statistics_canada_national_address_register","external_id":"a2a69380-753f-4777-929c-180707d5c31b","source_retrieval_date":"2026-08-28","civic_number":"1300","civic_number_base":"1300","civic_number_suffix":"","street":"15th B Street East","unit":"33","label":"1300 15th B Street East Unit 33","base_label":"1300 15th B Street East","official_street_name":"15th B","official_street_type":"ST","official_street_direction":"E","nar_coordinate_source":"nar_block_face_fallback","normalized_address":"1300|15TH B ST E|33","normalized_base_address":"1300|15TH B ST E|","building_use_code":"3","building_use":"non_residential","address_category":"non_residential","mailing_street_name":"15TH ST B","mailing_street_type":"","mailing_street_direction":"E","mailing_municipality":"OWEN SOUND","mailing_province":"ON","postal_code":"N4K6N1","association_status":"unresolved","address_source_status":"authoritative","association_candidates":[],"location_id":"0b7be6f5-c0c0-4dd6-a73f-6717fc0f6f0f","structure_id":null,"nar_placement_status":"unmatched","nar_placement_distance_m":null,"nar_placement_rejection_reason":"no credible footprint within the conservative match threshold"},"geometry":{"type":"Point","coordinates":[-80.922083,44.572728]}},{"type":"Feature","id":"address_70e5459f3d1789db1d31","properties":{"address_id":"address_70e5459f3d1789db1d31","source_address_guid":"e206d0b5-a270-4c96-9125-508c9d389bc1","source_location_guid":"690be50b-ff5d-4471-b014-35d09e2f514f","external_source":"statistics_canada_national_address_register","external_id":"e206d0b5-a270-4c96-9125-508c9d389bc1","source_retrieval_date":"2026-08-28","civic_number":"1300","civic_number_base":"1300","civic_number_suffix":"","street":"16th Avenue East","unit":"","label":"1300 16th Avenue East","base_label":"1300 16th Avenue East","official_street_name":"16th","official_street_type":"AVE","official_street_direction":"E","nar_coordinate_source":"nar_block_face_fallback","normalized_address":"1300|16TH AVE E|","normalized_base_address":"1300|16TH AVE E|","building_use_code":"3","building_use":"non_residential","address_category":"non_residential","mailing_street_name":"16TH","mailing_street_type":"AVE","mailing_street_direction":"E","mailing_municipality":"OWEN SOUND","mailing_province":"ON","postal_code":"N4K0J6","association_status":"unresolved","address_source_status":"authoritative","association_candidates":[],"location_id":"690be50b-ff5d-4471-b014-35d09e2f514f","structure_id":null,"nar_placement_status":"ambiguous","nar_placement_distance_m":32.75749488808804,"nar_placement_rejection_reason":"distinct LOC_GUIDs share one footprint without sufficient multi-entrance or apartment evidence"},"geometry":{"type":"Point","coordinates":[-80.91601,44.572985]}},{"type":"Feature","id":"address_b8642429b2c36d5a7169","properties":{"address_id":"address_b8642429b2c36d5a7169","source_address_guid":"065bff76-4627-47f0-957e-47f0c76d3ee1","source_location_guid":"1880f27c-7a76-40f5-8d19-c6db5d3eee48","external_source":"statistics_canada_national_address_register","external_id":"065bff76-4627-47f0-957e-47f0c76d3ee1","source_retrieval_date":"2026-08-28","civic_number":"1300","civic_number_base":"1300","civic_number_suffix":"","street":"20th Street East","unit":"","label":"1300 20th Street East","base_label":"1300 20th Street East","official_street_name":"20th","official_street_type":"ST","official_street_direction":"E","nar_coordinate_source":"nar_block_face_fallback","normalized_address":"1300|20TH ST E|","normalized_base_address":"1300|20TH ST E|","building_use_code":"3","building_use":"non_residential","address_category":"non_residential","mailing_street_name":"","mailing_street_type":"","mailing_street_direction":"","mailing_municipality":"OWEN SOUND","mailing_province":"ON","postal_code":"N4K6S6","association_status":"statcan_authoritative_address_location","address_source_status":"authoritative","association_candidates":[],"location_id":"1880f27c-7a76-40f5-8d19-c6db5d3eee48","structure_id":"structure_9ffd29ce5948aab92237","nar_placement_status":"nearest","nar_placement_distance_m":16.631302532981532,"nar_placement_rejection_reason":null},"geometry":{"type":"Point","coordinates":[-80.921112,44.581505]}},{"type":"Feature","id":"address_91902173456a78987570","properties":{"address_id":"address_91902173456a78987570","source_address_guid":"6c8073f5-7efb-4a0f-b007-4ca0dc88b1d7","source_location_guid":"a966b301-deff-4dbc-b44a-fd29dde31fa0","external_source":"statistics_canada_national_address_register","external_id":"6c8073f5-7efb-4a0f-b007-4ca0dc88b1d7","source_retrieval_date":"2026-08-28","civic_number":"1304","civic_number_base":"1304","civic_number_suffix":"","street":"2nd Avenue East","unit":"","label":"1304 2nd Avenue East","base_label":"1304 2nd Avenue East","official_street_name":"2nd","official_street_type":"AVE","official_street_direction":"E","nar_coordinate_source":"nar_building","normalized_address":"1304|2ND AVE E|","normalized_base_address":"1304|2ND AVE E|","building_use_code":"3","building_use":"non_residential","address_category":"non_residential","mailing_street_name":"2ND","mailing_street_type":"AVE","mailing_street_direction":"E","mailing_municipality":"OWEN SOUND","mailing_province":"ON","postal_code":"N4K2J4","association_status":"statcan_authoritative_address_location","address_source_status":"authoritative","association_candidates":[],"location_id":"a966b301-deff-4dbc-b44a-fd29dde31fa0","structure_id":"structure_0966a3e1f5a09a68874c","nar_placement_status":"nearest","nar_placement_distance_m":2.266356218003665,"nar_placement_rejection_reason":null},"geometry":{"type":"Point","coordinates":[-80.939402,44.573921]}},{"type":"Feature","id":"address_a3f9a5ada8ba013c2944","properties":{"address_id":"address_a3f9a5ada8ba013c2944","source_address_guid":"a9eb84fb-a938-4054-84db-8af604f0665c","source_location_guid":"4eba2e5c-9a8d-4807-98c1-e8be423034ca","external_source":"statistics_canada_national_address_register","external_id":"a9eb84fb-a938-4054-84db-8af604f0665c","source_retrieval_date":"2026-08-28","civic_number":"132","civic_number_base":"132","civic_number_suffix":"","street":"9th Street East","unit":"","label":"132 9th Street East","base_label":"132 9th Street East","official_street_name":"9th","official_street_type":"ST","official_street_direction":"E","nar_coordinate_source":"nar_building","normalized_address":"132|9TH ST E|","normalized_base_address":"132|9TH ST E|","building_use_code":"3","building_use":"non_residential","address_category":"non_residential","mailing_street_name":"9TH","mailing_street_type":"ST","mailing_street_direction":"E","mailing_municipality":"OWEN SOUND","mailing_province":"ON","postal_code":"N4K1N5","association_status":"unresolved","address_source_status":"authoritative","association_candidates":[],"location_id":"4eba2e5c-9a8d-4807-98c1-e8be423034ca","structure_id":null,"nar_placement_status":"ambiguous","nar_placement_distance_m":9.453735925243926,"nar_placement_rejection_reason":"distinct LOC_GUIDs share one footprint without sufficient multi-entrance or apartment evidence"},"geometry":{"type":"Point","coordinates":[-80.943484,44.565794]}},{"type":"Feature","id":"address_9c1bc2d2393a539eae9b","properties":{"address_id":"address_9c1bc2d2393a539eae9b","source_address_guid":"6179cf82-1014-4de7-af3d-e6b2657bea4c","source_location_guid":"b149eac6-7eb3-4980-914c-5b21dff0e93f","external_source":"statistics_canada_national_address_register","external_id":"6179cf82-1014-4de7-af3d-e6b2657bea4c","source_retrieval_date":"2026-08-28","civic_number":"1320","civic_number_base":"1320","civic_number_suffix":"","street":"2nd Avenue East","unit":"","label":"1320 2nd Avenue East","base_label":"1320 2nd Avenue East","official_street_name":"2nd","official_street_type":"AVE","official_street_direction":"E","nar_coordinate_source":"nar_building","normalized_address":"1320|2ND AVE E|","normalized_base_address":"1320|2ND AVE E|","building_use_code":"3","building_use":"non_residential","address_category":"non_residential","mailing_street_name":"2ND","mailing_street_type":"AVE","mailing_street_direction":"E","mailing_municipality":"OWEN SOUND","mailing_province":"ON","postal_code":"N4K2J4","association_status":"unresolved","address_source_status":"authoritative","association_candidates":[],"location_id":"b149eac6-7eb3-4980-914c-5b21dff0e93f","structure_id":null,"nar_placement_status":"unmatched","nar_placement_distance_m":null,"nar_placement_rejection_reason":"no credible footprint within the conservative match threshold"},"geometry":{"type":"Point","coordinates":[-80.939212,44.57421]}},{"type":"Feature","id":"address_6f58ff6f5ac6df0b93fb","properties":{"address_id":"address_6f58ff6f5ac6df0b93fb","source_address_guid":"0b6240c2-e506-4923-bf06-d7e742c29670","source_location_guid":"6395f4a5-5c8d-4410-b29f-dc2da59c0432","external_source":"statistics_canada_national_address_register","external_id":"0b6240c2-e506-4923-bf06-d7e742c29670","source_retrieval_date":"2026-08-28","civic_number":"1331","civic_number_base":"1331","civic_number_suffix":"","street":"4th Avenue West","unit":"","label":"1331 4th Avenue West","base_label":"1331 4th Avenue West","official_street_name":"4th","official_street_type":"AVE","official_street_direction":"W","nar_coordinate_source":"nar_building","normalized_address":"1331|4TH AVE W|","normalized_base_address":"1331|4TH AVE W|","building_use_code":"3","building_use":"non_residential","address_category":"non_residential","mailing_street_name":"4TH","mailing_street_type":"AVE","mailing_street_direction":"W","mailing_municipality":"OWEN SOUND","mailing_province":"ON","postal_code":"N4K4W9","association_status":"unresolved","address_source_status":"authoritative","association_candidates":[],"location_id":"6395f4a5-5c8d-4410-b29f-dc2da59c0432","structure_id":null,"nar_placement_status":"ambiguous","nar_placement_distance_m":15.765331975772371,"nar_placement_rejection_reason":"multiple nearby footprints remain similarly plausible"},"geometry":{"type":"Point","coordinates":[-80.950595,44.572738]}},{"type":"Feature","id":"address_bab299e2feeac6f41516","properties":{"address_id":"address_bab299e2feeac6f41516","source_address_guid":"31615ddb-7340-4f95-a8f0-ec37fbbdbb72","source_location_guid":"5fe990fb-0edd-4ca3-b275-12d8596f7b60","external_source":"statistics_canada_national_address_register","external_id":"31615ddb-7340-4f95-a8f0-ec37fbbdbb72","source_retrieval_date":"2026-08-28","civic_number":"1333","civic_number_base":"1333","civic_number_suffix":"","street":"2nd Avenue East","unit":"","label":"1333 2nd Avenue East","base_label":"1333 2nd Avenue East","official_street_name":"2nd","official_street_type":"AVE","official_street_direction":"E","nar_coordinate_source":"nar_building","normalized_address":"1333|2ND AVE E|","normalized_base_address":"1333|2ND AVE E|","building_use_code":"3","building_use":"non_residential","address_category":"non_residential","mailing_street_name":"2ND","mailing_street_type":"AVE","mailing_street_direction":"E","mailing_municipality":"OWEN SOUND","mailing_province":"ON","postal_code":"N4K2J5","association_status":"statcan_authoritative_address_location","address_source_status":"authoritative","association_candidates":[],"location_id":"5fe990fb-0edd-4ca3-b275-12d8596f7b60","structure_id":"structure_9c10bf90374f0b22f464","nar_placement_status":"nearest","nar_placement_distance_m":3.020928362896415,"nar_placement_rejection_reason":null},"geometry":{"type":"Point","coordinates":[-80.939055,44.57395]}},{"type":"Feature","id":"address_d0dda7e84016b61c352f","properties":{"address_id":"address_d0dda7e84016b61c352f","source_address_guid":"601d801c-cad1-432d-bfeb-e1c115e074e9","source_location_guid":"9fd25aa8-2797-45c9-9f4f-b572f58fc5c9","external_source":"statistics_canada_national_address_register","external_id":"601d801c-cad1-432d-bfeb-e1c115e074e9","source_retrieval_date":"2026-08-28","civic_number":"1339","civic_number_base":"1339","civic_number_suffix":"","street":"2nd Avenue East","unit":"","label":"1339 2nd Avenue East","base_label":"1339 2nd Avenue East","official_street_name":"2nd","official_street_type":"AVE","official_street_direction":"E","nar_coordinate_source":"nar_building","normalized_address":"1339|2ND AVE E|","normalized_base_address":"1339|2ND AVE E|","building_use_code":"3","building_use":"non_residential","address_category":"non_residential","mailing_street_name":"2ND","mailing_street_type":"AVE","mailing_street_direction":"E","mailing_municipality":"OWEN SOUND","mailing_province":"ON","postal_code":"N4K2J5","association_status":"statcan_authoritative_address_location","address_source_status":"authoritative","association_candidates":[],"location_id":"9fd25aa8-2797-45c9-9f4f-b572f58fc5c9","structure_id":"structure_73865d4dc7efb8147b6a","nar_placement_status":"exact","nar_placement_distance_m":0,"nar_placement_rejection_reason":null},"geometry":{"type":"Point","coordinates":[-80.93899,44.57405]}},{"type":"Feature","id":"address_ae1668bb76686903a0e4","properties":{"address_id":"address_ae1668bb76686903a0e4","source_address_guid":"86d378ff-047e-4c4c-ac87-a2afa017a260","source_location_guid":"db0b6003-5e38-42ac-a2f7-b07e65de9edb","external_source":"statistics_canada_national_address_register","external_id":"86d378ff-047e-4c4c-ac87-a2afa017a260","source_retrieval_date":"2026-08-28","civic_number":"1345","civic_number_base":"1345","civic_number_suffix":"","street":"2nd Avenue East","unit":"","label":"1345 2nd Avenue East","base_label":"1345 2nd Avenue East","official_street_name":"2nd","official_street_type":"AVE","official_street_direction":"E","nar_coordinate_source":"nar_building","normalized_address":"1345|2ND AVE E|","normalized_base_address":"1345|2ND AVE E|","building_use_code":"3","building_use":"non_residential","address_category":"non_residential","mailing_street_name":"2ND","mailing_street_type":"AVE","mailing_street_direction":"E","mailing_municipality":"OWEN SOUND","mailing_province":"ON","postal_code":"N4K2J5","association_status":"unresolved","address_source_status":"authoritative","association_candidates":[],"location_id":"db0b6003-5e38-42ac-a2f7-b07e65de9edb","structure_id":null,"nar_placement_status":"ambiguous","nar_placement_distance_m":0,"nar_placement_rejection_reason":"distinct LOC_GUIDs share one footprint without sufficient multi-entrance or apartment evidence"},"geometry":{"type":"Point","coordinates":[-80.938919,44.574158]}},{"type":"Feature","id":"address_b0037a34f6244e4fee34","properties":{"address_id":"address_b0037a34f6244e4fee34","source_address_guid":"44cbe414-8656-4133-8ea9-d04b676a7872","source_location_guid":"c01cadf9-e741-4b6e-b473-fafd97dbce67","external_source":"statistics_canada_national_address_register","external_id":"44cbe414-8656-4133-8ea9-d04b676a7872","source_retrieval_date":"2026-08-28","civic_number":"1349","civic_number_base":"1349","civic_number_suffix":"","street":"2nd Avenue East","unit":"","label":"1349 2nd Avenue East","base_label":"1349 2nd Avenue East","official_street_name":"2nd","official_street_type":"AVE","official_street_direction":"E","nar_coordinate_source":"nar_building","normalized_address":"1349|2ND AVE E|","normalized_base_address":"1349|2ND AVE E|","building_use_code":"3","building_use":"non_residential","address_category":"non_residential","mailing_street_name":"2ND","mailing_street_type":"AVE","mailing_street_direction":"E","mailing_municipality":"OWEN SOUND","mailing_province":"ON","postal_code":"N4K2J5","association_status":"unresolved","address_source_status":"authoritative","association_candidates":[],"location_id":"c01cadf9-e741-4b6e-b473-fafd97dbce67","structure_id":null,"nar_placement_status":"ambiguous","nar_placement_distance_m":0.4860414214274704,"nar_placement_rejection_reason":"distinct LOC_GUIDs share one footprint without sufficient multi-entrance or apartment evidence"},"geometry":{"type":"Point","coordinates":[-80.938868,44.574236]}},{"type":"Feature","id":"address_4a10b068d16f4bc292e5","properties":{"address_id":"address_4a10b068d16f4bc292e5","source_address_guid":"e50e8907-5764-4538-ad06-c58527d764e7","source_location_guid":"7a253e8f-7b3b-4f95-84b3-aabde4c0b086","external_source":"statistics_canada_national_address_register","external_id":"e50e8907-5764-4538-ad06-c58527d764e7","source_retrieval_date":"2026-08-28","civic_number":"1350","civic_number_base":"1350","civic_number_suffix":"","street":"16th Street East","unit":"","label":"1350 16th Street East","base_label":"1350 16th Street East","official_street_name":"16th","official_street_type":"ST","official_street_direction":"E","nar_coordinate_source":"nar_building","normalized_address":"1350|16TH ST E|","normalized_base_address":"1350|16TH ST E|","building_use_code":"3","building_use":"non_residential","address_category":"non_residential","mailing_street_name":"16TH","mailing_street_type":"ST","mailing_street_direction":"E","mailing_municipality":"OWEN SOUND","mailing_province":"ON","postal_code":"N4K6N7","association_status":"statcan_authoritative_address_location","address_source_status":"authoritative","association_candidates":[],"location_id":"7a253e8f-7b3b-4f95-84b3-aabde4c0b086","structure_id":"structure_12f5e72b207c06f89c80","nar_placement_status":"nearest","nar_placement_distance_m":45.751437345134065,"nar_placement_rejection_reason":null},"geometry":{"type":"Point","coordinates":[-80.91707,44.574832]}},{"type":"Feature","id":"address_29855037338395bdc3cb","properties":{"address_id":"address_29855037338395bdc3cb","source_address_guid":"5f4f8967-cca1-4609-aee4-e4a3356c824a","source_location_guid":"7a253e8f-7b3b-4f95-84b3-aabde4c0b086","external_source":"statistics_canada_national_address_register","external_id":"5f4f8967-cca1-4609-aee4-e4a3356c824a","source_retrieval_date":"2026-08-28","civic_number":"1350","civic_number_base":"1350","civic_number_suffix":"","street":"16th Street East","unit":"1","label":"1350 16th Street East Unit 1","base_label":"1350 16th Street East","official_street_name":"16th","official_street_type":"ST","official_street_direction":"E","nar_coordinate_source":"nar_building","normalized_address":"1350|16TH ST E|1","normalized_base_address":"1350|16TH ST E|","building_use_code":"3","building_use":"non_residential","address_category":"non_residential","mailing_street_name":"16TH","mailing_street_type":"ST","mailing_street_direction":"E","mailing_municipality":"OWEN SOUND","mailing_province":"ON","postal_code":"N4K6N7","association_status":"statcan_authoritative_address_location","address_source_status":"authoritative","association_candidates":[],"location_id":"7a253e8f-7b3b-4f95-84b3-aabde4c0b086","structure_id":"structure_12f5e72b207c06f89c80","nar_placement_status":"nearest","nar_placement_distance_m":45.751437345134065,"nar_placement_rejection_reason":null},"geometry":{"type":"Point","coordinates":[-80.91707,44.574832]}},{"type":"Feature","id":"address_61c348a607a110572317","properties":{"address_id":"address_61c348a607a110572317","source_address_guid":"3c04d50a-a758-4348-8e97-1835c6d1b157","source_location_guid":"7a253e8f-7b3b-4f95-84b3-aabde4c0b086","external_source":"statistics_canada_national_address_register","external_id":"3c04d50a-a758-4348-8e97-1835c6d1b157","source_retrieval_date":"2026-08-28","civic_number":"1350","civic_number_base":"1350","civic_number_suffix":"","street":"16th Street East","unit":"12","label":"1350 16th Street East Unit 12","base_label":"1350 16th Street East","official_street_name":"16th","official_street_type":"ST","official_street_direction":"E","nar_coordinate_source":"nar_building","normalized_address":"1350|16TH ST E|12","normalized_base_address":"1350|16TH ST E|","building_use_code":"3","building_use":"non_residential","address_category":"non_residential","mailing_street_name":"16TH","mailing_street_type":"ST","mailing_street_direction":"E","mailing_municipality":"OWEN SOUND","mailing_province":"ON","postal_code":"N4K6N7","association_status":"statcan_authoritative_address_location","address_source_status":"authoritative","association_candidates":[],"location_id":"7a253e8f-7b3b-4f95-84b3-aabde4c0b086","structure_id":"structure_12f5e72b207c06f89c80","nar_placement_status":"nearest","nar_placement_distance_m":45.751437345134065,"nar_placement_rejection_reason":null},"geometry":{"type":"Point","coordinates":[-80.91707,44.574832]}},{"type":"Feature","id":"address_b100222be9a46be99809","properties":{"address_id":"address_b100222be9a46be99809","source_address_guid":"568163d2-c7f5-429b-ae6a-67279d2056cb","source_location_guid":"7a253e8f-7b3b-4f95-84b3-aabde4c0b086","external_source":"statistics_canada_national_address_register","external_id":"568163d2-c7f5-429b-ae6a-67279d2056cb","source_retrieval_date":"2026-08-28","civic_number":"1350","civic_number_base":"1350","civic_number_suffix":"","street":"16th Street East","unit":"16","label":"1350 16th Street East Unit 16","base_label":"1350 16th Street East","official_street_name":"16th","official_street_type":"ST","official_street_direction":"E","nar_coordinate_source":"nar_building","normalized_address":"1350|16TH ST E|16","normalized_base_address":"1350|16TH ST E|","building_use_code":"3","building_use":"non_residential","address_category":"non_residential","mailing_street_name":"16TH","mailing_street_type":"ST","mailing_street_direction":"E","mailing_municipality":"OWEN SOUND","mailing_province":"ON","postal_code":"N4K6N7","association_status":"statcan_authoritative_address_location","address_source_status":"authoritative","association_candidates":[],"location_id":"7a253e8f-7b3b-4f95-84b3-aabde4c0b086","structure_id":"structure_12f5e72b207c06f89c80","nar_placement_status":"nearest","nar_placement_distance_m":45.751437345134065,"nar_placement_rejection_reason":null},"geometry":{"type":"Point","coordinates":[-80.91707,44.574832]}},{"type":"Feature","id":"address_41ddbc00807c4b24508d","properties":{"address_id":"address_41ddbc00807c4b24508d","source_address_guid":"37adc8e4-2be8-4c7e-8cdf-7a45b2a840d7","source_location_guid":"7a253e8f-7b3b-4f95-84b3-aabde4c0b086","external_source":"statistics_canada_national_address_register","external_id":"37adc8e4-2be8-4c7e-8cdf-7a45b2a840d7","source_retrieval_date":"2026-08-28","civic_number":"1350","civic_number_base":"1350","civic_number_suffix":"","street":"16th Street East","unit":"9","label":"1350 16th Street East Unit 9","base_label":"1350 16th Street East","official_street_name":"16th","official_street_type":"ST","official_street_direction":"E","nar_coordinate_source":"nar_building","normalized_address":"1350|16TH ST E|9","normalized_base_address":"1350|16TH ST E|","building_use_code":"3","building_use":"non_residential","address_category":"non_residential","mailing_street_name":"16TH","mailing_street_type":"ST","mailing_street_direction":"E","mailing_municipality":"OWEN SOUND","mailing_province":"ON","postal_code":"N4K6N7","association_status":"statcan_authoritative_address_location","address_source_status":"authoritative","association_candidates":[],"location_id":"7a253e8f-7b3b-4f95-84b3-aabde4c0b086","structure_id":"structure_12f5e72b207c06f89c80","nar_placement_status":"nearest","nar_placement_distance_m":45.751437345134065,"nar_placement_rejection_reason":null},"geometry":{"type":"Point","coordinates":[-80.91707,44.574832]}},{"type":"Feature","id":"address_4736cb92faef888873cc","properties":{"address_id":"address_4736cb92faef888873cc","source_address_guid":"23f23c5d-de60-47ac-945b-03bb6e78d15d","source_location_guid":"546c6fb3-6fb2-47ad-8940-c7eab29ee79e","external_source":"statistics_canada_national_address_register","external_id":"23f23c5d-de60-47ac-945b-03bb6e78d15d","source_retrieval_date":"2026-08-28","civic_number":"137","civic_number_base":"137","civic_number_suffix":"","street":"2nd Avenue East","unit":"","label":"137 2nd Avenue East","base_label":"137 2nd Avenue East","official_street_name":"2nd","official_street_type":"AVE","official_street_direction":"E","nar_coordinate_source":"nar_building","normalized_address":"137|2ND AVE E|","normalized_base_address":"137|2ND AVE E|","building_use_code":"3","building_use":"non_residential","address_category":"non_residential","mailing_street_name":"2ND","mailing_street_type":"AVE","mailing_street_direction":"E","mailing_municipality":"OWEN SOUND","mailing_province":"ON","postal_code":"N4K2E7","association_status":"statcan_authoritative_address_location","address_source_status":"authoritative","association_candidates":[],"location_id":"546c6fb3-6fb2-47ad-8940-c7eab29ee79e","structure_id":"structure_b2be965e1f6606890406","nar_placement_status":"nearest","nar_placement_distance_m":7.2256936480464224,"nar_placement_rejection_reason":null},"geometry":{"type":"Point","coordinates":[-80.939716,44.5519]}},{"type":"Feature","id":"address_a80de61581ff58b18d23","properties":{"address_id":"address_a80de61581ff58b18d23","source_address_guid":"14b96a69-a08e-4698-b242-ee59f34f67ac","source_location_guid":"2e1a26d5-d6e5-4e76-bead-6a8d338af1d2","external_source":"statistics_canada_national_address_register","external_id":"14b96a69-a08e-4698-b242-ee59f34f67ac","source_retrieval_date":"2026-08-28","civic_number":"1383","civic_number_base":"1383","civic_number_suffix":"","street":"16th Street East","unit":"","label":"1383 16th Street East","base_label":"1383 16th Street East","official_street_name":"16th","official_street_type":"ST","official_street_direction":"E","nar_coordinate_source":"nar_building","normalized_address":"1383|16TH ST E|","normalized_base_address":"1383|16TH ST E|","building_use_code":"3","building_use":"non_residential","address_category":"non_residential","mailing_street_name":"16TH","mailing_street_type":"ST","mailing_street_direction":"E","mailing_municipality":"OWEN SOUND","mailing_province":"ON","postal_code":"N4K1Z4","association_status":"unresolved","address_source_status":"authoritative","association_candidates":[],"location_id":"2e1a26d5-d6e5-4e76-bead-6a8d338af1d2","structure_id":null,"nar_placement_status":"ambiguous","nar_placement_distance_m":28.432421413943043,"nar_placement_rejection_reason":"distinct LOC_GUIDs share one footprint without sufficient multi-entrance or apartment evidence"},"geometry":{"type":"Point","coordinates":[-80.919951,44.574281]}},{"type":"Feature","id":"address_9200cb34f71c26ceb103","properties":{"address_id":"address_9200cb34f71c26ceb103","source_address_guid":"34991216-0aeb-40b9-9cde-9798894d5e13","source_location_guid":"6435ad90-8153-49d8-8677-0165866984fb","external_source":"statistics_canada_national_address_register","external_id":"34991216-0aeb-40b9-9cde-9798894d5e13","source_retrieval_date":"2026-08-28","civic_number":"1390","civic_number_base":"1390","civic_number_suffix":"","street":"2nd Avenue West","unit":"","label":"1390 2nd Avenue West","base_label":"1390 2nd Avenue West","official_street_name":"2nd","official_street_type":"AVE","official_street_direction":"W","nar_coordinate_source":"nar_building","normalized_address":"1390|2ND AVE W|","normalized_base_address":"1390|2ND AVE W|","building_use_code":"3","building_use":"non_residential","address_category":"non_residential","mailing_street_name":"2ND","mailing_street_type":"AVE","mailing_street_direction":"W","mailing_municipality":"OWEN SOUND","mailing_province":"ON","postal_code":"N4K4N4","association_status":"statcan_authoritative_address_location","address_source_status":"authoritative","association_candidates":[],"location_id":"6435ad90-8153-49d8-8677-0165866984fb","structure_id":"structure_68ddbcdea7cd45f66302","nar_placement_status":"nearest","nar_placement_distance_m":1.3401372327042207,"nar_placement_rejection_reason":null},"geometry":{"type":"Point","coordinates":[-80.947219,44.573017]}},{"type":"Feature","id":"address_b930e76970436fd692d3","properties":{"address_id":"address_b930e76970436fd692d3","source_address_guid":"20ef3bf3-5bed-48d0-9f21-2f5e4a12a3d5","source_location_guid":"992ae72b-338d-4148-b828-fb3cf1ffc013","external_source":"statistics_canada_national_address_register","external_id":"20ef3bf3-5bed-48d0-9f21-2f5e4a12a3d5","source_retrieval_date":"2026-08-28","civic_number":"1393","civic_number_base":"1393","civic_number_suffix":"","street":"16th Avenue East","unit":"","label":"1393 16th Avenue East","base_label":"1393 16th Avenue East","official_street_name":"16th","official_street_type":"AVE","official_street_direction":"E","nar_coordinate_source":"nar_block_face_fallback","normalized_address":"1393|16TH AVE E|","normalized_base_address":"1393|16TH AVE E|","building_use_code":"3","building_use":"non_residential","address_category":"non_residential","mailing_street_name":"16TH","mailing_street_type":"AVE","mailing_street_direction":"E","mailing_municipality":"OWEN SOUND","mailing_province":"ON","postal_code":"N4K0J3","association_status":"statcan_authoritative_address_location","address_source_status":"authoritative","association_candidates":[],"location_id":"992ae72b-338d-4148-b828-fb3cf1ffc013","structure_id":"structure_0299754898bc875e97c6","nar_placement_status":"nearest","nar_placement_distance_m":24.079184365970104,"nar_placement_rejection_reason":null},"geometry":{"type":"Point","coordinates":[-80.915888,44.572997]}},{"type":"Feature","id":"address_b741dc8e9c9038aee329","properties":{"address_id":"address_b741dc8e9c9038aee329","source_address_guid":"7487fb49-5a54-4216-86bb-de0acb6ea826","source_location_guid":"01aa1994-9fb7-47c0-9a35-6bc291bdc5a6","external_source":"statistics_canada_national_address_register","external_id":"7487fb49-5a54-4216-86bb-de0acb6ea826","source_retrieval_date":"2026-08-28","civic_number":"1395","civic_number_base":"1395","civic_number_suffix":"","street":"2nd Avenue West","unit":"","label":"1395 2nd Avenue West","base_label":"1395 2nd Avenue West","official_street_name":"2nd","official_street_type":"AVE","official_street_direction":"W","nar_coordinate_source":"nar_building","normalized_address":"1395|2ND AVE W|","normalized_base_address":"1395|2ND AVE W|","building_use_code":"3","building_use":"non_residential","address_category":"non_residential","mailing_street_name":"2ND","mailing_street_type":"AVE","mailing_street_direction":"W","mailing_municipality":"OWEN SOUND","mailing_province":"ON","postal_code":"N4K4N5","association_status":"statcan_authoritative_address_location","address_source_status":"authoritative","association_candidates":[],"location_id":"01aa1994-9fb7-47c0-9a35-6bc291bdc5a6","structure_id":"structure_252e057021d74c4967b9","nar_placement_status":"nearest","nar_placement_distance_m":1.0157822079875585,"nar_placement_rejection_reason":null},"geometry":{"type":"Point","coordinates":[-80.947226,44.57305]}},{"type":"Feature","id":"address_80f60d7280dde5e4a03c","properties":{"address_id":"address_80f60d7280dde5e4a03c","source_address_guid":"3f88b714-1c83-4136-a650-d28f2be5239e","source_location_guid":"7b760fd4-890c-46c5-b02c-462b06cf43ce","external_source":"statistics_canada_national_address_register","external_id":"3f88b714-1c83-4136-a650-d28f2be5239e","source_retrieval_date":"2026-08-28","civic_number":"1398","civic_number_base":"1398","civic_number_suffix":"","street":"1st Avenue West","unit":"","label":"1398 1st Avenue West","base_label":"1398 1st Avenue West","official_street_name":"1st","official_street_type":"AVE","official_street_direction":"W","nar_coordinate_source":"nar_building","normalized_address":"1398|1ST AVE W|","normalized_base_address":"1398|1ST AVE W|","building_use_code":"3","building_use":"non_residential","address_category":"non_residential","mailing_street_name":"1ST","mailing_street_type":"AVE","mailing_street_direction":"W","mailing_municipality":"OWEN SOUND","mailing_province":"ON","postal_code":"N4K4L2","association_status":"statcan_authoritative_address_location","address_source_status":"authoritative","association_candidates":[],"location_id":"7b760fd4-890c-46c5-b02c-462b06cf43ce","structure_id":"structure_e6be34a62d2476fb7f0c","nar_placement_status":"nearest","nar_placement_distance_m":4.928008117071731,"nar_placement_rejection_reason":null},"geometry":{"type":"Point","coordinates":[-80.945643,44.572928]}},{"type":"Feature","id":"address_79293621c5deb71a6b21","properties":{"address_id":"address_79293621c5deb71a6b21","source_address_guid":"0148e6d3-89d8-400e-8065-95b0a28a3191","source_location_guid":"3e66963c-d6fd-4d2e-af64-f16a9b4929ff","external_source":"statistics_canada_national_address_register","external_id":"0148e6d3-89d8-400e-8065-95b0a28a3191","source_retrieval_date":"2026-08-28","civic_number":"1400","civic_number_base":"1400","civic_number_suffix":"","street":"1st Avenue West","unit":"","label":"1400 1st Avenue West","base_label":"1400 1st Avenue West","official_street_name":"1st","official_street_type":"AVE","official_street_direction":"W","nar_coordinate_source":"nar_building","normalized_address":"1400|1ST AVE W|","normalized_base_address":"1400|1ST AVE W|","building_use_code":"3","building_use":"non_residential","address_category":"non_residential","mailing_street_name":"1ST","mailing_street_type":"AVE","mailing_street_direction":"W","mailing_municipality":"OWEN SOUND","mailing_province":"ON","postal_code":"N4K6Z9","association_status":"statcan_authoritative_address_location","address_source_status":"authoritative","association_candidates":[],"location_id":"3e66963c-d6fd-4d2e-af64-f16a9b4929ff","structure_id":"structure_47317e8c5782f77b7cac","nar_placement_status":"nearest","nar_placement_distance_m":0.8380816586930473,"nar_placement_rejection_reason":null},"geometry":{"type":"Point","coordinates":[-80.945724,44.573294]}},{"type":"Feature","id":"address_1f7701c00d5b25617e2e","properties":{"address_id":"address_1f7701c00d5b25617e2e","source_address_guid":"bbe9f1fb-cade-4f24-bf28-13f677baa0d5","source_location_guid":"bfbe0c9a-6fb4-4de2-b2e7-9e4b1eba818b","external_source":"statistics_canada_national_address_register","external_id":"bbe9f1fb-cade-4f24-bf28-13f677baa0d5","source_retrieval_date":"2026-08-28","civic_number":"1411","civic_number_base":"1411","civic_number_suffix":"","street":"16th Street East","unit":"","label":"1411 16th Street East","base_label":"1411 16th Street East","official_street_name":"16th","official_street_type":"ST","official_street_direction":"E","nar_coordinate_source":"nar_building","normalized_address":"1411|16TH ST E|","normalized_base_address":"1411|16TH ST E|","building_use_code":"3","building_use":"non_residential","address_category":"non_residential","mailing_street_name":"16TH","mailing_street_type":"ST","mailing_street_direction":"E","mailing_municipality":"OWEN SOUND","mailing_province":"ON","postal_code":"N4K1Z4","association_status":"statcan_authoritative_address_location","address_source_status":"authoritative","association_candidates":[],"location_id":"bfbe0c9a-6fb4-4de2-b2e7-9e4b1eba818b","structure_id":"structure_77e2e91e8ab2d0d4aa4b","nar_placement_status":"nearest","nar_placement_distance_m":23.219974734002353,"nar_placement_rejection_reason":null},"geometry":{"type":"Point","coordinates":[-80.919432,44.574341]}},{"type":"Feature","id":"address_3c5d88b037bcf9a5f42d","properties":{"address_id":"address_3c5d88b037bcf9a5f42d","source_address_guid":"f7295fc6-5815-4076-9524-3af1370cf4a4","source_location_guid":"7965c5a2-226f-42dc-9ed3-57ea7e419b02","external_source":"statistics_canada_national_address_register","external_id":"f7295fc6-5815-4076-9524-3af1370cf4a4","source_retrieval_date":"2026-08-28","civic_number":"1450","civic_number_base":"1450","civic_number_suffix":"","street":"1st Avenue West","unit":"","label":"1450 1st Avenue West","base_label":"1450 1st Avenue West","official_street_name":"1st","official_street_type":"AVE","official_street_direction":"W","nar_coordinate_source":"nar_building","normalized_address":"1450|1ST AVE W|","normalized_base_address":"1450|1ST AVE W|","building_use_code":"3","building_use":"non_residential","address_category":"non_residential","mailing_street_name":"1ST","mailing_street_type":"AVE","mailing_street_direction":"W","mailing_municipality":"OWEN SOUND","mailing_province":"ON","postal_code":"N4K6W2","association_status":"statcan_authoritative_address_location","address_source_status":"authoritative","association_candidates":[],"location_id":"7965c5a2-226f-42dc-9ed3-57ea7e419b02","structure_id":"structure_cbeaf6d0582a5404874c","nar_placement_status":"nearest","nar_placement_distance_m":42.48700736036908,"nar_placement_rejection_reason":null},"geometry":{"type":"Point","coordinates":[-80.945877,44.575598]}},{"type":"Feature","id":"address_07037d0e0383511f5bc1","properties":{"address_id":"address_07037d0e0383511f5bc1","source_address_guid":"a8468e34-f284-4143-acca-8bd4ed025e14","source_location_guid":"69c6e588-9fe9-4160-be46-db97170f6b50","external_source":"statistics_canada_national_address_register","external_id":"a8468e34-f284-4143-acca-8bd4ed025e14","source_retrieval_date":"2026-08-28","civic_number":"1450","civic_number_base":"1450","civic_number_suffix":"","street":"2nd Avenue West","unit":"","label":"1450 2nd Avenue West","base_label":"1450 2nd Avenue West","official_street_name":"2nd","official_street_type":"AVE","official_street_direction":"W","nar_coordinate_source":"nar_block_face_fallback","normalized_address":"1450|2ND AVE W|","normalized_base_address":"1450|2ND AVE W|","building_use_code":"3","building_use":"non_residential","address_category":"non_residential","mailing_street_name":"2ND","mailing_street_type":"AVE","mailing_street_direction":"W","mailing_municipality":"OWEN SOUND","mailing_province":"ON","postal_code":"N4K4N7","association_status":"statcan_authoritative_address_location","address_source_status":"authoritative","association_candidates":[],"location_id":"69c6e588-9fe9-4160-be46-db97170f6b50","structure_id":"structure_6daac738a164243d68ee","nar_placement_status":"nearest","nar_placement_distance_m":2.4440933368932574,"nar_placement_rejection_reason":null},"geometry":{"type":"Point","coordinates":[-80.947728,44.573728]}},{"type":"Feature","id":"address_fbfd6c68c6aed915df50","properties":{"address_id":"address_fbfd6c68c6aed915df50","source_address_guid":"f1f6e6f0-29bd-49e2-8253-336c0e04841c","source_location_guid":"ef55668e-117d-4e21-a9f1-e061484078b8","external_source":"statistics_canada_national_address_register","external_id":"f1f6e6f0-29bd-49e2-8253-336c0e04841c","source_retrieval_date":"2026-08-28","civic_number":"1475","civic_number_base":"1475","civic_number_suffix":"","street":"2nd Avenue East","unit":"","label":"1475 2nd Avenue East","base_label":"1475 2nd Avenue East","official_street_name":"2nd","official_street_type":"AVE","official_street_direction":"E","nar_coordinate_source":"nar_block_face_fallback","normalized_address":"1475|2ND AVE E|","normalized_base_address":"1475|2ND AVE E|","building_use_code":"3","building_use":"non_residential","address_category":"non_residential","mailing_street_name":"2ND","mailing_street_type":"AVE","mailing_street_direction":"E","mailing_municipality":"OWEN SOUND","mailing_province":"ON","postal_code":"N4K2J6","association_status":"unresolved","address_source_status":"authoritative","association_candidates":[],"location_id":"ef55668e-117d-4e21-a9f1-e061484078b8","structure_id":null,"nar_placement_status":"ambiguous","nar_placement_distance_m":8.611622715632857,"nar_placement_rejection_reason":"multiple nearby footprints remain similarly plausible"},"geometry":{"type":"Point","coordinates":[-80.937599,44.576206]}},{"type":"Feature","id":"address_3f9ed0ffcb54175492f8","properties":{"address_id":"address_3f9ed0ffcb54175492f8","source_address_guid":"46c7fa63-04d6-43af-9f78-69f149ec5ccf","source_location_guid":"599aeae8-0c1c-448d-b3ea-c6da98c354f7","external_source":"statistics_canada_national_address_register","external_id":"46c7fa63-04d6-43af-9f78-69f149ec5ccf","source_retrieval_date":"2026-08-28","civic_number":"1507","civic_number_base":"1507","civic_number_suffix":"","street":"9th Avenue East","unit":"","label":"1507 9th Avenue East","base_label":"1507 9th Avenue East","official_street_name":"9th","official_street_type":"AVE","official_street_direction":"E","nar_coordinate_source":"nar_building","normalized_address":"1507|9TH AVE E|","normalized_base_address":"1507|9TH AVE E|","building_use_code":"3","building_use":"non_residential","address_category":"non_residential","mailing_street_name":"9TH","mailing_street_type":"AVE","mailing_street_direction":"E","mailing_municipality":"OWEN SOUND","mailing_province":"ON","postal_code":"N4K3E9","association_status":"unresolved","address_source_status":"authoritative","association_candidates":[],"location_id":"599aeae8-0c1c-448d-b3ea-c6da98c354f7","structure_id":null,"nar_placement_status":"unmatched","nar_placement_distance_m":null,"nar_placement_rejection_reason":"no credible footprint within the conservative match threshold"},"geometry":{"type":"Point","coordinates":[-80.928202,44.569533]}},{"type":"Feature","id":"address_eb2d46b3f70d05462254","properties":{"address_id":"address_eb2d46b3f70d05462254","source_address_guid":"9030ac4b-9080-41d3-b4a6-1afc897faf25","source_location_guid":"68a59ec4-41e4-43ac-ae62-a21471c4066d","external_source":"statistics_canada_national_address_register","external_id":"9030ac4b-9080-41d3-b4a6-1afc897faf25","source_retrieval_date":"2026-08-28","civic_number":"151","civic_number_base":"151","civic_number_suffix":"","street":"8th Street East","unit":"","label":"151 8th Street East","base_label":"151 8th Street East","official_street_name":"8th","official_street_type":"ST","official_street_direction":"E","nar_coordinate_source":"nar_building","normalized_address":"151|8TH ST E|","normalized_base_address":"151|8TH ST E|","building_use_code":"3","building_use":"non_residential","address_category":"non_residential","mailing_street_name":"8TH","mailing_street_type":"ST","mailing_street_direction":"E","mailing_municipality":"OWEN SOUND","mailing_province":"ON","postal_code":"N4K1K9","association_status":"unresolved","address_source_status":"authoritative","association_candidates":[],"location_id":"68a59ec4-41e4-43ac-ae62-a21471c4066d","structure_id":null,"nar_placement_status":"unmatched","nar_placement_distance_m":null,"nar_placement_rejection_reason":"no credible footprint within the conservative match threshold"},"geometry":{"type":"Point","coordinates":[-80.943603,44.563705]}},{"type":"Feature","id":"address_9c77c0c0fa2c7ac2684c","properties":{"address_id":"address_9c77c0c0fa2c7ac2684c","source_address_guid":"9807f08f-2fe2-4f80-a021-54cce0d9eda8","source_location_guid":"fea2e40f-f53d-4870-9680-4d048697b540","external_source":"statistics_canada_national_address_register","external_id":"9807f08f-2fe2-4f80-a021-54cce0d9eda8","source_retrieval_date":"2026-08-28","civic_number":"1510","civic_number_base":"1510","civic_number_suffix":"","street":"20th Street East","unit":"","label":"1510 20th Street East","base_label":"1510 20th Street East","official_street_name":"20th","official_street_type":"ST","official_street_direction":"E","nar_coordinate_source":"nar_block_face_fallback","normalized_address":"1510|20TH ST E|","normalized_base_address":"1510|20TH ST E|","building_use_code":"3","building_use":"non_residential","address_category":"non_residential","mailing_street_name":"","mailing_street_type":"","mailing_street_direction":"","mailing_municipality":"OWEN SOUND","mailing_province":"ON","postal_code":"N4K6S6","association_status":"unresolved","address_source_status":"authoritative","association_candidates":[],"location_id":"fea2e40f-f53d-4870-9680-4d048697b540","structure_id":null,"nar_placement_status":"ambiguous","nar_placement_distance_m":16.631302532981532,"nar_placement_rejection_reason":"distinct LOC_GUIDs share one footprint without sufficient multi-entrance or apartment evidence"},"geometry":{"type":"Point","coordinates":[-80.921112,44.581505]}},{"type":"Feature","id":"address_dd2264645dffb6720cd2","properties":{"address_id":"address_dd2264645dffb6720cd2","source_address_guid":"06282735-3cbb-4340-9706-5e2dd9cc008c","source_location_guid":"7201ac2e-a0e8-4cc8-82ae-925b11382ebb","external_source":"statistics_canada_national_address_register","external_id":"06282735-3cbb-4340-9706-5e2dd9cc008c","source_retrieval_date":"2026-08-28","civic_number":"1510","civic_number_base":"1510","civic_number_suffix":"","street":"9th Avenue East","unit":"","label":"1510 9th Avenue East","base_label":"1510 9th Avenue East","official_street_name":"9th","official_street_type":"AVE","official_street_direction":"E","nar_coordinate_source":"nar_building","normalized_address":"1510|9TH AVE E|","normalized_base_address":"1510|9TH AVE E|","building_use_code":"3","building_use":"non_residential","address_category":"non_residential","mailing_street_name":"9TH","mailing_street_type":"AVE","mailing_street_direction":"E","mailing_municipality":"OWEN SOUND","mailing_province":"ON","postal_code":"N4K3G1","association_status":"unresolved","address_source_status":"authoritative","association_candidates":[],"location_id":"7201ac2e-a0e8-4cc8-82ae-925b11382ebb","structure_id":null,"nar_placement_status":"ambiguous","nar_placement_distance_m":19.77206062291511,"nar_placement_rejection_reason":"distinct LOC_GUIDs share one footprint without sufficient multi-entrance or apartment evidence"},"geometry":{"type":"Point","coordinates":[-80.928547,44.57012]}},{"type":"Feature","id":"address_64d06d8c846e0f62a34f","properties":{"address_id":"address_64d06d8c846e0f62a34f","source_address_guid":"62c35936-d612-41b5-adb5-a24125866eaf","source_location_guid":"96455b0a-62b6-4214-9f7d-9b69e927161e","external_source":"statistics_canada_national_address_register","external_id":"62c35936-d612-41b5-adb5-a24125866eaf","source_retrieval_date":"2026-08-28","civic_number":"1514","civic_number_base":"1514","civic_number_suffix":"","street":"9th Avenue East","unit":"","label":"1514 9th Avenue East","base_label":"1514 9th Avenue East","official_street_name":"9th","official_street_type":"AVE","official_street_direction":"E","nar_coordinate_source":"nar_building","normalized_address":"1514|9TH AVE E|","normalized_base_address":"1514|9TH AVE E|","building_use_code":"3","building_use":"non_residential","address_category":"non_residential","mailing_street_name":"9TH","mailing_street_type":"AVE","mailing_street_direction":"E","mailing_municipality":"OWEN SOUND","mailing_province":"ON","postal_code":"N4K3G1","association_status":"statcan_authoritative_address_location","address_source_status":"authoritative","association_candidates":[],"location_id":"96455b0a-62b6-4214-9f7d-9b69e927161e","structure_id":"structure_99a459ecdea27ccc8e04","nar_placement_status":"nearest","nar_placement_distance_m":6.025595047381414,"nar_placement_rejection_reason":null},"geometry":{"type":"Point","coordinates":[-80.928492,44.570258]}},{"type":"Feature","id":"address_c0ec5552da935c3110ce","properties":{"address_id":"address_c0ec5552da935c3110ce","source_address_guid":"877a0f0e-8aef-4b72-96cc-dcc17704656e","source_location_guid":"b52b4d19-d2c7-4934-8387-94020c5ee5f0","external_source":"statistics_canada_national_address_register","external_id":"877a0f0e-8aef-4b72-96cc-dcc17704656e","source_retrieval_date":"2026-08-28","civic_number":"1520","civic_number_base":"1520","civic_number_suffix":"","street":"9th Avenue East","unit":"","label":"1520 9th Avenue East","base_label":"1520 9th Avenue East","official_street_name":"9th","official_street_type":"AVE","official_street_direction":"E","nar_coordinate_source":"nar_building","normalized_address":"1520|9TH AVE E|","normalized_base_address":"1520|9TH AVE E|","building_use_code":"3","building_use":"non_residential","address_category":"non_residential","mailing_street_name":"9TH","mailing_street_type":"AVE","mailing_street_direction":"E","mailing_municipality":"OWEN SOUND","mailing_province":"ON","postal_code":"N4K3G1","association_status":"unresolved","address_source_status":"authoritative","association_candidates":[],"location_id":"b52b4d19-d2c7-4934-8387-94020c5ee5f0","structure_id":null,"nar_placement_status":"ambiguous","nar_placement_distance_m":25.70809680346388,"nar_placement_rejection_reason":"distinct LOC_GUIDs share one footprint without sufficient multi-entrance or apartment evidence"},"geometry":{"type":"Point","coordinates":[-80.928252,44.570197]}},{"type":"Feature","id":"address_89caba78acb103fb3c0f","properties":{"address_id":"address_89caba78acb103fb3c0f","source_address_guid":"b26c4b12-bb2c-43bd-bf81-5a62c025da22","source_location_guid":"e9636f32-e9b8-4b86-851f-496da5e392c7","external_source":"statistics_canada_national_address_register","external_id":"b26c4b12-bb2c-43bd-bf81-5a62c025da22","source_retrieval_date":"2026-08-28","civic_number":"153","civic_number_base":"153","civic_number_suffix":"","street":"8th Street East","unit":"","label":"153 8th Street East","base_label":"153 8th Street East","official_street_name":"8th","official_street_type":"ST","official_street_direction":"E","nar_coordinate_source":"nar_building","normalized_address":"153|8TH ST E|","normalized_base_address":"153|8TH ST E|","building_use_code":"3","building_use":"non_residential","address_category":"non_residential","mailing_street_name":"8TH","mailing_street_type":"ST","mailing_street_direction":"E","mailing_municipality":"OWEN SOUND","mailing_province":"ON","postal_code":"N4K1K9","association_status":"unresolved","address_source_status":"authoritative","association_candidates":[],"location_id":"e9636f32-e9b8-4b86-851f-496da5e392c7","structure_id":null,"nar_placement_status":"unmatched","nar_placement_distance_m":null,"nar_placement_rejection_reason":"no credible footprint within the conservative match threshold"},"geometry":{"type":"Point","coordinates":[-80.943544,44.563712]}},{"type":"Feature","id":"address_63f4cdd8d6ec24e889ca","properties":{"address_id":"address_63f4cdd8d6ec24e889ca","source_address_guid":"44a20f5e-d85e-4e19-a3ab-ee501d9ccd57","source_location_guid":"aabe9056-37d3-4618-ac7d-4f92ef6dd18a","external_source":"statistics_canada_national_address_register","external_id":"44a20f5e-d85e-4e19-a3ab-ee501d9ccd57","source_retrieval_date":"2026-08-28","civic_number":"1545","civic_number_base":"1545","civic_number_suffix":"","street":"16th Street East","unit":"","label":"1545 16th Street East","base_label":"1545 16th Street East","official_street_name":"16th","official_street_type":"ST","official_street_direction":"E","nar_coordinate_source":"nar_block_face_fallback","normalized_address":"1545|16TH ST E|","normalized_base_address":"1545|16TH ST E|","building_use_code":"3","building_use":"non_residential","address_category":"non_residential","mailing_street_name":"16TH","mailing_street_type":"ST","mailing_street_direction":"E","mailing_municipality":"OWEN SOUND","mailing_province":"ON","postal_code":"N4K5N3","association_status":"statcan_authoritative_address_location","address_source_status":"authoritative","association_candidates":[],"location_id":"aabe9056-37d3-4618-ac7d-4f92ef6dd18a","structure_id":"structure_0afd4d8c7916ef17a2fa","nar_placement_status":"nearest","nar_placement_distance_m":27.247707521356705,"nar_placement_rejection_reason":null},"geometry":{"type":"Point","coordinates":[-80.919913,44.574286]}},{"type":"Feature","id":"address_529a9688eb9327cb0649","properties":{"address_id":"address_529a9688eb9327cb0649","source_address_guid":"77e08d75-da1d-4dfe-8a15-51c3f7c9aed9","source_location_guid":"0015168a-1e84-4e77-953e-7bdc93ea17d3","external_source":"statistics_canada_national_address_register","external_id":"77e08d75-da1d-4dfe-8a15-51c3f7c9aed9","source_retrieval_date":"2026-08-28","civic_number":"155","civic_number_base":"155","civic_number_suffix":"","street":"9th Street East","unit":"","label":"155 9th Street East","base_label":"155 9th Street East","official_street_name":"9th","official_street_type":"ST","official_street_direction":"E","nar_coordinate_source":"nar_building","normalized_address":"155|9TH ST E|","normalized_base_address":"155|9TH ST E|","building_use_code":"3","building_use":"non_residential","address_category":"non_residential","mailing_street_name":"9TH","mailing_street_type":"ST","mailing_street_direction":"E","mailing_municipality":"OWEN SOUND","mailing_province":"ON","postal_code":"N4K1N6","association_status":"statcan_authoritative_address_location","address_source_status":"authoritative","association_candidates":[],"location_id":"0015168a-1e84-4e77-953e-7bdc93ea17d3","structure_id":"structure_a93741c24111de0f8d66","nar_placement_status":"nearest","nar_placement_distance_m":11.42370942442085,"nar_placement_rejection_reason":null},"geometry":{"type":"Point","coordinates":[-80.943685,44.56563]}},{"type":"Feature","id":"address_3151587f9f2476a8ff30","properties":{"address_id":"address_3151587f9f2476a8ff30","source_address_guid":"0ebd6a42-81f7-4010-84c6-5e2a3d8b8074","source_location_guid":"4c5816b6-f817-465f-8513-934167b50f28","external_source":"statistics_canada_national_address_register","external_id":"0ebd6a42-81f7-4010-84c6-5e2a3d8b8074","source_retrieval_date":"2026-08-28","civic_number":"1550","civic_number_base":"1550","civic_number_suffix":"","street":"8th Street East","unit":"","label":"1550 8th Street East","base_label":"1550 8th Street East","official_street_name":"8th","official_street_type":"ST","official_street_direction":"E","nar_coordinate_source":"nar_building","normalized_address":"1550|8TH ST E|","normalized_base_address":"1550|8TH ST E|","building_use_code":"3","building_use":"non_residential","address_category":"non_residential","mailing_street_name":"8TH","mailing_street_type":"ST","mailing_street_direction":"E","mailing_municipality":"OWEN SOUND","mailing_province":"ON","postal_code":"N4K0A2","association_status":"unresolved","address_source_status":"authoritative","association_candidates":[],"location_id":"4c5816b6-f817-465f-8513-934167b50f28","structure_id":null,"nar_placement_status":"unmatched","nar_placement_distance_m":55.71605684013174,"nar_placement_rejection_reason":"no credible footprint within the conservative match threshold"},"geometry":{"type":"Point","coordinates":[-80.915928,44.567126]}},{"type":"Feature","id":"address_e380f2c121a4bb0bdc7a","properties":{"address_id":"address_e380f2c121a4bb0bdc7a","source_address_guid":"07478e23-9e0f-4186-98d4-717287849e5d","source_location_guid":"fb229a6e-4e50-4c10-bb6f-839860c62569","external_source":"statistics_canada_national_address_register","external_id":"07478e23-9e0f-4186-98d4-717287849e5d","source_retrieval_date":"2026-08-28","civic_number":"1555","civic_number_base":"1555","civic_number_suffix":"","street":"16th Street East","unit":"5","label":"1555 16th Street East Unit 5","base_label":"1555 16th Street East","official_street_name":"16th","official_street_type":"ST","official_street_direction":"E","nar_coordinate_source":"nar_building","normalized_address":"1555|16TH ST E|5","normalized_base_address":"1555|16TH ST E|","building_use_code":"3","building_use":"non_residential","address_category":"non_residential","mailing_street_name":"16TH","mailing_street_type":"ST","mailing_street_direction":"E","mailing_municipality":"OWEN SOUND","mailing_province":"ON","postal_code":"N4K5N3","association_status":"statcan_authoritative_address_location","address_source_status":"authoritative","association_candidates":[],"location_id":"fb229a6e-4e50-4c10-bb6f-839860c62569","structure_id":"structure_f906f3982d49500ee3ac","nar_placement_status":"nearest","nar_placement_distance_m":26.713582941663432,"nar_placement_rejection_reason":null},"geometry":{"type":"Point","coordinates":[-80.917265,44.574595]}},{"type":"Feature","id":"address_40b66532b3004572869e","properties":{"address_id":"address_40b66532b3004572869e","source_address_guid":"5c76dcf9-af9a-4f97-8cc2-b40d3f5461c7","source_location_guid":"fbc33f3d-ee3c-4896-878b-d061f0e3b45d","external_source":"statistics_canada_national_address_register","external_id":"5c76dcf9-af9a-4f97-8cc2-b40d3f5461c7","source_retrieval_date":"2026-08-28","civic_number":"1555","civic_number_base":"1555","civic_number_suffix":"","street":"5th Avenue West","unit":"","label":"1555 5th Avenue West","base_label":"1555 5th Avenue West","official_street_name":"5th","official_street_type":"AVE","official_street_direction":"W","nar_coordinate_source":"nar_block_face_fallback","normalized_address":"1555|5TH AVE W|","normalized_base_address":"1555|5TH AVE W|","building_use_code":"3","building_use":"non_residential","address_category":"non_residential","mailing_street_name":"5TH","mailing_street_type":"AVE","mailing_street_direction":"W","mailing_municipality":"OWEN SOUND","mailing_province":"ON","postal_code":"N4K5B4","association_status":"statcan_authoritative_address_location","address_source_status":"authoritative","association_candidates":[],"location_id":"fbc33f3d-ee3c-4896-878b-d061f0e3b45d","structure_id":"structure_e8c99b31b0cb68041499","nar_placement_status":"nearest","nar_placement_distance_m":20.200321499095903,"nar_placement_rejection_reason":null},"geometry":{"type":"Point","coordinates":[-80.953044,44.575467]}},{"type":"Feature","id":"address_dc060d222a4408c07778","properties":{"address_id":"address_dc060d222a4408c07778","source_address_guid":"83a58bbc-8ae6-4b4a-bab6-9d19f5320608","source_location_guid":"d64cee17-b8df-494c-9be5-5044bf1bdf49","external_source":"statistics_canada_national_address_register","external_id":"83a58bbc-8ae6-4b4a-bab6-9d19f5320608","source_retrieval_date":"2026-08-28","civic_number":"1556","civic_number_base":"1556","civic_number_suffix":"","street":"8th Avenue East","unit":"","label":"1556 8th Avenue East","base_label":"1556 8th Avenue East","official_street_name":"8th","official_street_type":"AVE","official_street_direction":"E","nar_coordinate_source":"nar_building","normalized_address":"1556|8TH AVE E|","normalized_base_address":"1556|8TH AVE E|","building_use_code":"3","building_use":"non_residential","address_category":"non_residential","mailing_street_name":"8TH","mailing_street_type":"AVE","mailing_street_direction":"E","mailing_municipality":"OWEN SOUND","mailing_province":"ON","postal_code":"N4K3B6","association_status":"statcan_authoritative_address_location","address_source_status":"authoritative","association_candidates":[],"location_id":"d64cee17-b8df-494c-9be5-5044bf1bdf49","structure_id":"structure_73da61ecb0737362bd01","nar_placement_status":"nearest","nar_placement_distance_m":16.40441349488037,"nar_placement_rejection_reason":null},"geometry":{"type":"Point","coordinates":[-80.928947,44.573051]}},{"type":"Feature","id":"address_0a99636f3484e1da321f","properties":{"address_id":"address_0a99636f3484e1da321f","source_address_guid":"b8d81ba0-011a-4a51-a73f-052a9eb7e3ff","source_location_guid":"4039cd02-b5bb-4e39-9a9f-6b89a15a796b","external_source":"statistics_canada_national_address_register","external_id":"b8d81ba0-011a-4a51-a73f-052a9eb7e3ff","source_retrieval_date":"2026-08-28","civic_number":"156","civic_number_base":"156","civic_number_suffix":"","street":"9th Street East","unit":"","label":"156 9th Street East","base_label":"156 9th Street East","official_street_name":"9th","official_street_type":"ST","official_street_direction":"E","nar_coordinate_source":"nar_building","normalized_address":"156|9TH ST E|","normalized_base_address":"156|9TH ST E|","building_use_code":"3","building_use":"non_residential","address_category":"non_residential","mailing_street_name":"9TH","mailing_street_type":"ST","mailing_street_direction":"E","mailing_municipality":"OWEN SOUND","mailing_province":"ON","postal_code":"N4K1N5","association_status":"statcan_authoritative_address_location","address_source_status":"authoritative","association_candidates":[],"location_id":"4039cd02-b5bb-4e39-9a9f-6b89a15a796b","structure_id":"structure_823d70d2293e3721868f","nar_placement_status":"nearest","nar_placement_distance_m":12.104853786220438,"nar_placement_rejection_reason":null},"geometry":{"type":"Point","coordinates":[-80.94321,44.565794]}},{"type":"Feature","id":"address_f5ee529009fff498439b","properties":{"address_id":"address_f5ee529009fff498439b","source_address_guid":"163e85a7-871f-4a64-b36b-88904277af44","source_location_guid":"1bedc69a-037e-4e20-bbe6-548110bb9371","external_source":"statistics_canada_national_address_register","external_id":"163e85a7-871f-4a64-b36b-88904277af44","source_retrieval_date":"2026-08-28","civic_number":"1565","civic_number_base":"1565","civic_number_suffix":"","street":"16th Street East","unit":"","label":"1565 16th Street East","base_label":"1565 16th Street East","official_street_name":"16th","official_street_type":"ST","official_street_direction":"E","nar_coordinate_source":"nar_building","normalized_address":"1565|16TH ST E|","normalized_base_address":"1565|16TH ST E|","building_use_code":"3","building_use":"non_residential","address_category":"non_residential","mailing_street_name":"16TH","mailing_street_type":"ST","mailing_street_direction":"E","mailing_municipality":"OWEN SOUND","mailing_province":"ON","postal_code":"N4K5N3","association_status":"unresolved","address_source_status":"authoritative","association_candidates":[],"location_id":"1bedc69a-037e-4e20-bbe6-548110bb9371","structure_id":null,"nar_placement_status":"ambiguous","nar_placement_distance_m":30.22915809665012,"nar_placement_rejection_reason":"distinct LOC_GUIDs share one footprint without sufficient multi-entrance or apartment evidence"},"geometry":{"type":"Point","coordinates":[-80.917138,44.574609]}},{"type":"Feature","id":"address_f89f7f95b5231a4430d5","properties":{"address_id":"address_f89f7f95b5231a4430d5","source_address_guid":"e0d05ba7-8c1d-42dd-9427-783888f1d01d","source_location_guid":"1bedc69a-037e-4e20-bbe6-548110bb9371","external_source":"statistics_canada_national_address_register","external_id":"e0d05ba7-8c1d-42dd-9427-783888f1d01d","source_retrieval_date":"2026-08-28","civic_number":"1565","civic_number_base":"1565","civic_number_suffix":"","street":"16th Street East","unit":"3","label":"1565 16th Street East Unit 3","base_label":"1565 16th Street East","official_street_name":"16th","official_street_type":"ST","official_street_direction":"E","nar_coordinate_source":"nar_building","normalized_address":"1565|16TH ST E|3","normalized_base_address":"1565|16TH ST E|","building_use_code":"3","building_use":"non_residential","address_category":"non_residential","mailing_street_name":"16TH","mailing_street_type":"ST","mailing_street_direction":"E","mailing_municipality":"OWEN SOUND","mailing_province":"ON","postal_code":"N4K5N3","association_status":"unresolved","address_source_status":"authoritative","association_candidates":[],"location_id":"1bedc69a-037e-4e20-bbe6-548110bb9371","structure_id":null,"nar_placement_status":"ambiguous","nar_placement_distance_m":30.22915809665012,"nar_placement_rejection_reason":"distinct LOC_GUIDs share one footprint without sufficient multi-entrance or apartment evidence"},"geometry":{"type":"Point","coordinates":[-80.917138,44.574609]}},{"type":"Feature","id":"address_f6adb3b5087207ce06d9","properties":{"address_id":"address_f6adb3b5087207ce06d9","source_address_guid":"11c1a885-6110-41a2-9829-7abed8c82fa6","source_location_guid":"1bedc69a-037e-4e20-bbe6-548110bb9371","external_source":"statistics_canada_national_address_register","external_id":"11c1a885-6110-41a2-9829-7abed8c82fa6","source_retrieval_date":"2026-08-28","civic_number":"1565","civic_number_base":"1565","civic_number_suffix":"","street":"16th Street East","unit":"4","label":"1565 16th Street East Unit 4","base_label":"1565 16th Street East","official_street_name":"16th","official_street_type":"ST","official_street_direction":"E","nar_coordinate_source":"nar_building","normalized_address":"1565|16TH ST E|4","normalized_base_address":"1565|16TH ST E|","building_use_code":"3","building_use":"non_residential","address_category":"non_residential","mailing_street_name":"16TH","mailing_street_type":"ST","mailing_street_direction":"E","mailing_municipality":"OWEN SOUND","mailing_province":"ON","postal_code":"N4K5N3","association_status":"unresolved","address_source_status":"authoritative","association_candidates":[],"location_id":"1bedc69a-037e-4e20-bbe6-548110bb9371","structure_id":null,"nar_placement_status":"ambiguous","nar_placement_distance_m":30.22915809665012,"nar_placement_rejection_reason":"distinct LOC_GUIDs share one footprint without sufficient multi-entrance or apartment evidence"},"geometry":{"type":"Point","coordinates":[-80.917138,44.574609]}},{"type":"Feature","id":"address_210d4fea3204f8a6ef31","properties":{"address_id":"address_210d4fea3204f8a6ef31","source_address_guid":"5ceaccd1-a761-48fe-9892-bfdd703cdac7","source_location_guid":"e2891990-2411-44b3-a5de-1d9af0309319","external_source":"statistics_canada_national_address_register","external_id":"5ceaccd1-a761-48fe-9892-bfdd703cdac7","source_retrieval_date":"2026-08-28","civic_number":"158","civic_number_base":"158","civic_number_suffix":"","street":"9th Street East","unit":"","label":"158 9th Street East","base_label":"158 9th Street East","official_street_name":"9th","official_street_type":"ST","official_street_direction":"E","nar_coordinate_source":"nar_building","normalized_address":"158|9TH ST E|","normalized_base_address":"158|9TH ST E|","building_use_code":"3","building_use":"non_residential","address_category":"non_residential","mailing_street_name":"9TH","mailing_street_type":"ST","mailing_street_direction":"E","mailing_municipality":"OWEN SOUND","mailing_province":"ON","postal_code":"N4K1N5","association_status":"unresolved","address_source_status":"authoritative","association_candidates":[],"location_id":"e2891990-2411-44b3-a5de-1d9af0309319","structure_id":null,"nar_placement_status":"ambiguous","nar_placement_distance_m":16.17814431991381,"nar_placement_rejection_reason":"distinct LOC_GUIDs share one footprint without sufficient multi-entrance or apartment evidence"},"geometry":{"type":"Point","coordinates":[-80.94321,44.565831]}},{"type":"Feature","id":"address_a5c0289f08ef93cc38da","properties":{"address_id":"address_a5c0289f08ef93cc38da","source_address_guid":"5c150fc7-0d2f-4047-9926-08b89274a861","source_location_guid":"b4c052c2-b452-4cd2-8174-7ad8536068ef","external_source":"statistics_canada_national_address_register","external_id":"5c150fc7-0d2f-4047-9926-08b89274a861","source_retrieval_date":"2026-08-28","civic_number":"1580","civic_number_base":"1580","civic_number_suffix":"","street":"20th Street East","unit":"","label":"1580 20th Street East","base_label":"1580 20th Street East","official_street_name":"20th","official_street_type":"ST","official_street_direction":"E","nar_coordinate_source":"nar_block_face_fallback","normalized_address":"1580|20TH ST E|","normalized_base_address":"1580|20TH ST E|","building_use_code":"3","building_use":"non_residential","address_category":"non_residential","mailing_street_name":"","mailing_street_type":"","mailing_street_direction":"","mailing_municipality":"OWEN SOUND","mailing_province":"ON","postal_code":"N4K6S6","association_status":"unresolved","address_source_status":"authoritative","association_candidates":[],"location_id":"b4c052c2-b452-4cd2-8174-7ad8536068ef","structure_id":null,"nar_placement_status":"ambiguous","nar_placement_distance_m":16.631302532981532,"nar_placement_rejection_reason":"distinct LOC_GUIDs share one footprint without sufficient multi-entrance or apartment evidence"},"geometry":{"type":"Point","coordinates":[-80.921112,44.581505]}},{"type":"Feature","id":"address_451ab563db0f83eb9692","properties":{"address_id":"address_451ab563db0f83eb9692","source_address_guid":"6b1142b3-bdb7-4997-82a3-113caddd159b","source_location_guid":"8037b164-cc78-4b5f-99d8-9ad872a85b8a","external_source":"statistics_canada_national_address_register","external_id":"6b1142b3-bdb7-4997-82a3-113caddd159b","source_retrieval_date":"2026-08-28","civic_number":"1590","civic_number_base":"1590","civic_number_suffix":"","street":"20th Avenue East","unit":"","label":"1590 20th Avenue East","base_label":"1590 20th Avenue East","official_street_name":"20th","official_street_type":"AVE","official_street_direction":"E","nar_coordinate_source":"nar_block_face_fallback","normalized_address":"1590|20TH AVE E|","normalized_base_address":"1590|20TH AVE E|","building_use_code":"3","building_use":"non_residential","address_category":"non_residential","mailing_street_name":"20TH","mailing_street_type":"AVE","mailing_street_direction":"E","mailing_municipality":"OWEN SOUND","mailing_province":"ON","postal_code":"N4K5N3","association_status":"unresolved","address_source_status":"authoritative","association_candidates":[],"location_id":"8037b164-cc78-4b5f-99d8-9ad872a85b8a","structure_id":null,"nar_placement_status":"unmatched","nar_placement_distance_m":50.0482000959341,"nar_placement_rejection_reason":"no credible footprint within the conservative match threshold"},"geometry":{"type":"Point","coordinates":[-80.907748,44.57533]}},{"type":"Feature","id":"address_affdbc647a5cd1b7f26f","properties":{"address_id":"address_affdbc647a5cd1b7f26f","source_address_guid":"bbfc24c5-77dc-41d1-8cfc-d73b44853d65","source_location_guid":"d1ccef42-08e6-4398-afe2-ea7cd26bd09a","external_source":"statistics_canada_national_address_register","external_id":"bbfc24c5-77dc-41d1-8cfc-d73b44853d65","source_retrieval_date":"2026-08-28","civic_number":"1595","civic_number_base":"1595","civic_number_suffix":"","street":"3rd Avenue West","unit":"","label":"1595 3rd Avenue West","base_label":"1595 3rd Avenue West","official_street_name":"3rd","official_street_type":"AVE","official_street_direction":"W","nar_coordinate_source":"nar_building","normalized_address":"1595|3RD AVE W|","normalized_base_address":"1595|3RD AVE W|","building_use_code":"3","building_use":"non_residential","address_category":"non_residential","mailing_street_name":"3RD","mailing_street_type":"AVE","mailing_street_direction":"W","mailing_municipality":"OWEN SOUND","mailing_province":"ON","postal_code":"N4K4R2","association_status":"unresolved","address_source_status":"authoritative","association_candidates":[],"location_id":"d1ccef42-08e6-4398-afe2-ea7cd26bd09a","structure_id":null,"nar_placement_status":"unmatched","nar_placement_distance_m":null,"nar_placement_rejection_reason":"no credible footprint within the conservative match threshold"},"geometry":{"type":"Point","coordinates":[-80.950237,44.575164]}},{"type":"Feature","id":"address_478d2e62bebf79389b55","properties":{"address_id":"address_478d2e62bebf79389b55","source_address_guid":"7af7e19e-5bbd-45bf-bbd2-38b8a04c3dd9","source_location_guid":"5abfd56e-b901-4d2f-8234-1b6349bba7cc","external_source":"statistics_canada_national_address_register","external_id":"7af7e19e-5bbd-45bf-bbd2-38b8a04c3dd9","source_retrieval_date":"2026-08-28","civic_number":"1596","civic_number_base":"1596","civic_number_suffix":"","street":"9th Avenue East","unit":"","label":"1596 9th Avenue East","base_label":"1596 9th Avenue East","official_street_name":"9th","official_street_type":"AVE","official_street_direction":"E","nar_coordinate_source":"nar_building","normalized_address":"1596|9TH AVE E|","normalized_base_address":"1596|9TH AVE E|","building_use_code":"3","building_use":"non_residential","address_category":"non_residential","mailing_street_name":"9TH","mailing_street_type":"AVE","mailing_street_direction":"E","mailing_municipality":"OWEN SOUND","mailing_province":"ON","postal_code":"N4K3G3","association_status":"statcan_authoritative_address_location","address_source_status":"authoritative","association_candidates":[],"location_id":"5abfd56e-b901-4d2f-8234-1b6349bba7cc","structure_id":"structure_9679f140ef15020d4d35","nar_placement_status":"nearest","nar_placement_distance_m":13.258895903787758,"nar_placement_rejection_reason":null},"geometry":{"type":"Point","coordinates":[-80.927126,44.573722]}},{"type":"Feature","id":"address_06bccf6aee1c03acbcb9","properties":{"address_id":"address_06bccf6aee1c03acbcb9","source_address_guid":"b9e72ea6-2462-409f-8ca4-70ac61c07c72","source_location_guid":"7b623045-f2b0-440d-85e6-b7d9bf7de48c","external_source":"statistics_canada_national_address_register","external_id":"b9e72ea6-2462-409f-8ca4-70ac61c07c72","source_retrieval_date":"2026-08-28","civic_number":"1598","civic_number_base":"1598","civic_number_suffix":"","street":"18th Avenue East","unit":"","label":"1598 18th Avenue East","base_label":"1598 18th Avenue East","official_street_name":"18th","official_street_type":"AVE","official_street_direction":"E","nar_coordinate_source":"nar_building","normalized_address":"1598|18TH AVE E|","normalized_base_address":"1598|18TH AVE E|","building_use_code":"3","building_use":"non_residential","address_category":"non_residential","mailing_street_name":"18TH","mailing_street_type":"AVE","mailing_street_direction":"E","mailing_municipality":"OWEN SOUND","mailing_province":"ON","postal_code":"N4K0A4","association_status":"statcan_authoritative_address_location","address_source_status":"authoritative","association_candidates":[],"location_id":"7b623045-f2b0-440d-85e6-b7d9bf7de48c","structure_id":"structure_2c5226525082e08f9350","nar_placement_status":"nearest","nar_placement_distance_m":48.289897475565276,"nar_placement_rejection_reason":null},"geometry":{"type":"Point","coordinates":[-80.913071,44.574989]}},{"type":"Feature","id":"address_c941df787ea30b1d4b50","properties":{"address_id":"address_c941df787ea30b1d4b50","source_address_guid":"601fe0fa-3679-44f7-8e41-a909124e1d22","source_location_guid":"b061a073-3c31-40df-a158-3c9756562869","external_source":"statistics_canada_national_address_register","external_id":"601fe0fa-3679-44f7-8e41-a909124e1d22","source_retrieval_date":"2026-08-28","civic_number":"1601","civic_number_base":"1601","civic_number_suffix":"","street":"18th Avenue East","unit":"","label":"1601 18th Avenue East","base_label":"1601 18th Avenue East","official_street_name":"18th","official_street_type":"AVE","official_street_direction":"E","nar_coordinate_source":"nar_block_face_fallback","normalized_address":"1601|18TH AVE E|","normalized_base_address":"1601|18TH AVE E|","building_use_code":"3","building_use":"non_residential","address_category":"non_residential","mailing_street_name":"18TH","mailing_street_type":"AVE","mailing_street_direction":"E","mailing_municipality":"OWEN SOUND","mailing_province":"ON","postal_code":"N4K5N3","association_status":"statcan_authoritative_address_location","address_source_status":"authoritative","association_candidates":[],"location_id":"b061a073-3c31-40df-a158-3c9756562869","structure_id":"structure_45edaddcbc44441899ca","nar_placement_status":"nearest","nar_placement_distance_m":28.929619142870973,"nar_placement_rejection_reason":null},"geometry":{"type":"Point","coordinates":[-80.913014,44.575903]}},{"type":"Feature","id":"address_405317522c413fa72434","properties":{"address_id":"address_405317522c413fa72434","source_address_guid":"44efb8bc-5a8f-4462-b55c-ca1e7ad2904a","source_location_guid":"46300278-c0cb-49dc-b80f-8ecc13c7f599","external_source":"statistics_canada_national_address_register","external_id":"44efb8bc-5a8f-4462-b55c-ca1e7ad2904a","source_retrieval_date":"2026-08-28","civic_number":"1603","civic_number_base":"1603","civic_number_suffix":"","street":"2nd Avenue East","unit":"","label":"1603 2nd Avenue East","base_label":"1603 2nd Avenue East","official_street_name":"2nd","official_street_type":"AVE","official_street_direction":"E","nar_coordinate_source":"nar_building","normalized_address":"1603|2ND AVE E|","normalized_base_address":"1603|2ND AVE E|","building_use_code":"3","building_use":"non_residential","address_category":"non_residential","mailing_street_name":"2ND","mailing_street_type":"AVE","mailing_street_direction":"E","mailing_municipality":"OWEN SOUND","mailing_province":"ON","postal_code":"N4K2J6","association_status":"statcan_authoritative_address_location","address_source_status":"authoritative","association_candidates":[],"location_id":"46300278-c0cb-49dc-b80f-8ecc13c7f599","structure_id":"structure_3dadc05d3ed1271f922a","nar_placement_status":"nearest","nar_placement_distance_m":11.745790548183361,"nar_placement_rejection_reason":null},"geometry":{"type":"Point","coordinates":[-80.937442,44.576406]}},{"type":"Feature","id":"address_b69eae73c0bc422fdac4","properties":{"address_id":"address_b69eae73c0bc422fdac4","source_address_guid":"24cad561-6d51-41e9-aabf-67289bfc353f","source_location_guid":"6d222908-3a8d-4f40-9c87-b8c876d1cb74","external_source":"statistics_canada_national_address_register","external_id":"24cad561-6d51-41e9-aabf-67289bfc353f","source_retrieval_date":"2026-08-28","civic_number":"1610","civic_number_base":"1610","civic_number_suffix":"","street":"20th Street East","unit":"","label":"1610 20th Street East","base_label":"1610 20th Street East","official_street_name":"20th","official_street_type":"ST","official_street_direction":"E","nar_coordinate_source":"nar_block_face_fallback","normalized_address":"1610|20TH ST E|","normalized_base_address":"1610|20TH ST E|","building_use_code":"3","building_use":"non_residential","address_category":"non_residential","mailing_street_name":"","mailing_street_type":"","mailing_street_direction":"","mailing_municipality":"OWEN SOUND","mailing_province":"ON","postal_code":"N4K0E1","association_status":"unresolved","address_source_status":"authoritative","association_candidates":[],"location_id":"6d222908-3a8d-4f40-9c87-b8c876d1cb74","structure_id":null,"nar_placement_status":"ambiguous","nar_placement_distance_m":38.36979884648448,"nar_placement_rejection_reason":"distinct LOC_GUIDs share one footprint without sufficient multi-entrance or apartment evidence"},"geometry":{"type":"Point","coordinates":[-80.913079,44.582429]}},{"type":"Feature","id":"address_9c288f8a43a47e4f52a8","properties":{"address_id":"address_9c288f8a43a47e4f52a8","source_address_guid":"c228ed04-12b1-461a-a5c2-4bbcae5b67b4","source_location_guid":"24d78893-ac46-4863-80ab-6bc4a7f42628","external_source":"statistics_canada_national_address_register","external_id":"c228ed04-12b1-461a-a5c2-4bbcae5b67b4","source_retrieval_date":"2026-08-28","civic_number":"1612","civic_number_base":"1612","civic_number_suffix":"","street":"16th Street East","unit":"","label":"1612 16th Street East","base_label":"1612 16th Street East","official_street_name":"16th","official_street_type":"ST","official_street_direction":"E","nar_coordinate_source":"nar_building","normalized_address":"1612|16TH ST E|","normalized_base_address":"1612|16TH ST E|","building_use_code":"3","building_use":"non_residential","address_category":"non_residential","mailing_street_name":"16TH","mailing_street_type":"ST","mailing_street_direction":"E","mailing_municipality":"OWEN SOUND","mailing_province":"ON","postal_code":"N4K5N3","association_status":"statcan_authoritative_address_location","address_source_status":"authoritative","association_candidates":[],"location_id":"24d78893-ac46-4863-80ab-6bc4a7f42628","structure_id":"structure_c810cb5aa4162ad25997","nar_placement_status":"nearest","nar_placement_distance_m":48.08298610333076,"nar_placement_rejection_reason":null},"geometry":{"type":"Point","coordinates":[-80.91642,44.575001]}},{"type":"Feature","id":"address_f553d64d844c21f72ee2","properties":{"address_id":"address_f553d64d844c21f72ee2","source_address_guid":"e45adff6-97cc-422d-a93b-34aff36ad46e","source_location_guid":"0bdc124a-837f-41f8-b938-214f077b741e","external_source":"statistics_canada_national_address_register","external_id":"e45adff6-97cc-422d-a93b-34aff36ad46e","source_retrieval_date":"2026-08-28","civic_number":"1613","civic_number_base":"1613","civic_number_suffix":"","street":"9th Avenue East","unit":"","label":"1613 9th Avenue East","base_label":"1613 9th Avenue East","official_street_name":"9th","official_street_type":"AVE","official_street_direction":"E","nar_coordinate_source":"nar_building","normalized_address":"1613|9TH AVE E|","normalized_base_address":"1613|9TH AVE E|","building_use_code":"3","building_use":"non_residential","address_category":"non_residential","mailing_street_name":"9TH","mailing_street_type":"AVE","mailing_street_direction":"E","mailing_municipality":"OWEN SOUND","mailing_province":"ON","postal_code":"N4K3G5","association_status":"statcan_authoritative_address_location","address_source_status":"authoritative","association_candidates":[],"location_id":"0bdc124a-837f-41f8-b938-214f077b741e","structure_id":"structure_7d8e6a273a554f128a0b","nar_placement_status":"nearest","nar_placement_distance_m":30.974770386489737,"nar_placement_rejection_reason":null},"geometry":{"type":"Point","coordinates":[-80.926878,44.574119]}},{"type":"Feature","id":"address_c4f3dbd2621657dfae33","properties":{"address_id":"address_c4f3dbd2621657dfae33","source_address_guid":"c8781791-7b5d-4872-bd1d-8935ee5525f7","source_location_guid":"eb2ff74c-a8cb-49a4-8bf3-9a1231af247c","external_source":"statistics_canada_national_address_register","external_id":"c8781791-7b5d-4872-bd1d-8935ee5525f7","source_retrieval_date":"2026-08-28","civic_number":"1615","civic_number_base":"1615","civic_number_suffix":"","street":"2nd Avenue East","unit":"","label":"1615 2nd Avenue East","base_label":"1615 2nd Avenue East","official_street_name":"2nd","official_street_type":"AVE","official_street_direction":"E","nar_coordinate_source":"nar_building","normalized_address":"1615|2ND AVE E|","normalized_base_address":"1615|2ND AVE E|","building_use_code":"3","building_use":"non_residential","address_category":"non_residential","mailing_street_name":"2ND","mailing_street_type":"AVE","mailing_street_direction":"E","mailing_municipality":"OWEN SOUND","mailing_province":"ON","postal_code":"N4K2J6","association_status":"unresolved","address_source_status":"authoritative","association_candidates":[],"location_id":"eb2ff74c-a8cb-49a4-8bf3-9a1231af247c","structure_id":null,"nar_placement_status":"ambiguous","nar_placement_distance_m":18.945511886739656,"nar_placement_rejection_reason":"distinct LOC_GUIDs share one footprint without sufficient multi-entrance or apartment evidence"},"geometry":{"type":"Point","coordinates":[-80.937383,44.576495]}},{"type":"Feature","id":"address_3ee7b9cfec841e0a9812","properties":{"address_id":"address_3ee7b9cfec841e0a9812","source_address_guid":"33c7a79d-97e6-4566-94c9-0039b4189ebd","source_location_guid":"fe28bfa3-4b1f-4149-9ce4-8c089260e81f","external_source":"statistics_canada_national_address_register","external_id":"33c7a79d-97e6-4566-94c9-0039b4189ebd","source_retrieval_date":"2026-08-28","civic_number":"1620","civic_number_base":"1620","civic_number_suffix":"","street":"9th Avenue East","unit":"","label":"1620 9th Avenue East","base_label":"1620 9th Avenue East","official_street_name":"9th","official_street_type":"AVE","official_street_direction":"E","nar_coordinate_source":"nar_block_face_fallback","normalized_address":"1620|9TH AVE E|","normalized_base_address":"1620|9TH AVE E|","building_use_code":"3","building_use":"non_residential","address_category":"non_residential","mailing_street_name":"9TH","mailing_street_type":"AVE","mailing_street_direction":"E","mailing_municipality":"OWEN SOUND","mailing_province":"ON","postal_code":"N4K6S2","association_status":"statcan_authoritative_address_location","address_source_status":"authoritative","association_candidates":[],"location_id":"fe28bfa3-4b1f-4149-9ce4-8c089260e81f","structure_id":"structure_000179ddde6983e735cf","nar_placement_status":"nearest","nar_placement_distance_m":10.341168714841658,"nar_placement_rejection_reason":null},"geometry":{"type":"Point","coordinates":[-80.926726,44.574774]}},{"type":"Feature","id":"address_21ebb4384e42553d2113","properties":{"address_id":"address_21ebb4384e42553d2113","source_address_guid":"4e3f4fcc-b9fb-474c-b04e-60152e7f8ad6","source_location_guid":"beebc8b4-3cc4-49d7-a073-5b43de924f04","external_source":"statistics_canada_national_address_register","external_id":"4e3f4fcc-b9fb-474c-b04e-60152e7f8ad6","source_retrieval_date":"2026-08-28","civic_number":"1655","civic_number_base":"1655","civic_number_suffix":"","street":"3rd Avenue West","unit":"","label":"1655 3rd Avenue West","base_label":"1655 3rd Avenue West","official_street_name":"3rd","official_street_type":"AVE","official_street_direction":"W","nar_coordinate_source":"nar_building","normalized_address":"1655|3RD AVE W|","normalized_base_address":"1655|3RD AVE W|","building_use_code":"3","building_use":"non_residential","address_category":"non_residential","mailing_street_name":"3RD","mailing_street_type":"AVE","mailing_street_direction":"W","mailing_municipality":"OWEN SOUND","mailing_province":"ON","postal_code":"N4K6W8","association_status":"statcan_authoritative_address_location","address_source_status":"authoritative","association_candidates":[],"location_id":"beebc8b4-3cc4-49d7-a073-5b43de924f04","structure_id":"structure_e2beed51e9180ed013b8","nar_placement_status":"nearest","nar_placement_distance_m":4.321530780103735,"nar_placement_rejection_reason":null},"geometry":{"type":"Point","coordinates":[-80.949659,44.576373]}},{"type":"Feature","id":"address_8809b58469d1aad91756","properties":{"address_id":"address_8809b58469d1aad91756","source_address_guid":"e62d76f7-a88b-4131-aa8a-22ef48c37f06","source_location_guid":"6b877cd5-3a37-45cd-a339-a8ebed133cee","external_source":"statistics_canada_national_address_register","external_id":"e62d76f7-a88b-4131-aa8a-22ef48c37f06","source_retrieval_date":"2026-08-28","civic_number":"167","civic_number_base":"167","civic_number_suffix":"","street":"10th Street West","unit":"","label":"167 10th Street West","base_label":"167 10th Street West","official_street_name":"10th","official_street_type":"ST","official_street_direction":"W","nar_coordinate_source":"nar_building","normalized_address":"167|10TH ST W|","normalized_base_address":"167|10TH ST W|","building_use_code":"3","building_use":"non_residential","address_category":"non_residential","mailing_street_name":"10TH","mailing_street_type":"ST","mailing_street_direction":"W","mailing_municipality":"OWEN SOUND","mailing_province":"ON","postal_code":"N4K3R1","association_status":"statcan_authoritative_address_location","address_source_status":"authoritative","association_candidates":[],"location_id":"6b877cd5-3a37-45cd-a339-a8ebed133cee","structure_id":"structure_d9571299a330c28d066f","nar_placement_status":"nearest","nar_placement_distance_m":10.196460708221641,"nar_placement_rejection_reason":null},"geometry":{"type":"Point","coordinates":[-80.945122,44.567395]}},{"type":"Feature","id":"address_395a1928efef001c4e62","properties":{"address_id":"address_395a1928efef001c4e62","source_address_guid":"24d308b1-b40f-4c5e-927f-857d5535ad22","source_location_guid":"4f6e71ec-86b6-4538-9640-093693fc10b5","external_source":"statistics_canada_national_address_register","external_id":"24d308b1-b40f-4c5e-927f-857d5535ad22","source_retrieval_date":"2026-08-28","civic_number":"1679","civic_number_base":"1679","civic_number_suffix":"","street":"2nd Avenue East","unit":"","label":"1679 2nd Avenue East","base_label":"1679 2nd Avenue East","official_street_name":"2nd","official_street_type":"AVE","official_street_direction":"E","nar_coordinate_source":"nar_building","normalized_address":"1679|2ND AVE E|","normalized_base_address":"1679|2ND AVE E|","building_use_code":"3","building_use":"non_residential","address_category":"non_residential","mailing_street_name":"2ND","mailing_street_type":"AVE","mailing_street_direction":"E","mailing_municipality":"OWEN SOUND","mailing_province":"ON","postal_code":"N4K2J6","association_status":"unresolved","address_source_status":"authoritative","association_candidates":[],"location_id":"4f6e71ec-86b6-4538-9640-093693fc10b5","structure_id":null,"nar_placement_status":"ambiguous","nar_placement_distance_m":6.275462002198181,"nar_placement_rejection_reason":"distinct LOC_GUIDs share one footprint without sufficient multi-entrance or apartment evidence"},"geometry":{"type":"Point","coordinates":[-80.937016,44.576831]}},{"type":"Feature","id":"address_0868d68f83b815f62820","properties":{"address_id":"address_0868d68f83b815f62820","source_address_guid":"d2d8dcd4-dce6-4b87-95cd-298ce4a0885e","source_location_guid":"456ef947-3e50-40e5-9a50-6a7a191d7c37","external_source":"statistics_canada_national_address_register","external_id":"d2d8dcd4-dce6-4b87-95cd-298ce4a0885e","source_retrieval_date":"2026-08-28","civic_number":"1685","civic_number_base":"1685","civic_number_suffix":"","street":"3rd Avenue West","unit":"","label":"1685 3rd Avenue West","base_label":"1685 3rd Avenue West","official_street_name":"3rd","official_street_type":"AVE","official_street_direction":"W","nar_coordinate_source":"nar_building","normalized_address":"1685|3RD AVE W|","normalized_base_address":"1685|3RD AVE W|","building_use_code":"3","building_use":"non_residential","address_category":"non_residential","mailing_street_name":"3RD","mailing_street_type":"AVE","mailing_street_direction":"W","mailing_municipality":"OWEN SOUND","mailing_province":"ON","postal_code":"N4K4R3","association_status":"statcan_authoritative_address_location","address_source_status":"authoritative","association_candidates":[],"location_id":"456ef947-3e50-40e5-9a50-6a7a191d7c37","structure_id":"structure_8f5eee9d19a4286c7920","nar_placement_status":"nearest","nar_placement_distance_m":20.259339661478283,"nar_placement_rejection_reason":null},"geometry":{"type":"Point","coordinates":[-80.949301,44.577452]}},{"type":"Feature","id":"address_7f9109e6d13e2eb5a18a","properties":{"address_id":"address_7f9109e6d13e2eb5a18a","source_address_guid":"37eea6d2-ad67-4d5c-952d-1e5a8ff41246","source_location_guid":"cde96d89-a6cc-42c0-be37-a107788a2b16","external_source":"statistics_canada_national_address_register","external_id":"37eea6d2-ad67-4d5c-952d-1e5a8ff41246","source_retrieval_date":"2026-08-28","civic_number":"1698","civic_number_base":"1698","civic_number_suffix":"","street":"18th Avenue East","unit":"","label":"1698 18th Avenue East","base_label":"1698 18th Avenue East","official_street_name":"18th","official_street_type":"AVE","official_street_direction":"E","nar_coordinate_source":"nar_building","normalized_address":"1698|18TH AVE E|","normalized_base_address":"1698|18TH AVE E|","building_use_code":"3","building_use":"non_residential","address_category":"non_residential","mailing_street_name":"18TH","mailing_street_type":"AVE","mailing_street_direction":"E","mailing_municipality":"OWEN SOUND","mailing_province":"ON","postal_code":"N4K5N3","association_status":"unresolved","address_source_status":"authoritative","association_candidates":[],"location_id":"cde96d89-a6cc-42c0-be37-a107788a2b16","structure_id":null,"nar_placement_status":"ambiguous","nar_placement_distance_m":48.289897475565276,"nar_placement_rejection_reason":"distinct LOC_GUIDs share one footprint without sufficient multi-entrance or apartment evidence"},"geometry":{"type":"Point","coordinates":[-80.913071,44.574989]}},{"type":"Feature","id":"address_52b8296165d3b83aebc0","properties":{"address_id":"address_52b8296165d3b83aebc0","source_address_guid":"829cf7c7-597d-469f-9ddb-ab0511c23869","source_location_guid":"6bf03acb-c8ce-46fc-a9c0-457d0ba41bc8","external_source":"statistics_canada_national_address_register","external_id":"829cf7c7-597d-469f-9ddb-ab0511c23869","source_retrieval_date":"2026-08-28","civic_number":"1699","civic_number_base":"1699","civic_number_suffix":"","street":"2nd Avenue East","unit":"","label":"1699 2nd Avenue East","base_label":"1699 2nd Avenue East","official_street_name":"2nd","official_street_type":"AVE","official_street_direction":"E","nar_coordinate_source":"nar_building","normalized_address":"1699|2ND AVE E|","normalized_base_address":"1699|2ND AVE E|","building_use_code":"3","building_use":"non_residential","address_category":"non_residential","mailing_street_name":"2ND","mailing_street_type":"AVE","mailing_street_direction":"E","mailing_municipality":"OWEN SOUND","mailing_province":"ON","postal_code":"N4K2J6","association_status":"statcan_authoritative_address_location","address_source_status":"authoritative","association_candidates":[],"location_id":"6bf03acb-c8ce-46fc-a9c0-457d0ba41bc8","structure_id":"structure_f533fbec1a646bcf6b24","nar_placement_status":"nearest","nar_placement_distance_m":2.9696433483308486,"nar_placement_rejection_reason":null},"geometry":{"type":"Point","coordinates":[-80.936917,44.57692]}},{"type":"Feature","id":"address_258887abdaf369465e08","properties":{"address_id":"address_258887abdaf369465e08","source_address_guid":"4cb01d25-45d8-4d41-af41-a5c61b672f78","source_location_guid":"7a38b9ae-d204-4cd2-8e5b-31f5b16a5c99","external_source":"statistics_canada_national_address_register","external_id":"4cb01d25-45d8-4d41-af41-a5c61b672f78","source_retrieval_date":"2026-08-28","civic_number":"1700","civic_number_base":"1700","civic_number_suffix":"","street":"20th Street East","unit":"","label":"1700 20th Street East","base_label":"1700 20th Street East","official_street_name":"20th","official_street_type":"ST","official_street_direction":"E","nar_coordinate_source":"nar_block_face_fallback","normalized_address":"1700|20TH ST E|","normalized_base_address":"1700|20TH ST E|","building_use_code":"3","building_use":"non_residential","address_category":"non_residential","mailing_street_name":"","mailing_street_type":"","mailing_street_direction":"","mailing_municipality":"OWEN SOUND","mailing_province":"ON","postal_code":"N4K0E1","association_status":"unresolved","address_source_status":"authoritative","association_candidates":[],"location_id":"7a38b9ae-d204-4cd2-8e5b-31f5b16a5c99","structure_id":null,"nar_placement_status":"ambiguous","nar_placement_distance_m":38.36979884648448,"nar_placement_rejection_reason":"distinct LOC_GUIDs share one footprint without sufficient multi-entrance or apartment evidence"},"geometry":{"type":"Point","coordinates":[-80.913079,44.582429]}},{"type":"Feature","id":"address_42ddbf3c3cad3283c446","properties":{"address_id":"address_42ddbf3c3cad3283c446","source_address_guid":"c6698bef-7e73-42da-8851-16b2b6712c44","source_location_guid":"60050dd3-d958-475c-8cdb-255dd146d99b","external_source":"statistics_canada_national_address_register","external_id":"c6698bef-7e73-42da-8851-16b2b6712c44","source_retrieval_date":"2026-08-28","civic_number":"1731","civic_number_base":"1731","civic_number_suffix":"","street":"8th Avenue East","unit":"","label":"1731 8th Avenue East","base_label":"1731 8th Avenue East","official_street_name":"8th","official_street_type":"AVE","official_street_direction":"E","nar_coordinate_source":"nar_building","normalized_address":"1731|8TH AVE E|","normalized_base_address":"1731|8TH AVE E|","building_use_code":"3","building_use":"non_residential","address_category":"non_residential","mailing_street_name":"8TH","mailing_street_type":"AVE","mailing_street_direction":"E","mailing_municipality":"OWEN SOUND","mailing_province":"ON","postal_code":"N4K3C2","association_status":"statcan_authoritative_address_location","address_source_status":"authoritative","association_candidates":[],"location_id":"60050dd3-d958-475c-8cdb-255dd146d99b","structure_id":"structure_2d4047c39b2ef3e80e46","nar_placement_status":"nearest","nar_placement_distance_m":27.20426786251241,"nar_placement_rejection_reason":null},"geometry":{"type":"Point","coordinates":[-80.927634,44.576354]}},{"type":"Feature","id":"address_7ae5401a0005d8d929df","properties":{"address_id":"address_7ae5401a0005d8d929df","source_address_guid":"7c0218f6-61bd-4d0e-868a-166c8840dda3","source_location_guid":"66892b01-7ced-42d3-b598-ed0cbc6eaca4","external_source":"statistics_canada_national_address_register","external_id":"7c0218f6-61bd-4d0e-868a-166c8840dda3","source_retrieval_date":"2026-08-28","civic_number":"1735","civic_number_base":"1735","civic_number_suffix":"","street":"4th Avenue West","unit":"","label":"1735 4th Avenue West","base_label":"1735 4th Avenue West","official_street_name":"4th","official_street_type":"AVE","official_street_direction":"W","nar_coordinate_source":"nar_building","normalized_address":"1735|4TH AVE W|","normalized_base_address":"1735|4TH AVE W|","building_use_code":"3","building_use":"non_residential","address_category":"non_residential","mailing_street_name":"4TH","mailing_street_type":"AVE","mailing_street_direction":"W","mailing_municipality":"OWEN SOUND","mailing_province":"ON","postal_code":"N4K4X7","association_status":"unresolved","address_source_status":"authoritative","association_candidates":[],"location_id":"66892b01-7ced-42d3-b598-ed0cbc6eaca4","structure_id":null,"nar_placement_status":"ambiguous","nar_placement_distance_m":23.012451139010643,"nar_placement_rejection_reason":"distinct LOC_GUIDs share one footprint without sufficient multi-entrance or apartment evidence"},"geometry":{"type":"Point","coordinates":[-80.950691,44.577836]}},{"type":"Feature","id":"address_88a7b21fef6d9c24c495","properties":{"address_id":"address_88a7b21fef6d9c24c495","source_address_guid":"4945976d-871f-4f22-8d97-4a1f621d6cf4","source_location_guid":"bda0d005-6d6e-4054-95d1-154bb85c9a50","external_source":"statistics_canada_national_address_register","external_id":"4945976d-871f-4f22-8d97-4a1f621d6cf4","source_retrieval_date":"2026-08-28","civic_number":"1750","civic_number_base":"1750","civic_number_suffix":"","street":"16th Avenue East","unit":"","label":"1750 16th Avenue East","base_label":"1750 16th Avenue East","official_street_name":"16th","official_street_type":"AVE","official_street_direction":"E","nar_coordinate_source":"nar_block_face_fallback","normalized_address":"1750|16TH AVE E|","normalized_base_address":"1750|16TH AVE E|","building_use_code":"3","building_use":"non_residential","address_category":"non_residential","mailing_street_name":"16TH","mailing_street_type":"AVE","mailing_street_direction":"E","mailing_municipality":"OWEN SOUND","mailing_province":"ON","postal_code":"N4K5N3","association_status":"unresolved","address_source_status":"authoritative","association_candidates":[],"location_id":"bda0d005-6d6e-4054-95d1-154bb85c9a50","structure_id":null,"nar_placement_status":"unmatched","nar_placement_distance_m":null,"nar_placement_rejection_reason":"no credible footprint within the conservative match threshold"},"geometry":{"type":"Point","coordinates":[-80.917498,44.578942]}},{"type":"Feature","id":"address_200a7b82ed1402712f27","properties":{"address_id":"address_200a7b82ed1402712f27","source_address_guid":"38794c4c-87c8-43ea-87a4-f274cdfcd2c6","source_location_guid":"059271d3-cd65-4a33-9eb7-d8aa25585f5a","external_source":"statistics_canada_national_address_register","external_id":"38794c4c-87c8-43ea-87a4-f274cdfcd2c6","source_retrieval_date":"2026-08-28","civic_number":"1793","civic_number_base":"1793","civic_number_suffix":"","street":"3rd Avenue West","unit":"","label":"1793 3rd Avenue West","base_label":"1793 3rd Avenue West","official_street_name":"3rd","official_street_type":"AVE","official_street_direction":"W","nar_coordinate_source":"nar_building","normalized_address":"1793|3RD AVE W|","normalized_base_address":"1793|3RD AVE W|","building_use_code":"3","building_use":"non_residential","address_category":"non_residential","mailing_street_name":"3RD","mailing_street_type":"AVE","mailing_street_direction":"W","mailing_municipality":"OWEN SOUND","mailing_province":"ON","postal_code":"N4K6Y2","association_status":"statcan_authoritative_address_location","address_source_status":"authoritative","association_candidates":[],"location_id":"059271d3-cd65-4a33-9eb7-d8aa25585f5a","structure_id":"structure_8068d8df2e69de63e938","nar_placement_status":"nearest","nar_placement_distance_m":33.538025849101494,"nar_placement_rejection_reason":null},"geometry":{"type":"Point","coordinates":[-80.949255,44.577591]}},{"type":"Feature","id":"address_7e68ea3841c957592018","properties":{"address_id":"address_7e68ea3841c957592018","source_address_guid":"e91e7880-691e-4adf-a1d6-bda6772298e8","source_location_guid":"63ea13f9-e9f8-4beb-8860-93e1cf4ae004","external_source":"statistics_canada_national_address_register","external_id":"e91e7880-691e-4adf-a1d6-bda6772298e8","source_retrieval_date":"2026-08-28","civic_number":"1795","civic_number_base":"1795","civic_number_suffix":"","street":"23rd Street East","unit":"","label":"1795 23rd Street East","base_label":"1795 23rd Street East","official_street_name":"23rd","official_street_type":"ST","official_street_direction":"E","nar_coordinate_source":"nar_block_face_fallback","normalized_address":"1795|23RD ST E|","normalized_base_address":"1795|23RD ST E|","building_use_code":"3","building_use":"non_residential","address_category":"non_residential","mailing_street_name":"23RD","mailing_street_type":"ST","mailing_street_direction":"E","mailing_municipality":"OWEN SOUND","mailing_province":"ON","postal_code":"N4K0G6","association_status":"statcan_authoritative_address_location","address_source_status":"authoritative","association_candidates":[],"location_id":"63ea13f9-e9f8-4beb-8860-93e1cf4ae004","structure_id":"structure_2c2e40d778c52d1dcf22","nar_placement_status":"nearest","nar_placement_distance_m":21.379375692068383,"nar_placement_rejection_reason":null},"geometry":{"type":"Point","coordinates":[-80.915678,44.586369]}},{"type":"Feature","id":"address_0b7d4967c29c983514b8","properties":{"address_id":"address_0b7d4967c29c983514b8","source_address_guid":"49a79995-b96e-41f2-ab86-060131a1c06b","source_location_guid":"cea544ba-8523-486b-815a-9f2f79ad50cf","external_source":"statistics_canada_national_address_register","external_id":"49a79995-b96e-41f2-ab86-060131a1c06b","source_retrieval_date":"2026-08-28","civic_number":"1796","civic_number_base":"1796","civic_number_suffix":"","street":"16th Street East","unit":"","label":"1796 16th Street East","base_label":"1796 16th Street East","official_street_name":"16th","official_street_type":"ST","official_street_direction":"E","nar_coordinate_source":"nar_building","normalized_address":"1796|16TH ST E|","normalized_base_address":"1796|16TH ST E|","building_use_code":"3","building_use":"non_residential","address_category":"non_residential","mailing_street_name":"16TH","mailing_street_type":"ST","mailing_street_direction":"E","mailing_municipality":"OWEN SOUND","mailing_province":"ON","postal_code":"N4K5N3","association_status":"statcan_authoritative_address_location","address_source_status":"authoritative","association_candidates":[],"location_id":"cea544ba-8523-486b-815a-9f2f79ad50cf","structure_id":"structure_685088035d3f6a3a08a5","nar_placement_status":"nearest","nar_placement_distance_m":21.519913575353577,"nar_placement_rejection_reason":null},"geometry":{"type":"Point","coordinates":[-80.913604,44.575015]}},{"type":"Feature","id":"address_85b524ea412206f1758c","properties":{"address_id":"address_85b524ea412206f1758c","source_address_guid":"c6225a10-6810-46c6-8750-269f04db9f8b","source_location_guid":"d38542ed-1f70-427f-86d7-c0cce03f2cdd","external_source":"statistics_canada_national_address_register","external_id":"c6225a10-6810-46c6-8750-269f04db9f8b","source_retrieval_date":"2026-08-28","civic_number":"180","civic_number_base":"180","civic_number_suffix":"","street":"10th Street West","unit":"","label":"180 10th Street West","base_label":"180 10th Street West","official_street_name":"10th","official_street_type":"ST","official_street_direction":"W","nar_coordinate_source":"nar_building","normalized_address":"180|10TH ST W|","normalized_base_address":"180|10TH ST W|","building_use_code":"3","building_use":"non_residential","address_category":"non_residential","mailing_street_name":"10TH","mailing_street_type":"ST","mailing_street_direction":"W","mailing_municipality":"OWEN SOUND","mailing_province":"ON","postal_code":"N4K3P9","association_status":"statcan_authoritative_address_location","address_source_status":"authoritative","association_candidates":[],"location_id":"d38542ed-1f70-427f-86d7-c0cce03f2cdd","structure_id":"structure_b131137500440274bf7c","nar_placement_status":"nearest","nar_placement_distance_m":19.78378906364208,"nar_placement_rejection_reason":null},"geometry":{"type":"Point","coordinates":[-80.945978,44.567512]}},{"type":"Feature","id":"address_cc8fd268d59a54f060eb","properties":{"address_id":"address_cc8fd268d59a54f060eb","source_address_guid":"8c44fa76-572c-4f7c-8132-908b613c1d09","source_location_guid":"4579ed3d-1645-4dc3-9850-f1dc18e7802c","external_source":"statistics_canada_national_address_register","external_id":"8c44fa76-572c-4f7c-8132-908b613c1d09","source_retrieval_date":"2026-08-28","civic_number":"180","civic_number_base":"180","civic_number_suffix":"","street":"12th Street West","unit":"","label":"180 12th Street West","base_label":"180 12th Street West","official_street_name":"12th","official_street_type":"ST","official_street_direction":"W","nar_coordinate_source":"nar_building","normalized_address":"180|12TH ST W|","normalized_base_address":"180|12TH ST W|","building_use_code":"3","building_use":"non_residential","address_category":"non_residential","mailing_street_name":"12TH","mailing_street_type":"ST","mailing_street_direction":"W","mailing_municipality":"OWEN SOUND","mailing_province":"ON","postal_code":"N4K3V2","association_status":"unresolved","address_source_status":"authoritative","association_candidates":[],"location_id":"4579ed3d-1645-4dc3-9850-f1dc18e7802c","structure_id":null,"nar_placement_status":"ambiguous","nar_placement_distance_m":21.304339700735547,"nar_placement_rejection_reason":"distinct LOC_GUIDs share one footprint without sufficient multi-entrance or apartment evidence"},"geometry":{"type":"Point","coordinates":[-80.946988,44.571537]}},{"type":"Feature","id":"address_ea5739b4733e0200c097","properties":{"address_id":"address_ea5739b4733e0200c097","source_address_guid":"f81fa101-e223-4da9-abab-2e0474c2742b","source_location_guid":"b1a765cb-f9b9-4572-a827-1fb8c6544f3e","external_source":"statistics_canada_national_address_register","external_id":"f81fa101-e223-4da9-abab-2e0474c2742b","source_retrieval_date":"2026-08-28","civic_number":"1800","civic_number_base":"1800","civic_number_suffix":"","street":"17th Street East","unit":"","label":"1800 17th Street East","base_label":"1800 17th Street East","official_street_name":"17th","official_street_type":"ST","official_street_direction":"E","nar_coordinate_source":"nar_block_face_fallback","normalized_address":"1800|17TH ST E|","normalized_base_address":"1800|17TH ST E|","building_use_code":"3","building_use":"non_residential","address_category":"non_residential","mailing_street_name":"","mailing_street_type":"","mailing_street_direction":"","mailing_municipality":"OWEN SOUND","mailing_province":"ON","postal_code":"","association_status":"unresolved","address_source_status":"authoritative","association_candidates":[],"location_id":"b1a765cb-f9b9-4572-a827-1fb8c6544f3e","structure_id":null,"nar_placement_status":"ambiguous","nar_placement_distance_m":32.129671129267244,"nar_placement_rejection_reason":"distinct LOC_GUIDs share one footprint without sufficient multi-entrance or apartment evidence"},"geometry":{"type":"Point","coordinates":[-80.915107,44.576419]}},{"type":"Feature","id":"address_c8091395f5d615e41b5c","properties":{"address_id":"address_c8091395f5d615e41b5c","source_address_guid":"f4d67081-3f05-4edd-9e69-0136434a47bf","source_location_guid":"c548302e-0a89-4cba-a384-b3f7be5df704","external_source":"statistics_canada_national_address_register","external_id":"f4d67081-3f05-4edd-9e69-0136434a47bf","source_retrieval_date":"2026-08-28","civic_number":"1800","civic_number_base":"1800","civic_number_suffix":"","street":"8th Street East","unit":"","label":"1800 8th Street East","base_label":"1800 8th Street East","official_street_name":"8th","official_street_type":"ST","official_street_direction":"E","nar_coordinate_source":"nar_block_face_fallback","normalized_address":"1800|8TH ST E|","normalized_base_address":"1800|8TH ST E|","building_use_code":"3","building_use":"non_residential","address_category":"non_residential","mailing_street_name":"8TH","mailing_street_type":"ST","mailing_street_direction":"E","mailing_municipality":"OWEN SOUND","mailing_province":"ON","postal_code":"N4K6M9","association_status":"unresolved","address_source_status":"authoritative","association_candidates":[],"location_id":"c548302e-0a89-4cba-a384-b3f7be5df704","structure_id":null,"nar_placement_status":"unmatched","nar_placement_distance_m":null,"nar_placement_rejection_reason":"no credible footprint within the conservative match threshold"},"geometry":{"type":"Point","coordinates":[-80.913591,44.567384]}},{"type":"Feature","id":"address_5eacaa08b0deedbf731d","properties":{"address_id":"address_5eacaa08b0deedbf731d","source_address_guid":"96e10bef-b599-4b6a-851d-8c4e86dad2ae","source_location_guid":"555daaa8-952a-4bb6-b276-ee86d92c24f8","external_source":"statistics_canada_national_address_register","external_id":"96e10bef-b599-4b6a-851d-8c4e86dad2ae","source_retrieval_date":"2026-08-28","civic_number":"1809","civic_number_base":"1809","civic_number_suffix":"","street":"17th Street East","unit":"","label":"1809 17th Street East","base_label":"1809 17th Street East","official_street_name":"17th","official_street_type":"ST","official_street_direction":"E","nar_coordinate_source":"nar_block_face_fallback","normalized_address":"1809|17TH ST E|","normalized_base_address":"1809|17TH ST E|","building_use_code":"3","building_use":"non_residential","address_category":"non_residential","mailing_street_name":"17TH","mailing_street_type":"ST","mailing_street_direction":"E","mailing_municipality":"OWEN SOUND","mailing_province":"ON","postal_code":"N4K0G6","association_status":"statcan_authoritative_address_location","address_source_status":"authoritative","association_candidates":[],"location_id":"555daaa8-952a-4bb6-b276-ee86d92c24f8","structure_id":"structure_64e585de668c8531a936","nar_placement_status":"nearest","nar_placement_distance_m":18.690257132746822,"nar_placement_rejection_reason":null},"geometry":{"type":"Point","coordinates":[-80.915069,44.576245]}},{"type":"Feature","id":"address_e9c712addddf2ba25b7a","properties":{"address_id":"address_e9c712addddf2ba25b7a","source_address_guid":"8a29c61d-e9a6-4e81-b38c-02e39ae76b9a","source_location_guid":"7a29af92-8cf8-4e3f-a42f-3406c9df8952","external_source":"statistics_canada_national_address_register","external_id":"8a29c61d-e9a6-4e81-b38c-02e39ae76b9a","source_retrieval_date":"2026-08-28","civic_number":"1855","civic_number_base":"1855","civic_number_suffix":"","street":"17th Street East","unit":"","label":"1855 17th Street East","base_label":"1855 17th Street East","official_street_name":"17th","official_street_type":"ST","official_street_direction":"E","nar_coordinate_source":"nar_block_face_fallback","normalized_address":"1855|17TH ST E|","normalized_base_address":"1855|17TH ST E|","building_use_code":"3","building_use":"non_residential","address_category":"non_residential","mailing_street_name":"17TH","mailing_street_type":"ST","mailing_street_direction":"E","mailing_municipality":"OWEN SOUND","mailing_province":"ON","postal_code":"N4K0G6","association_status":"statcan_authoritative_address_location","address_source_status":"authoritative","association_candidates":[],"location_id":"7a29af92-8cf8-4e3f-a42f-3406c9df8952","structure_id":"structure_e3839f38c75148a3eeb0","nar_placement_status":"nearest","nar_placement_distance_m":114.17437364118005,"nar_placement_rejection_reason":null},"geometry":{"type":"Point","coordinates":[-80.913384,44.576476]}},{"type":"Feature","id":"address_691b931a058ae6e20f9b","properties":{"address_id":"address_691b931a058ae6e20f9b","source_address_guid":"4d1693ef-f4ed-4236-894c-6dc4cf67e26d","source_location_guid":"7a29af92-8cf8-4e3f-a42f-3406c9df8952","external_source":"statistics_canada_national_address_register","external_id":"4d1693ef-f4ed-4236-894c-6dc4cf67e26d","source_retrieval_date":"2026-08-28","civic_number":"1855","civic_number_base":"1855","civic_number_suffix":"","street":"17th Street East","unit":"2","label":"1855 17th Street East Unit 2","base_label":"1855 17th Street East","official_street_name":"17th","official_street_type":"ST","official_street_direction":"E","nar_coordinate_source":"nar_block_face_fallback","normalized_address":"1855|17TH ST E|2","normalized_base_address":"1855|17TH ST E|","building_use_code":"3","building_use":"non_residential","address_category":"non_residential","mailing_street_name":"17TH","mailing_street_type":"ST","mailing_street_direction":"E","mailing_municipality":"OWEN SOUND","mailing_province":"ON","postal_code":"N4K0G6","association_status":"statcan_authoritative_address_location","address_source_status":"authoritative","association_candidates":[],"location_id":"7a29af92-8cf8-4e3f-a42f-3406c9df8952","structure_id":"structure_e3839f38c75148a3eeb0","nar_placement_status":"nearest","nar_placement_distance_m":114.17437364118005,"nar_placement_rejection_reason":null},"geometry":{"type":"Point","coordinates":[-80.913384,44.576476]}},{"type":"Feature","id":"address_b6062c6569032a7e7820","properties":{"address_id":"address_b6062c6569032a7e7820","source_address_guid":"2c99b7b5-ed36-495b-8056-a5f34e00d886","source_location_guid":"4a23dfd1-b996-4a41-a680-111fd350de53","external_source":"statistics_canada_national_address_register","external_id":"2c99b7b5-ed36-495b-8056-a5f34e00d886","source_retrieval_date":"2026-08-28","civic_number":"187","civic_number_base":"187","civic_number_suffix":"","street":"10th Street West","unit":"","label":"187 10th Street West","base_label":"187 10th Street West","official_street_name":"10th","official_street_type":"ST","official_street_direction":"W","nar_coordinate_source":"nar_building","normalized_address":"187|10TH ST W|","normalized_base_address":"187|10TH ST W|","building_use_code":"3","building_use":"non_residential","address_category":"non_residential","mailing_street_name":"10TH","mailing_street_type":"ST","mailing_street_direction":"W","mailing_municipality":"OWEN SOUND","mailing_province":"ON","postal_code":"N4K3R1","association_status":"statcan_authoritative_address_location","address_source_status":"authoritative","association_candidates":[],"location_id":"4a23dfd1-b996-4a41-a680-111fd350de53","structure_id":"structure_c26d14bb6048272d6fb7","nar_placement_status":"nearest","nar_placement_distance_m":7.222370044778563,"nar_placement_rejection_reason":null},"geometry":{"type":"Point","coordinates":[-80.945931,44.567302]}},{"type":"Feature","id":"address_17a6a67f73817ad6fce4","properties":{"address_id":"address_17a6a67f73817ad6fce4","source_address_guid":"96d4cd21-d5f2-40ff-9724-802be0802a3c","source_location_guid":"52b105c5-f7f1-425b-8cb8-74f022622148","external_source":"statistics_canada_national_address_register","external_id":"96d4cd21-d5f2-40ff-9724-802be0802a3c","source_retrieval_date":"2026-08-28","civic_number":"1870","civic_number_base":"1870","civic_number_suffix":"","street":"20th Street East","unit":"","label":"1870 20th Street East","base_label":"1870 20th Street East","official_street_name":"20th","official_street_type":"ST","official_street_direction":"E","nar_coordinate_source":"nar_block_face_fallback","normalized_address":"1870|20TH ST E|","normalized_base_address":"1870|20TH ST E|","building_use_code":"3","building_use":"non_residential","address_category":"non_residential","mailing_street_name":"","mailing_street_type":"","mailing_street_direction":"","mailing_municipality":"OWEN SOUND","mailing_province":"ON","postal_code":"N4K0E1","association_status":"statcan_authoritative_address_location","address_source_status":"authoritative","association_candidates":[],"location_id":"52b105c5-f7f1-425b-8cb8-74f022622148","structure_id":"structure_69dd7a4745c40c70c688","nar_placement_status":"nearest","nar_placement_distance_m":38.36979884648448,"nar_placement_rejection_reason":null},"geometry":{"type":"Point","coordinates":[-80.913079,44.582429]}},{"type":"Feature","id":"address_6c98ebb196a2f0d392e4","properties":{"address_id":"address_6c98ebb196a2f0d392e4","source_address_guid":"4ca2e3af-ac4a-4376-840b-bc97a5804d7e","source_location_guid":"2dbe43c0-e698-4d2d-ad14-5fbb05203842","external_source":"statistics_canada_national_address_register","external_id":"4ca2e3af-ac4a-4376-840b-bc97a5804d7e","source_retrieval_date":"2026-08-28","civic_number":"1875","civic_number_base":"1875","civic_number_suffix":"","street":"16th Avenue East","unit":"","label":"1875 16th Avenue East","base_label":"1875 16th Avenue East","official_street_name":"16th","official_street_type":"AVE","official_street_direction":"E","nar_coordinate_source":"nar_block_face_fallback","normalized_address":"1875|16TH AVE E|","normalized_base_address":"1875|16TH AVE E|","building_use_code":"3","building_use":"non_residential","address_category":"non_residential","mailing_street_name":"16TH","mailing_street_type":"AVE","mailing_street_direction":"E","mailing_municipality":"OWEN SOUND","mailing_province":"ON","postal_code":"N4K0H7","association_status":"unresolved","address_source_status":"authoritative","association_candidates":[],"location_id":"2dbe43c0-e698-4d2d-ad14-5fbb05203842","structure_id":null,"nar_placement_status":"unmatched","nar_placement_distance_m":null,"nar_placement_rejection_reason":"no credible footprint within the conservative match threshold"},"geometry":{"type":"Point","coordinates":[-80.917255,44.578973]}},{"type":"Feature","id":"address_e697f167fcd67ccbbf10","properties":{"address_id":"address_e697f167fcd67ccbbf10","source_address_guid":"d6de3a02-6a28-4d50-89bd-f0670e95f8f6","source_location_guid":"b18ac678-e6fb-427c-96cc-92062811b6df","external_source":"statistics_canada_national_address_register","external_id":"d6de3a02-6a28-4d50-89bd-f0670e95f8f6","source_retrieval_date":"2026-08-28","civic_number":"190","civic_number_base":"190","civic_number_suffix":"","street":"1st Street Southwest","unit":"","label":"190 1st Street Southwest","base_label":"190 1st Street Southwest","official_street_name":"1st","official_street_type":"ST","official_street_direction":"SW","nar_coordinate_source":"nar_building","normalized_address":"190|1ST ST SW|","normalized_base_address":"190|1ST ST SW|","building_use_code":"3","building_use":"non_residential","address_category":"non_residential","mailing_street_name":"1ST","mailing_street_type":"ST","mailing_street_direction":"SW","mailing_municipality":"OWEN SOUND","mailing_province":"ON","postal_code":"N4K5S5","association_status":"unresolved","address_source_status":"authoritative","association_candidates":[],"location_id":"b18ac678-e6fb-427c-96cc-92062811b6df","structure_id":null,"nar_placement_status":"unmatched","nar_placement_distance_m":null,"nar_placement_rejection_reason":"no credible footprint within the conservative match threshold"},"geometry":{"type":"Point","coordinates":[-80.941105,44.546416]}},{"type":"Feature","id":"address_4781d7e76be7469114ea","properties":{"address_id":"address_4781d7e76be7469114ea","source_address_guid":"477b08c6-601f-47c0-96d1-8ebf47fdd496","source_location_guid":"5bb582f8-1d63-4c05-9474-16edcaa36274","external_source":"statistics_canada_national_address_register","external_id":"477b08c6-601f-47c0-96d1-8ebf47fdd496","source_retrieval_date":"2026-08-28","civic_number":"1900","civic_number_base":"1900","civic_number_suffix":"","street":"20th Street East","unit":"","label":"1900 20th Street East","base_label":"1900 20th Street East","official_street_name":"20th","official_street_type":"ST","official_street_direction":"E","nar_coordinate_source":"nar_block_face_fallback","normalized_address":"1900|20TH ST E|","normalized_base_address":"1900|20TH ST E|","building_use_code":"3","building_use":"non_residential","address_category":"non_residential","mailing_street_name":"","mailing_street_type":"","mailing_street_direction":"","mailing_municipality":"OWEN SOUND","mailing_province":"ON","postal_code":"N4K0E1","association_status":"unresolved","address_source_status":"authoritative","association_candidates":[],"location_id":"5bb582f8-1d63-4c05-9474-16edcaa36274","structure_id":null,"nar_placement_status":"ambiguous","nar_placement_distance_m":38.36979884648448,"nar_placement_rejection_reason":"distinct LOC_GUIDs share one footprint without sufficient multi-entrance or apartment evidence"},"geometry":{"type":"Point","coordinates":[-80.913079,44.582429]}},{"type":"Feature","id":"address_35a1bdcd6f1edbef5985","properties":{"address_id":"address_35a1bdcd6f1edbef5985","source_address_guid":"66fce650-bc98-4c24-b405-145197d81b7a","source_location_guid":"3b215453-d2b7-48f8-aad6-d4d20750bdcf","external_source":"statistics_canada_national_address_register","external_id":"66fce650-bc98-4c24-b405-145197d81b7a","source_retrieval_date":"2026-08-28","civic_number":"1900","civic_number_base":"1900","civic_number_suffix":"","street":"3rd Avenue East","unit":"","label":"1900 3rd Avenue East","base_label":"1900 3rd Avenue East","official_street_name":"3rd","official_street_type":"AVE","official_street_direction":"E","nar_coordinate_source":"nar_block_face_fallback","normalized_address":"1900|3RD AVE E|","normalized_base_address":"1900|3RD AVE E|","building_use_code":"3","building_use":"non_residential","address_category":"non_residential","mailing_street_name":"3RD","mailing_street_type":"AVE","mailing_street_direction":"E","mailing_municipality":"OWEN SOUND","mailing_province":"ON","postal_code":"N4K2M6","association_status":"statcan_authoritative_address_location","address_source_status":"authoritative","association_candidates":[],"location_id":"3b215453-d2b7-48f8-aad6-d4d20750bdcf","structure_id":"structure_8461b84e04191fd98ce2","nar_placement_status":"nearest","nar_placement_distance_m":723.3764904775578,"nar_placement_rejection_reason":null},"geometry":{"type":"Point","coordinates":[-80.930097,44.586109]}},{"type":"Feature","id":"address_1ea45c68dc0e9dd1f6e1","properties":{"address_id":"address_1ea45c68dc0e9dd1f6e1","source_address_guid":"9139da24-e285-4604-ab62-356b5a1c677a","source_location_guid":"1f4b1fc5-2308-4342-ace0-c9c34162269f","external_source":"statistics_canada_national_address_register","external_id":"9139da24-e285-4604-ab62-356b5a1c677a","source_retrieval_date":"2026-08-28","civic_number":"1935","civic_number_base":"1935","civic_number_suffix":"","street":"17th Street East","unit":"","label":"1935 17th Street East","base_label":"1935 17th Street East","official_street_name":"17th","official_street_type":"ST","official_street_direction":"E","nar_coordinate_source":"nar_block_face_fallback","normalized_address":"1935|17TH ST E|","normalized_base_address":"1935|17TH ST E|","building_use_code":"3","building_use":"non_residential","address_category":"non_residential","mailing_street_name":"","mailing_street_type":"","mailing_street_direction":"","mailing_municipality":"OWEN SOUND","mailing_province":"ON","postal_code":"","association_status":"statcan_authoritative_address_location","address_source_status":"authoritative","association_candidates":[],"location_id":"1f4b1fc5-2308-4342-ace0-c9c34162269f","structure_id":"structure_52b5427aefcf30bc7667","nar_placement_status":"nearest","nar_placement_distance_m":40.6159518063184,"nar_placement_rejection_reason":null},"geometry":{"type":"Point","coordinates":[-80.910603,44.57675]}},{"type":"Feature","id":"address_4fd45d0c9ec391da2b71","properties":{"address_id":"address_4fd45d0c9ec391da2b71","source_address_guid":"045f064f-b8b9-4953-ab12-3baab647a2a4","source_location_guid":"f916c673-e25f-4cc6-a89f-7e48f76da73c","external_source":"statistics_canada_national_address_register","external_id":"045f064f-b8b9-4953-ab12-3baab647a2a4","source_retrieval_date":"2026-08-28","civic_number":"1945","civic_number_base":"1945","civic_number_suffix":"","street":"17th Street East","unit":"","label":"1945 17th Street East","base_label":"1945 17th Street East","official_street_name":"17th","official_street_type":"ST","official_street_direction":"E","nar_coordinate_source":"nar_block_face_fallback","normalized_address":"1945|17TH ST E|","normalized_base_address":"1945|17TH ST E|","building_use_code":"3","building_use":"non_residential","address_category":"non_residential","mailing_street_name":"","mailing_street_type":"","mailing_street_direction":"","mailing_municipality":"OWEN SOUND","mailing_province":"ON","postal_code":"","association_status":"unresolved","address_source_status":"authoritative","association_candidates":[],"location_id":"f916c673-e25f-4cc6-a89f-7e48f76da73c","structure_id":null,"nar_placement_status":"ambiguous","nar_placement_distance_m":40.6159518063184,"nar_placement_rejection_reason":"distinct LOC_GUIDs share one footprint without sufficient multi-entrance or apartment evidence"},"geometry":{"type":"Point","coordinates":[-80.910603,44.57675]}},{"type":"Feature","id":"address_55e83b31d59bf8f4cf1f","properties":{"address_id":"address_55e83b31d59bf8f4cf1f","source_address_guid":"781d74a8-4c39-4194-b290-2ace8c7769ee","source_location_guid":"3d5284a6-b329-43a1-a2fd-28dd96afea2d","external_source":"statistics_canada_national_address_register","external_id":"781d74a8-4c39-4194-b290-2ace8c7769ee","source_retrieval_date":"2026-08-28","civic_number":"195","civic_number_base":"195","civic_number_suffix":"","street":"9th Street West","unit":"","label":"195 9th Street West","base_label":"195 9th Street West","official_street_name":"9th","official_street_type":"ST","official_street_direction":"W","nar_coordinate_source":"nar_building","normalized_address":"195|9TH ST W|","normalized_base_address":"195|9TH ST W|","building_use_code":"3","building_use":"non_residential","address_category":"non_residential","mailing_street_name":"9TH","mailing_street_type":"ST","mailing_street_direction":"W","mailing_municipality":"OWEN SOUND","mailing_province":"ON","postal_code":"N4K3N5","association_status":"statcan_authoritative_address_location","address_source_status":"authoritative","association_candidates":[],"location_id":"3d5284a6-b329-43a1-a2fd-28dd96afea2d","structure_id":"structure_ecf8bf50f9a80c849b8a","nar_placement_status":"nearest","nar_placement_distance_m":20.773214804829777,"nar_placement_rejection_reason":null},"geometry":{"type":"Point","coordinates":[-80.94556,44.565406]}},{"type":"Feature","id":"address_994a7208fb3df4f61882","properties":{"address_id":"address_994a7208fb3df4f61882","source_address_guid":"fed37548-ffc7-4332-a276-b5336105016e","source_location_guid":"8f291899-80a2-40e1-abf3-bf5d162fbfa8","external_source":"statistics_canada_national_address_register","external_id":"fed37548-ffc7-4332-a276-b5336105016e","source_retrieval_date":"2026-08-28","civic_number":"1980","civic_number_base":"1980","civic_number_suffix":"","street":"20th Street East","unit":"","label":"1980 20th Street East","base_label":"1980 20th Street East","official_street_name":"20th","official_street_type":"ST","official_street_direction":"E","nar_coordinate_source":"nar_block_face_fallback","normalized_address":"1980|20TH ST E|","normalized_base_address":"1980|20TH ST E|","building_use_code":"3","building_use":"non_residential","address_category":"non_residential","mailing_street_name":"","mailing_street_type":"","mailing_street_direction":"","mailing_municipality":"OWEN SOUND","mailing_province":"ON","postal_code":"N4K0E1","association_status":"unresolved","address_source_status":"authoritative","association_candidates":[],"location_id":"8f291899-80a2-40e1-abf3-bf5d162fbfa8","structure_id":null,"nar_placement_status":"ambiguous","nar_placement_distance_m":38.36979884648448,"nar_placement_rejection_reason":"distinct LOC_GUIDs share one footprint without sufficient multi-entrance or apartment evidence"},"geometry":{"type":"Point","coordinates":[-80.913079,44.582429]}},{"type":"Feature","id":"address_051c6492983b34132cbf","properties":{"address_id":"address_051c6492983b34132cbf","source_address_guid":"aae8d9d5-489c-4dd8-a8ed-22a367a48e5c","source_location_guid":"40952e7e-e62d-4d3a-9d0d-f87437a91ba1","external_source":"statistics_canada_national_address_register","external_id":"aae8d9d5-489c-4dd8-a8ed-22a367a48e5c","source_retrieval_date":"2026-08-28","civic_number":"199","civic_number_base":"199","civic_number_suffix":"","street":"4th Avenue West","unit":"","label":"199 4th Avenue West","base_label":"199 4th Avenue West","official_street_name":"4th","official_street_type":"AVE","official_street_direction":"W","nar_coordinate_source":"nar_building","normalized_address":"199|4TH AVE W|","normalized_base_address":"199|4TH AVE W|","building_use_code":"3","building_use":"non_residential","address_category":"non_residential","mailing_street_name":"4TH","mailing_street_type":"AVE","mailing_street_direction":"W","mailing_municipality":"OWEN SOUND","mailing_province":"ON","postal_code":"N4K4V1","association_status":"statcan_authoritative_address_location","address_source_status":"authoritative","association_candidates":[],"location_id":"40952e7e-e62d-4d3a-9d0d-f87437a91ba1","structure_id":"structure_ff0a3c35806d686c3726","nar_placement_status":"nearest","nar_placement_distance_m":14.255664535155905,"nar_placement_rejection_reason":null},"geometry":{"type":"Point","coordinates":[-80.945801,44.551476]}},{"type":"Feature","id":"address_541e9027850039a9b818","properties":{"address_id":"address_541e9027850039a9b818","source_address_guid":"e5f1e0d2-b3b8-44bb-8a84-31d3c747a82c","source_location_guid":"fb4a0148-8d23-4328-b593-a6d7e0c7a054","external_source":"statistics_canada_national_address_register","external_id":"e5f1e0d2-b3b8-44bb-8a84-31d3c747a82c","source_retrieval_date":"2026-08-28","civic_number":"201","civic_number_base":"201","civic_number_suffix":"","street":"4th Avenue West","unit":"","label":"201 4th Avenue West","base_label":"201 4th Avenue West","official_street_name":"4th","official_street_type":"AVE","official_street_direction":"W","nar_coordinate_source":"nar_building","normalized_address":"201|4TH AVE W|","normalized_base_address":"201|4TH AVE W|","building_use_code":"3","building_use":"non_residential","address_category":"non_residential","mailing_street_name":"4TH","mailing_street_type":"AVE","mailing_street_direction":"W","mailing_municipality":"OWEN SOUND","mailing_province":"ON","postal_code":"N4K4V1","association_status":"statcan_authoritative_address_location","address_source_status":"authoritative","association_candidates":[],"location_id":"fb4a0148-8d23-4328-b593-a6d7e0c7a054","structure_id":"structure_7ea4fa12c999986b62f3","nar_placement_status":"nearest","nar_placement_distance_m":10.762166726776018,"nar_placement_rejection_reason":null},"geometry":{"type":"Point","coordinates":[-80.945881,44.551837]}},{"type":"Feature","id":"address_7ddb75254b1bb4508d5f","properties":{"address_id":"address_7ddb75254b1bb4508d5f","source_address_guid":"133c8f01-9c2c-48e3-8089-92e754f253f1","source_location_guid":"192be857-257c-4740-b5b2-a06f9cb93b11","external_source":"statistics_canada_national_address_register","external_id":"133c8f01-9c2c-48e3-8089-92e754f253f1","source_retrieval_date":"2026-08-28","civic_number":"201","civic_number_base":"201","civic_number_suffix":"","street":"9th Street West","unit":"","label":"201 9th Street West","base_label":"201 9th Street West","official_street_name":"9th","official_street_type":"ST","official_street_direction":"W","nar_coordinate_source":"nar_building","normalized_address":"201|9TH ST W|","normalized_base_address":"201|9TH ST W|","building_use_code":"3","building_use":"non_residential","address_category":"non_residential","mailing_street_name":"9TH","mailing_street_type":"ST","mailing_street_direction":"W","mailing_municipality":"OWEN SOUND","mailing_province":"ON","postal_code":"N4K3N7","association_status":"statcan_authoritative_address_location","address_source_status":"authoritative","association_candidates":[],"location_id":"192be857-257c-4740-b5b2-a06f9cb93b11","structure_id":"structure_fa509593e7726b81632e","nar_placement_status":"nearest","nar_placement_distance_m":6.096325725553915,"nar_placement_rejection_reason":null},"geometry":{"type":"Point","coordinates":[-80.94583,44.565375]}},{"type":"Feature","id":"address_eb1d7d12ec49dff4da96","properties":{"address_id":"address_eb1d7d12ec49dff4da96","source_address_guid":"349c92a2-3bbb-471c-b846-a82f823e146d","source_location_guid":"534ec40e-d4d2-4aa1-9166-803dd93cdc0d","external_source":"statistics_canada_national_address_register","external_id":"349c92a2-3bbb-471c-b846-a82f823e146d","source_retrieval_date":"2026-08-28","civic_number":"2020","civic_number_base":"2020","civic_number_suffix":"","street":"20th Street East","unit":"","label":"2020 20th Street East","base_label":"2020 20th Street East","official_street_name":"20th","official_street_type":"ST","official_street_direction":"E","nar_coordinate_source":"nar_block_face_fallback","normalized_address":"2020|20TH ST E|","normalized_base_address":"2020|20TH ST E|","building_use_code":"3","building_use":"non_residential","address_category":"non_residential","mailing_street_name":"20TH","mailing_street_type":"ST","mailing_street_direction":"E","mailing_municipality":"OWEN SOUND","mailing_province":"ON","postal_code":"N4K0H3","association_status":"statcan_authoritative_address_location","address_source_status":"authoritative","association_candidates":[],"location_id":"534ec40e-d4d2-4aa1-9166-803dd93cdc0d","structure_id":"structure_6dbc87c4e7011a5cb90a","nar_placement_status":"nearest","nar_placement_distance_m":414.0326897169997,"nar_placement_rejection_reason":null},"geometry":{"type":"Point","coordinates":[-80.902508,44.583654]}},{"type":"Feature","id":"address_11dc0ff36d2695901c68","properties":{"address_id":"address_11dc0ff36d2695901c68","source_address_guid":"06804d54-2888-406d-8a26-df8659976fc9","source_location_guid":"98a02cc9-c9a6-4ebf-a105-228f6af28f3d","external_source":"statistics_canada_national_address_register","external_id":"06804d54-2888-406d-8a26-df8659976fc9","source_retrieval_date":"2026-08-28","civic_number":"2045","civic_number_base":"2045","civic_number_suffix":"","street":"20th Avenue East","unit":"16","label":"2045 20th Avenue East Unit 16","base_label":"2045 20th Avenue East","official_street_name":"20th","official_street_type":"AVE","official_street_direction":"E","nar_coordinate_source":"nar_block_face_fallback","normalized_address":"2045|20TH AVE E|16","normalized_base_address":"2045|20TH AVE E|","building_use_code":"3","building_use":"non_residential","address_category":"non_residential","mailing_street_name":"20TH","mailing_street_type":"AVE","mailing_street_direction":"E","mailing_municipality":"OWEN SOUND","mailing_province":"ON","postal_code":"N4K0G8","association_status":"unresolved","address_source_status":"authoritative","association_candidates":[],"location_id":"98a02cc9-c9a6-4ebf-a105-228f6af28f3d","structure_id":null,"nar_placement_status":"ambiguous","nar_placement_distance_m":23.13380436462799,"nar_placement_rejection_reason":"distinct LOC_GUIDs share one footprint without sufficient multi-entrance or apartment evidence"},"geometry":{"type":"Point","coordinates":[-80.908401,44.585087]}},{"type":"Feature","id":"address_fdd67e60b39126ad67ad","properties":{"address_id":"address_fdd67e60b39126ad67ad","source_address_guid":"c2758206-705d-49b1-aad5-e9c22c0c2ffa","source_location_guid":"98a02cc9-c9a6-4ebf-a105-228f6af28f3d","external_source":"statistics_canada_national_address_register","external_id":"c2758206-705d-49b1-aad5-e9c22c0c2ffa","source_retrieval_date":"2026-08-28","civic_number":"2045","civic_number_base":"2045","civic_number_suffix":"","street":"20th Avenue East","unit":"18","label":"2045 20th Avenue East Unit 18","base_label":"2045 20th Avenue East","official_street_name":"20th","official_street_type":"AVE","official_street_direction":"E","nar_coordinate_source":"nar_block_face_fallback","normalized_address":"2045|20TH AVE E|18","normalized_base_address":"2045|20TH AVE E|","building_use_code":"3","building_use":"non_residential","address_category":"non_residential","mailing_street_name":"20TH","mailing_street_type":"AVE","mailing_street_direction":"E","mailing_municipality":"OWEN SOUND","mailing_province":"ON","postal_code":"N4K0G8","association_status":"unresolved","address_source_status":"authoritative","association_candidates":[],"location_id":"98a02cc9-c9a6-4ebf-a105-228f6af28f3d","structure_id":null,"nar_placement_status":"ambiguous","nar_placement_distance_m":23.13380436462799,"nar_placement_rejection_reason":"distinct LOC_GUIDs share one footprint without sufficient multi-entrance or apartment evidence"},"geometry":{"type":"Point","coordinates":[-80.908401,44.585087]}},{"type":"Feature","id":"address_bc0721f0833d4c35697c","properties":{"address_id":"address_bc0721f0833d4c35697c","source_address_guid":"7d678c44-3a62-40ad-9b48-c818b355a2be","source_location_guid":"98a02cc9-c9a6-4ebf-a105-228f6af28f3d","external_source":"statistics_canada_national_address_register","external_id":"7d678c44-3a62-40ad-9b48-c818b355a2be","source_retrieval_date":"2026-08-28","civic_number":"2045","civic_number_base":"2045","civic_number_suffix":"","street":"20th Avenue East","unit":"21","label":"2045 20th Avenue East Unit 21","base_label":"2045 20th Avenue East","official_street_name":"20th","official_street_type":"AVE","official_street_direction":"E","nar_coordinate_source":"nar_block_face_fallback","normalized_address":"2045|20TH AVE E|21","normalized_base_address":"2045|20TH AVE E|","building_use_code":"3","building_use":"non_residential","address_category":"non_residential","mailing_street_name":"20TH","mailing_street_type":"AVE","mailing_street_direction":"E","mailing_municipality":"OWEN SOUND","mailing_province":"ON","postal_code":"N4K0G8","association_status":"unresolved","address_source_status":"authoritative","association_candidates":[],"location_id":"98a02cc9-c9a6-4ebf-a105-228f6af28f3d","structure_id":null,"nar_placement_status":"ambiguous","nar_placement_distance_m":23.13380436462799,"nar_placement_rejection_reason":"distinct LOC_GUIDs share one footprint without sufficient multi-entrance or apartment evidence"},"geometry":{"type":"Point","coordinates":[-80.908401,44.585087]}},{"type":"Feature","id":"address_74db1c5570993091d471","properties":{"address_id":"address_74db1c5570993091d471","source_address_guid":"9f84babe-e2f4-444c-8b64-72801667854a","source_location_guid":"008d8663-d726-4509-b5aa-d3f0ac4d9c82","external_source":"statistics_canada_national_address_register","external_id":"9f84babe-e2f4-444c-8b64-72801667854a","source_retrieval_date":"2026-08-28","civic_number":"2048","civic_number_base":"2048","civic_number_suffix":"","street":"9th Avenue East","unit":"A","label":"2048 9th Avenue East Unit A","base_label":"2048 9th Avenue East","official_street_name":"9th","official_street_type":"AVE","official_street_direction":"E","nar_coordinate_source":"nar_building","normalized_address":"2048|9TH AVE E|A","normalized_base_address":"2048|9TH AVE E|","building_use_code":"3","building_use":"non_residential","address_category":"non_residential","mailing_street_name":"9TH","mailing_street_type":"AVE","mailing_street_direction":"E","mailing_municipality":"OWEN SOUND","mailing_province":"ON","postal_code":"N4K3H2","association_status":"statcan_authoritative_address_location","address_source_status":"authoritative","association_candidates":[],"location_id":"008d8663-d726-4509-b5aa-d3f0ac4d9c82","structure_id":"structure_63b4470b74c62552e05b","nar_placement_status":"nearest","nar_placement_distance_m":11.440012138130005,"nar_placement_rejection_reason":null},"geometry":{"type":"Point","coordinates":[-80.923834,44.582406]}},{"type":"Feature","id":"address_c4d216821c8641471e5d","properties":{"address_id":"address_c4d216821c8641471e5d","source_address_guid":"9a0c0119-bbae-4a45-a587-306b804755c0","source_location_guid":"a5a5f909-163e-4749-bcb4-c5db16409247","external_source":"statistics_canada_national_address_register","external_id":"9a0c0119-bbae-4a45-a587-306b804755c0","source_retrieval_date":"2026-08-28","civic_number":"2049","civic_number_base":"2049","civic_number_suffix":"","street":"20th Street East","unit":"","label":"2049 20th Street East","base_label":"2049 20th Street East","official_street_name":"20th","official_street_type":"ST","official_street_direction":"E","nar_coordinate_source":"nar_block_face_fallback","normalized_address":"2049|20TH ST E|","normalized_base_address":"2049|20TH ST E|","building_use_code":"3","building_use":"non_residential","address_category":"non_residential","mailing_street_name":"","mailing_street_type":"","mailing_street_direction":"","mailing_municipality":"OWEN SOUND","mailing_province":"ON","postal_code":"","association_status":"statcan_authoritative_address_location","address_source_status":"authoritative","association_candidates":[],"location_id":"a5a5f909-163e-4749-bcb4-c5db16409247","structure_id":"structure_2917c0203b5a6fb65f65","nar_placement_status":"nearest","nar_placement_distance_m":413.94732606026145,"nar_placement_rejection_reason":null},"geometry":{"type":"Point","coordinates":[-80.902469,44.58348]}},{"type":"Feature","id":"address_3b75ed89b4113a2526c9","properties":{"address_id":"address_3b75ed89b4113a2526c9","source_address_guid":"db3c02a2-6cc1-45a5-a9e3-fb5bdd72b053","source_location_guid":"7a49e58c-51e9-4b34-a8a9-f9eb79204cbb","external_source":"statistics_canada_national_address_register","external_id":"db3c02a2-6cc1-45a5-a9e3-fb5bdd72b053","source_retrieval_date":"2026-08-28","civic_number":"2050","civic_number_base":"2050","civic_number_suffix":"","street":"3rd Avenue East","unit":"","label":"2050 3rd Avenue East","base_label":"2050 3rd Avenue East","official_street_name":"3rd","official_street_type":"AVE","official_street_direction":"E","nar_coordinate_source":"nar_building","normalized_address":"2050|3RD AVE E|","normalized_base_address":"2050|3RD AVE E|","building_use_code":"3","building_use":"non_residential","address_category":"non_residential","mailing_street_name":"3RD","mailing_street_type":"AVE","mailing_street_direction":"E","mailing_municipality":"OWEN SOUND","mailing_province":"ON","postal_code":"N4K2M6","association_status":"unresolved","address_source_status":"authoritative","association_candidates":[],"location_id":"7a49e58c-51e9-4b34-a8a9-f9eb79204cbb","structure_id":null,"nar_placement_status":"unmatched","nar_placement_distance_m":52.752553628285646,"nar_placement_rejection_reason":"no credible footprint within the conservative match threshold"},"geometry":{"type":"Point","coordinates":[-80.932107,44.583065]}},{"type":"Feature","id":"address_dbff1009ceb5b1110047","properties":{"address_id":"address_dbff1009ceb5b1110047","source_address_guid":"4eb4638a-3999-467b-bb1f-04977ed2f23c","source_location_guid":"c7b5161e-cfcf-4b51-b033-df22c656e5ec","external_source":"statistics_canada_national_address_register","external_id":"4eb4638a-3999-467b-bb1f-04977ed2f23c","source_retrieval_date":"2026-08-28","civic_number":"2055","civic_number_base":"2055","civic_number_suffix":"","street":"16th Avenue East","unit":"","label":"2055 16th Avenue East","base_label":"2055 16th Avenue East","official_street_name":"16th","official_street_type":"AVE","official_street_direction":"E","nar_coordinate_source":"nar_block_face_fallback","normalized_address":"2055|16TH AVE E|","normalized_base_address":"2055|16TH AVE E|","building_use_code":"3","building_use":"non_residential","address_category":"non_residential","mailing_street_name":"","mailing_street_type":"","mailing_street_direction":"","mailing_municipality":"OWEN SOUND","mailing_province":"ON","postal_code":"N4K0H7","association_status":"unresolved","address_source_status":"authoritative","association_candidates":[],"location_id":"c7b5161e-cfcf-4b51-b033-df22c656e5ec","structure_id":null,"nar_placement_status":"ambiguous","nar_placement_distance_m":38.21420327922818,"nar_placement_rejection_reason":"distinct LOC_GUIDs share one footprint without sufficient multi-entrance or apartment evidence"},"geometry":{"type":"Point","coordinates":[-80.918359,44.584002]}},{"type":"Feature","id":"address_f0b4844a32b784cef16f","properties":{"address_id":"address_f0b4844a32b784cef16f","source_address_guid":"8a4ff2c9-325a-4107-8128-1d538b424d99","source_location_guid":"8b148a73-58e9-4622-8ae0-4bf28e1ae98e","external_source":"statistics_canada_national_address_register","external_id":"8a4ff2c9-325a-4107-8128-1d538b424d99","source_retrieval_date":"2026-08-28","civic_number":"2075","civic_number_base":"2075","civic_number_suffix":"","street":"16th Avenue East","unit":"","label":"2075 16th Avenue East","base_label":"2075 16th Avenue East","official_street_name":"16th","official_street_type":"AVE","official_street_direction":"E","nar_coordinate_source":"nar_block_face_fallback","normalized_address":"2075|16TH AVE E|","normalized_base_address":"2075|16TH AVE E|","building_use_code":"3","building_use":"non_residential","address_category":"non_residential","mailing_street_name":"16TH","mailing_street_type":"AVE","mailing_street_direction":"E","mailing_municipality":"OWEN SOUND","mailing_province":"ON","postal_code":"N4K0H7","association_status":"statcan_authoritative_address_location","address_source_status":"authoritative","association_candidates":[],"location_id":"8b148a73-58e9-4622-8ae0-4bf28e1ae98e","structure_id":"structure_8374620dc1867dfbc16f","nar_placement_status":"nearest","nar_placement_distance_m":38.21420327922818,"nar_placement_rejection_reason":null},"geometry":{"type":"Point","coordinates":[-80.918359,44.584002]}},{"type":"Feature","id":"address_aa1f382d6eaf0b683448","properties":{"address_id":"address_aa1f382d6eaf0b683448","source_address_guid":"480b022e-8eee-488d-908d-d0fc83ca505b","source_location_guid":"e9e11283-2c7f-4fe2-8966-249f49fd7b1d","external_source":"statistics_canada_national_address_register","external_id":"480b022e-8eee-488d-908d-d0fc83ca505b","source_retrieval_date":"2026-08-28","civic_number":"2100","civic_number_base":"2100","civic_number_suffix":"","street":"16th Avenue East","unit":"","label":"2100 16th Avenue East","base_label":"2100 16th Avenue East","official_street_name":"16th","official_street_type":"AVE","official_street_direction":"E","nar_coordinate_source":"nar_block_face_fallback","normalized_address":"2100|16TH AVE E|","normalized_base_address":"2100|16TH AVE E|","building_use_code":"3","building_use":"non_residential","address_category":"non_residential","mailing_street_name":"","mailing_street_type":"","mailing_street_direction":"","mailing_municipality":"OWEN SOUND","mailing_province":"ON","postal_code":"","association_status":"statcan_authoritative_address_location","address_source_status":"authoritative","association_candidates":[],"location_id":"e9e11283-2c7f-4fe2-8966-249f49fd7b1d","structure_id":"structure_78915fc6dc3667a06c74","nar_placement_status":"nearest","nar_placement_distance_m":29.259452169855173,"nar_placement_rejection_reason":null},"geometry":{"type":"Point","coordinates":[-80.918595,44.584054]}},{"type":"Feature","id":"address_6acb29595fc3a9ddfc7e","properties":{"address_id":"address_6acb29595fc3a9ddfc7e","source_address_guid":"80b26250-42fe-4d53-b687-210ce09ae0bb","source_location_guid":"bf6e8aac-38ce-4d04-b913-0a3dd229269e","external_source":"statistics_canada_national_address_register","external_id":"80b26250-42fe-4d53-b687-210ce09ae0bb","source_retrieval_date":"2026-08-28","civic_number":"2120","civic_number_base":"2120","civic_number_suffix":"","street":"20th Avenue East","unit":"","label":"2120 20th Avenue East","base_label":"2120 20th Avenue East","official_street_name":"20th","official_street_type":"AVE","official_street_direction":"E","nar_coordinate_source":"nar_block_face_fallback","normalized_address":"2120|20TH AVE E|","normalized_base_address":"2120|20TH AVE E|","building_use_code":"3","building_use":"non_residential","address_category":"non_residential","mailing_street_name":"20TH","mailing_street_type":"AVE","mailing_street_direction":"E","mailing_municipality":"OWEN SOUND","mailing_province":"ON","postal_code":"N4K0G8","association_status":"unresolved","address_source_status":"authoritative","association_candidates":[],"location_id":"bf6e8aac-38ce-4d04-b913-0a3dd229269e","structure_id":null,"nar_placement_status":"ambiguous","nar_placement_distance_m":19.477740989665328,"nar_placement_rejection_reason":"distinct LOC_GUIDs share one footprint without sufficient multi-entrance or apartment evidence"},"geometry":{"type":"Point","coordinates":[-80.908645,44.585059]}},{"type":"Feature","id":"address_07c5b0d270fc04b8be68","properties":{"address_id":"address_07c5b0d270fc04b8be68","source_address_guid":"bfb22eec-df51-4458-b1eb-eaed3663870b","source_location_guid":"ac434e5f-e01b-4633-999b-59afb3966ff5","external_source":"statistics_canada_national_address_register","external_id":"bfb22eec-df51-4458-b1eb-eaed3663870b","source_retrieval_date":"2026-08-28","civic_number":"2125","civic_number_base":"2125","civic_number_suffix":"","street":"16th Avenue East","unit":"","label":"2125 16th Avenue East","base_label":"2125 16th Avenue East","official_street_name":"16th","official_street_type":"AVE","official_street_direction":"E","nar_coordinate_source":"nar_block_face_fallback","normalized_address":"2125|16TH AVE E|","normalized_base_address":"2125|16TH AVE E|","building_use_code":"3","building_use":"non_residential","address_category":"non_residential","mailing_street_name":"","mailing_street_type":"","mailing_street_direction":"","mailing_municipality":"OWEN SOUND","mailing_province":"ON","postal_code":"N4K0H7","association_status":"unresolved","address_source_status":"authoritative","association_candidates":[],"location_id":"ac434e5f-e01b-4633-999b-59afb3966ff5","structure_id":null,"nar_placement_status":"ambiguous","nar_placement_distance_m":38.21420327922818,"nar_placement_rejection_reason":"distinct LOC_GUIDs share one footprint without sufficient multi-entrance or apartment evidence"},"geometry":{"type":"Point","coordinates":[-80.918359,44.584002]}},{"type":"Feature","id":"address_7f17015c45746613ec37","properties":{"address_id":"address_7f17015c45746613ec37","source_address_guid":"53ecd50e-f345-42b5-a61c-db3d4f2284e1","source_location_guid":"5878c538-2ac0-4a9a-b1f8-4b3729b81faa","external_source":"statistics_canada_national_address_register","external_id":"53ecd50e-f345-42b5-a61c-db3d4f2284e1","source_retrieval_date":"2026-08-28","civic_number":"2125","civic_number_base":"2125","civic_number_suffix":"","street":"20th Avenue East","unit":"","label":"2125 20th Avenue East","base_label":"2125 20th Avenue East","official_street_name":"20th","official_street_type":"AVE","official_street_direction":"E","nar_coordinate_source":"nar_block_face_fallback","normalized_address":"2125|20TH AVE E|","normalized_base_address":"2125|20TH AVE E|","building_use_code":"3","building_use":"non_residential","address_category":"non_residential","mailing_street_name":"","mailing_street_type":"","mailing_street_direction":"","mailing_municipality":"OWEN SOUND","mailing_province":"ON","postal_code":"N4K0G8","association_status":"unresolved","address_source_status":"authoritative","association_candidates":[],"location_id":"5878c538-2ac0-4a9a-b1f8-4b3729b81faa","structure_id":null,"nar_placement_status":"ambiguous","nar_placement_distance_m":23.13380436462799,"nar_placement_rejection_reason":"distinct LOC_GUIDs share one footprint without sufficient multi-entrance or apartment evidence"},"geometry":{"type":"Point","coordinates":[-80.908401,44.585087]}},{"type":"Feature","id":"address_93de36109be6a53debc9","properties":{"address_id":"address_93de36109be6a53debc9","source_address_guid":"5d2a699b-aeae-4821-bc6e-93c1d91567b0","source_location_guid":"af48bb5b-fcdc-4da3-aeee-f708976e8eb6","external_source":"statistics_canada_national_address_register","external_id":"5d2a699b-aeae-4821-bc6e-93c1d91567b0","source_retrieval_date":"2026-08-28","civic_number":"2135","civic_number_base":"2135","civic_number_suffix":"","street":"18th Avenue East","unit":"","label":"2135 18th Avenue East","base_label":"2135 18th Avenue East","official_street_name":"18th","official_street_type":"AVE","official_street_direction":"E","nar_coordinate_source":"nar_block_face_fallback","normalized_address":"2135|18TH AVE E|","normalized_base_address":"2135|18TH AVE E|","building_use_code":"3","building_use":"non_residential","address_category":"non_residential","mailing_street_name":"","mailing_street_type":"","mailing_street_direction":"","mailing_municipality":"OWEN SOUND","mailing_province":"ON","postal_code":"N4K0H2","association_status":"unresolved","address_source_status":"authoritative","association_candidates":[],"location_id":"af48bb5b-fcdc-4da3-aeee-f708976e8eb6","structure_id":null,"nar_placement_status":"ambiguous","nar_placement_distance_m":16.767995514989778,"nar_placement_rejection_reason":"distinct LOC_GUIDs share one footprint without sufficient multi-entrance or apartment evidence"},"geometry":{"type":"Point","coordinates":[-80.913498,44.5856]}},{"type":"Feature","id":"address_54ad2fb57f00b5ba4a59","properties":{"address_id":"address_54ad2fb57f00b5ba4a59","source_address_guid":"4cbfb580-b693-432c-ae20-b0d92bdc36b8","source_location_guid":"ffc930ea-9c71-4050-880e-072bb0ca8eae","external_source":"statistics_canada_national_address_register","external_id":"4cbfb580-b693-432c-ae20-b0d92bdc36b8","source_retrieval_date":"2026-08-28","civic_number":"215","civic_number_base":"215","civic_number_suffix":"","street":"8th Street East","unit":"","label":"215 8th Street East","base_label":"215 8th Street East","official_street_name":"8th","official_street_type":"ST","official_street_direction":"E","nar_coordinate_source":"nar_building","normalized_address":"215|8TH ST E|","normalized_base_address":"215|8TH ST E|","building_use_code":"3","building_use":"non_residential","address_category":"non_residential","mailing_street_name":"8TH","mailing_street_type":"ST","mailing_street_direction":"E","mailing_municipality":"OWEN SOUND","mailing_province":"ON","postal_code":"N4K1L2","association_status":"unresolved","address_source_status":"authoritative","association_candidates":[],"location_id":"ffc930ea-9c71-4050-880e-072bb0ca8eae","structure_id":null,"nar_placement_status":"unmatched","nar_placement_distance_m":null,"nar_placement_rejection_reason":"no credible footprint within the conservative match threshold"},"geometry":{"type":"Point","coordinates":[-80.942126,44.563874]}},{"type":"Feature","id":"address_a4bcd3db8588e68e6f6e","properties":{"address_id":"address_a4bcd3db8588e68e6f6e","source_address_guid":"388a428a-bf94-4b03-97fe-f4ca2a33fede","source_location_guid":"61b3e540-230b-42f8-877c-01b7770dd99d","external_source":"statistics_canada_national_address_register","external_id":"388a428a-bf94-4b03-97fe-f4ca2a33fede","source_retrieval_date":"2026-08-28","civic_number":"2155","civic_number_base":"2155","civic_number_suffix":"","street":"18th Avenue East","unit":"","label":"2155 18th Avenue East","base_label":"2155 18th Avenue East","official_street_name":"18th","official_street_type":"AVE","official_street_direction":"E","nar_coordinate_source":"nar_block_face_fallback","normalized_address":"2155|18TH AVE E|","normalized_base_address":"2155|18TH AVE E|","building_use_code":"3","building_use":"non_residential","address_category":"non_residential","mailing_street_name":"18TH","mailing_street_type":"AVE","mailing_street_direction":"E","mailing_municipality":"OWEN SOUND","mailing_province":"ON","postal_code":"N4K0H2","association_status":"unresolved","address_source_status":"authoritative","association_candidates":[],"location_id":"61b3e540-230b-42f8-877c-01b7770dd99d","structure_id":null,"nar_placement_status":"ambiguous","nar_placement_distance_m":16.767995514989778,"nar_placement_rejection_reason":"distinct LOC_GUIDs share one footprint without sufficient multi-entrance or apartment evidence"},"geometry":{"type":"Point","coordinates":[-80.913498,44.5856]}},{"type":"Feature","id":"address_938fe9dfa401ccaae98c","properties":{"address_id":"address_938fe9dfa401ccaae98c","source_address_guid":"aa8654f9-ea19-441f-86bb-5c4da1e35c16","source_location_guid":"8ce620dc-9275-401e-9a2e-ad77408d7e43","external_source":"statistics_canada_national_address_register","external_id":"aa8654f9-ea19-441f-86bb-5c4da1e35c16","source_retrieval_date":"2026-08-28","civic_number":"2180","civic_number_base":"2180","civic_number_suffix":"","street":"20th Street East","unit":"","label":"2180 20th Street East","base_label":"2180 20th Street East","official_street_name":"20th","official_street_type":"ST","official_street_direction":"E","nar_coordinate_source":"nar_block_face_fallback","normalized_address":"2180|20TH ST E|","normalized_base_address":"2180|20TH ST E|","building_use_code":"3","building_use":"non_residential","address_category":"non_residential","mailing_street_name":"","mailing_street_type":"","mailing_street_direction":"","mailing_municipality":"OWEN SOUND","mailing_province":"ON","postal_code":"N4K0H3","association_status":"unresolved","address_source_status":"authoritative","association_candidates":[],"location_id":"8ce620dc-9275-401e-9a2e-ad77408d7e43","structure_id":null,"nar_placement_status":"unmatched","nar_placement_distance_m":null,"nar_placement_rejection_reason":"no credible footprint within the conservative match threshold"},"geometry":{"type":"Point","coordinates":[-80.902508,44.583654]}},{"type":"Feature","id":"address_f1569ec0423eee486f65","properties":{"address_id":"address_f1569ec0423eee486f65","source_address_guid":"9faa408b-8b6c-48c2-8886-83375b1d72c3","source_location_guid":"bc0ca576-9bea-4d18-b183-1a11bdd9859c","external_source":"statistics_canada_national_address_register","external_id":"9faa408b-8b6c-48c2-8886-83375b1d72c3","source_retrieval_date":"2026-08-28","civic_number":"219","civic_number_base":"219","civic_number_suffix":"","street":"10th Street West","unit":"","label":"219 10th Street West","base_label":"219 10th Street West","official_street_name":"10th","official_street_type":"ST","official_street_direction":"W","nar_coordinate_source":"nar_building","normalized_address":"219|10TH ST W|","normalized_base_address":"219|10TH ST W|","building_use_code":"3","building_use":"non_residential","address_category":"non_residential","mailing_street_name":"10TH","mailing_street_type":"ST","mailing_street_direction":"W","mailing_municipality":"OWEN SOUND","mailing_province":"ON","postal_code":"N4K3R2","association_status":"unresolved","address_source_status":"authoritative","association_candidates":[],"location_id":"bc0ca576-9bea-4d18-b183-1a11bdd9859c","structure_id":null,"nar_placement_status":"ambiguous","nar_placement_distance_m":12.094816292366456,"nar_placement_rejection_reason":"distinct LOC_GUIDs share one footprint without sufficient multi-entrance or apartment evidence"},"geometry":{"type":"Point","coordinates":[-80.946258,44.567266]}},{"type":"Feature","id":"address_5d9e09c201d5bfdbb86d","properties":{"address_id":"address_5d9e09c201d5bfdbb86d","source_address_guid":"bf0bfd42-044d-498c-88a4-fddce1c3660c","source_location_guid":"339ef4c8-2ee7-4186-a7e4-3e9c323f8b98","external_source":"statistics_canada_national_address_register","external_id":"bf0bfd42-044d-498c-88a4-fddce1c3660c","source_retrieval_date":"2026-08-28","civic_number":"2198","civic_number_base":"2198","civic_number_suffix":"","street":"4th Avenue West","unit":"","label":"2198 4th Avenue West","base_label":"2198 4th Avenue West","official_street_name":"4th","official_street_type":"AVE","official_street_direction":"W","nar_coordinate_source":"nar_building","normalized_address":"2198|4TH AVE W|","normalized_base_address":"2198|4TH AVE W|","building_use_code":"3","building_use":"non_residential","address_category":"non_residential","mailing_street_name":"4TH","mailing_street_type":"AVE","mailing_street_direction":"W","mailing_municipality":"OWEN SOUND","mailing_province":"ON","postal_code":"N4K4Y5","association_status":"unresolved","address_source_status":"authoritative","association_candidates":[],"location_id":"339ef4c8-2ee7-4186-a7e4-3e9c323f8b98","structure_id":null,"nar_placement_status":"ambiguous","nar_placement_distance_m":5.939988805487356,"nar_placement_rejection_reason":"distinct LOC_GUIDs share one footprint without sufficient multi-entrance or apartment evidence"},"geometry":{"type":"Point","coordinates":[-80.94904,44.583854]}},{"type":"Feature","id":"address_5d52a5eeb694d7fc496f","properties":{"address_id":"address_5d52a5eeb694d7fc496f","source_address_guid":"3d23684d-aff0-441e-a197-d98ffe4940de","source_location_guid":"5f35d68f-1403-4985-9a16-1078ccbbf99c","external_source":"statistics_canada_national_address_register","external_id":"3d23684d-aff0-441e-a197-d98ffe4940de","source_retrieval_date":"2026-08-28","civic_number":"2220","civic_number_base":"2220","civic_number_suffix":"","street":"20th Avenue East","unit":"","label":"2220 20th Avenue East","base_label":"2220 20th Avenue East","official_street_name":"20th","official_street_type":"AVE","official_street_direction":"E","nar_coordinate_source":"nar_block_face_fallback","normalized_address":"2220|20TH AVE E|","normalized_base_address":"2220|20TH AVE E|","building_use_code":"3","building_use":"non_residential","address_category":"non_residential","mailing_street_name":"","mailing_street_type":"","mailing_street_direction":"","mailing_municipality":"OWEN SOUND","mailing_province":"ON","postal_code":"N4K0G8","association_status":"statcan_authoritative_address_location","address_source_status":"authoritative","association_candidates":[],"location_id":"5f35d68f-1403-4985-9a16-1078ccbbf99c","structure_id":"structure_d31cf990dbfbcd234ddd","nar_placement_status":"nearest","nar_placement_distance_m":19.477740989665328,"nar_placement_rejection_reason":null},"geometry":{"type":"Point","coordinates":[-80.908645,44.585059]}},{"type":"Feature","id":"address_b71e415ac1f405423a0f","properties":{"address_id":"address_b71e415ac1f405423a0f","source_address_guid":"e442ab5d-914f-41d6-a5a6-8127a2b50301","source_location_guid":"e4117319-ca09-4e60-8b84-e5dbbae85a9e","external_source":"statistics_canada_national_address_register","external_id":"e442ab5d-914f-41d6-a5a6-8127a2b50301","source_retrieval_date":"2026-08-28","civic_number":"2230","civic_number_base":"2230","civic_number_suffix":"","street":"18th Avenue East","unit":"","label":"2230 18th Avenue East","base_label":"2230 18th Avenue East","official_street_name":"18th","official_street_type":"AVE","official_street_direction":"E","nar_coordinate_source":"nar_block_face_fallback","normalized_address":"2230|18TH AVE E|","normalized_base_address":"2230|18TH AVE E|","building_use_code":"3","building_use":"non_residential","address_category":"non_residential","mailing_street_name":"","mailing_street_type":"","mailing_street_direction":"","mailing_municipality":"OWEN SOUND","mailing_province":"ON","postal_code":"","association_status":"statcan_authoritative_address_location","address_source_status":"authoritative","association_candidates":[],"location_id":"e4117319-ca09-4e60-8b84-e5dbbae85a9e","structure_id":"structure_8a629ab009b331e90cf0","nar_placement_status":"nearest","nar_placement_distance_m":20.507619825213066,"nar_placement_rejection_reason":null},"geometry":{"type":"Point","coordinates":[-80.913741,44.585571]}},{"type":"Feature","id":"address_f11edb7472df9acd5be0","properties":{"address_id":"address_f11edb7472df9acd5be0","source_address_guid":"b6a152ed-38c3-48f7-9a0a-760a9e1c776d","source_location_guid":"092d87fa-3c6c-4346-b843-cd1f28e7b4ab","external_source":"statistics_canada_national_address_register","external_id":"b6a152ed-38c3-48f7-9a0a-760a9e1c776d","source_retrieval_date":"2026-08-28","civic_number":"2275","civic_number_base":"2275","civic_number_suffix":"","street":"18th Avenue East","unit":"","label":"2275 18th Avenue East","base_label":"2275 18th Avenue East","official_street_name":"18th","official_street_type":"AVE","official_street_direction":"E","nar_coordinate_source":"nar_block_face_fallback","normalized_address":"2275|18TH AVE E|","normalized_base_address":"2275|18TH AVE E|","building_use_code":"3","building_use":"non_residential","address_category":"non_residential","mailing_street_name":"","mailing_street_type":"","mailing_street_direction":"","mailing_municipality":"OWEN SOUND","mailing_province":"ON","postal_code":"N4K0H2","association_status":"statcan_authoritative_address_location","address_source_status":"authoritative","association_candidates":[],"location_id":"092d87fa-3c6c-4346-b843-cd1f28e7b4ab","structure_id":"structure_3383a65d701bd4f6fbc8","nar_placement_status":"nearest","nar_placement_distance_m":16.767995514989778,"nar_placement_rejection_reason":null},"geometry":{"type":"Point","coordinates":[-80.913498,44.5856]}},{"type":"Feature","id":"address_9636cde56ddf35d919de","properties":{"address_id":"address_9636cde56ddf35d919de","source_address_guid":"cb9f9317-2bc3-46cf-96c8-002907270aaf","source_location_guid":"a9cfde20-2bbb-48d3-b9b4-396f3182aaf3","external_source":"statistics_canada_national_address_register","external_id":"cb9f9317-2bc3-46cf-96c8-002907270aaf","source_retrieval_date":"2026-08-28","civic_number":"228","civic_number_base":"228","civic_number_suffix":"","street":"8th Street East","unit":"","label":"228 8th Street East","base_label":"228 8th Street East","official_street_name":"8th","official_street_type":"ST","official_street_direction":"E","nar_coordinate_source":"nar_block_face_fallback","normalized_address":"228|8TH ST E|","normalized_base_address":"228|8TH ST E|","building_use_code":"3","building_use":"non_residential","address_category":"non_residential","mailing_street_name":"8TH","mailing_street_type":"ST","mailing_street_direction":"E","mailing_municipality":"OWEN SOUND","mailing_province":"ON","postal_code":"N4K1L1","association_status":"unresolved","address_source_status":"authoritative","association_candidates":[],"location_id":"a9cfde20-2bbb-48d3-b9b4-396f3182aaf3","structure_id":null,"nar_placement_status":"unmatched","nar_placement_distance_m":null,"nar_placement_rejection_reason":"no credible footprint within the conservative match threshold"},"geometry":{"type":"Point","coordinates":[-80.941545,44.564052]}},{"type":"Feature","id":"address_a9e070880d7b5472a48a","properties":{"address_id":"address_a9e070880d7b5472a48a","source_address_guid":"85076606-4569-42fd-b543-4868daf425c2","source_location_guid":"9822a3d7-6164-4395-953d-c1691117b84f","external_source":"statistics_canada_national_address_register","external_id":"85076606-4569-42fd-b543-4868daf425c2","source_retrieval_date":"2026-08-28","civic_number":"229","civic_number_base":"229","civic_number_suffix":"","street":"10th Street East","unit":"","label":"229 10th Street East","base_label":"229 10th Street East","official_street_name":"10th","official_street_type":"ST","official_street_direction":"E","nar_coordinate_source":"nar_building","normalized_address":"229|10TH ST E|","normalized_base_address":"229|10TH ST E|","building_use_code":"3","building_use":"non_residential","address_category":"non_residential","mailing_street_name":"10TH","mailing_street_type":"ST","mailing_street_direction":"E","mailing_municipality":"OWEN SOUND","mailing_province":"ON","postal_code":"N4K1S4","association_status":"statcan_authoritative_address_location","address_source_status":"authoritative","association_candidates":[],"location_id":"9822a3d7-6164-4395-953d-c1691117b84f","structure_id":"structure_bfd0584ce9e9f031007b","nar_placement_status":"nearest","nar_placement_distance_m":35.06511202293453,"nar_placement_rejection_reason":null},"geometry":{"type":"Point","coordinates":[-80.943022,44.567643]}},{"type":"Feature","id":"address_6bd2c4ea95008f6713e2","properties":{"address_id":"address_6bd2c4ea95008f6713e2","source_address_guid":"34b457a8-9dde-4c1c-8612-2718d7fd76ea","source_location_guid":"82b71b90-6091-47d2-aa51-d1a73ef6fa35","external_source":"statistics_canada_national_address_register","external_id":"34b457a8-9dde-4c1c-8612-2718d7fd76ea","source_retrieval_date":"2026-08-28","civic_number":"229","civic_number_base":"229","civic_number_suffix":"","street":"9th Street East","unit":"","label":"229 9th Street East","base_label":"229 9th Street East","official_street_name":"9th","official_street_type":"ST","official_street_direction":"E","nar_coordinate_source":"nar_building","normalized_address":"229|9TH ST E|","normalized_base_address":"229|9TH ST E|","building_use_code":"3","building_use":"non_residential","address_category":"non_residential","mailing_street_name":"9TH","mailing_street_type":"ST","mailing_street_direction":"E","mailing_municipality":"OWEN SOUND","mailing_province":"ON","postal_code":"N4K1N8","association_status":"statcan_authoritative_address_location","address_source_status":"authoritative","association_candidates":[],"location_id":"82b71b90-6091-47d2-aa51-d1a73ef6fa35","structure_id":"structure_37aa956061a8f42e417e","nar_placement_status":"exact","nar_placement_distance_m":0,"nar_placement_rejection_reason":null},"geometry":{"type":"Point","coordinates":[-80.942508,44.565779]}},{"type":"Feature","id":"address_7c6390d3dd914e88ffbe","properties":{"address_id":"address_7c6390d3dd914e88ffbe","source_address_guid":"4a81a99c-3c80-4a40-a5ca-62770366a399","source_location_guid":"98890704-5114-4d64-8b8d-cab879bd20ff","external_source":"statistics_canada_national_address_register","external_id":"4a81a99c-3c80-4a40-a5ca-62770366a399","source_retrieval_date":"2026-08-28","civic_number":"2297","civic_number_base":"2297","civic_number_suffix":"","street":"16th Avenue East","unit":"","label":"2297 16th Avenue East","base_label":"2297 16th Avenue East","official_street_name":"16th","official_street_type":"AVE","official_street_direction":"E","nar_coordinate_source":"nar_block_face_fallback","normalized_address":"2297|16TH AVE E|","normalized_base_address":"2297|16TH AVE E|","building_use_code":"3","building_use":"non_residential","address_category":"non_residential","mailing_street_name":"","mailing_street_type":"","mailing_street_direction":"","mailing_municipality":"OWEN SOUND","mailing_province":"ON","postal_code":"N4K0H7","association_status":"unresolved","address_source_status":"authoritative","association_candidates":[],"location_id":"98890704-5114-4d64-8b8d-cab879bd20ff","structure_id":null,"nar_placement_status":"ambiguous","nar_placement_distance_m":38.21420327922818,"nar_placement_rejection_reason":"distinct LOC_GUIDs share one footprint without sufficient multi-entrance or apartment evidence"},"geometry":{"type":"Point","coordinates":[-80.918359,44.584002]}},{"type":"Feature","id":"address_babc6aa34e9fefff9209","properties":{"address_id":"address_babc6aa34e9fefff9209","source_address_guid":"a28cd1bc-7e7f-4857-9cc1-0a50ee23f891","source_location_guid":"85569733-e643-494f-810d-eb16022643ea","external_source":"statistics_canada_national_address_register","external_id":"a28cd1bc-7e7f-4857-9cc1-0a50ee23f891","source_retrieval_date":"2026-08-28","civic_number":"2304","civic_number_base":"2304","civic_number_suffix":"","street":"3rd Avenue West","unit":"","label":"2304 3rd Avenue West","base_label":"2304 3rd Avenue West","official_street_name":"3rd","official_street_type":"AVE","official_street_direction":"W","nar_coordinate_source":"nar_building","normalized_address":"2304|3RD AVE W|","normalized_base_address":"2304|3RD AVE W|","building_use_code":"3","building_use":"non_residential","address_category":"non_residential","mailing_street_name":"3RD","mailing_street_type":"AVE","mailing_street_direction":"W","mailing_municipality":"OWEN SOUND","mailing_province":"ON","postal_code":"N4K4S5","association_status":"statcan_authoritative_address_location","address_source_status":"authoritative","association_candidates":[],"location_id":"85569733-e643-494f-810d-eb16022643ea","structure_id":"structure_7b58640e68fd71b98555","nar_placement_status":"nearest","nar_placement_distance_m":5.92400615182465,"nar_placement_rejection_reason":null},"geometry":{"type":"Point","coordinates":[-80.94706,44.585144]}},{"type":"Feature","id":"address_e9adc5c612dedcb0135f","properties":{"address_id":"address_e9adc5c612dedcb0135f","source_address_guid":"89cd3fd4-a381-446e-a0c3-547e936a1c3b","source_location_guid":"edfe2d10-4fac-4ad3-84c3-f078fda1b425","external_source":"statistics_canada_national_address_register","external_id":"89cd3fd4-a381-446e-a0c3-547e936a1c3b","source_retrieval_date":"2026-08-28","civic_number":"245","civic_number_base":"245","civic_number_suffix":"","street":"11th Street West","unit":"","label":"245 11th Street West","base_label":"245 11th Street West","official_street_name":"11th","official_street_type":"ST","official_street_direction":"W","nar_coordinate_source":"nar_building","normalized_address":"245|11TH ST W|","normalized_base_address":"245|11TH ST W|","building_use_code":"3","building_use":"non_residential","address_category":"non_residential","mailing_street_name":"11TH","mailing_street_type":"ST","mailing_street_direction":"W","mailing_municipality":"OWEN SOUND","mailing_province":"ON","postal_code":"N4K3S7","association_status":"statcan_authoritative_address_location","address_source_status":"authoritative","association_candidates":[],"location_id":"edfe2d10-4fac-4ad3-84c3-f078fda1b425","structure_id":"structure_fbb63a88a4919b08ca37","nar_placement_status":"nearest","nar_placement_distance_m":4.4966084780177376,"nar_placement_rejection_reason":null},"geometry":{"type":"Point","coordinates":[-80.947477,44.568994]}},{"type":"Feature","id":"address_1d904d0e90884860032c","properties":{"address_id":"address_1d904d0e90884860032c","source_address_guid":"afb44382-537c-4508-a36e-60f2f9dbda25","source_location_guid":"c1a19cde-8816-4c96-88f5-3de5e5b5f663","external_source":"statistics_canada_national_address_register","external_id":"afb44382-537c-4508-a36e-60f2f9dbda25","source_retrieval_date":"2026-08-28","civic_number":"2475","civic_number_base":"2475","civic_number_suffix":"","street":"3rd Avenue West","unit":"","label":"2475 3rd Avenue West","base_label":"2475 3rd Avenue West","official_street_name":"3rd","official_street_type":"AVE","official_street_direction":"W","nar_coordinate_source":"nar_block_face_fallback","normalized_address":"2475|3RD AVE W|","normalized_base_address":"2475|3RD AVE W|","building_use_code":"3","building_use":"non_residential","address_category":"non_residential","mailing_street_name":"3RD","mailing_street_type":"AVE","mailing_street_direction":"W","mailing_municipality":"OWEN SOUND","mailing_province":"ON","postal_code":"N4K4S7","association_status":"unresolved","address_source_status":"authoritative","association_candidates":[],"location_id":"c1a19cde-8816-4c96-88f5-3de5e5b5f663","structure_id":null,"nar_placement_status":"ambiguous","nar_placement_distance_m":38.6971395699454,"nar_placement_rejection_reason":"distinct LOC_GUIDs share one footprint without sufficient multi-entrance or apartment evidence"},"geometry":{"type":"Point","coordinates":[-80.946047,44.587547]}},{"type":"Feature","id":"address_8b50d66d619d1c96a9cb","properties":{"address_id":"address_8b50d66d619d1c96a9cb","source_address_guid":"ab8af40b-ea81-4548-b96e-59c2baba6a2d","source_location_guid":"edd4ab9c-abe8-4862-bdfa-28ed5348a251","external_source":"statistics_canada_national_address_register","external_id":"ab8af40b-ea81-4548-b96e-59c2baba6a2d","source_retrieval_date":"2026-08-28","civic_number":"250","civic_number_base":"250","civic_number_suffix":"","street":"10th Street West","unit":"","label":"250 10th Street West","base_label":"250 10th Street West","official_street_name":"10th","official_street_type":"ST","official_street_direction":"W","nar_coordinate_source":"nar_building","normalized_address":"250|10TH ST W|","normalized_base_address":"250|10TH ST W|","building_use_code":"3","building_use":"non_residential","address_category":"non_residential","mailing_street_name":"10TH","mailing_street_type":"ST","mailing_street_direction":"W","mailing_municipality":"OWEN SOUND","mailing_province":"ON","postal_code":"N4K3R3","association_status":"statcan_authoritative_address_location","address_source_status":"authoritative","association_candidates":[],"location_id":"edd4ab9c-abe8-4862-bdfa-28ed5348a251","structure_id":"structure_d200f496dccdeb5c7705","nar_placement_status":"nearest","nar_placement_distance_m":7.4355249215114805,"nar_placement_rejection_reason":null},"geometry":{"type":"Point","coordinates":[-80.946766,44.567427]}},{"type":"Feature","id":"address_2d2d845e8aaa5c65d29e","properties":{"address_id":"address_2d2d845e8aaa5c65d29e","source_address_guid":"3ca771de-db54-45bc-b6bb-aa2e25538aac","source_location_guid":"6d69e002-5882-427c-90ec-d48c4d54a24b","external_source":"statistics_canada_national_address_register","external_id":"3ca771de-db54-45bc-b6bb-aa2e25538aac","source_retrieval_date":"2026-08-28","civic_number":"2501","civic_number_base":"2501","civic_number_suffix":"","street":"3rd Avenue West","unit":"","label":"2501 3rd Avenue West","base_label":"2501 3rd Avenue West","official_street_name":"3rd","official_street_type":"AVE","official_street_direction":"W","nar_coordinate_source":"nar_building","normalized_address":"2501|3RD AVE W|","normalized_base_address":"2501|3RD AVE W|","building_use_code":"3","building_use":"non_residential","address_category":"non_residential","mailing_street_name":"3RD","mailing_street_type":"AVE","mailing_street_direction":"W","mailing_municipality":"OWEN SOUND","mailing_province":"ON","postal_code":"N4K4S7","association_status":"unresolved","address_source_status":"authoritative","association_candidates":[],"location_id":"6d69e002-5882-427c-90ec-d48c4d54a24b","structure_id":null,"nar_placement_status":"ambiguous","nar_placement_distance_m":35.967525960059184,"nar_placement_rejection_reason":"distinct LOC_GUIDs share one footprint without sufficient multi-entrance or apartment evidence"},"geometry":{"type":"Point","coordinates":[-80.946052,44.587369]}},{"type":"Feature","id":"address_44424f13ef29e1f54940","properties":{"address_id":"address_44424f13ef29e1f54940","source_address_guid":"0ed5b861-53a8-40c9-a655-854d73c3c3d4","source_location_guid":"eae9f745-ec1c-438a-a1bf-4442b64132ac","external_source":"statistics_canada_national_address_register","external_id":"0ed5b861-53a8-40c9-a655-854d73c3c3d4","source_retrieval_date":"2026-08-28","civic_number":"251","civic_number_base":"251","civic_number_suffix":"","street":"10th Street East","unit":"","label":"251 10th Street East","base_label":"251 10th Street East","official_street_name":"10th","official_street_type":"ST","official_street_direction":"E","nar_coordinate_source":"nar_building","normalized_address":"251|10TH ST E|","normalized_base_address":"251|10TH ST E|","building_use_code":"3","building_use":"non_residential","address_category":"non_residential","mailing_street_name":"10TH","mailing_street_type":"ST","mailing_street_direction":"E","mailing_municipality":"OWEN SOUND","mailing_province":"ON","postal_code":"N4K1S4","association_status":"unresolved","address_source_status":"authoritative","association_candidates":[],"location_id":"eae9f745-ec1c-438a-a1bf-4442b64132ac","structure_id":null,"nar_placement_status":"unmatched","nar_placement_distance_m":null,"nar_placement_rejection_reason":"no credible footprint within the conservative match threshold"},"geometry":{"type":"Point","coordinates":[-80.942598,44.567694]}},{"type":"Feature","id":"address_8b819e899575914e0e21","properties":{"address_id":"address_8b819e899575914e0e21","source_address_guid":"8af34486-ed09-4dca-959c-96e1a925d93f","source_location_guid":"8e77cd2b-ded9-4e39-b742-2739907f2248","external_source":"statistics_canada_national_address_register","external_id":"8af34486-ed09-4dca-959c-96e1a925d93f","source_retrieval_date":"2026-08-28","civic_number":"251","civic_number_base":"251","civic_number_suffix":"","street":"9th Street East","unit":"","label":"251 9th Street East","base_label":"251 9th Street East","official_street_name":"9th","official_street_type":"ST","official_street_direction":"E","nar_coordinate_source":"nar_block_face_fallback","normalized_address":"251|9TH ST E|","normalized_base_address":"251|9TH ST E|","building_use_code":"3","building_use":"non_residential","address_category":"non_residential","mailing_street_name":"9TH","mailing_street_type":"ST","mailing_street_direction":"E","mailing_municipality":"OWEN SOUND","mailing_province":"ON","postal_code":"N4K1N8","association_status":"unresolved","address_source_status":"authoritative","association_candidates":[],"location_id":"8e77cd2b-ded9-4e39-b742-2739907f2248","structure_id":null,"nar_placement_status":"unmatched","nar_placement_distance_m":null,"nar_placement_rejection_reason":"no credible footprint within the conservative match threshold"},"geometry":{"type":"Point","coordinates":[-80.941932,44.565778]}},{"type":"Feature","id":"address_67244ff925c6ec946583","properties":{"address_id":"address_67244ff925c6ec946583","source_address_guid":"488103e4-28c7-4dcf-9413-29b3053a9f61","source_location_guid":"85b69e9b-f25d-4d5c-8374-4fe6f34a07dd","external_source":"statistics_canada_national_address_register","external_id":"488103e4-28c7-4dcf-9413-29b3053a9f61","source_retrieval_date":"2026-08-28","civic_number":"2555","civic_number_base":"2555","civic_number_suffix":"","street":"8th Avenue West","unit":"","label":"2555 8th Avenue West","base_label":"2555 8th Avenue West","official_street_name":"8th","official_street_type":"AVE","official_street_direction":"W","nar_coordinate_source":"nar_building","normalized_address":"2555|8TH AVE W|","normalized_base_address":"2555|8TH AVE W|","building_use_code":"3","building_use":"non_residential","address_category":"non_residential","mailing_street_name":"8TH","mailing_street_type":"AVE","mailing_street_direction":"W","mailing_municipality":"OWEN SOUND","mailing_province":"ON","postal_code":"N4K5M9","association_status":"unresolved","address_source_status":"authoritative","association_candidates":[],"location_id":"85b69e9b-f25d-4d5c-8374-4fe6f34a07dd","structure_id":null,"nar_placement_status":"unmatched","nar_placement_distance_m":56.699619983300906,"nar_placement_rejection_reason":"no credible footprint within the conservative match threshold"},"geometry":{"type":"Point","coordinates":[-80.953542,44.588304]}},{"type":"Feature","id":"address_930d0e5d90595dae7e32","properties":{"address_id":"address_930d0e5d90595dae7e32","source_address_guid":"b7a82323-8f3f-4b13-bf9b-63e52f887684","source_location_guid":"775fea08-6442-4419-9055-99ed5f4be143","external_source":"statistics_canada_national_address_register","external_id":"b7a82323-8f3f-4b13-bf9b-63e52f887684","source_retrieval_date":"2026-08-28","civic_number":"2575","civic_number_base":"2575","civic_number_suffix":"","street":"3rd Avenue West","unit":"","label":"2575 3rd Avenue West","base_label":"2575 3rd Avenue West","official_street_name":"3rd","official_street_type":"AVE","official_street_direction":"W","nar_coordinate_source":"nar_building","normalized_address":"2575|3RD AVE W|","normalized_base_address":"2575|3RD AVE W|","building_use_code":"3","building_use":"non_residential","address_category":"non_residential","mailing_street_name":"3RD","mailing_street_type":"AVE","mailing_street_direction":"W","mailing_municipality":"OWEN SOUND","mailing_province":"ON","postal_code":"N4K4S7","association_status":"statcan_authoritative_address_location","address_source_status":"authoritative","association_candidates":[],"location_id":"775fea08-6442-4419-9055-99ed5f4be143","structure_id":"structure_940e1fcd45db7f610d40","nar_placement_status":"nearest","nar_placement_distance_m":26.378354898931246,"nar_placement_rejection_reason":null},"geometry":{"type":"Point","coordinates":[-80.945483,44.589181]}},{"type":"Feature","id":"address_4b71b7c84236ceca524b","properties":{"address_id":"address_4b71b7c84236ceca524b","source_address_guid":"c5dcdb7e-4122-47d9-9ab1-2e8de138126a","source_location_guid":"89cbf0a8-9ca0-423c-b73c-e75b70c84dcf","external_source":"statistics_canada_national_address_register","external_id":"c5dcdb7e-4122-47d9-9ab1-2e8de138126a","source_retrieval_date":"2026-08-28","civic_number":"265","civic_number_base":"265","civic_number_suffix":"","street":"8th Street East","unit":"","label":"265 8th Street East","base_label":"265 8th Street East","official_street_name":"8th","official_street_type":"ST","official_street_direction":"E","nar_coordinate_source":"nar_building","normalized_address":"265|8TH ST E|","normalized_base_address":"265|8TH ST E|","building_use_code":"3","building_use":"non_residential","address_category":"non_residential","mailing_street_name":"8TH","mailing_street_type":"ST","mailing_street_direction":"E","mailing_municipality":"OWEN SOUND","mailing_province":"ON","postal_code":"N4K1L2","association_status":"unresolved","address_source_status":"authoritative","association_candidates":[],"location_id":"89cbf0a8-9ca0-423c-b73c-e75b70c84dcf","structure_id":null,"nar_placement_status":"unmatched","nar_placement_distance_m":null,"nar_placement_rejection_reason":"no credible footprint within the conservative match threshold"},"geometry":{"type":"Point","coordinates":[-80.941248,44.563976]}},{"type":"Feature","id":"address_1e03c7348d7f54fc95db","properties":{"address_id":"address_1e03c7348d7f54fc95db","source_address_guid":"e4c8f834-0341-4f8a-a4d6-b742b7a2f7d7","source_location_guid":"683fd12c-cf2a-4916-9470-0c347a13bebc","external_source":"statistics_canada_national_address_register","external_id":"e4c8f834-0341-4f8a-a4d6-b742b7a2f7d7","source_retrieval_date":"2026-08-28","civic_number":"270","civic_number_base":"270","civic_number_suffix":"","street":"9th Street East","unit":"","label":"270 9th Street East","base_label":"270 9th Street East","official_street_name":"9th","official_street_type":"ST","official_street_direction":"E","nar_coordinate_source":"nar_block_face_fallback","normalized_address":"270|9TH ST E|","normalized_base_address":"270|9TH ST E|","building_use_code":"3","building_use":"non_residential","address_category":"non_residential","mailing_street_name":"","mailing_street_type":"","mailing_street_direction":"","mailing_municipality":"OWEN SOUND","mailing_province":"ON","postal_code":"N4K1N5","association_status":"unresolved","address_source_status":"authoritative","association_candidates":[],"location_id":"683fd12c-cf2a-4916-9470-0c347a13bebc","structure_id":null,"nar_placement_status":"ambiguous","nar_placement_distance_m":36.82762589048781,"nar_placement_rejection_reason":"multiple nearby footprints remain similarly plausible"},"geometry":{"type":"Point","coordinates":[-80.941972,44.565952]}},{"type":"Feature","id":"address_cea10bc401eb1d46cf95","properties":{"address_id":"address_cea10bc401eb1d46cf95","source_address_guid":"cffe494b-3337-4e50-a50c-69e899debaa3","source_location_guid":"1d05fb8d-f676-4e21-9ead-bdd08ca77ee2","external_source":"statistics_canada_national_address_register","external_id":"cffe494b-3337-4e50-a50c-69e899debaa3","source_retrieval_date":"2026-08-28","civic_number":"2795","civic_number_base":"2795","civic_number_suffix":"","street":"East Bay Shore Road","unit":"","label":"2795 East Bay Shore Road","base_label":"2795 East Bay Shore Road","official_street_name":"East Bay Shore","official_street_type":"RD","official_street_direction":"","nar_coordinate_source":"nar_block_face_fallback","normalized_address":"2795|E BAY SHORE RD|","normalized_base_address":"2795|E BAY SHORE RD|","building_use_code":"3","building_use":"non_residential","address_category":"non_residential","mailing_street_name":"EAST BAYSHORE","mailing_street_type":"RD","mailing_street_direction":"","mailing_municipality":"OWEN SOUND","mailing_province":"ON","postal_code":"N4K5N3","association_status":"unresolved","address_source_status":"authoritative","association_candidates":[],"location_id":"1d05fb8d-f676-4e21-9ead-bdd08ca77ee2","structure_id":null,"nar_placement_status":"unmatched","nar_placement_distance_m":null,"nar_placement_rejection_reason":"no credible footprint within the conservative match threshold"},"geometry":{"type":"Point","coordinates":[-80.923725,44.593581]}},{"type":"Feature","id":"address_83e18379cfeb033f9911","properties":{"address_id":"address_83e18379cfeb033f9911","source_address_guid":"fcb9b4ae-e742-404d-988d-b0bbac98b8c7","source_location_guid":"cd9bd88d-2021-48f8-98de-ccf5c0c890b8","external_source":"statistics_canada_national_address_register","external_id":"fcb9b4ae-e742-404d-988d-b0bbac98b8c7","source_retrieval_date":"2026-08-28","civic_number":"280","civic_number_base":"280","civic_number_suffix":"","street":"10th Street East","unit":"","label":"280 10th Street East","base_label":"280 10th Street East","official_street_name":"10th","official_street_type":"ST","official_street_direction":"E","nar_coordinate_source":"nar_building","normalized_address":"280|10TH ST E|","normalized_base_address":"280|10TH ST E|","building_use_code":"3","building_use":"non_residential","address_category":"non_residential","mailing_street_name":"10TH","mailing_street_type":"ST","mailing_street_direction":"E","mailing_municipality":"OWEN SOUND","mailing_province":"ON","postal_code":"N4K1S5","association_status":"statcan_authoritative_address_location","address_source_status":"authoritative","association_candidates":[],"location_id":"cd9bd88d-2021-48f8-98de-ccf5c0c890b8","structure_id":"structure_65cc13ffbf329fee8db2","nar_placement_status":"nearest","nar_placement_distance_m":31.78974642772187,"nar_placement_rejection_reason":null},"geometry":{"type":"Point","coordinates":[-80.941612,44.568027]}},{"type":"Feature","id":"address_53ce3c1aedf4930c6de1","properties":{"address_id":"address_53ce3c1aedf4930c6de1","source_address_guid":"66dc6a4b-3f5f-4c10-b2d0-e7eb988e3c45","source_location_guid":"c0e5797f-5189-45ba-a2fd-84d5acfaada3","external_source":"statistics_canada_national_address_register","external_id":"66dc6a4b-3f5f-4c10-b2d0-e7eb988e3c45","source_retrieval_date":"2026-08-28","civic_number":"282","civic_number_base":"282","civic_number_suffix":"","street":"8th Street East","unit":"","label":"282 8th Street East","base_label":"282 8th Street East","official_street_name":"8th","official_street_type":"ST","official_street_direction":"E","nar_coordinate_source":"nar_building","normalized_address":"282|8TH ST E|","normalized_base_address":"282|8TH ST E|","building_use_code":"3","building_use":"non_residential","address_category":"non_residential","mailing_street_name":"8TH","mailing_street_type":"ST","mailing_street_direction":"E","mailing_municipality":"OWEN SOUND","mailing_province":"ON","postal_code":"N4K1L1","association_status":"unresolved","address_source_status":"authoritative","association_candidates":[],"location_id":"c0e5797f-5189-45ba-a2fd-84d5acfaada3","structure_id":null,"nar_placement_status":"ambiguous","nar_placement_distance_m":48.043801709101444,"nar_placement_rejection_reason":"distinct LOC_GUIDs share one footprint without sufficient multi-entrance or apartment evidence"},"geometry":{"type":"Point","coordinates":[-80.940502,44.564199]}},{"type":"Feature","id":"address_d46c3965f61e513dcd31","properties":{"address_id":"address_d46c3965f61e513dcd31","source_address_guid":"64041684-2245-40c7-b4ea-1c9eeb4f39a9","source_location_guid":"e4629783-3be3-4030-8854-2a0d3d22b85e","external_source":"statistics_canada_national_address_register","external_id":"64041684-2245-40c7-b4ea-1c9eeb4f39a9","source_retrieval_date":"2026-08-28","civic_number":"285","civic_number_base":"285","civic_number_suffix":"","street":"10th Street West","unit":"","label":"285 10th Street West","base_label":"285 10th Street West","official_street_name":"10th","official_street_type":"ST","official_street_direction":"W","nar_coordinate_source":"nar_building","normalized_address":"285|10TH ST W|","normalized_base_address":"285|10TH ST W|","building_use_code":"3","building_use":"non_residential","address_category":"non_residential","mailing_street_name":"10TH","mailing_street_type":"ST","mailing_street_direction":"W","mailing_municipality":"OWEN SOUND","mailing_province":"ON","postal_code":"N4K3R2","association_status":"statcan_authoritative_address_location","address_source_status":"authoritative","association_candidates":[],"location_id":"e4629783-3be3-4030-8854-2a0d3d22b85e","structure_id":"structure_f1b63b6e2e266f7b66e4","nar_placement_status":"nearest","nar_placement_distance_m":16.474894362570655,"nar_placement_rejection_reason":null},"geometry":{"type":"Point","coordinates":[-80.94761,44.567227]}},{"type":"Feature","id":"address_d4844325220b2125d44d","properties":{"address_id":"address_d4844325220b2125d44d","source_address_guid":"92b38acc-151f-4982-89ab-e8a45cf576b3","source_location_guid":"e611cb23-ebcc-4fac-b5fb-b2fbf4ad7b2d","external_source":"statistics_canada_national_address_register","external_id":"92b38acc-151f-4982-89ab-e8a45cf576b3","source_retrieval_date":"2026-08-28","civic_number":"2875","civic_number_base":"2875","civic_number_suffix":"","street":"East Bay Shore Road","unit":"","label":"2875 East Bay Shore Road","base_label":"2875 East Bay Shore Road","official_street_name":"East Bay Shore","official_street_type":"RD","official_street_direction":"","nar_coordinate_source":"nar_block_face_fallback","normalized_address":"2875|E BAY SHORE RD|","normalized_base_address":"2875|E BAY SHORE RD|","building_use_code":"3","building_use":"non_residential","address_category":"non_residential","mailing_street_name":"EAST BAYSHORE","mailing_street_type":"RD","mailing_street_direction":"","mailing_municipality":"OWEN SOUND","mailing_province":"ON","postal_code":"N4K5N3","association_status":"unresolved","address_source_status":"authoritative","association_candidates":[],"location_id":"e611cb23-ebcc-4fac-b5fb-b2fbf4ad7b2d","structure_id":null,"nar_placement_status":"unmatched","nar_placement_distance_m":null,"nar_placement_rejection_reason":"no credible footprint within the conservative match threshold"},"geometry":{"type":"Point","coordinates":[-80.922213,44.59835]}},{"type":"Feature","id":"address_6a2ee1bd008c00d140ec","properties":{"address_id":"address_6a2ee1bd008c00d140ec","source_address_guid":"61dc2fe8-6d25-4e3b-8f29-3e6f31e4938b","source_location_guid":"77591d53-e4d0-4a91-b905-2d6752ad6488","external_source":"statistics_canada_national_address_register","external_id":"61dc2fe8-6d25-4e3b-8f29-3e6f31e4938b","source_retrieval_date":"2026-08-28","civic_number":"290","civic_number_base":"290","civic_number_suffix":"","street":"9th Street East","unit":"","label":"290 9th Street East","base_label":"290 9th Street East","official_street_name":"9th","official_street_type":"ST","official_street_direction":"E","nar_coordinate_source":"nar_block_face_fallback","normalized_address":"290|9TH ST E|","normalized_base_address":"290|9TH ST E|","building_use_code":"3","building_use":"non_residential","address_category":"non_residential","mailing_street_name":"9TH","mailing_street_type":"ST","mailing_street_direction":"E","mailing_municipality":"OWEN SOUND","mailing_province":"ON","postal_code":"N4K1N7","association_status":"unresolved","address_source_status":"authoritative","association_candidates":[],"location_id":"77591d53-e4d0-4a91-b905-2d6752ad6488","structure_id":null,"nar_placement_status":"ambiguous","nar_placement_distance_m":36.82762589048781,"nar_placement_rejection_reason":"multiple nearby footprints remain similarly plausible"},"geometry":{"type":"Point","coordinates":[-80.941972,44.565952]}},{"type":"Feature","id":"address_da2b8c362e51ce0a2624","properties":{"address_id":"address_da2b8c362e51ce0a2624","source_address_guid":"53e3c800-09a3-4098-a3e2-c80beaaf2fe3","source_location_guid":"ef86ffa5-ef62-402a-8aa8-7deab8a5c9e5","external_source":"statistics_canada_national_address_register","external_id":"53e3c800-09a3-4098-a3e2-c80beaaf2fe3","source_retrieval_date":"2026-08-28","civic_number":"3095","civic_number_base":"3095","civic_number_suffix":"","street":"9th Avenue East","unit":"","label":"3095 9th Avenue East","base_label":"3095 9th Avenue East","official_street_name":"9th","official_street_type":"AVE","official_street_direction":"E","nar_coordinate_source":"nar_block_face_fallback","normalized_address":"3095|9TH AVE E|","normalized_base_address":"3095|9TH AVE E|","building_use_code":"3","building_use":"non_residential","address_category":"non_residential","mailing_street_name":"","mailing_street_type":"","mailing_street_direction":"","mailing_municipality":"OWEN SOUND","mailing_province":"ON","postal_code":"","association_status":"statcan_authoritative_address_location","address_source_status":"authoritative","association_candidates":[],"location_id":"ef86ffa5-ef62-402a-8aa8-7deab8a5c9e5","structure_id":"structure_52c8f3ffb541adfbb7db","nar_placement_status":"nearest","nar_placement_distance_m":286.6450533306572,"nar_placement_rejection_reason":null},"geometry":{"type":"Point","coordinates":[-80.916657,44.598114]}},{"type":"Feature","id":"address_c2e59ff9b02ae50afe66","properties":{"address_id":"address_c2e59ff9b02ae50afe66","source_address_guid":"b6e578b5-d306-49e5-af1a-679f2ced78e0","source_location_guid":"948bd9c9-d350-49cf-b6a2-97df27464835","external_source":"statistics_canada_national_address_register","external_id":"b6e578b5-d306-49e5-af1a-679f2ced78e0","source_retrieval_date":"2026-08-28","civic_number":"310","civic_number_base":"310","civic_number_suffix":"","street":"10th Street West","unit":"","label":"310 10th Street West","base_label":"310 10th Street West","official_street_name":"10th","official_street_type":"ST","official_street_direction":"W","nar_coordinate_source":"nar_building","normalized_address":"310|10TH ST W|","normalized_base_address":"310|10TH ST W|","building_use_code":"3","building_use":"non_residential","address_category":"non_residential","mailing_street_name":"10TH","mailing_street_type":"ST","mailing_street_direction":"W","mailing_municipality":"OWEN SOUND","mailing_province":"ON","postal_code":"N4K3R5","association_status":"statcan_authoritative_address_location","address_source_status":"authoritative","association_candidates":[],"location_id":"948bd9c9-d350-49cf-b6a2-97df27464835","structure_id":"structure_d88dd62c6374e09073a1","nar_placement_status":"nearest","nar_placement_distance_m":10.656389567669063,"nar_placement_rejection_reason":null},"geometry":{"type":"Point","coordinates":[-80.947985,44.567297]}},{"type":"Feature","id":"address_7232111697e542017ed1","properties":{"address_id":"address_7232111697e542017ed1","source_address_guid":"65a44839-5ccb-4b42-8eb4-0bcf41df867d","source_location_guid":"37eb290e-69f3-4184-b92f-1044e96d8cba","external_source":"statistics_canada_national_address_register","external_id":"65a44839-5ccb-4b42-8eb4-0bcf41df867d","source_retrieval_date":"2026-08-28","civic_number":"335","civic_number_base":"335","civic_number_suffix":"","street":"10th Street East","unit":"","label":"335 10th Street East","base_label":"335 10th Street East","official_street_name":"10th","official_street_type":"ST","official_street_direction":"E","nar_coordinate_source":"nar_building","normalized_address":"335|10TH ST E|","normalized_base_address":"335|10TH ST E|","building_use_code":"3","building_use":"non_residential","address_category":"non_residential","mailing_street_name":"10TH","mailing_street_type":"ST","mailing_street_direction":"E","mailing_municipality":"OWEN SOUND","mailing_province":"ON","postal_code":"N4K1S7","association_status":"unresolved","address_source_status":"authoritative","association_candidates":[],"location_id":"37eb290e-69f3-4184-b92f-1044e96d8cba","structure_id":null,"nar_placement_status":"unmatched","nar_placement_distance_m":null,"nar_placement_rejection_reason":"no credible footprint within the conservative match threshold"},"geometry":{"type":"Point","coordinates":[-80.941194,44.567862]}},{"type":"Feature","id":"address_3dd586f7b059b2e8fb14","properties":{"address_id":"address_3dd586f7b059b2e8fb14","source_address_guid":"019d5b24-8f11-4ca9-88a5-3b75dddbca8d","source_location_guid":"63c0050d-87bc-4f67-9832-fa75b9d3d0bc","external_source":"statistics_canada_national_address_register","external_id":"019d5b24-8f11-4ca9-88a5-3b75dddbca8d","source_retrieval_date":"2026-08-28","civic_number":"340","civic_number_base":"340","civic_number_suffix":"","street":"10th Street East","unit":"","label":"340 10th Street East","base_label":"340 10th Street East","official_street_name":"10th","official_street_type":"ST","official_street_direction":"E","nar_coordinate_source":"nar_building","normalized_address":"340|10TH ST E|","normalized_base_address":"340|10TH ST E|","building_use_code":"3","building_use":"non_residential","address_category":"non_residential","mailing_street_name":"10TH","mailing_street_type":"ST","mailing_street_direction":"E","mailing_municipality":"OWEN SOUND","mailing_province":"ON","postal_code":"N4K6P7","association_status":"statcan_authoritative_address_location","address_source_status":"authoritative","association_candidates":[],"location_id":"63c0050d-87bc-4f67-9832-fa75b9d3d0bc","structure_id":"structure_c038adfdb1089a916356","nar_placement_status":"nearest","nar_placement_distance_m":1.421235369980167,"nar_placement_rejection_reason":null},"geometry":{"type":"Point","coordinates":[-80.94073,44.568134]}},{"type":"Feature","id":"address_5e019451222c4e404d22","properties":{"address_id":"address_5e019451222c4e404d22","source_address_guid":"44021e6a-48c0-415a-916e-3055eabb9f11","source_location_guid":"b9dbda5b-a7fd-4df6-8b2c-9a33143b7f22","external_source":"statistics_canada_national_address_register","external_id":"44021e6a-48c0-415a-916e-3055eabb9f11","source_retrieval_date":"2026-08-28","civic_number":"369","civic_number_base":"369","civic_number_suffix":"","street":"8th Street East","unit":"","label":"369 8th Street East","base_label":"369 8th Street East","official_street_name":"8th","official_street_type":"ST","official_street_direction":"E","nar_coordinate_source":"nar_block_face_fallback","normalized_address":"369|8TH ST E|","normalized_base_address":"369|8TH ST E|","building_use_code":"3","building_use":"non_residential","address_category":"non_residential","mailing_street_name":"8TH","mailing_street_type":"ST","mailing_street_direction":"E","mailing_municipality":"OWEN SOUND","mailing_province":"ON","postal_code":"N4K1L3","association_status":"statcan_authoritative_address_location","address_source_status":"authoritative","association_candidates":[],"location_id":"b9dbda5b-a7fd-4df6-8b2c-9a33143b7f22","structure_id":"structure_5e54d4c5174482e2c8d6","nar_placement_status":"exact","nar_placement_distance_m":0,"nar_placement_rejection_reason":null},"geometry":{"type":"Point","coordinates":[-80.939667,44.564093]}},{"type":"Feature","id":"address_e2209927b18f796dbc64","properties":{"address_id":"address_e2209927b18f796dbc64","source_address_guid":"0df8efb9-e20f-4bfc-932d-1c03d5df845a","source_location_guid":"66c55deb-97e5-4916-ae92-a00942f224a5","external_source":"statistics_canada_national_address_register","external_id":"0df8efb9-e20f-4bfc-932d-1c03d5df845a","source_retrieval_date":"2026-08-28","civic_number":"380","civic_number_base":"380","civic_number_suffix":"","street":"9th Street East","unit":"","label":"380 9th Street East","base_label":"380 9th Street East","official_street_name":"9th","official_street_type":"ST","official_street_direction":"E","nar_coordinate_source":"nar_building","normalized_address":"380|9TH ST E|","normalized_base_address":"380|9TH ST E|","building_use_code":"3","building_use":"non_residential","address_category":"non_residential","mailing_street_name":"9TH","mailing_street_type":"ST","mailing_street_direction":"E","mailing_municipality":"OWEN SOUND","mailing_province":"ON","postal_code":"N4K1P1","association_status":"statcan_authoritative_address_location","address_source_status":"authoritative","association_candidates":[],"location_id":"66c55deb-97e5-4916-ae92-a00942f224a5","structure_id":"structure_95259a56969282f87ddc","nar_placement_status":"nearest","nar_placement_distance_m":20.764433145042638,"nar_placement_rejection_reason":null},"geometry":{"type":"Point","coordinates":[-80.93943,44.566189]}},{"type":"Feature","id":"address_2323308fd5328d0ecc6b","properties":{"address_id":"address_2323308fd5328d0ecc6b","source_address_guid":"d65094e4-53d3-4ff3-a704-3e8c54e4ef23","source_location_guid":"6de8e5fe-c6bd-4e77-b0e0-ac32ca420ea2","external_source":"statistics_canada_national_address_register","external_id":"d65094e4-53d3-4ff3-a704-3e8c54e4ef23","source_retrieval_date":"2026-08-28","civic_number":"389","civic_number_base":"389","civic_number_suffix":"","street":"14th Street West","unit":"","label":"389 14th Street West","base_label":"389 14th Street West","official_street_name":"14th","official_street_type":"ST","official_street_direction":"W","nar_coordinate_source":"nar_building","normalized_address":"389|14TH ST W|","normalized_base_address":"389|14TH ST W|","building_use_code":"3","building_use":"non_residential","address_category":"non_residential","mailing_street_name":"14TH","mailing_street_type":"ST","mailing_street_direction":"W","mailing_municipality":"OWEN SOUND","mailing_province":"ON","postal_code":"N4K3X9","association_status":"statcan_authoritative_address_location","address_source_status":"authoritative","association_candidates":[],"location_id":"6de8e5fe-c6bd-4e77-b0e0-ac32ca420ea2","structure_id":"structure_5efdb93adfcae51c3337","nar_placement_status":"nearest","nar_placement_distance_m":30.192489184702325,"nar_placement_rejection_reason":null},"geometry":{"type":"Point","coordinates":[-80.950978,44.573976]}},{"type":"Feature","id":"address_5d3f7e6607cff6e49cf5","properties":{"address_id":"address_5d3f7e6607cff6e49cf5","source_address_guid":"f0e24a8e-446b-4ebe-9fc9-1be530375cc0","source_location_guid":"197a7991-a3a4-4c00-8ccd-5d19c3065c6d","external_source":"statistics_canada_national_address_register","external_id":"f0e24a8e-446b-4ebe-9fc9-1be530375cc0","source_retrieval_date":"2026-08-28","civic_number":"395","civic_number_base":"395","civic_number_suffix":"","street":"23rd Street West","unit":"","label":"395 23rd Street West","base_label":"395 23rd Street West","official_street_name":"23rd","official_street_type":"ST","official_street_direction":"W","nar_coordinate_source":"nar_building","normalized_address":"395|23RD ST W|","normalized_base_address":"395|23RD ST W|","building_use_code":"3","building_use":"non_residential","address_category":"non_residential","mailing_street_name":"23RD","mailing_street_type":"ST","mailing_street_direction":"W","mailing_municipality":"OWEN SOUND","mailing_province":"ON","postal_code":"N4K4G6","association_status":"unresolved","address_source_status":"authoritative","association_candidates":[],"location_id":"197a7991-a3a4-4c00-8ccd-5d19c3065c6d","structure_id":null,"nar_placement_status":"ambiguous","nar_placement_distance_m":21.660626693663357,"nar_placement_rejection_reason":"distinct LOC_GUIDs share one footprint without sufficient multi-entrance or apartment evidence"},"geometry":{"type":"Point","coordinates":[-80.948338,44.585051]}},{"type":"Feature","id":"address_ba174b97e4c814e76006","properties":{"address_id":"address_ba174b97e4c814e76006","source_address_guid":"e8970dfa-c7f5-4979-a372-7db1d230a6ab","source_location_guid":"92562265-b5b6-46f4-aa33-cf2d2d7643c5","external_source":"statistics_canada_national_address_register","external_id":"e8970dfa-c7f5-4979-a372-7db1d230a6ab","source_retrieval_date":"2026-08-28","civic_number":"412","civic_number_base":"412","civic_number_suffix":"","street":"10th Street West","unit":"","label":"412 10th Street West","base_label":"412 10th Street West","official_street_name":"10th","official_street_type":"ST","official_street_direction":"W","nar_coordinate_source":"nar_building","normalized_address":"412|10TH ST W|","normalized_base_address":"412|10TH ST W|","building_use_code":"3","building_use":"non_residential","address_category":"non_residential","mailing_street_name":"10TH","mailing_street_type":"ST","mailing_street_direction":"W","mailing_municipality":"OWEN SOUND","mailing_province":"ON","postal_code":"N4K5Z8","association_status":"statcan_authoritative_address_location","address_source_status":"authoritative","association_candidates":[],"location_id":"92562265-b5b6-46f4-aa33-cf2d2d7643c5","structure_id":"structure_2343833e1601d9ac5ac0","nar_placement_status":"nearest","nar_placement_distance_m":7.986212259245746,"nar_placement_rejection_reason":null},"geometry":{"type":"Point","coordinates":[-80.949872,44.567087]}},{"type":"Feature","id":"address_3fb02ba5f7ee870902fb","properties":{"address_id":"address_3fb02ba5f7ee870902fb","source_address_guid":"ee6582fd-07d0-4766-b695-6efea2f1ae9c","source_location_guid":"ae992e75-ad0d-48d2-826e-c17d8bf53eaa","external_source":"statistics_canada_national_address_register","external_id":"ee6582fd-07d0-4766-b695-6efea2f1ae9c","source_retrieval_date":"2026-08-28","civic_number":"435","civic_number_base":"435","civic_number_suffix":"","street":"21st Street West","unit":"","label":"435 21st Street West","base_label":"435 21st Street West","official_street_name":"21st","official_street_type":"ST","official_street_direction":"W","nar_coordinate_source":"nar_building","normalized_address":"435|21ST ST W|","normalized_base_address":"435|21ST ST W|","building_use_code":"3","building_use":"non_residential","address_category":"non_residential","mailing_street_name":"21ST","mailing_street_type":"ST","mailing_street_direction":"W","mailing_municipality":"OWEN SOUND","mailing_province":"ON","postal_code":"N4K4E5","association_status":"unresolved","address_source_status":"authoritative","association_candidates":[],"location_id":"ae992e75-ad0d-48d2-826e-c17d8bf53eaa","structure_id":null,"nar_placement_status":"ambiguous","nar_placement_distance_m":17.996608577686295,"nar_placement_rejection_reason":"distinct LOC_GUIDs share one footprint without sufficient multi-entrance or apartment evidence"},"geometry":{"type":"Point","coordinates":[-80.949441,44.582624]}},{"type":"Feature","id":"address_ef21cba2ea8c9e7c8c85","properties":{"address_id":"address_ef21cba2ea8c9e7c8c85","source_address_guid":"a6240008-c800-4203-905e-9e861861c66f","source_location_guid":"6879d41f-6063-48f4-bde0-0a26d38bb750","external_source":"statistics_canada_national_address_register","external_id":"a6240008-c800-4203-905e-9e861861c66f","source_retrieval_date":"2026-08-28","civic_number":"440","civic_number_base":"440","civic_number_suffix":"","street":"7th Avenue East","unit":"","label":"440 7th Avenue East","base_label":"440 7th Avenue East","official_street_name":"7th","official_street_type":"AVE","official_street_direction":"E","nar_coordinate_source":"nar_building","normalized_address":"440|7TH AVE E|","normalized_base_address":"440|7TH AVE E|","building_use_code":"3","building_use":"non_residential","address_category":"non_residential","mailing_street_name":"7TH","mailing_street_type":"AVE","mailing_street_direction":"E","mailing_municipality":"OWEN SOUND","mailing_province":"ON","postal_code":"N4K2X3","association_status":"unresolved","address_source_status":"authoritative","association_candidates":[],"location_id":"6879d41f-6063-48f4-bde0-0a26d38bb750","structure_id":null,"nar_placement_status":"unmatched","nar_placement_distance_m":null,"nar_placement_rejection_reason":"no credible footprint within the conservative match threshold"},"geometry":{"type":"Point","coordinates":[-80.931187,44.557669]}},{"type":"Feature","id":"address_486f411fd8e5ddf44a25","properties":{"address_id":"address_486f411fd8e5ddf44a25","source_address_guid":"6ed8293b-1f7f-467d-abe6-b83019204e2c","source_location_guid":"2131933f-2d69-4f31-beda-fd75667d83e2","external_source":"statistics_canada_national_address_register","external_id":"6ed8293b-1f7f-467d-abe6-b83019204e2c","source_retrieval_date":"2026-08-28","civic_number":"485","civic_number_base":"485","civic_number_suffix":"","street":"9th Avenue East","unit":"","label":"485 9th Avenue East","base_label":"485 9th Avenue East","official_street_name":"9th","official_street_type":"AVE","official_street_direction":"E","nar_coordinate_source":"nar_building","normalized_address":"485|9TH AVE E|","normalized_base_address":"485|9TH AVE E|","building_use_code":"3","building_use":"non_residential","address_category":"non_residential","mailing_street_name":"9TH","mailing_street_type":"AVE","mailing_street_direction":"E","mailing_municipality":"OWEN SOUND","mailing_province":"ON","postal_code":"N4K3E2","association_status":"unresolved","address_source_status":"authoritative","association_candidates":[],"location_id":"2131933f-2d69-4f31-beda-fd75667d83e2","structure_id":null,"nar_placement_status":"unmatched","nar_placement_distance_m":null,"nar_placement_rejection_reason":"no credible footprint within the conservative match threshold"},"geometry":{"type":"Point","coordinates":[-80.925714,44.558723]}},{"type":"Feature","id":"address_208a167bcd746bab4d06","properties":{"address_id":"address_208a167bcd746bab4d06","source_address_guid":"4e5ed56b-1333-440a-b7e6-0c91f2b4f050","source_location_guid":"845517cd-d5df-4bcb-b2bc-323d00552bc6","external_source":"statistics_canada_national_address_register","external_id":"4e5ed56b-1333-440a-b7e6-0c91f2b4f050","source_retrieval_date":"2026-08-28","civic_number":"495","civic_number_base":"495","civic_number_suffix":"","street":"9th Avenue East","unit":"","label":"495 9th Avenue East","base_label":"495 9th Avenue East","official_street_name":"9th","official_street_type":"AVE","official_street_direction":"E","nar_coordinate_source":"nar_block_face_fallback","normalized_address":"495|9TH AVE E|","normalized_base_address":"495|9TH AVE E|","building_use_code":"3","building_use":"non_residential","address_category":"non_residential","mailing_street_name":"9TH","mailing_street_type":"AVE","mailing_street_direction":"E","mailing_municipality":"OWEN SOUND","mailing_province":"ON","postal_code":"N4K3E2","association_status":"statcan_authoritative_address_location","address_source_status":"authoritative","association_candidates":[],"location_id":"845517cd-d5df-4bcb-b2bc-323d00552bc6","structure_id":"structure_01db7d554bcf2c1b368b","nar_placement_status":"nearest","nar_placement_distance_m":19.85658830329832,"nar_placement_rejection_reason":null},"geometry":{"type":"Point","coordinates":[-80.925996,44.559736]}},{"type":"Feature","id":"address_2f87032dba763566fd6a","properties":{"address_id":"address_2f87032dba763566fd6a","source_address_guid":"1dfdc9e3-50f4-44e2-9226-4319bea436c2","source_location_guid":"5b4e88a6-dd2a-48e0-a8af-33a395b3b44d","external_source":"statistics_canada_national_address_register","external_id":"1dfdc9e3-50f4-44e2-9226-4319bea436c2","source_retrieval_date":"2026-08-28","civic_number":"501","civic_number_base":"501","civic_number_suffix":"","street":"8th Street West","unit":"","label":"501 8th Street West","base_label":"501 8th Street West","official_street_name":"8th","official_street_type":"ST","official_street_direction":"W","nar_coordinate_source":"nar_building","normalized_address":"501|8TH ST W|","normalized_base_address":"501|8TH ST W|","building_use_code":"3","building_use":"non_residential","address_category":"non_residential","mailing_street_name":"8TH","mailing_street_type":"ST","mailing_street_direction":"W","mailing_municipality":"OWEN SOUND","mailing_province":"ON","postal_code":"N4K3M8","association_status":"statcan_authoritative_address_location","address_source_status":"authoritative","association_candidates":[],"location_id":"5b4e88a6-dd2a-48e0-a8af-33a395b3b44d","structure_id":"structure_2e79b91490e79a8dca67","nar_placement_status":"nearest","nar_placement_distance_m":37.341159721162974,"nar_placement_rejection_reason":null},"geometry":{"type":"Point","coordinates":[-80.950788,44.562889]}},{"type":"Feature","id":"address_d4215be8e9dc77887138","properties":{"address_id":"address_d4215be8e9dc77887138","source_address_guid":"eb1cbc23-cb6b-47dd-8363-25c8f2015ca0","source_location_guid":"e5ccc5b0-750e-4c73-b7b4-8fcc261642b9","external_source":"statistics_canada_national_address_register","external_id":"eb1cbc23-cb6b-47dd-8363-25c8f2015ca0","source_retrieval_date":"2026-08-28","civic_number":"554","civic_number_base":"554","civic_number_suffix":"","street":"15th Street East","unit":"","label":"554 15th Street East","base_label":"554 15th Street East","official_street_name":"15th","official_street_type":"ST","official_street_direction":"E","nar_coordinate_source":"nar_block_face_fallback","normalized_address":"554|15TH ST E|","normalized_base_address":"554|15TH ST E|","building_use_code":"3","building_use":"non_residential","address_category":"non_residential","mailing_street_name":"15TH","mailing_street_type":"ST","mailing_street_direction":"E","mailing_municipality":"OWEN SOUND","mailing_province":"ON","postal_code":"N4K1X3","association_status":"unresolved","address_source_status":"authoritative","association_candidates":[],"location_id":"e5ccc5b0-750e-4c73-b7b4-8fcc261642b9","structure_id":null,"nar_placement_status":"unmatched","nar_placement_distance_m":null,"nar_placement_rejection_reason":"no credible footprint within the conservative match threshold"},"geometry":{"type":"Point","coordinates":[-80.934083,44.57436]}},{"type":"Feature","id":"address_7f954f97720a018c7a53","properties":{"address_id":"address_7f954f97720a018c7a53","source_address_guid":"f0e844f4-a020-4997-ac52-f7bd08ad7c98","source_location_guid":"e8a893e1-3998-427a-8774-b3a1959c6f2c","external_source":"statistics_canada_national_address_register","external_id":"f0e844f4-a020-4997-ac52-f7bd08ad7c98","source_retrieval_date":"2026-08-28","civic_number":"595","civic_number_base":"595","civic_number_suffix":"","street":"9th Avenue East","unit":"","label":"595 9th Avenue East","base_label":"595 9th Avenue East","official_street_name":"9th","official_street_type":"AVE","official_street_direction":"E","nar_coordinate_source":"nar_building","normalized_address":"595|9TH AVE E|","normalized_base_address":"595|9TH AVE E|","building_use_code":"3","building_use":"non_residential","address_category":"non_residential","mailing_street_name":"9TH","mailing_street_type":"AVE","mailing_street_direction":"E","mailing_municipality":"OWEN SOUND","mailing_province":"ON","postal_code":"N4K3E3","association_status":"statcan_authoritative_address_location","address_source_status":"authoritative","association_candidates":[],"location_id":"e8a893e1-3998-427a-8774-b3a1959c6f2c","structure_id":"structure_9e9e6f6a632cc8e8a4c0","nar_placement_status":"nearest","nar_placement_distance_m":9.274196785802957,"nar_placement_rejection_reason":null},"geometry":{"type":"Point","coordinates":[-80.926113,44.560427]}},{"type":"Feature","id":"address_75df46983a85c4dd294d","properties":{"address_id":"address_75df46983a85c4dd294d","source_address_guid":"be0e3089-c3cd-4183-ac2e-68bdf3d0520f","source_location_guid":"fa5eb6f7-3133-471f-9785-e41b1d065517","external_source":"statistics_canada_national_address_register","external_id":"be0e3089-c3cd-4183-ac2e-68bdf3d0520f","source_retrieval_date":"2026-08-28","civic_number":"605","civic_number_base":"605","civic_number_suffix":"","street":"10th Street West","unit":"","label":"605 10th Street West","base_label":"605 10th Street West","official_street_name":"10th","official_street_type":"ST","official_street_direction":"W","nar_coordinate_source":"nar_building","normalized_address":"605|10TH ST W|","normalized_base_address":"605|10TH ST W|","building_use_code":"3","building_use":"non_residential","address_category":"non_residential","mailing_street_name":"10TH","mailing_street_type":"ST","mailing_street_direction":"W","mailing_municipality":"OWEN SOUND","mailing_province":"ON","postal_code":"N4K3R8","association_status":"statcan_authoritative_address_location","address_source_status":"authoritative","association_candidates":[],"location_id":"fa5eb6f7-3133-471f-9785-e41b1d065517","structure_id":"structure_371a583556930056279f","nar_placement_status":"nearest","nar_placement_distance_m":13.886107033997375,"nar_placement_rejection_reason":null},"geometry":{"type":"Point","coordinates":[-80.953936,44.566934]}},{"type":"Feature","id":"address_63ff6faf362e299703f8","properties":{"address_id":"address_63ff6faf362e299703f8","source_address_guid":"9eb65633-5ae7-4dde-aa38-db71702fb3e1","source_location_guid":"df06cadf-9339-450c-ae29-816a10665634","external_source":"statistics_canada_national_address_register","external_id":"9eb65633-5ae7-4dde-aa38-db71702fb3e1","source_retrieval_date":"2026-08-28","civic_number":"611","civic_number_base":"611","civic_number_suffix":"","street":"9th Avenue East","unit":"","label":"611 9th Avenue East","base_label":"611 9th Avenue East","official_street_name":"9th","official_street_type":"AVE","official_street_direction":"E","nar_coordinate_source":"nar_building","normalized_address":"611|9TH AVE E|","normalized_base_address":"611|9TH AVE E|","building_use_code":"3","building_use":"non_residential","address_category":"non_residential","mailing_street_name":"9TH","mailing_street_type":"AVE","mailing_street_direction":"E","mailing_municipality":"OWEN SOUND","mailing_province":"ON","postal_code":"N4K6Z4","association_status":"statcan_authoritative_address_location","address_source_status":"authoritative","association_candidates":[],"location_id":"df06cadf-9339-450c-ae29-816a10665634","structure_id":"structure_638953ba42be45ed5b00","nar_placement_status":"nearest","nar_placement_distance_m":10.665146410889376,"nar_placement_rejection_reason":null},"geometry":{"type":"Point","coordinates":[-80.92652,44.562082]}},{"type":"Feature","id":"address_bae61d49e5ffeec14bb2","properties":{"address_id":"address_bae61d49e5ffeec14bb2","source_address_guid":"f8aedd97-91d1-40ba-b9bf-2f61a337ad31","source_location_guid":"18ac1725-17ae-421c-88e2-fde6392df5bb","external_source":"statistics_canada_national_address_register","external_id":"f8aedd97-91d1-40ba-b9bf-2f61a337ad31","source_retrieval_date":"2026-08-28","civic_number":"612","civic_number_base":"612","civic_number_suffix":"","street":"2nd Avenue East","unit":"","label":"612 2nd Avenue East","base_label":"612 2nd Avenue East","official_street_name":"2nd","official_street_type":"AVE","official_street_direction":"E","nar_coordinate_source":"nar_building","normalized_address":"612|2ND AVE E|","normalized_base_address":"612|2ND AVE E|","building_use_code":"3","building_use":"non_residential","address_category":"non_residential","mailing_street_name":"2ND","mailing_street_type":"AVE","mailing_street_direction":"E","mailing_municipality":"OWEN SOUND","mailing_province":"ON","postal_code":"N4K2G8","association_status":"statcan_authoritative_address_location","address_source_status":"authoritative","association_candidates":[],"location_id":"18ac1725-17ae-421c-88e2-fde6392df5bb","structure_id":"structure_b8f1d44dadc707cad0aa","nar_placement_status":"nearest","nar_placement_distance_m":1.3556690864883474,"nar_placement_rejection_reason":null},"geometry":{"type":"Point","coordinates":[-80.941763,44.560403]}},{"type":"Feature","id":"address_9e57e3da0b3743800ee3","properties":{"address_id":"address_9e57e3da0b3743800ee3","source_address_guid":"15dab7c6-4441-4924-9703-6ca716f1827f","source_location_guid":"a3c990b8-e3c0-44b4-bebb-02cd3ba0f447","external_source":"statistics_canada_national_address_register","external_id":"15dab7c6-4441-4924-9703-6ca716f1827f","source_retrieval_date":"2026-08-28","civic_number":"615","civic_number_base":"615","civic_number_suffix":"","street":"6th A Street East","unit":"","label":"615 6th A Street East","base_label":"615 6th A Street East","official_street_name":"6th A","official_street_type":"ST","official_street_direction":"E","nar_coordinate_source":"nar_block_face_fallback","normalized_address":"615|6TH A ST E|","normalized_base_address":"615|6TH A ST E|","building_use_code":"3","building_use":"non_residential","address_category":"non_residential","mailing_street_name":"6TH ST A","mailing_street_type":"","mailing_street_direction":"E","mailing_municipality":"OWEN SOUND","mailing_province":"ON","postal_code":"N4K1H3","association_status":"unresolved","address_source_status":"authoritative","association_candidates":[],"location_id":"a3c990b8-e3c0-44b4-bebb-02cd3ba0f447","structure_id":null,"nar_placement_status":"unmatched","nar_placement_distance_m":null,"nar_placement_rejection_reason":"no credible footprint within the conservative match threshold"},"geometry":{"type":"Point","coordinates":[-80.932884,44.562018]}},{"type":"Feature","id":"address_146915022b8b5d112851","properties":{"address_id":"address_146915022b8b5d112851","source_address_guid":"581df61f-86f5-4a33-a024-c2c903ac6537","source_location_guid":"34fdc5ec-6a21-4082-8128-6f59cce5d2f2","external_source":"statistics_canada_national_address_register","external_id":"581df61f-86f5-4a33-a024-c2c903ac6537","source_retrieval_date":"2026-08-28","civic_number":"625","civic_number_base":"625","civic_number_suffix":"","street":"6th Street East","unit":"","label":"625 6th Street East","base_label":"625 6th Street East","official_street_name":"6th","official_street_type":"ST","official_street_direction":"E","nar_coordinate_source":"nar_block_face_fallback","normalized_address":"625|6TH ST E|","normalized_base_address":"625|6TH ST E|","building_use_code":"3","building_use":"non_residential","address_category":"non_residential","mailing_street_name":"6TH","mailing_street_type":"ST","mailing_street_direction":"E","mailing_municipality":"OWEN SOUND","mailing_province":"ON","postal_code":"N4K5P8","association_status":"statcan_authoritative_address_location","address_source_status":"authoritative","association_candidates":[],"location_id":"34fdc5ec-6a21-4082-8128-6f59cce5d2f2","structure_id":"structure_93f63146dce08e1144e0","nar_placement_status":"nearest","nar_placement_distance_m":30.678398913691314,"nar_placement_rejection_reason":null},"geometry":{"type":"Point","coordinates":[-80.935501,44.560676]}},{"type":"Feature","id":"address_cbb7d568d2779aff403d","properties":{"address_id":"address_cbb7d568d2779aff403d","source_address_guid":"c368a4ad-8ddb-45e1-9fa2-f3100317d0b5","source_location_guid":"232989f9-bd52-46a6-b4fd-b45b25d3bad3","external_source":"statistics_canada_national_address_register","external_id":"c368a4ad-8ddb-45e1-9fa2-f3100317d0b5","source_retrieval_date":"2026-08-28","civic_number":"640","civic_number_base":"640","civic_number_suffix":"","street":"2nd Avenue East","unit":"","label":"640 2nd Avenue East","base_label":"640 2nd Avenue East","official_street_name":"2nd","official_street_type":"AVE","official_street_direction":"E","nar_coordinate_source":"nar_block_face_fallback","normalized_address":"640|2ND AVE E|","normalized_base_address":"640|2ND AVE E|","building_use_code":"3","building_use":"non_residential","address_category":"non_residential","mailing_street_name":"2ND","mailing_street_type":"AVE","mailing_street_direction":"E","mailing_municipality":"OWEN SOUND","mailing_province":"ON","postal_code":"N4K2G8","association_status":"statcan_authoritative_address_location","address_source_status":"authoritative","association_candidates":[],"location_id":"232989f9-bd52-46a6-b4fd-b45b25d3bad3","structure_id":"structure_aac73f48d4ef06f01070","nar_placement_status":"nearest","nar_placement_distance_m":6.069591044970634,"nar_placement_rejection_reason":null},"geometry":{"type":"Point","coordinates":[-80.941842,44.560659]}},{"type":"Feature","id":"address_3fe51bd63baf11789b86","properties":{"address_id":"address_3fe51bd63baf11789b86","source_address_guid":"6e7b7e08-d1d7-46a9-b53b-2b35855aea7e","source_location_guid":"b1a686d2-78b8-45b5-bee8-261af0f1d773","external_source":"statistics_canada_national_address_register","external_id":"6e7b7e08-d1d7-46a9-b53b-2b35855aea7e","source_retrieval_date":"2026-08-28","civic_number":"648","civic_number_base":"648","civic_number_suffix":"","street":"2nd Avenue East","unit":"","label":"648 2nd Avenue East","base_label":"648 2nd Avenue East","official_street_name":"2nd","official_street_type":"AVE","official_street_direction":"E","nar_coordinate_source":"nar_building","normalized_address":"648|2ND AVE E|","normalized_base_address":"648|2ND AVE E|","building_use_code":"3","building_use":"non_residential","address_category":"non_residential","mailing_street_name":"2ND","mailing_street_type":"AVE","mailing_street_direction":"E","mailing_municipality":"OWEN SOUND","mailing_province":"ON","postal_code":"N4K2G8","association_status":"statcan_authoritative_address_location","address_source_status":"authoritative","association_candidates":[],"location_id":"b1a686d2-78b8-45b5-bee8-261af0f1d773","structure_id":"structure_2e0046d1d85add1796ef","nar_placement_status":"nearest","nar_placement_distance_m":0.7189478951018426,"nar_placement_rejection_reason":null},"geometry":{"type":"Point","coordinates":[-80.941936,44.561175]}},{"type":"Feature","id":"address_f6b25be952b1823df946","properties":{"address_id":"address_f6b25be952b1823df946","source_address_guid":"cdfe8c70-fbf5-4947-99c4-76eec394a2a0","source_location_guid":"f2007b6a-d97b-4924-baf8-cdfdb707c2e4","external_source":"statistics_canada_national_address_register","external_id":"cdfe8c70-fbf5-4947-99c4-76eec394a2a0","source_retrieval_date":"2026-08-28","civic_number":"651","civic_number_base":"651","civic_number_suffix":"","street":"19th Street East","unit":"","label":"651 19th Street East","base_label":"651 19th Street East","official_street_name":"19th","official_street_type":"ST","official_street_direction":"E","nar_coordinate_source":"nar_block_face_fallback","normalized_address":"651|19TH ST E|","normalized_base_address":"651|19TH ST E|","building_use_code":"3","building_use":"non_residential","address_category":"non_residential","mailing_street_name":"","mailing_street_type":"","mailing_street_direction":"","mailing_municipality":"OWEN SOUND","mailing_province":"ON","postal_code":"","association_status":"statcan_authoritative_address_location","address_source_status":"authoritative","association_candidates":[],"location_id":"f2007b6a-d97b-4924-baf8-cdfdb707c2e4","structure_id":"structure_7b808b0a893a738fb7c2","nar_placement_status":"nearest","nar_placement_distance_m":27.118579179433066,"nar_placement_rejection_reason":null},"geometry":{"type":"Point","coordinates":[-80.929089,44.580195]}},{"type":"Feature","id":"address_9b570dadf7356761016f","properties":{"address_id":"address_9b570dadf7356761016f","source_address_guid":"2761fcaf-032c-428b-b2f2-8bc00ed10c20","source_location_guid":"fb5a48a5-9b57-4701-9306-87f20e90ae73","external_source":"statistics_canada_national_address_register","external_id":"2761fcaf-032c-428b-b2f2-8bc00ed10c20","source_retrieval_date":"2026-08-28","civic_number":"655","civic_number_base":"655","civic_number_suffix":"","street":"10th Street West","unit":"","label":"655 10th Street West","base_label":"655 10th Street West","official_street_name":"10th","official_street_type":"ST","official_street_direction":"W","nar_coordinate_source":"nar_building","normalized_address":"655|10TH ST W|","normalized_base_address":"655|10TH ST W|","building_use_code":"3","building_use":"non_residential","address_category":"non_residential","mailing_street_name":"10TH","mailing_street_type":"ST","mailing_street_direction":"W","mailing_municipality":"OWEN SOUND","mailing_province":"ON","postal_code":"N4K3R8","association_status":"statcan_authoritative_address_location","address_source_status":"authoritative","association_candidates":[],"location_id":"fb5a48a5-9b57-4701-9306-87f20e90ae73","structure_id":"structure_66f18b6387ec484d065a","nar_placement_status":"nearest","nar_placement_distance_m":22.393025974222052,"nar_placement_rejection_reason":null},"geometry":{"type":"Point","coordinates":[-80.955802,44.566774]}},{"type":"Feature","id":"address_e3d3e2d3b6340f8e2874","properties":{"address_id":"address_e3d3e2d3b6340f8e2874","source_address_guid":"76d0cdee-4e03-450f-9942-1c3b9e429de6","source_location_guid":"0c18f4e4-515c-4f96-b76c-4f3d265243d6","external_source":"statistics_canada_national_address_register","external_id":"76d0cdee-4e03-450f-9942-1c3b9e429de6","source_retrieval_date":"2026-08-28","civic_number":"668","civic_number_base":"668","civic_number_suffix":"","street":"10th Street West","unit":"","label":"668 10th Street West","base_label":"668 10th Street West","official_street_name":"10th","official_street_type":"ST","official_street_direction":"W","nar_coordinate_source":"nar_block_face_fallback","normalized_address":"668|10TH ST W|","normalized_base_address":"668|10TH ST W|","building_use_code":"3","building_use":"non_residential","address_category":"non_residential","mailing_street_name":"10TH","mailing_street_type":"ST","mailing_street_direction":"W","mailing_municipality":"OWEN SOUND","mailing_province":"ON","postal_code":"N4K3R9","association_status":"statcan_authoritative_address_location","address_source_status":"authoritative","association_candidates":[],"location_id":"0c18f4e4-515c-4f96-b76c-4f3d265243d6","structure_id":"structure_54b447090d311e9278fb","nar_placement_status":"nearest","nar_placement_distance_m":15.324926933236602,"nar_placement_rejection_reason":null},"geometry":{"type":"Point","coordinates":[-80.955536,44.56692]}},{"type":"Feature","id":"address_623e93c19d3dfc5f2094","properties":{"address_id":"address_623e93c19d3dfc5f2094","source_address_guid":"23b40325-6c2d-4733-8b38-330ae0088ad3","source_location_guid":"cfff7888-ab9b-44f6-bf4b-24670613a076","external_source":"statistics_canada_national_address_register","external_id":"23b40325-6c2d-4733-8b38-330ae0088ad3","source_retrieval_date":"2026-08-28","civic_number":"671","civic_number_base":"671","civic_number_suffix":"","street":"2nd Avenue East","unit":"","label":"671 2nd Avenue East","base_label":"671 2nd Avenue East","official_street_name":"2nd","official_street_type":"AVE","official_street_direction":"E","nar_coordinate_source":"nar_building","normalized_address":"671|2ND AVE E|","normalized_base_address":"671|2ND AVE E|","building_use_code":"3","building_use":"non_residential","address_category":"non_residential","mailing_street_name":"2ND","mailing_street_type":"AVE","mailing_street_direction":"E","mailing_municipality":"OWEN SOUND","mailing_province":"ON","postal_code":"N4K2G7","association_status":"statcan_authoritative_address_location","address_source_status":"authoritative","association_candidates":[],"location_id":"cfff7888-ab9b-44f6-bf4b-24670613a076","structure_id":"structure_94164f961979c16b3100","nar_placement_status":"nearest","nar_placement_distance_m":5.945364412206094,"nar_placement_rejection_reason":null},"geometry":{"type":"Point","coordinates":[-80.941721,44.561552]}},{"type":"Feature","id":"address_ec7ea14311a364b94c7b","properties":{"address_id":"address_ec7ea14311a364b94c7b","source_address_guid":"668fff7e-c0cb-4d35-b6cb-d5079225828f","source_location_guid":"1899a210-cdca-4bdb-bc66-1129d9b527cd","external_source":"statistics_canada_national_address_register","external_id":"668fff7e-c0cb-4d35-b6cb-d5079225828f","source_retrieval_date":"2026-08-28","civic_number":"672","civic_number_base":"672","civic_number_suffix":"","street":"10th Street West","unit":"","label":"672 10th Street West","base_label":"672 10th Street West","official_street_name":"10th","official_street_type":"ST","official_street_direction":"W","nar_coordinate_source":"nar_building","normalized_address":"672|10TH ST W|","normalized_base_address":"672|10TH ST W|","building_use_code":"3","building_use":"non_residential","address_category":"non_residential","mailing_street_name":"10TH","mailing_street_type":"ST","mailing_street_direction":"W","mailing_municipality":"OWEN SOUND","mailing_province":"ON","postal_code":"N4K3R9","association_status":"statcan_authoritative_address_location","address_source_status":"authoritative","association_candidates":[],"location_id":"1899a210-cdca-4bdb-bc66-1129d9b527cd","structure_id":"structure_8590ba06870b6c5cdcc4","nar_placement_status":"nearest","nar_placement_distance_m":9.872256876760138,"nar_placement_rejection_reason":null},"geometry":{"type":"Point","coordinates":[-80.956009,44.566963]}},{"type":"Feature","id":"address_6b66741baf7284dab442","properties":{"address_id":"address_6b66741baf7284dab442","source_address_guid":"7abc2209-0145-4570-ab15-90e3b43403ae","source_location_guid":"81f7ee11-39cd-4bb3-a4a0-db4d30bc3996","external_source":"statistics_canada_national_address_register","external_id":"7abc2209-0145-4570-ab15-90e3b43403ae","source_retrieval_date":"2026-08-28","civic_number":"678","civic_number_base":"678","civic_number_suffix":"","street":"10th Street West","unit":"","label":"678 10th Street West","base_label":"678 10th Street West","official_street_name":"10th","official_street_type":"ST","official_street_direction":"W","nar_coordinate_source":"nar_building","normalized_address":"678|10TH ST W|","normalized_base_address":"678|10TH ST W|","building_use_code":"3","building_use":"non_residential","address_category":"non_residential","mailing_street_name":"10TH","mailing_street_type":"ST","mailing_street_direction":"W","mailing_municipality":"OWEN SOUND","mailing_province":"ON","postal_code":"N4K3R9","association_status":"statcan_authoritative_address_location","address_source_status":"authoritative","association_candidates":[],"location_id":"81f7ee11-39cd-4bb3-a4a0-db4d30bc3996","structure_id":"structure_b2812abb6a621a73768d","nar_placement_status":"nearest","nar_placement_distance_m":19.424671024219943,"nar_placement_rejection_reason":null},"geometry":{"type":"Point","coordinates":[-80.956505,44.566758]}},{"type":"Feature","id":"address_821e2e5f9009632d5fba","properties":{"address_id":"address_821e2e5f9009632d5fba","source_address_guid":"8ade6bec-02b9-4119-9eca-9dcdb58ab27b","source_location_guid":"6b79d174-6869-4b09-a7b5-f15942ce27f4","external_source":"statistics_canada_national_address_register","external_id":"8ade6bec-02b9-4119-9eca-9dcdb58ab27b","source_retrieval_date":"2026-08-28","civic_number":"681","civic_number_base":"681","civic_number_suffix":"","street":"10th Street West","unit":"","label":"681 10th Street West","base_label":"681 10th Street West","official_street_name":"10th","official_street_type":"ST","official_street_direction":"W","nar_coordinate_source":"nar_building","normalized_address":"681|10TH ST W|","normalized_base_address":"681|10TH ST W|","building_use_code":"3","building_use":"non_residential","address_category":"non_residential","mailing_street_name":"10TH","mailing_street_type":"ST","mailing_street_direction":"W","mailing_municipality":"OWEN SOUND","mailing_province":"ON","postal_code":"N4K3R8","association_status":"statcan_authoritative_address_location","address_source_status":"authoritative","association_candidates":[],"location_id":"6b79d174-6869-4b09-a7b5-f15942ce27f4","structure_id":"structure_05baa656f4c732c4de19","nar_placement_status":"nearest","nar_placement_distance_m":20.094301594094762,"nar_placement_rejection_reason":null},"geometry":{"type":"Point","coordinates":[-80.956753,44.566655]}},{"type":"Feature","id":"address_4c07e8bda15e7b2e2ea8","properties":{"address_id":"address_4c07e8bda15e7b2e2ea8","source_address_guid":"1fd3f803-3e13-432c-bf40-ecf827e42b05","source_location_guid":"a3a86f05-db38-4ba4-a9a0-cdc77bd15911","external_source":"statistics_canada_national_address_register","external_id":"1fd3f803-3e13-432c-bf40-ecf827e42b05","source_retrieval_date":"2026-08-28","civic_number":"685","civic_number_base":"685","civic_number_suffix":"","street":"6th Street East","unit":"","label":"685 6th Street East","base_label":"685 6th Street East","official_street_name":"6th","official_street_type":"ST","official_street_direction":"E","nar_coordinate_source":"nar_building","normalized_address":"685|6TH ST E|","normalized_base_address":"685|6TH ST E|","building_use_code":"3","building_use":"non_residential","address_category":"non_residential","mailing_street_name":"6TH","mailing_street_type":"ST","mailing_street_direction":"E","mailing_municipality":"OWEN SOUND","mailing_province":"ON","postal_code":"N4K1G5","association_status":"statcan_authoritative_address_location","address_source_status":"authoritative","association_candidates":[],"location_id":"a3a86f05-db38-4ba4-a9a0-cdc77bd15911","structure_id":"structure_1cca8b2901662cd5add7","nar_placement_status":"nearest","nar_placement_distance_m":48.091469840218245,"nar_placement_rejection_reason":null},"geometry":{"type":"Point","coordinates":[-80.932057,44.561137]}},{"type":"Feature","id":"address_6446209f52c0c4a29330","properties":{"address_id":"address_6446209f52c0c4a29330","source_address_guid":"7a79cf39-3292-423e-88c0-1c5042671fe9","source_location_guid":"410a34b1-0cba-4901-bd0d-8a4807f2cd3b","external_source":"statistics_canada_national_address_register","external_id":"7a79cf39-3292-423e-88c0-1c5042671fe9","source_retrieval_date":"2026-08-28","civic_number":"688","civic_number_base":"688","civic_number_suffix":"","street":"10th Street West","unit":"","label":"688 10th Street West","base_label":"688 10th Street West","official_street_name":"10th","official_street_type":"ST","official_street_direction":"W","nar_coordinate_source":"nar_building","normalized_address":"688|10TH ST W|","normalized_base_address":"688|10TH ST W|","building_use_code":"3","building_use":"non_residential","address_category":"non_residential","mailing_street_name":"10TH","mailing_street_type":"ST","mailing_street_direction":"W","mailing_municipality":"OWEN SOUND","mailing_province":"ON","postal_code":"N4K3R9","association_status":"statcan_authoritative_address_location","address_source_status":"authoritative","association_candidates":[],"location_id":"410a34b1-0cba-4901-bd0d-8a4807f2cd3b","structure_id":"structure_f4535d7689013b07d440","nar_placement_status":"nearest","nar_placement_distance_m":22.217150433031186,"nar_placement_rejection_reason":null},"geometry":{"type":"Point","coordinates":[-80.956943,44.566846]}},{"type":"Feature","id":"address_a01cd284f14b4a180dfa","properties":{"address_id":"address_a01cd284f14b4a180dfa","source_address_guid":"d0d64c6c-00ea-41bf-b5c5-5104acd91026","source_location_guid":"c0b477b2-e931-4be5-b9e7-f5ce17513e20","external_source":"statistics_canada_national_address_register","external_id":"d0d64c6c-00ea-41bf-b5c5-5104acd91026","source_retrieval_date":"2026-08-28","civic_number":"689","civic_number_base":"689","civic_number_suffix":"","street":"10th Street West","unit":"","label":"689 10th Street West","base_label":"689 10th Street West","official_street_name":"10th","official_street_type":"ST","official_street_direction":"W","nar_coordinate_source":"nar_building","normalized_address":"689|10TH ST W|","normalized_base_address":"689|10TH ST W|","building_use_code":"3","building_use":"non_residential","address_category":"non_residential","mailing_street_name":"10TH","mailing_street_type":"ST","mailing_street_direction":"W","mailing_municipality":"OWEN SOUND","mailing_province":"ON","postal_code":"N4K3R8","association_status":"statcan_authoritative_address_location","address_source_status":"authoritative","association_candidates":[],"location_id":"c0b477b2-e931-4be5-b9e7-f5ce17513e20","structure_id":"structure_ce7cfcfa59a8de406d48","nar_placement_status":"nearest","nar_placement_distance_m":22.815126648003307,"nar_placement_rejection_reason":null},"geometry":{"type":"Point","coordinates":[-80.95699,44.56684]}},{"type":"Feature","id":"address_c3e414ae64d82f5b16c8","properties":{"address_id":"address_c3e414ae64d82f5b16c8","source_address_guid":"10afc9e3-32fd-4700-beb8-83114fbd0682","source_location_guid":"12888b97-733a-4e40-94cb-becd676cd414","external_source":"statistics_canada_national_address_register","external_id":"10afc9e3-32fd-4700-beb8-83114fbd0682","source_retrieval_date":"2026-08-28","civic_number":"690","civic_number_base":"690","civic_number_suffix":"","street":"10th Street West","unit":"","label":"690 10th Street West","base_label":"690 10th Street West","official_street_name":"10th","official_street_type":"ST","official_street_direction":"W","nar_coordinate_source":"nar_building","normalized_address":"690|10TH ST W|","normalized_base_address":"690|10TH ST W|","building_use_code":"3","building_use":"non_residential","address_category":"non_residential","mailing_street_name":"10TH","mailing_street_type":"ST","mailing_street_direction":"W","mailing_municipality":"OWEN SOUND","mailing_province":"ON","postal_code":"N4K3R9","association_status":"unresolved","address_source_status":"authoritative","association_candidates":[],"location_id":"12888b97-733a-4e40-94cb-becd676cd414","structure_id":null,"nar_placement_status":"ambiguous","nar_placement_distance_m":23.538597126264843,"nar_placement_rejection_reason":"distinct LOC_GUIDs share one footprint without sufficient multi-entrance or apartment evidence"},"geometry":{"type":"Point","coordinates":[-80.957038,44.566834]}},{"type":"Feature","id":"address_0b66b757093235665ba4","properties":{"address_id":"address_0b66b757093235665ba4","source_address_guid":"a5244b5b-278f-42ac-9cb6-cde9b779de54","source_location_guid":"f684ab59-b123-4d08-aba7-0bba548c0a24","external_source":"statistics_canada_national_address_register","external_id":"a5244b5b-278f-42ac-9cb6-cde9b779de54","source_retrieval_date":"2026-08-28","civic_number":"695","civic_number_base":"695","civic_number_suffix":"","street":"9th Avenue East","unit":"","label":"695 9th Avenue East","base_label":"695 9th Avenue East","official_street_name":"9th","official_street_type":"AVE","official_street_direction":"E","nar_coordinate_source":"nar_building","normalized_address":"695|9TH AVE E|","normalized_base_address":"695|9TH AVE E|","building_use_code":"3","building_use":"non_residential","address_category":"non_residential","mailing_street_name":"9TH","mailing_street_type":"AVE","mailing_street_direction":"E","mailing_municipality":"OWEN SOUND","mailing_province":"ON","postal_code":"N4K3E4","association_status":"statcan_authoritative_address_location","address_source_status":"authoritative","association_candidates":[],"location_id":"f684ab59-b123-4d08-aba7-0bba548c0a24","structure_id":"structure_a0fe579826810997fd13","nar_placement_status":"nearest","nar_placement_distance_m":9.843786538829614,"nar_placement_rejection_reason":null},"geometry":{"type":"Point","coordinates":[-80.92686,44.563588]}},{"type":"Feature","id":"address_4ac8bc4a0656a2b4a511","properties":{"address_id":"address_4ac8bc4a0656a2b4a511","source_address_guid":"e4a48b47-6002-4947-b11d-202295b95acb","source_location_guid":"e0d130b3-efac-4330-93af-1fcd4aacc1a6","external_source":"statistics_canada_national_address_register","external_id":"e4a48b47-6002-4947-b11d-202295b95acb","source_retrieval_date":"2026-08-28","civic_number":"700","civic_number_base":"700","civic_number_suffix":"","street":"10th Street East","unit":"","label":"700 10th Street East","base_label":"700 10th Street East","official_street_name":"10th","official_street_type":"ST","official_street_direction":"E","nar_coordinate_source":"nar_building","normalized_address":"700|10TH ST E|","normalized_base_address":"700|10TH ST E|","building_use_code":"3","building_use":"non_residential","address_category":"non_residential","mailing_street_name":"10TH","mailing_street_type":"ST","mailing_street_direction":"E","mailing_municipality":"OWEN SOUND","mailing_province":"ON","postal_code":"N4K0C6","association_status":"statcan_authoritative_address_location","address_source_status":"authoritative","association_candidates":[],"location_id":"e0d130b3-efac-4330-93af-1fcd4aacc1a6","structure_id":"structure_bac29a7eff0f13b4d6b9","nar_placement_status":"exact","nar_placement_distance_m":0,"nar_placement_rejection_reason":null},"geometry":{"type":"Point","coordinates":[-80.932452,44.57006]}},{"type":"Feature","id":"address_44705476630ce2ced27e","properties":{"address_id":"address_44705476630ce2ced27e","source_address_guid":"0609712a-7089-4da7-9455-7dc22d574877","source_location_guid":"82a54b46-bfdf-4ad2-bd09-2ddef9b48084","external_source":"statistics_canada_national_address_register","external_id":"0609712a-7089-4da7-9455-7dc22d574877","source_retrieval_date":"2026-08-28","civic_number":"700","civic_number_base":"700","civic_number_suffix":"","street":"21st Street East","unit":"1","label":"700 21st Street East Unit 1","base_label":"700 21st Street East","official_street_name":"21st","official_street_type":"ST","official_street_direction":"E","nar_coordinate_source":"nar_building","normalized_address":"700|21ST ST E|1","normalized_base_address":"700|21ST ST E|","building_use_code":"3","building_use":"non_residential","address_category":"non_residential","mailing_street_name":"21ST","mailing_street_type":"ST","mailing_street_direction":"E","mailing_municipality":"OWEN SOUND","mailing_province":"ON","postal_code":"N4K6W1","association_status":"unresolved","address_source_status":"authoritative","association_candidates":[],"location_id":"82a54b46-bfdf-4ad2-bd09-2ddef9b48084","structure_id":null,"nar_placement_status":"unmatched","nar_placement_distance_m":null,"nar_placement_rejection_reason":"no credible footprint within the conservative match threshold"},"geometry":{"type":"Point","coordinates":[-80.928306,44.584261]}},{"type":"Feature","id":"address_dd257b9d9bcd2e705ac5","properties":{"address_id":"address_dd257b9d9bcd2e705ac5","source_address_guid":"c9194e49-11cc-4c6a-9af0-730c586fcba6","source_location_guid":"4e280690-2b57-4ee4-80f8-4c7d924de9bc","external_source":"statistics_canada_national_address_register","external_id":"c9194e49-11cc-4c6a-9af0-730c586fcba6","source_retrieval_date":"2026-08-28","civic_number":"701","civic_number_base":"701","civic_number_suffix":"","street":"2nd Avenue East","unit":"","label":"701 2nd Avenue East","base_label":"701 2nd Avenue East","official_street_name":"2nd","official_street_type":"AVE","official_street_direction":"E","nar_coordinate_source":"nar_building","normalized_address":"701|2ND AVE E|","normalized_base_address":"701|2ND AVE E|","building_use_code":"3","building_use":"non_residential","address_category":"non_residential","mailing_street_name":"2ND","mailing_street_type":"AVE","mailing_street_direction":"E","mailing_municipality":"OWEN SOUND","mailing_province":"ON","postal_code":"N4K2G9","association_status":"unresolved","address_source_status":"authoritative","association_candidates":[],"location_id":"4e280690-2b57-4ee4-80f8-4c7d924de9bc","structure_id":null,"nar_placement_status":"unmatched","nar_placement_distance_m":null,"nar_placement_rejection_reason":"no credible footprint within the conservative match threshold"},"geometry":{"type":"Point","coordinates":[-80.941882,44.562271]}},{"type":"Feature","id":"address_611810c1a2dce4910d2e","properties":{"address_id":"address_611810c1a2dce4910d2e","source_address_guid":"09a956a2-aa85-4857-8fb6-9aa5388c99e1","source_location_guid":"23494cc9-38b8-4a04-8530-64688368155a","external_source":"statistics_canada_national_address_register","external_id":"09a956a2-aa85-4857-8fb6-9aa5388c99e1","source_retrieval_date":"2026-08-28","civic_number":"706","civic_number_base":"706","civic_number_suffix":"","street":"6th Street East","unit":"","label":"706 6th Street East","base_label":"706 6th Street East","official_street_name":"6th","official_street_type":"ST","official_street_direction":"E","nar_coordinate_source":"nar_block_face_fallback","normalized_address":"706|6TH ST E|","normalized_base_address":"706|6TH ST E|","building_use_code":"3","building_use":"non_residential","address_category":"non_residential","mailing_street_name":"6TH","mailing_street_type":"ST","mailing_street_direction":"E","mailing_municipality":"OWEN SOUND","mailing_province":"ON","postal_code":"N4K1G7","association_status":"statcan_authoritative_address_location","address_source_status":"authoritative","association_candidates":[],"location_id":"23494cc9-38b8-4a04-8530-64688368155a","structure_id":"structure_540c0aabe5580be4d5d8","nar_placement_status":"nearest","nar_placement_distance_m":1.5557731048993495,"nar_placement_rejection_reason":null},"geometry":{"type":"Point","coordinates":[-80.931186,44.561386]}},{"type":"Feature","id":"address_82e0f1a8d551d1a6796c","properties":{"address_id":"address_82e0f1a8d551d1a6796c","source_address_guid":"90abf182-680a-4065-b74f-789b55afe128","source_location_guid":"401ba95b-b29b-4c29-a869-5c777b34c114","external_source":"statistics_canada_national_address_register","external_id":"90abf182-680a-4065-b74f-789b55afe128","source_retrieval_date":"2026-08-28","civic_number":"740","civic_number_base":"740","civic_number_suffix":"","street":"2nd Avenue East","unit":"","label":"740 2nd Avenue East","base_label":"740 2nd Avenue East","official_street_name":"2nd","official_street_type":"AVE","official_street_direction":"E","nar_coordinate_source":"nar_building","normalized_address":"740|2ND AVE E|","normalized_base_address":"740|2ND AVE E|","building_use_code":"3","building_use":"non_residential","address_category":"non_residential","mailing_street_name":"2ND","mailing_street_type":"AVE","mailing_street_direction":"E","mailing_municipality":"OWEN SOUND","mailing_province":"ON","postal_code":"N4K2H1","association_status":"statcan_authoritative_address_location","address_source_status":"authoritative","association_candidates":[],"location_id":"401ba95b-b29b-4c29-a869-5c777b34c114","structure_id":"structure_708ae8d8fb2c76be1c82","nar_placement_status":"nearest","nar_placement_distance_m":13.308945690539414,"nar_placement_rejection_reason":null},"geometry":{"type":"Point","coordinates":[-80.942312,44.562842]}},{"type":"Feature","id":"address_7512c6b652ce008026df","properties":{"address_id":"address_7512c6b652ce008026df","source_address_guid":"151ee3dd-0446-451c-86aa-90d161626450","source_location_guid":"2db71db5-68e7-40dc-a70f-c4382145cf6b","external_source":"statistics_canada_national_address_register","external_id":"151ee3dd-0446-451c-86aa-90d161626450","source_retrieval_date":"2026-08-28","civic_number":"757","civic_number_base":"757","civic_number_suffix":"","street":"2nd Avenue East","unit":"","label":"757 2nd Avenue East","base_label":"757 2nd Avenue East","official_street_name":"2nd","official_street_type":"AVE","official_street_direction":"E","nar_coordinate_source":"nar_building","normalized_address":"757|2ND AVE E|","normalized_base_address":"757|2ND AVE E|","building_use_code":"3","building_use":"non_residential","address_category":"non_residential","mailing_street_name":"2ND","mailing_street_type":"AVE","mailing_street_direction":"E","mailing_municipality":"OWEN SOUND","mailing_province":"ON","postal_code":"N4K2G9","association_status":"unresolved","address_source_status":"authoritative","association_candidates":[],"location_id":"2db71db5-68e7-40dc-a70f-c4382145cf6b","structure_id":null,"nar_placement_status":"ambiguous","nar_placement_distance_m":26.032750366039142,"nar_placement_rejection_reason":"distinct LOC_GUIDs share one footprint without sufficient multi-entrance or apartment evidence"},"geometry":{"type":"Point","coordinates":[-80.942261,44.562969]}},{"type":"Feature","id":"address_038d21ebb4ed1eb1caf3","properties":{"address_id":"address_038d21ebb4ed1eb1caf3","source_address_guid":"bbc0a043-bff5-4957-93a8-9ec9d05fbf9a","source_location_guid":"6947eeb6-16d6-4c75-b7e8-f30a742cb65a","external_source":"statistics_canada_national_address_register","external_id":"bbc0a043-bff5-4957-93a8-9ec9d05fbf9a","source_retrieval_date":"2026-08-28","civic_number":"760","civic_number_base":"760","civic_number_suffix":"","street":"10th Street West","unit":"","label":"760 10th Street West","base_label":"760 10th Street West","official_street_name":"10th","official_street_type":"ST","official_street_direction":"W","nar_coordinate_source":"nar_building","normalized_address":"760|10TH ST W|","normalized_base_address":"760|10TH ST W|","building_use_code":"3","building_use":"non_residential","address_category":"non_residential","mailing_street_name":"10TH","mailing_street_type":"ST","mailing_street_direction":"W","mailing_municipality":"OWEN SOUND","mailing_province":"ON","postal_code":"N4K3S1","association_status":"statcan_authoritative_address_location","address_source_status":"authoritative","association_candidates":[],"location_id":"6947eeb6-16d6-4c75-b7e8-f30a742cb65a","structure_id":"structure_bb4122545f5376f309d9","nar_placement_status":"nearest","nar_placement_distance_m":16.987301736008796,"nar_placement_rejection_reason":null},"geometry":{"type":"Point","coordinates":[-80.958956,44.566593]}},{"type":"Feature","id":"address_9b81cfc6a889ba2a9a00","properties":{"address_id":"address_9b81cfc6a889ba2a9a00","source_address_guid":"7b7931c7-c8fc-4a10-b2c1-f7ff9f40ab73","source_location_guid":"142d6384-d401-4174-970d-1d2cafda189b","external_source":"statistics_canada_national_address_register","external_id":"7b7931c7-c8fc-4a10-b2c1-f7ff9f40ab73","source_retrieval_date":"2026-08-28","civic_number":"762","civic_number_base":"762","civic_number_suffix":"","street":"2nd Avenue East","unit":"","label":"762 2nd Avenue East","base_label":"762 2nd Avenue East","official_street_name":"2nd","official_street_type":"AVE","official_street_direction":"E","nar_coordinate_source":"nar_block_face_fallback","normalized_address":"762|2ND AVE E|","normalized_base_address":"762|2ND AVE E|","building_use_code":"3","building_use":"non_residential","address_category":"non_residential","mailing_street_name":"2ND","mailing_street_type":"AVE","mailing_street_direction":"E","mailing_municipality":"OWEN SOUND","mailing_province":"ON","postal_code":"N4K2H1","association_status":"statcan_authoritative_address_location","address_source_status":"authoritative","association_candidates":[],"location_id":"142d6384-d401-4174-970d-1d2cafda189b","structure_id":"structure_b923850f05af9da1e93e","nar_placement_status":"nearest","nar_placement_distance_m":59.80324718507367,"nar_placement_rejection_reason":null},"geometry":{"type":"Point","coordinates":[-80.94236,44.562903]}},{"type":"Feature","id":"address_1c19af6d29e8cf8bd010","properties":{"address_id":"address_1c19af6d29e8cf8bd010","source_address_guid":"f43890cf-47e7-439c-9be7-cdfc9cee4ec9","source_location_guid":"fa0c96bd-4dc4-48f3-8336-3aefbc45478a","external_source":"statistics_canada_national_address_register","external_id":"f43890cf-47e7-439c-9be7-cdfc9cee4ec9","source_retrieval_date":"2026-08-28","civic_number":"765","civic_number_base":"765","civic_number_suffix":"","street":"27th Street West","unit":"","label":"765 27th Street West","base_label":"765 27th Street West","official_street_name":"27th","official_street_type":"ST","official_street_direction":"W","nar_coordinate_source":"nar_building","normalized_address":"765|27TH ST W|","normalized_base_address":"765|27TH ST W|","building_use_code":"3","building_use":"non_residential","address_category":"non_residential","mailing_street_name":"27TH","mailing_street_type":"ST","mailing_street_direction":"W","mailing_municipality":"OWEN SOUND","mailing_province":"ON","postal_code":"N4K4J7","association_status":"unresolved","address_source_status":"authoritative","association_candidates":[],"location_id":"fa0c96bd-4dc4-48f3-8336-3aefbc45478a","structure_id":null,"nar_placement_status":"ambiguous","nar_placement_distance_m":3.210825576550446,"nar_placement_rejection_reason":"distinct LOC_GUIDs share one footprint without sufficient multi-entrance or apartment evidence"},"geometry":{"type":"Point","coordinates":[-80.95226,44.591641]}},{"type":"Feature","id":"address_ae398d3ffc2e20c6a8e5","properties":{"address_id":"address_ae398d3ffc2e20c6a8e5","source_address_guid":"1c7d036d-889c-4b15-bfd8-cd26b85d6e29","source_location_guid":"6b91587d-1558-40d6-9895-acdfcc80981c","external_source":"statistics_canada_national_address_register","external_id":"1c7d036d-889c-4b15-bfd8-cd26b85d6e29","source_retrieval_date":"2026-08-28","civic_number":"769","civic_number_base":"769","civic_number_suffix":"","street":"2nd Avenue East","unit":"REAR","label":"769 2nd Avenue East Unit REAR","base_label":"769 2nd Avenue East","official_street_name":"2nd","official_street_type":"AVE","official_street_direction":"E","nar_coordinate_source":"nar_building","normalized_address":"769|2ND AVE E|REAR","normalized_base_address":"769|2ND AVE E|","building_use_code":"3","building_use":"non_residential","address_category":"non_residential","mailing_street_name":"2ND","mailing_street_type":"AVE","mailing_street_direction":"E","mailing_municipality":"OWEN SOUND","mailing_province":"ON","postal_code":"N4K2G9","association_status":"unresolved","address_source_status":"authoritative","association_candidates":[],"location_id":"6b91587d-1558-40d6-9895-acdfcc80981c","structure_id":null,"nar_placement_status":"unmatched","nar_placement_distance_m":null,"nar_placement_rejection_reason":"no credible footprint within the conservative match threshold"},"geometry":{"type":"Point","coordinates":[-80.942129,44.56336]}},{"type":"Feature","id":"address_2883ee9bba41c1a176bf","properties":{"address_id":"address_2883ee9bba41c1a176bf","source_address_guid":"71db25ea-5afa-4283-8546-e3cab62c42fa","source_location_guid":"10caaa00-0a5f-422d-8515-671e8090c598","external_source":"statistics_canada_national_address_register","external_id":"71db25ea-5afa-4283-8546-e3cab62c42fa","source_retrieval_date":"2026-08-28","civic_number":"769","civic_number_base":"769","civic_number_suffix":"","street":"4th Avenue East","unit":"","label":"769 4th Avenue East","base_label":"769 4th Avenue East","official_street_name":"4th","official_street_type":"AVE","official_street_direction":"E","nar_coordinate_source":"nar_building","normalized_address":"769|4TH AVE E|","normalized_base_address":"769|4TH AVE E|","building_use_code":"3","building_use":"non_residential","address_category":"non_residential","mailing_street_name":"4TH","mailing_street_type":"AVE","mailing_street_direction":"E","mailing_municipality":"OWEN SOUND","mailing_province":"ON","postal_code":"N4K2N5","association_status":"statcan_authoritative_address_location","address_source_status":"authoritative","association_candidates":[],"location_id":"10caaa00-0a5f-422d-8515-671e8090c598","structure_id":"structure_ffe3ac0c553dcdc07921","nar_placement_status":"nearest","nar_placement_distance_m":6.6818720994552,"nar_placement_rejection_reason":null},"geometry":{"type":"Point","coordinates":[-80.93846,44.563813]}},{"type":"Feature","id":"address_4448bd2e72d78c1e3c41","properties":{"address_id":"address_4448bd2e72d78c1e3c41","source_address_guid":"89bd8860-0a0e-4e3a-9813-e540c92fd55e","source_location_guid":"1dea4998-9212-4140-a8a3-0811cc80783a","external_source":"statistics_canada_national_address_register","external_id":"89bd8860-0a0e-4e3a-9813-e540c92fd55e","source_retrieval_date":"2026-08-28","civic_number":"770","civic_number_base":"770","civic_number_suffix":"","street":"2nd Avenue East","unit":"","label":"770 2nd Avenue East","base_label":"770 2nd Avenue East","official_street_name":"2nd","official_street_type":"AVE","official_street_direction":"E","nar_coordinate_source":"nar_building","normalized_address":"770|2ND AVE E|","normalized_base_address":"770|2ND AVE E|","building_use_code":"3","building_use":"non_residential","address_category":"non_residential","mailing_street_name":"2ND","mailing_street_type":"AVE","mailing_street_direction":"E","mailing_municipality":"OWEN SOUND","mailing_province":"ON","postal_code":"N4K2H1","association_status":"statcan_authoritative_address_location","address_source_status":"authoritative","association_candidates":[],"location_id":"1dea4998-9212-4140-a8a3-0811cc80783a","structure_id":"structure_b73dc888704ad40a1354","nar_placement_status":"exact","nar_placement_distance_m":0,"nar_placement_rejection_reason":null},"geometry":{"type":"Point","coordinates":[-80.942447,44.56344]}},{"type":"Feature","id":"address_8625859a8d4a9f911a52","properties":{"address_id":"address_8625859a8d4a9f911a52","source_address_guid":"fef73783-ce7f-403e-8c93-6000e443bd4a","source_location_guid":"73ac3371-fabd-42fb-936d-f2eaa95b0e33","external_source":"statistics_canada_national_address_register","external_id":"fef73783-ce7f-403e-8c93-6000e443bd4a","source_retrieval_date":"2026-08-28","civic_number":"770","civic_number_base":"770","civic_number_suffix":"","street":"6th Street East","unit":"","label":"770 6th Street East","base_label":"770 6th Street East","official_street_name":"6th","official_street_type":"ST","official_street_direction":"E","nar_coordinate_source":"nar_building","normalized_address":"770|6TH ST E|","normalized_base_address":"770|6TH ST E|","building_use_code":"3","building_use":"non_residential","address_category":"non_residential","mailing_street_name":"6TH","mailing_street_type":"ST","mailing_street_direction":"E","mailing_municipality":"OWEN SOUND","mailing_province":"ON","postal_code":"N4K1G7","association_status":"statcan_authoritative_address_location","address_source_status":"authoritative","association_candidates":[],"location_id":"73ac3371-fabd-42fb-936d-f2eaa95b0e33","structure_id":"structure_f4cb8679cfaf196fcfaf","nar_placement_status":"nearest","nar_placement_distance_m":4.985974334248256,"nar_placement_rejection_reason":null},"geometry":{"type":"Point","coordinates":[-80.929535,44.561655]}},{"type":"Feature","id":"address_59ad5d016404e2ed2739","properties":{"address_id":"address_59ad5d016404e2ed2739","source_address_guid":"7e5eb27b-f1b9-476e-9e7d-c46bf51acbee","source_location_guid":"14f67f14-8ecb-47c1-83ee-71c69230298b","external_source":"statistics_canada_national_address_register","external_id":"7e5eb27b-f1b9-476e-9e7d-c46bf51acbee","source_retrieval_date":"2026-08-28","civic_number":"775","civic_number_base":"775","civic_number_suffix":"","street":"9th Avenue East","unit":"","label":"775 9th Avenue East","base_label":"775 9th Avenue East","official_street_name":"9th","official_street_type":"AVE","official_street_direction":"E","nar_coordinate_source":"nar_building","normalized_address":"775|9TH AVE E|","normalized_base_address":"775|9TH AVE E|","building_use_code":"3","building_use":"non_residential","address_category":"non_residential","mailing_street_name":"9TH","mailing_street_type":"AVE","mailing_street_direction":"E","mailing_municipality":"OWEN SOUND","mailing_province":"ON","postal_code":"N4K3E6","association_status":"statcan_authoritative_address_location","address_source_status":"authoritative","association_candidates":[],"location_id":"14f67f14-8ecb-47c1-83ee-71c69230298b","structure_id":"structure_3636d895d3fa83fe3ca8","nar_placement_status":"nearest","nar_placement_distance_m":27.788884277879436,"nar_placement_rejection_reason":null},"geometry":{"type":"Point","coordinates":[-80.927217,44.565155]}},{"type":"Feature","id":"address_6824cadf4b4280cfa934","properties":{"address_id":"address_6824cadf4b4280cfa934","source_address_guid":"8e5658fc-acf4-4f6b-aaa3-269bad522526","source_location_guid":"bd07f017-6dc5-4a5d-8d6f-8a9c22ecf1ee","external_source":"statistics_canada_national_address_register","external_id":"8e5658fc-acf4-4f6b-aaa3-269bad522526","source_retrieval_date":"2026-08-28","civic_number":"777","civic_number_base":"777","civic_number_suffix":"","street":"3rd Avenue East","unit":"","label":"777 3rd Avenue East","base_label":"777 3rd Avenue East","official_street_name":"3rd","official_street_type":"AVE","official_street_direction":"E","nar_coordinate_source":"nar_building","normalized_address":"777|3RD AVE E|","normalized_base_address":"777|3RD AVE E|","building_use_code":"3","building_use":"non_residential","address_category":"non_residential","mailing_street_name":"3RD","mailing_street_type":"AVE","mailing_street_direction":"E","mailing_municipality":"OWEN SOUND","mailing_province":"ON","postal_code":"N4K2K4","association_status":"statcan_authoritative_address_location","address_source_status":"authoritative","association_candidates":[],"location_id":"bd07f017-6dc5-4a5d-8d6f-8a9c22ecf1ee","structure_id":"structure_ff838bf2f0a1c0383c5d","nar_placement_status":"nearest","nar_placement_distance_m":26.5902736308141,"nar_placement_rejection_reason":null},"geometry":{"type":"Point","coordinates":[-80.940345,44.563865]}},{"type":"Feature","id":"address_08b583c54d6a7531d3fb","properties":{"address_id":"address_08b583c54d6a7531d3fb","source_address_guid":"c8e7db1f-5a11-46d9-903d-b1d89f062633","source_location_guid":"5106f8fb-1b75-4a84-9758-828fd56ad3e9","external_source":"statistics_canada_national_address_register","external_id":"c8e7db1f-5a11-46d9-903d-b1d89f062633","source_retrieval_date":"2026-08-28","civic_number":"779","civic_number_base":"779","civic_number_suffix":"","street":"2nd Avenue East","unit":"","label":"779 2nd Avenue East","base_label":"779 2nd Avenue East","official_street_name":"2nd","official_street_type":"AVE","official_street_direction":"E","nar_coordinate_source":"nar_building","normalized_address":"779|2ND AVE E|","normalized_base_address":"779|2ND AVE E|","building_use_code":"3","building_use":"non_residential","address_category":"non_residential","mailing_street_name":"2ND","mailing_street_type":"AVE","mailing_street_direction":"E","mailing_municipality":"OWEN SOUND","mailing_province":"ON","postal_code":"N4K2G9","association_status":"unresolved","address_source_status":"authoritative","association_candidates":[],"location_id":"5106f8fb-1b75-4a84-9758-828fd56ad3e9","structure_id":null,"nar_placement_status":"unmatched","nar_placement_distance_m":null,"nar_placement_rejection_reason":"no credible footprint within the conservative match threshold"},"geometry":{"type":"Point","coordinates":[-80.942164,44.563515]}},{"type":"Feature","id":"address_c859adc0bf14ca5ddc33","properties":{"address_id":"address_c859adc0bf14ca5ddc33","source_address_guid":"06adf289-6f01-4393-9fd2-a79fce1e4c62","source_location_guid":"7088b24f-c96b-434d-8042-2f323ff6feaf","external_source":"statistics_canada_national_address_register","external_id":"06adf289-6f01-4393-9fd2-a79fce1e4c62","source_retrieval_date":"2026-08-28","civic_number":"785","civic_number_base":"785","civic_number_suffix":"","street":"10th Street West","unit":"","label":"785 10th Street West","base_label":"785 10th Street West","official_street_name":"10th","official_street_type":"ST","official_street_direction":"W","nar_coordinate_source":"nar_building","normalized_address":"785|10TH ST W|","normalized_base_address":"785|10TH ST W|","building_use_code":"3","building_use":"non_residential","address_category":"non_residential","mailing_street_name":"10TH","mailing_street_type":"ST","mailing_street_direction":"W","mailing_municipality":"OWEN SOUND","mailing_province":"ON","postal_code":"N4K3S2","association_status":"statcan_authoritative_address_location","address_source_status":"authoritative","association_candidates":[],"location_id":"7088b24f-c96b-434d-8042-2f323ff6feaf","structure_id":"structure_1e7baa7e3c26b174394e","nar_placement_status":"nearest","nar_placement_distance_m":4.5526350138842036,"nar_placement_rejection_reason":null},"geometry":{"type":"Point","coordinates":[-80.959354,44.566327]}},{"type":"Feature","id":"address_ec02c880b06397026fc2","properties":{"address_id":"address_ec02c880b06397026fc2","source_address_guid":"74efee65-492f-4ddf-a6f0-d82e29c3128f","source_location_guid":"6199ed58-6730-464b-a1f3-e92789c83236","external_source":"statistics_canada_national_address_register","external_id":"74efee65-492f-4ddf-a6f0-d82e29c3128f","source_retrieval_date":"2026-08-28","civic_number":"790","civic_number_base":"790","civic_number_suffix":"","street":"2nd Avenue East","unit":"","label":"790 2nd Avenue East","base_label":"790 2nd Avenue East","official_street_name":"2nd","official_street_type":"AVE","official_street_direction":"E","nar_coordinate_source":"nar_building","normalized_address":"790|2ND AVE E|","normalized_base_address":"790|2ND AVE E|","building_use_code":"3","building_use":"non_residential","address_category":"non_residential","mailing_street_name":"2ND","mailing_street_type":"AVE","mailing_street_direction":"E","mailing_municipality":"OWEN SOUND","mailing_province":"ON","postal_code":"N4K2H1","association_status":"unresolved","address_source_status":"authoritative","association_candidates":[],"location_id":"6199ed58-6730-464b-a1f3-e92789c83236","structure_id":null,"nar_placement_status":"unmatched","nar_placement_distance_m":null,"nar_placement_rejection_reason":"no credible footprint within the conservative match threshold"},"geometry":{"type":"Point","coordinates":[-80.942516,44.563743]}},{"type":"Feature","id":"address_c6225bcaec8c029b9b60","properties":{"address_id":"address_c6225bcaec8c029b9b60","source_address_guid":"0898c38c-a07a-456a-b4ed-ba953f737ee5","source_location_guid":"46b9d0ee-8f5d-4605-8ced-54b29b45bfaf","external_source":"statistics_canada_national_address_register","external_id":"0898c38c-a07a-456a-b4ed-ba953f737ee5","source_retrieval_date":"2026-08-28","civic_number":"797","civic_number_base":"797","civic_number_suffix":"","street":"9th Avenue East","unit":"","label":"797 9th Avenue East","base_label":"797 9th Avenue East","official_street_name":"9th","official_street_type":"AVE","official_street_direction":"E","nar_coordinate_source":"nar_building","normalized_address":"797|9TH AVE E|","normalized_base_address":"797|9TH AVE E|","building_use_code":"3","building_use":"non_residential","address_category":"non_residential","mailing_street_name":"9TH","mailing_street_type":"AVE","mailing_street_direction":"E","mailing_municipality":"OWEN SOUND","mailing_province":"ON","postal_code":"N4K3E6","association_status":"unresolved","address_source_status":"authoritative","association_candidates":[],"location_id":"46b9d0ee-8f5d-4605-8ced-54b29b45bfaf","structure_id":null,"nar_placement_status":"unmatched","nar_placement_distance_m":null,"nar_placement_rejection_reason":"no credible footprint within the conservative match threshold"},"geometry":{"type":"Point","coordinates":[-80.927298,44.56551]}},{"type":"Feature","id":"address_db12fdeeda9a29dfbd6b","properties":{"address_id":"address_db12fdeeda9a29dfbd6b","source_address_guid":"f7c7725e-9d4c-4954-a5b8-10583701a5b0","source_location_guid":"b0a907f2-70fa-449e-b4c5-62bce76bf27b","external_source":"statistics_canada_national_address_register","external_id":"f7c7725e-9d4c-4954-a5b8-10583701a5b0","source_retrieval_date":"2026-08-28","civic_number":"800","civic_number_base":"800","civic_number_suffix":"","street":"23rd Street East","unit":"","label":"800 23rd Street East","base_label":"800 23rd Street East","official_street_name":"23rd","official_street_type":"ST","official_street_direction":"E","nar_coordinate_source":"nar_building","normalized_address":"800|23RD ST E|","normalized_base_address":"800|23RD ST E|","building_use_code":"3","building_use":"non_residential","address_category":"non_residential","mailing_street_name":"23RD","mailing_street_type":"ST","mailing_street_direction":"E","mailing_municipality":"OWEN SOUND","mailing_province":"ON","postal_code":"N4K6Z5","association_status":"statcan_authoritative_address_location","address_source_status":"authoritative","association_candidates":[],"location_id":"b0a907f2-70fa-449e-b4c5-62bce76bf27b","structure_id":"structure_2706e2d60ab8bd3cbea2","nar_placement_status":"nearest","nar_placement_distance_m":26.680705694851085,"nar_placement_rejection_reason":null},"geometry":{"type":"Point","coordinates":[-80.923456,44.586729]}},{"type":"Feature","id":"address_1acfeb7de769e47633d4","properties":{"address_id":"address_1acfeb7de769e47633d4","source_address_guid":"79440d72-9ca7-4fbb-b4e3-de1bec85e9d9","source_location_guid":"711fb34c-7f1e-4aaa-b3bf-1eb1e4479dcc","external_source":"statistics_canada_national_address_register","external_id":"79440d72-9ca7-4fbb-b4e3-de1bec85e9d9","source_retrieval_date":"2026-08-28","civic_number":"806","civic_number_base":"806","civic_number_suffix":"","street":"16th Street East","unit":"","label":"806 16th Street East","base_label":"806 16th Street East","official_street_name":"16th","official_street_type":"ST","official_street_direction":"E","nar_coordinate_source":"nar_building","normalized_address":"806|16TH ST E|","normalized_base_address":"806|16TH ST E|","building_use_code":"3","building_use":"non_residential","address_category":"non_residential","mailing_street_name":"16TH","mailing_street_type":"ST","mailing_street_direction":"E","mailing_municipality":"OWEN SOUND","mailing_province":"ON","postal_code":"N4K1Z1","association_status":"statcan_authoritative_address_location","address_source_status":"authoritative","association_candidates":[],"location_id":"711fb34c-7f1e-4aaa-b3bf-1eb1e4479dcc","structure_id":"structure_23081d5a044c434fa448","nar_placement_status":"nearest","nar_placement_distance_m":6.385619204856144,"nar_placement_rejection_reason":null},"geometry":{"type":"Point","coordinates":[-80.92841,44.574304]}},{"type":"Feature","id":"address_de9f988651e91426dc1b","properties":{"address_id":"address_de9f988651e91426dc1b","source_address_guid":"ae923a2a-d005-4446-96cb-9a14fb7219cc","source_location_guid":"b524a40d-9b83-427a-a035-1886d5ef9da2","external_source":"statistics_canada_national_address_register","external_id":"ae923a2a-d005-4446-96cb-9a14fb7219cc","source_retrieval_date":"2026-08-28","civic_number":"808","civic_number_base":"808","civic_number_suffix":"","street":"2nd Avenue East","unit":"","label":"808 2nd Avenue East","base_label":"808 2nd Avenue East","official_street_name":"2nd","official_street_type":"AVE","official_street_direction":"E","nar_coordinate_source":"nar_building","normalized_address":"808|2ND AVE E|","normalized_base_address":"808|2ND AVE E|","building_use_code":"3","building_use":"non_residential","address_category":"non_residential","mailing_street_name":"2ND","mailing_street_type":"AVE","mailing_street_direction":"E","mailing_municipality":"OWEN SOUND","mailing_province":"ON","postal_code":"N4K2H4","association_status":"statcan_authoritative_address_location","address_source_status":"authoritative","association_candidates":[],"location_id":"b524a40d-9b83-427a-a035-1886d5ef9da2","structure_id":"structure_74219d70a5a1cd30acd2","nar_placement_status":"nearest","nar_placement_distance_m":32.1220549606224,"nar_placement_rejection_reason":null},"geometry":{"type":"Point","coordinates":[-80.942601,44.564121]}},{"type":"Feature","id":"address_7c3b3aa309999eaa62d7","properties":{"address_id":"address_7c3b3aa309999eaa62d7","source_address_guid":"9daf912b-760a-455b-9c4c-542ee72d2802","source_location_guid":"7056f0ec-88cc-43bd-9951-3ac8d6416ec7","external_source":"statistics_canada_national_address_register","external_id":"9daf912b-760a-455b-9c4c-542ee72d2802","source_retrieval_date":"2026-08-28","civic_number":"817","civic_number_base":"817","civic_number_suffix":"","street":"3rd Avenue East","unit":"","label":"817 3rd Avenue East","base_label":"817 3rd Avenue East","official_street_name":"3rd","official_street_type":"AVE","official_street_direction":"E","nar_coordinate_source":"nar_building","normalized_address":"817|3RD AVE E|","normalized_base_address":"817|3RD AVE E|","building_use_code":"3","building_use":"non_residential","address_category":"non_residential","mailing_street_name":"3RD","mailing_street_type":"AVE","mailing_street_direction":"E","mailing_municipality":"OWEN SOUND","mailing_province":"ON","postal_code":"N4K2K6","association_status":"statcan_authoritative_address_location","address_source_status":"authoritative","association_candidates":[],"location_id":"7056f0ec-88cc-43bd-9951-3ac8d6416ec7","structure_id":"structure_e34496d11e09b9adc85b","nar_placement_status":"nearest","nar_placement_distance_m":21.917936675954568,"nar_placement_rejection_reason":null},"geometry":{"type":"Point","coordinates":[-80.940553,44.564497]}},{"type":"Feature","id":"address_857c60ee89bd9c7e6d99","properties":{"address_id":"address_857c60ee89bd9c7e6d99","source_address_guid":"f4007b46-6a7d-4fef-a7c9-e30bef3dccdf","source_location_guid":"99f1c29c-9fae-44f8-b8ea-ea663d263e3f","external_source":"statistics_canada_national_address_register","external_id":"f4007b46-6a7d-4fef-a7c9-e30bef3dccdf","source_retrieval_date":"2026-08-28","civic_number":"820","civic_number_base":"820","civic_number_suffix":"","street":"10th Street West","unit":"","label":"820 10th Street West","base_label":"820 10th Street West","official_street_name":"10th","official_street_type":"ST","official_street_direction":"W","nar_coordinate_source":"nar_building","normalized_address":"820|10TH ST W|","normalized_base_address":"820|10TH ST W|","building_use_code":"3","building_use":"non_residential","address_category":"non_residential","mailing_street_name":"10TH","mailing_street_type":"ST","mailing_street_direction":"W","mailing_municipality":"OWEN SOUND","mailing_province":"ON","postal_code":"N4K3S1","association_status":"statcan_authoritative_address_location","address_source_status":"authoritative","association_candidates":[],"location_id":"99f1c29c-9fae-44f8-b8ea-ea663d263e3f","structure_id":"structure_9ae72df97f5764671701","nar_placement_status":"nearest","nar_placement_distance_m":23.754464734056477,"nar_placement_rejection_reason":null},"geometry":{"type":"Point","coordinates":[-80.960107,44.566447]}},{"type":"Feature","id":"address_bf932d745d5956c50169","properties":{"address_id":"address_bf932d745d5956c50169","source_address_guid":"82aab264-d9dc-4cbc-b9dc-2ee2130fb1e1","source_location_guid":"031d8260-450e-4123-b2de-100236c45ff1","external_source":"statistics_canada_national_address_register","external_id":"82aab264-d9dc-4cbc-b9dc-2ee2130fb1e1","source_retrieval_date":"2026-08-28","civic_number":"830","civic_number_base":"830","civic_number_suffix":"","street":"3rd Avenue East","unit":"","label":"830 3rd Avenue East","base_label":"830 3rd Avenue East","official_street_name":"3rd","official_street_type":"AVE","official_street_direction":"E","nar_coordinate_source":"nar_building","normalized_address":"830|3RD AVE E|","normalized_base_address":"830|3RD AVE E|","building_use_code":"3","building_use":"non_residential","address_category":"non_residential","mailing_street_name":"3RD","mailing_street_type":"AVE","mailing_street_direction":"E","mailing_municipality":"OWEN SOUND","mailing_province":"ON","postal_code":"N4K2K5","association_status":"statcan_authoritative_address_location","address_source_status":"authoritative","association_candidates":[],"location_id":"031d8260-450e-4123-b2de-100236c45ff1","structure_id":"structure_9b62158232a26fb0573c","nar_placement_status":"nearest","nar_placement_distance_m":2.103781170845959,"nar_placement_rejection_reason":null},"geometry":{"type":"Point","coordinates":[-80.940803,44.564674]}},{"type":"Feature","id":"address_4a03dcceff6a2154452c","properties":{"address_id":"address_4a03dcceff6a2154452c","source_address_guid":"8942cfef-122c-4b5f-ae5d-86158e7144f9","source_location_guid":"39922427-6e1f-452a-967b-f467bcf255dd","external_source":"statistics_canada_national_address_register","external_id":"8942cfef-122c-4b5f-ae5d-86158e7144f9","source_retrieval_date":"2026-08-28","civic_number":"832","civic_number_base":"832","civic_number_suffix":"","street":"2nd Avenue East","unit":"","label":"832 2nd Avenue East","base_label":"832 2nd Avenue East","official_street_name":"2nd","official_street_type":"AVE","official_street_direction":"E","nar_coordinate_source":"nar_building","normalized_address":"832|2ND AVE E|","normalized_base_address":"832|2ND AVE E|","building_use_code":"3","building_use":"non_residential","address_category":"non_residential","mailing_street_name":"2ND","mailing_street_type":"AVE","mailing_street_direction":"E","mailing_municipality":"OWEN SOUND","mailing_province":"ON","postal_code":"N4K2H3","association_status":"unresolved","address_source_status":"authoritative","association_candidates":[],"location_id":"39922427-6e1f-452a-967b-f467bcf255dd","structure_id":null,"nar_placement_status":"ambiguous","nar_placement_distance_m":45.88921946590953,"nar_placement_rejection_reason":"distinct LOC_GUIDs share one footprint without sufficient multi-entrance or apartment evidence"},"geometry":{"type":"Point","coordinates":[-80.942679,44.56447]}},{"type":"Feature","id":"address_51320a32fb64d20fe0fb","properties":{"address_id":"address_51320a32fb64d20fe0fb","source_address_guid":"5e5bcc6a-abb4-4b24-ac31-a66d27e3d8f6","source_location_guid":"79bb2f2a-0efb-4528-a1a3-03bccfabdc5a","external_source":"statistics_canada_national_address_register","external_id":"5e5bcc6a-abb4-4b24-ac31-a66d27e3d8f6","source_retrieval_date":"2026-08-28","civic_number":"835","civic_number_base":"835","civic_number_suffix":"","street":"10th Avenue East","unit":"","label":"835 10th Avenue East","base_label":"835 10th Avenue East","official_street_name":"10th","official_street_type":"AVE","official_street_direction":"E","nar_coordinate_source":"nar_building","normalized_address":"835|10TH AVE E|","normalized_base_address":"835|10TH AVE E|","building_use_code":"3","building_use":"non_residential","address_category":"non_residential","mailing_street_name":"10TH","mailing_street_type":"AVE","mailing_street_direction":"E","mailing_municipality":"OWEN SOUND","mailing_province":"ON","postal_code":"N4K3H8","association_status":"statcan_authoritative_address_location","address_source_status":"authoritative","association_candidates":[],"location_id":"79bb2f2a-0efb-4528-a1a3-03bccfabdc5a","structure_id":"structure_e4d082de0136d55c77ef","nar_placement_status":"nearest","nar_placement_distance_m":6.074261077282228,"nar_placement_rejection_reason":null},"geometry":{"type":"Point","coordinates":[-80.924208,44.566744]}},{"type":"Feature","id":"address_22f354f8e9b1c6bfef3b","properties":{"address_id":"address_22f354f8e9b1c6bfef3b","source_address_guid":"2a663795-2b6a-44d7-a9e3-3041b392a430","source_location_guid":"fd4d9fd2-900d-47e9-8707-8475b095d8d7","external_source":"statistics_canada_national_address_register","external_id":"2a663795-2b6a-44d7-a9e3-3041b392a430","source_retrieval_date":"2026-08-28","civic_number":"840","civic_number_base":"840","civic_number_suffix":"","street":"1st Avenue West","unit":"","label":"840 1st Avenue West","base_label":"840 1st Avenue West","official_street_name":"1st","official_street_type":"AVE","official_street_direction":"W","nar_coordinate_source":"nar_building","normalized_address":"840|1ST AVE W|","normalized_base_address":"840|1ST AVE W|","building_use_code":"3","building_use":"non_residential","address_category":"non_residential","mailing_street_name":"1ST","mailing_street_type":"AVE","mailing_street_direction":"W","mailing_municipality":"OWEN SOUND","mailing_province":"ON","postal_code":"N4K4K4","association_status":"unresolved","address_source_status":"authoritative","association_candidates":[],"location_id":"fd4d9fd2-900d-47e9-8707-8475b095d8d7","structure_id":null,"nar_placement_status":"unmatched","nar_placement_distance_m":null,"nar_placement_rejection_reason":"no credible footprint within the conservative match threshold"},"geometry":{"type":"Point","coordinates":[-80.944944,44.564159]}},{"type":"Feature","id":"address_9d691b846c151c6301fc","properties":{"address_id":"address_9d691b846c151c6301fc","source_address_guid":"81a54bc6-0b41-4221-84b0-0d736b7dfab6","source_location_guid":"d8887bd3-8407-49e0-8614-2e08e0758ad4","external_source":"statistics_canada_national_address_register","external_id":"81a54bc6-0b41-4221-84b0-0d736b7dfab6","source_retrieval_date":"2026-08-28","civic_number":"840","civic_number_base":"840","civic_number_suffix":"","street":"2nd Avenue East","unit":"","label":"840 2nd Avenue East","base_label":"840 2nd Avenue East","official_street_name":"2nd","official_street_type":"AVE","official_street_direction":"E","nar_coordinate_source":"nar_building","normalized_address":"840|2ND AVE E|","normalized_base_address":"840|2ND AVE E|","building_use_code":"3","building_use":"non_residential","address_category":"non_residential","mailing_street_name":"2ND","mailing_street_type":"AVE","mailing_street_direction":"E","mailing_municipality":"OWEN SOUND","mailing_province":"ON","postal_code":"N4K2H3","association_status":"unresolved","address_source_status":"authoritative","association_candidates":[],"location_id":"d8887bd3-8407-49e0-8614-2e08e0758ad4","structure_id":null,"nar_placement_status":"unmatched","nar_placement_distance_m":null,"nar_placement_rejection_reason":"no credible footprint within the conservative match threshold"},"geometry":{"type":"Point","coordinates":[-80.942711,44.56461]}},{"type":"Feature","id":"address_66683a5895a9179c6f93","properties":{"address_id":"address_66683a5895a9179c6f93","source_address_guid":"5e0f8352-7e84-4a6f-84b1-554da7d2de20","source_location_guid":"eab07cd1-33c1-41bd-8e14-460ac7b2c5ae","external_source":"statistics_canada_national_address_register","external_id":"5e0f8352-7e84-4a6f-84b1-554da7d2de20","source_retrieval_date":"2026-08-28","civic_number":"841","civic_number_base":"841","civic_number_suffix":"","street":"10th Street West","unit":"","label":"841 10th Street West","base_label":"841 10th Street West","official_street_name":"10th","official_street_type":"ST","official_street_direction":"W","nar_coordinate_source":"nar_building","normalized_address":"841|10TH ST W|","normalized_base_address":"841|10TH ST W|","building_use_code":"3","building_use":"non_residential","address_category":"non_residential","mailing_street_name":"10TH","mailing_street_type":"ST","mailing_street_direction":"W","mailing_municipality":"OWEN SOUND","mailing_province":"ON","postal_code":"N4K6S1","association_status":"statcan_authoritative_address_location","address_source_status":"authoritative","association_candidates":[],"location_id":"eab07cd1-33c1-41bd-8e14-460ac7b2c5ae","structure_id":"structure_9720a1f214841512853e","nar_placement_status":"nearest","nar_placement_distance_m":15.719118161933768,"nar_placement_rejection_reason":null},"geometry":{"type":"Point","coordinates":[-80.960037,44.566241]}},{"type":"Feature","id":"address_9628df15d2360dced9e1","properties":{"address_id":"address_9628df15d2360dced9e1","source_address_guid":"0d9e5505-816c-4560-a58a-738116e98807","source_location_guid":"427587b8-3316-427c-a958-e956424a6077","external_source":"statistics_canada_national_address_register","external_id":"0d9e5505-816c-4560-a58a-738116e98807","source_retrieval_date":"2026-08-28","civic_number":"854","civic_number_base":"854","civic_number_suffix":"","street":"1st Avenue West","unit":"","label":"854 1st Avenue West","base_label":"854 1st Avenue West","official_street_name":"1st","official_street_type":"AVE","official_street_direction":"W","nar_coordinate_source":"nar_block_face_fallback","normalized_address":"854|1ST AVE W|","normalized_base_address":"854|1ST AVE W|","building_use_code":"3","building_use":"non_residential","address_category":"non_residential","mailing_street_name":"1ST","mailing_street_type":"AVE","mailing_street_direction":"W","mailing_municipality":"OWEN SOUND","mailing_province":"ON","postal_code":"N4K4K4","association_status":"statcan_authoritative_address_location","address_source_status":"authoritative","association_candidates":[],"location_id":"427587b8-3316-427c-a958-e956424a6077","structure_id":"structure_af192c73da797805ac35","nar_placement_status":"exact","nar_placement_distance_m":0,"nar_placement_rejection_reason":null},"geometry":{"type":"Point","coordinates":[-80.944922,44.564566]}},{"type":"Feature","id":"address_58f3cb5bd4516c54ba43","properties":{"address_id":"address_58f3cb5bd4516c54ba43","source_address_guid":"b9658bc9-1c94-4840-9b4c-c0218304b598","source_location_guid":"33a4821e-7ca2-4098-928d-1e13373c2600","external_source":"statistics_canada_national_address_register","external_id":"b9658bc9-1c94-4840-9b4c-c0218304b598","source_retrieval_date":"2026-08-28","civic_number":"854","civic_number_base":"854","civic_number_suffix":"","street":"2nd Avenue West","unit":"","label":"854 2nd Avenue West","base_label":"854 2nd Avenue West","official_street_name":"2nd","official_street_type":"AVE","official_street_direction":"W","nar_coordinate_source":"nar_building","normalized_address":"854|2ND AVE W|","normalized_base_address":"854|2ND AVE W|","building_use_code":"3","building_use":"non_residential","address_category":"non_residential","mailing_street_name":"2ND","mailing_street_type":"AVE","mailing_street_direction":"W","mailing_municipality":"OWEN SOUND","mailing_province":"ON","postal_code":"N4K4M5","association_status":"statcan_authoritative_address_location","address_source_status":"authoritative","association_candidates":[],"location_id":"33a4821e-7ca2-4098-928d-1e13373c2600","structure_id":"structure_0405dedd4044bc032867","nar_placement_status":"nearest","nar_placement_distance_m":4.24651506802573,"nar_placement_rejection_reason":null},"geometry":{"type":"Point","coordinates":[-80.945633,44.564584]}},{"type":"Feature","id":"address_537567536c5d9d03c895","properties":{"address_id":"address_537567536c5d9d03c895","source_address_guid":"41691715-329f-4061-bd25-3a87f207405a","source_location_guid":"9ede21b1-bab9-408e-bb9e-d5c8d33d3f7e","external_source":"statistics_canada_national_address_register","external_id":"41691715-329f-4061-bd25-3a87f207405a","source_retrieval_date":"2026-08-28","civic_number":"855","civic_number_base":"855","civic_number_suffix":"","street":"3rd Avenue East","unit":"","label":"855 3rd Avenue East","base_label":"855 3rd Avenue East","official_street_name":"3rd","official_street_type":"AVE","official_street_direction":"E","nar_coordinate_source":"nar_building","normalized_address":"855|3RD AVE E|","normalized_base_address":"855|3RD AVE E|","building_use_code":"3","building_use":"non_residential","address_category":"non_residential","mailing_street_name":"3RD","mailing_street_type":"AVE","mailing_street_direction":"E","mailing_municipality":"OWEN SOUND","mailing_province":"ON","postal_code":"N4K2K6","association_status":"statcan_authoritative_address_location","address_source_status":"authoritative","association_candidates":[],"location_id":"9ede21b1-bab9-408e-bb9e-d5c8d33d3f7e","structure_id":"structure_239619a0c6cda4fddbe0","nar_placement_status":"nearest","nar_placement_distance_m":14.294385964809866,"nar_placement_rejection_reason":null},"geometry":{"type":"Point","coordinates":[-80.940647,44.565215]}},{"type":"Feature","id":"address_91f60ef73bf26574fd58","properties":{"address_id":"address_91f60ef73bf26574fd58","source_address_guid":"130cddfa-43ca-4d0d-a223-6e7c3d7b3041","source_location_guid":"774a1388-3eab-456d-8e07-cd097b2e9cf8","external_source":"statistics_canada_national_address_register","external_id":"130cddfa-43ca-4d0d-a223-6e7c3d7b3041","source_retrieval_date":"2026-08-28","civic_number":"856","civic_number_base":"856","civic_number_suffix":"","street":"4th Avenue East","unit":"","label":"856 4th Avenue East","base_label":"856 4th Avenue East","official_street_name":"4th","official_street_type":"AVE","official_street_direction":"E","nar_coordinate_source":"nar_building","normalized_address":"856|4TH AVE E|","normalized_base_address":"856|4TH AVE E|","building_use_code":"3","building_use":"non_residential","address_category":"non_residential","mailing_street_name":"4TH","mailing_street_type":"AVE","mailing_street_direction":"E","mailing_municipality":"OWEN SOUND","mailing_province":"ON","postal_code":"N4K2N7","association_status":"statcan_authoritative_address_location","address_source_status":"authoritative","association_candidates":[],"location_id":"774a1388-3eab-456d-8e07-cd097b2e9cf8","structure_id":"structure_03cef638db027b340de6","nar_placement_status":"nearest","nar_placement_distance_m":6.897664109579762,"nar_placement_rejection_reason":null},"geometry":{"type":"Point","coordinates":[-80.939107,44.565338]}},{"type":"Feature","id":"address_d4b83dc1e084d45c5169","properties":{"address_id":"address_d4b83dc1e084d45c5169","source_address_guid":"4be0e7a9-d60f-4607-b96e-88f2b00cd093","source_location_guid":"872f988c-3c10-4752-a55c-39ed1d9c7abe","external_source":"statistics_canada_national_address_register","external_id":"4be0e7a9-d60f-4607-b96e-88f2b00cd093","source_retrieval_date":"2026-08-28","civic_number":"857","civic_number_base":"857","civic_number_suffix":"","street":"2nd Avenue East","unit":"","label":"857 2nd Avenue East","base_label":"857 2nd Avenue East","official_street_name":"2nd","official_street_type":"AVE","official_street_direction":"E","nar_coordinate_source":"nar_block_face_fallback","normalized_address":"857|2ND AVE E|","normalized_base_address":"857|2ND AVE E|","building_use_code":"3","building_use":"non_residential","address_category":"non_residential","mailing_street_name":"2ND","mailing_street_type":"AVE","mailing_street_direction":"E","mailing_municipality":"OWEN SOUND","mailing_province":"ON","postal_code":"N4K2H2","association_status":"unresolved","address_source_status":"authoritative","association_candidates":[],"location_id":"872f988c-3c10-4752-a55c-39ed1d9c7abe","structure_id":null,"nar_placement_status":"ambiguous","nar_placement_distance_m":28.79199920287121,"nar_placement_rejection_reason":"distinct LOC_GUIDs share one footprint without sufficient multi-entrance or apartment evidence"},"geometry":{"type":"Point","coordinates":[-80.942542,44.564822]}},{"type":"Feature","id":"address_b2472173ebbb8cd496fd","properties":{"address_id":"address_b2472173ebbb8cd496fd","source_address_guid":"0ab7f799-5874-444d-a9f4-88974aa4cc8a","source_location_guid":"c3fcbfc5-1d1e-4960-be6b-b9100153aaa5","external_source":"statistics_canada_national_address_register","external_id":"0ab7f799-5874-444d-a9f4-88974aa4cc8a","source_retrieval_date":"2026-08-28","civic_number":"858","civic_number_base":"858","civic_number_suffix":"","street":"10th Street East","unit":"","label":"858 10th Street East","base_label":"858 10th Street East","official_street_name":"10th","official_street_type":"ST","official_street_direction":"E","nar_coordinate_source":"nar_building","normalized_address":"858|10TH ST E|","normalized_base_address":"858|10TH ST E|","building_use_code":"3","building_use":"non_residential","address_category":"non_residential","mailing_street_name":"10TH","mailing_street_type":"ST","mailing_street_direction":"E","mailing_municipality":"OWEN SOUND","mailing_province":"ON","postal_code":"N4K1T4","association_status":"statcan_authoritative_address_location","address_source_status":"authoritative","association_candidates":[],"location_id":"c3fcbfc5-1d1e-4960-be6b-b9100153aaa5","structure_id":"structure_dc69fe04267eb4e28a1f","nar_placement_status":"nearest","nar_placement_distance_m":47.34639792820654,"nar_placement_rejection_reason":null},"geometry":{"type":"Point","coordinates":[-80.930255,44.569372]}},{"type":"Feature","id":"address_cc8dfe384ba5c5a03961","properties":{"address_id":"address_cc8dfe384ba5c5a03961","source_address_guid":"694555f4-aea3-43ea-800c-117d10971b56","source_location_guid":"403f033a-7d13-465e-98ae-c3fa1cea6691","external_source":"statistics_canada_national_address_register","external_id":"694555f4-aea3-43ea-800c-117d10971b56","source_retrieval_date":"2026-08-28","civic_number":"860","civic_number_base":"860","civic_number_suffix":"","street":"9th Street East","unit":"","label":"860 9th Street East","base_label":"860 9th Street East","official_street_name":"9th","official_street_type":"ST","official_street_direction":"E","nar_coordinate_source":"nar_building","normalized_address":"860|9TH ST E|","normalized_base_address":"860|9TH ST E|","building_use_code":"3","building_use":"non_residential","address_category":"non_residential","mailing_street_name":"9TH","mailing_street_type":"ST","mailing_street_direction":"E","mailing_municipality":"OWEN SOUND","mailing_province":"ON","postal_code":"N4K1R2","association_status":"unresolved","address_source_status":"authoritative","association_candidates":[],"location_id":"403f033a-7d13-465e-98ae-c3fa1cea6691","structure_id":null,"nar_placement_status":"unmatched","nar_placement_distance_m":null,"nar_placement_rejection_reason":"no credible footprint within the conservative match threshold"},"geometry":{"type":"Point","coordinates":[-80.928871,44.567368]}},{"type":"Feature","id":"address_af870159617e413d6461","properties":{"address_id":"address_af870159617e413d6461","source_address_guid":"38703a13-138e-4631-96b2-c6cc559f7627","source_location_guid":"b096f165-1241-4cd1-b9a2-e2ba423bead9","external_source":"statistics_canada_national_address_register","external_id":"38703a13-138e-4631-96b2-c6cc559f7627","source_retrieval_date":"2026-08-28","civic_number":"865","civic_number_base":"865","civic_number_suffix":"","street":"10th Street West","unit":"","label":"865 10th Street West","base_label":"865 10th Street West","official_street_name":"10th","official_street_type":"ST","official_street_direction":"W","nar_coordinate_source":"nar_building","normalized_address":"865|10TH ST W|","normalized_base_address":"865|10TH ST W|","building_use_code":"3","building_use":"non_residential","address_category":"non_residential","mailing_street_name":"10TH","mailing_street_type":"ST","mailing_street_direction":"W","mailing_municipality":"OWEN SOUND","mailing_province":"ON","postal_code":"N4K6S1","association_status":"unresolved","address_source_status":"authoritative","association_candidates":[],"location_id":"b096f165-1241-4cd1-b9a2-e2ba423bead9","structure_id":null,"nar_placement_status":"ambiguous","nar_placement_distance_m":20.166214941147718,"nar_placement_rejection_reason":"distinct LOC_GUIDs share one footprint without sufficient multi-entrance or apartment evidence"},"geometry":{"type":"Point","coordinates":[-80.960776,44.566148]}},{"type":"Feature","id":"address_21b749c67245cf0e2afa","properties":{"address_id":"address_21b749c67245cf0e2afa","source_address_guid":"74173c6c-0d62-4a16-90d6-7207b43ff4da","source_location_guid":"ad23b9b6-a5ac-4ebe-8c23-3f849f0f0664","external_source":"statistics_canada_national_address_register","external_id":"74173c6c-0d62-4a16-90d6-7207b43ff4da","source_retrieval_date":"2026-08-28","civic_number":"865","civic_number_base":"865","civic_number_suffix":"","street":"2nd Avenue West","unit":"","label":"865 2nd Avenue West","base_label":"865 2nd Avenue West","official_street_name":"2nd","official_street_type":"AVE","official_street_direction":"W","nar_coordinate_source":"nar_building","normalized_address":"865|2ND AVE W|","normalized_base_address":"865|2ND AVE W|","building_use_code":"3","building_use":"non_residential","address_category":"non_residential","mailing_street_name":"2ND","mailing_street_type":"AVE","mailing_street_direction":"W","mailing_municipality":"OWEN SOUND","mailing_province":"ON","postal_code":"N4K4M6","association_status":"unresolved","address_source_status":"authoritative","association_candidates":[],"location_id":"ad23b9b6-a5ac-4ebe-8c23-3f849f0f0664","structure_id":null,"nar_placement_status":"unmatched","nar_placement_distance_m":null,"nar_placement_rejection_reason":"no credible footprint within the conservative match threshold"},"geometry":{"type":"Point","coordinates":[-80.945272,44.56431]}},{"type":"Feature","id":"address_eccf5e428699396ed53b","properties":{"address_id":"address_eccf5e428699396ed53b","source_address_guid":"09eb1ed8-a8be-4de3-9278-f2a940cd1f54","source_location_guid":"6eb65cf2-27b2-4b08-9f50-910ab89ae9cf","external_source":"statistics_canada_national_address_register","external_id":"09eb1ed8-a8be-4de3-9278-f2a940cd1f54","source_retrieval_date":"2026-08-28","civic_number":"870","civic_number_base":"870","civic_number_suffix":"","street":"2nd Avenue West","unit":"","label":"870 2nd Avenue West","base_label":"870 2nd Avenue West","official_street_name":"2nd","official_street_type":"AVE","official_street_direction":"W","nar_coordinate_source":"nar_building","normalized_address":"870|2ND AVE W|","normalized_base_address":"870|2ND AVE W|","building_use_code":"3","building_use":"non_residential","address_category":"non_residential","mailing_street_name":"2ND","mailing_street_type":"AVE","mailing_street_direction":"W","mailing_municipality":"OWEN SOUND","mailing_province":"ON","postal_code":"N4K4M5","association_status":"statcan_authoritative_address_location","address_source_status":"authoritative","association_candidates":[],"location_id":"6eb65cf2-27b2-4b08-9f50-910ab89ae9cf","structure_id":"structure_9940297e57e5624ff020","nar_placement_status":"nearest","nar_placement_distance_m":5.701265505844062,"nar_placement_rejection_reason":null},"geometry":{"type":"Point","coordinates":[-80.945696,44.56487]}},{"type":"Feature","id":"address_78f9a3f3aa717764b4ae","properties":{"address_id":"address_78f9a3f3aa717764b4ae","source_address_guid":"456daf99-99b3-423e-b750-6517266499f5","source_location_guid":"6eb65cf2-27b2-4b08-9f50-910ab89ae9cf","external_source":"statistics_canada_national_address_register","external_id":"456daf99-99b3-423e-b750-6517266499f5","source_retrieval_date":"2026-08-28","civic_number":"870","civic_number_base":"870","civic_number_suffix":"","street":"2nd Avenue West","unit":"2","label":"870 2nd Avenue West Unit 2","base_label":"870 2nd Avenue West","official_street_name":"2nd","official_street_type":"AVE","official_street_direction":"W","nar_coordinate_source":"nar_building","normalized_address":"870|2ND AVE W|2","normalized_base_address":"870|2ND AVE W|","building_use_code":"3","building_use":"non_residential","address_category":"non_residential","mailing_street_name":"2ND","mailing_street_type":"AVE","mailing_street_direction":"W","mailing_municipality":"OWEN SOUND","mailing_province":"ON","postal_code":"N4K4M5","association_status":"statcan_authoritative_address_location","address_source_status":"authoritative","association_candidates":[],"location_id":"6eb65cf2-27b2-4b08-9f50-910ab89ae9cf","structure_id":"structure_9940297e57e5624ff020","nar_placement_status":"nearest","nar_placement_distance_m":5.701265505844062,"nar_placement_rejection_reason":null},"geometry":{"type":"Point","coordinates":[-80.945696,44.56487]}},{"type":"Feature","id":"address_8e4b5c9db299371ca347","properties":{"address_id":"address_8e4b5c9db299371ca347","source_address_guid":"999924f2-64c1-474d-9292-ddaa2f8272fc","source_location_guid":"db432556-5752-46ff-b6c2-c7e330f49de7","external_source":"statistics_canada_national_address_register","external_id":"999924f2-64c1-474d-9292-ddaa2f8272fc","source_retrieval_date":"2026-08-28","civic_number":"870","civic_number_base":"870","civic_number_suffix":"","street":"3rd Avenue East","unit":"","label":"870 3rd Avenue East","base_label":"870 3rd Avenue East","official_street_name":"3rd","official_street_type":"AVE","official_street_direction":"E","nar_coordinate_source":"nar_building","normalized_address":"870|3RD AVE E|","normalized_base_address":"870|3RD AVE E|","building_use_code":"3","building_use":"non_residential","address_category":"non_residential","mailing_street_name":"3RD","mailing_street_type":"AVE","mailing_street_direction":"E","mailing_municipality":"OWEN SOUND","mailing_province":"ON","postal_code":"N4K2K5","association_status":"statcan_authoritative_address_location","address_source_status":"authoritative","association_candidates":[],"location_id":"db432556-5752-46ff-b6c2-c7e330f49de7","structure_id":"structure_68242026d1b4a3c047b5","nar_placement_status":"exact","nar_placement_distance_m":0,"nar_placement_rejection_reason":null},"geometry":{"type":"Point","coordinates":[-80.941016,44.565524]}},{"type":"Feature","id":"address_0f7acbb01cde2edda654","properties":{"address_id":"address_0f7acbb01cde2edda654","source_address_guid":"2303d3ce-8197-454a-ab70-953c5de4ed5a","source_location_guid":"fdf9c29e-1505-49a1-91ef-c38edb8525a4","external_source":"statistics_canada_national_address_register","external_id":"2303d3ce-8197-454a-ab70-953c5de4ed5a","source_retrieval_date":"2026-08-28","civic_number":"870","civic_number_base":"870","civic_number_suffix":"","street":"4th Avenue East","unit":"","label":"870 4th Avenue East","base_label":"870 4th Avenue East","official_street_name":"4th","official_street_type":"AVE","official_street_direction":"E","nar_coordinate_source":"nar_block_face_fallback","normalized_address":"870|4TH AVE E|","normalized_base_address":"870|4TH AVE E|","building_use_code":"3","building_use":"non_residential","address_category":"non_residential","mailing_street_name":"4TH","mailing_street_type":"AVE","mailing_street_direction":"E","mailing_municipality":"OWEN SOUND","mailing_province":"ON","postal_code":"N4K2N7","association_status":"statcan_authoritative_address_location","address_source_status":"authoritative","association_candidates":[],"location_id":"fdf9c29e-1505-49a1-91ef-c38edb8525a4","structure_id":"structure_f6dc38180b6b60ac1759","nar_placement_status":"nearest","nar_placement_distance_m":3.356610150459213,"nar_placement_rejection_reason":null},"geometry":{"type":"Point","coordinates":[-80.939115,44.565228]}},{"type":"Feature","id":"address_58d561c24ae674f70bd3","properties":{"address_id":"address_58d561c24ae674f70bd3","source_address_guid":"98dfa30a-61a7-410d-9c54-6d24b607579f","source_location_guid":"1eb0626f-6752-496b-84c8-3a7c786cd6d0","external_source":"statistics_canada_national_address_register","external_id":"98dfa30a-61a7-410d-9c54-6d24b607579f","source_retrieval_date":"2026-08-28","civic_number":"875","civic_number_base":"875","civic_number_suffix":"","street":"6th Street East","unit":"","label":"875 6th Street East","base_label":"875 6th Street East","official_street_name":"6th","official_street_type":"ST","official_street_direction":"E","nar_coordinate_source":"nar_building","normalized_address":"875|6TH ST E|","normalized_base_address":"875|6TH ST E|","building_use_code":"3","building_use":"non_residential","address_category":"non_residential","mailing_street_name":"6TH","mailing_street_type":"ST","mailing_street_direction":"E","mailing_municipality":"OWEN SOUND","mailing_province":"ON","postal_code":"N4K5W5","association_status":"statcan_authoritative_address_location","address_source_status":"authoritative","association_candidates":[],"location_id":"1eb0626f-6752-496b-84c8-3a7c786cd6d0","structure_id":"structure_8ce892d3fedf8451d112","nar_placement_status":"nearest","nar_placement_distance_m":32.02087193063923,"nar_placement_rejection_reason":null},"geometry":{"type":"Point","coordinates":[-80.927905,44.561627]}},{"type":"Feature","id":"address_0daba354b3028cb5dad1","properties":{"address_id":"address_0daba354b3028cb5dad1","source_address_guid":"fbf129e8-fd84-4e6d-a42c-e4d8ff19be8b","source_location_guid":"6e7fce52-a3ad-4755-a2e2-954041160768","external_source":"statistics_canada_national_address_register","external_id":"fbf129e8-fd84-4e6d-a42c-e4d8ff19be8b","source_retrieval_date":"2026-08-28","civic_number":"880","civic_number_base":"880","civic_number_suffix":"","street":"10th Street East","unit":"","label":"880 10th Street East","base_label":"880 10th Street East","official_street_name":"10th","official_street_type":"ST","official_street_direction":"E","nar_coordinate_source":"nar_building","normalized_address":"880|10TH ST E|","normalized_base_address":"880|10TH ST E|","building_use_code":"3","building_use":"non_residential","address_category":"non_residential","mailing_street_name":"10TH","mailing_street_type":"ST","mailing_street_direction":"E","mailing_municipality":"OWEN SOUND","mailing_province":"ON","postal_code":"N4K1T4","association_status":"unresolved","address_source_status":"authoritative","association_candidates":[],"location_id":"6e7fce52-a3ad-4755-a2e2-954041160768","structure_id":null,"nar_placement_status":"unmatched","nar_placement_distance_m":null,"nar_placement_rejection_reason":"no credible footprint within the conservative match threshold"},"geometry":{"type":"Point","coordinates":[-80.928573,44.569558]}},{"type":"Feature","id":"address_5651507c9bba16a87449","properties":{"address_id":"address_5651507c9bba16a87449","source_address_guid":"ef3e22f6-81fc-4eb7-93c1-2f45662fb8cf","source_location_guid":"01e7beda-d79c-4afa-a44a-109e56c17eec","external_source":"statistics_canada_national_address_register","external_id":"ef3e22f6-81fc-4eb7-93c1-2f45662fb8cf","source_retrieval_date":"2026-08-28","civic_number":"884","civic_number_base":"884","civic_number_suffix":"","street":"10th Street West","unit":"","label":"884 10th Street West","base_label":"884 10th Street West","official_street_name":"10th","official_street_type":"ST","official_street_direction":"W","nar_coordinate_source":"nar_building","normalized_address":"884|10TH ST W|","normalized_base_address":"884|10TH ST W|","building_use_code":"3","building_use":"non_residential","address_category":"non_residential","mailing_street_name":"10TH","mailing_street_type":"ST","mailing_street_direction":"W","mailing_municipality":"OWEN SOUND","mailing_province":"ON","postal_code":"N4K3S1","association_status":"unresolved","address_source_status":"authoritative","association_candidates":[],"location_id":"01e7beda-d79c-4afa-a44a-109e56c17eec","structure_id":null,"nar_placement_status":"unmatched","nar_placement_distance_m":51.75443887134927,"nar_placement_rejection_reason":"no credible footprint within the conservative match threshold"},"geometry":{"type":"Point","coordinates":[-80.96139,44.5664]}},{"type":"Feature","id":"address_05e31feaab759e153cd2","properties":{"address_id":"address_05e31feaab759e153cd2","source_address_guid":"80cb3af9-8796-401c-8b2c-333a46327b4c","source_location_guid":"609a2cab-4c69-4866-a47a-a1e4c6966c5c","external_source":"statistics_canada_national_address_register","external_id":"80cb3af9-8796-401c-8b2c-333a46327b4c","source_retrieval_date":"2026-08-28","civic_number":"885","civic_number_base":"885","civic_number_suffix":"","street":"10th Street West","unit":"","label":"885 10th Street West","base_label":"885 10th Street West","official_street_name":"10th","official_street_type":"ST","official_street_direction":"W","nar_coordinate_source":"nar_block_face_fallback","normalized_address":"885|10TH ST W|","normalized_base_address":"885|10TH ST W|","building_use_code":"3","building_use":"non_residential","address_category":"non_residential","mailing_street_name":"10TH","mailing_street_type":"ST","mailing_street_direction":"W","mailing_municipality":"OWEN SOUND","mailing_province":"ON","postal_code":"N4K6S1","association_status":"statcan_authoritative_address_location","address_source_status":"authoritative","association_candidates":[],"location_id":"609a2cab-4c69-4866-a47a-a1e4c6966c5c","structure_id":"structure_4553b43b8f45ba297941","nar_placement_status":"nearest","nar_placement_distance_m":15.569668374474467,"nar_placement_rejection_reason":null},"geometry":{"type":"Point","coordinates":[-80.960898,44.566092]}},{"type":"Feature","id":"address_c994271dd2b0efd02d8a","properties":{"address_id":"address_c994271dd2b0efd02d8a","source_address_guid":"5594f9ce-5136-4380-90f9-45b8f1e59af6","source_location_guid":"e0369e09-1660-4b04-8668-bbf5d02005b3","external_source":"statistics_canada_national_address_register","external_id":"5594f9ce-5136-4380-90f9-45b8f1e59af6","source_retrieval_date":"2026-08-28","civic_number":"888","civic_number_base":"888","civic_number_suffix":"","street":"15th A Street East","unit":"","label":"888 15th A Street East","base_label":"888 15th A Street East","official_street_name":"15th A","official_street_type":"ST","official_street_direction":"E","nar_coordinate_source":"nar_block_face_fallback","normalized_address":"888|15TH A ST E|","normalized_base_address":"888|15TH A ST E|","building_use_code":"3","building_use":"non_residential","address_category":"non_residential","mailing_street_name":"15TH ST A","mailing_street_type":"","mailing_street_direction":"E","mailing_municipality":"OWEN SOUND","mailing_province":"ON","postal_code":"N4K1Y1","association_status":"unresolved","address_source_status":"authoritative","association_candidates":[],"location_id":"e0369e09-1660-4b04-8668-bbf5d02005b3","structure_id":null,"nar_placement_status":"unmatched","nar_placement_distance_m":null,"nar_placement_rejection_reason":"no credible footprint within the conservative match threshold"},"geometry":{"type":"Point","coordinates":[-80.928505,44.572231]}},{"type":"Feature","id":"address_cb151cea71a84a33f18c","properties":{"address_id":"address_cb151cea71a84a33f18c","source_address_guid":"c6e8c27a-6720-46b0-bd3a-9c07b958da96","source_location_guid":"f11fecea-92d8-41ce-8277-0972a2a3b2a6","external_source":"statistics_canada_national_address_register","external_id":"c6e8c27a-6720-46b0-bd3a-9c07b958da96","source_retrieval_date":"2026-08-28","civic_number":"888","civic_number_base":"888","civic_number_suffix":"","street":"3rd Avenue East","unit":"","label":"888 3rd Avenue East","base_label":"888 3rd Avenue East","official_street_name":"3rd","official_street_type":"AVE","official_street_direction":"E","nar_coordinate_source":"nar_building","normalized_address":"888|3RD AVE E|","normalized_base_address":"888|3RD AVE E|","building_use_code":"3","building_use":"non_residential","address_category":"non_residential","mailing_street_name":"3RD","mailing_street_type":"AVE","mailing_street_direction":"E","mailing_municipality":"OWEN SOUND","mailing_province":"ON","postal_code":"N4K2K5","association_status":"unresolved","address_source_status":"authoritative","association_candidates":[],"location_id":"f11fecea-92d8-41ce-8277-0972a2a3b2a6","structure_id":null,"nar_placement_status":"ambiguous","nar_placement_distance_m":0.33436811900488933,"nar_placement_rejection_reason":"distinct LOC_GUIDs share one footprint without sufficient multi-entrance or apartment evidence"},"geometry":{"type":"Point","coordinates":[-80.941084,44.565827]}},{"type":"Feature","id":"address_39a6ca78977cd922712e","properties":{"address_id":"address_39a6ca78977cd922712e","source_address_guid":"787e5541-6551-40a1-ab71-663a3879ac57","source_location_guid":"4655121c-220a-473e-868e-5c2b9e1ad6ca","external_source":"statistics_canada_national_address_register","external_id":"787e5541-6551-40a1-ab71-663a3879ac57","source_retrieval_date":"2026-08-28","civic_number":"890","civic_number_base":"890","civic_number_suffix":"","street":"3rd Avenue East","unit":"","label":"890 3rd Avenue East","base_label":"890 3rd Avenue East","official_street_name":"3rd","official_street_type":"AVE","official_street_direction":"E","nar_coordinate_source":"nar_building","normalized_address":"890|3RD AVE E|","normalized_base_address":"890|3RD AVE E|","building_use_code":"3","building_use":"non_residential","address_category":"non_residential","mailing_street_name":"3RD","mailing_street_type":"AVE","mailing_street_direction":"E","mailing_municipality":"OWEN SOUND","mailing_province":"ON","postal_code":"N4K2K5","association_status":"statcan_authoritative_address_location","address_source_status":"authoritative","association_candidates":[],"location_id":"4655121c-220a-473e-868e-5c2b9e1ad6ca","structure_id":"structure_0244609598d9a2d2d10a","nar_placement_status":"nearest","nar_placement_distance_m":0.2641919651327671,"nar_placement_rejection_reason":null},"geometry":{"type":"Point","coordinates":[-80.941091,44.565856]}},{"type":"Feature","id":"address_776fe7ead3364f8297b3","properties":{"address_id":"address_776fe7ead3364f8297b3","source_address_guid":"68a3bedb-ca15-4084-af09-6ee9765a8d80","source_location_guid":"8532d226-f29e-4038-8647-4269f534a726","external_source":"statistics_canada_national_address_register","external_id":"68a3bedb-ca15-4084-af09-6ee9765a8d80","source_retrieval_date":"2026-08-28","civic_number":"890","civic_number_base":"890","civic_number_suffix":"","street":"4th Avenue East","unit":"","label":"890 4th Avenue East","base_label":"890 4th Avenue East","official_street_name":"4th","official_street_type":"AVE","official_street_direction":"E","nar_coordinate_source":"nar_building","normalized_address":"890|4TH AVE E|","normalized_base_address":"890|4TH AVE E|","building_use_code":"3","building_use":"non_residential","address_category":"non_residential","mailing_street_name":"4TH","mailing_street_type":"AVE","mailing_street_direction":"E","mailing_municipality":"OWEN SOUND","mailing_province":"ON","postal_code":"N4K2N7","association_status":"statcan_authoritative_address_location","address_source_status":"authoritative","association_candidates":[],"location_id":"8532d226-f29e-4038-8647-4269f534a726","structure_id":"structure_d25a00049db2e9b367d8","nar_placement_status":"nearest","nar_placement_distance_m":37.38970807649053,"nar_placement_rejection_reason":null},"geometry":{"type":"Point","coordinates":[-80.938965,44.566029]}},{"type":"Feature","id":"address_93544939f1fcd189d465","properties":{"address_id":"address_93544939f1fcd189d465","source_address_guid":"08584928-ec42-4589-8e17-6eb3077cd79c","source_location_guid":"c04485f0-078a-469f-9330-02d0fa7b1aae","external_source":"statistics_canada_national_address_register","external_id":"08584928-ec42-4589-8e17-6eb3077cd79c","source_retrieval_date":"2026-08-28","civic_number":"895","civic_number_base":"895","civic_number_suffix":"","street":"7th Street East","unit":"","label":"895 7th Street East","base_label":"895 7th Street East","official_street_name":"7th","official_street_type":"ST","official_street_direction":"E","nar_coordinate_source":"nar_building","normalized_address":"895|7TH ST E|","normalized_base_address":"895|7TH ST E|","building_use_code":"3","building_use":"non_residential","address_category":"non_residential","mailing_street_name":"7TH","mailing_street_type":"ST","mailing_street_direction":"E","mailing_municipality":"OWEN SOUND","mailing_province":"ON","postal_code":"N4K1K2","association_status":"unresolved","address_source_status":"authoritative","association_candidates":[],"location_id":"c04485f0-078a-469f-9330-02d0fa7b1aae","structure_id":null,"nar_placement_status":"unmatched","nar_placement_distance_m":null,"nar_placement_rejection_reason":"no credible footprint within the conservative match threshold"},"geometry":{"type":"Point","coordinates":[-80.927234,44.56363]}},{"type":"Feature","id":"address_a6bb8ecc824fcd2812c9","properties":{"address_id":"address_a6bb8ecc824fcd2812c9","source_address_guid":"501bba0d-4538-4bb8-9917-903ccc73aa38","source_location_guid":"9c0e2a84-52a1-43d6-b9d7-b831c14e3c2d","external_source":"statistics_canada_national_address_register","external_id":"501bba0d-4538-4bb8-9917-903ccc73aa38","source_retrieval_date":"2026-08-28","civic_number":"895","civic_number_base":"895","civic_number_suffix":"","street":"8th Street East","unit":"","label":"895 8th Street East","base_label":"895 8th Street East","official_street_name":"8th","official_street_type":"ST","official_street_direction":"E","nar_coordinate_source":"nar_building","normalized_address":"895|8TH ST E|","normalized_base_address":"895|8TH ST E|","building_use_code":"3","building_use":"non_residential","address_category":"non_residential","mailing_street_name":"8TH","mailing_street_type":"ST","mailing_street_direction":"E","mailing_municipality":"OWEN SOUND","mailing_province":"ON","postal_code":"N4K1M2","association_status":"statcan_authoritative_address_location","address_source_status":"authoritative","association_candidates":[],"location_id":"9c0e2a84-52a1-43d6-b9d7-b831c14e3c2d","structure_id":"structure_65cf3c14f2c93d265580","nar_placement_status":"nearest","nar_placement_distance_m":36.341812013702594,"nar_placement_rejection_reason":null},"geometry":{"type":"Point","coordinates":[-80.927673,44.565556]}},{"type":"Feature","id":"address_13c9db366dc2a63e4d22","properties":{"address_id":"address_13c9db366dc2a63e4d22","source_address_guid":"d64b5743-7abb-4d80-9bca-986114316eaa","source_location_guid":"f1fdcd6a-115d-4fc0-96cf-da766bf71dab","external_source":"statistics_canada_national_address_register","external_id":"d64b5743-7abb-4d80-9bca-986114316eaa","source_retrieval_date":"2026-08-28","civic_number":"898","civic_number_base":"898","civic_number_suffix":"","street":"2nd Avenue West","unit":"","label":"898 2nd Avenue West","base_label":"898 2nd Avenue West","official_street_name":"2nd","official_street_type":"AVE","official_street_direction":"W","nar_coordinate_source":"nar_building","normalized_address":"898|2ND AVE W|","normalized_base_address":"898|2ND AVE W|","building_use_code":"3","building_use":"non_residential","address_category":"non_residential","mailing_street_name":"2ND","mailing_street_type":"AVE","mailing_street_direction":"W","mailing_municipality":"OWEN SOUND","mailing_province":"ON","postal_code":"N4K4M5","association_status":"statcan_authoritative_address_location","address_source_status":"authoritative","association_candidates":[],"location_id":"f1fdcd6a-115d-4fc0-96cf-da766bf71dab","structure_id":"structure_8b0bd4c2aa8872f3d347","nar_placement_status":"nearest","nar_placement_distance_m":20.477095865792705,"nar_placement_rejection_reason":null},"geometry":{"type":"Point","coordinates":[-80.945785,44.56527]}},{"type":"Feature","id":"address_072e96d9ea1c60549b24","properties":{"address_id":"address_072e96d9ea1c60549b24","source_address_guid":"1dd9035c-e4b0-4e5c-96ed-171f56453cfc","source_location_guid":"30b39c06-73ff-4d07-85a9-0d0516be2da7","external_source":"statistics_canada_national_address_register","external_id":"1dd9035c-e4b0-4e5c-96ed-171f56453cfc","source_retrieval_date":"2026-08-28","civic_number":"899","civic_number_base":"899","civic_number_suffix":"","street":"2nd Avenue East","unit":"","label":"899 2nd Avenue East","base_label":"899 2nd Avenue East","official_street_name":"2nd","official_street_type":"AVE","official_street_direction":"E","nar_coordinate_source":"nar_block_face_fallback","normalized_address":"899|2ND AVE E|","normalized_base_address":"899|2ND AVE E|","building_use_code":"3","building_use":"non_residential","address_category":"non_residential","mailing_street_name":"2ND","mailing_street_type":"AVE","mailing_street_direction":"E","mailing_municipality":"OWEN SOUND","mailing_province":"ON","postal_code":"N4K2H2","association_status":"statcan_authoritative_address_location","address_source_status":"authoritative","association_candidates":[],"location_id":"30b39c06-73ff-4d07-85a9-0d0516be2da7","structure_id":"structure_d7751f017084a39ffa44","nar_placement_status":"nearest","nar_placement_distance_m":28.79199920287121,"nar_placement_rejection_reason":null},"geometry":{"type":"Point","coordinates":[-80.942542,44.564822]}},{"type":"Feature","id":"address_29e83cacf9c86b999a87","properties":{"address_id":"address_29e83cacf9c86b999a87","source_address_guid":"a3fefaf3-ccc1-4749-97f9-e310c3e92fcc","source_location_guid":"fa5456e5-fe7b-4afd-8514-41a650f5b552","external_source":"statistics_canada_national_address_register","external_id":"a3fefaf3-ccc1-4749-97f9-e310c3e92fcc","source_retrieval_date":"2026-08-28","civic_number":"900","civic_number_base":"900","civic_number_suffix":"","street":"10th Street West","unit":"","label":"900 10th Street West","base_label":"900 10th Street West","official_street_name":"10th","official_street_type":"ST","official_street_direction":"W","nar_coordinate_source":"nar_building","normalized_address":"900|10TH ST W|","normalized_base_address":"900|10TH ST W|","building_use_code":"3","building_use":"non_residential","address_category":"non_residential","mailing_street_name":"10TH","mailing_street_type":"ST","mailing_street_direction":"W","mailing_municipality":"OWEN SOUND","mailing_province":"ON","postal_code":"N4K6V6","association_status":"statcan_authoritative_address_location","address_source_status":"authoritative","association_candidates":[],"location_id":"fa5456e5-fe7b-4afd-8514-41a650f5b552","structure_id":"structure_27c75ce9df25c947805e","nar_placement_status":"nearest","nar_placement_distance_m":15.441664116677103,"nar_placement_rejection_reason":null},"geometry":{"type":"Point","coordinates":[-80.962036,44.56593]}},{"type":"Feature","id":"address_ecb0987a5310d3e5be21","properties":{"address_id":"address_ecb0987a5310d3e5be21","source_address_guid":"a67ac856-cc9b-4a30-94e2-b9e44d02f1d1","source_location_guid":"3d217ef1-778a-428f-a993-441b64800cfe","external_source":"statistics_canada_national_address_register","external_id":"a67ac856-cc9b-4a30-94e2-b9e44d02f1d1","source_retrieval_date":"2026-08-28","civic_number":"900","civic_number_base":"900","civic_number_suffix":"","street":"2nd Avenue East","unit":"","label":"900 2nd Avenue East","base_label":"900 2nd Avenue East","official_street_name":"2nd","official_street_type":"AVE","official_street_direction":"E","nar_coordinate_source":"nar_building","normalized_address":"900|2ND AVE E|","normalized_base_address":"900|2ND AVE E|","building_use_code":"3","building_use":"non_residential","address_category":"non_residential","mailing_street_name":"2ND","mailing_street_type":"AVE","mailing_street_direction":"E","mailing_municipality":"OWEN SOUND","mailing_province":"ON","postal_code":"N4K2H3","association_status":"statcan_authoritative_address_location","address_source_status":"authoritative","association_candidates":[],"location_id":"3d217ef1-778a-428f-a993-441b64800cfe","structure_id":"structure_e217012291e54d7fbd07","nar_placement_status":"nearest","nar_placement_distance_m":32.45128219021358,"nar_placement_rejection_reason":null},"geometry":{"type":"Point","coordinates":[-80.942981,44.565812]}},{"type":"Feature","id":"address_e90e37d6f816eda39ee2","properties":{"address_id":"address_e90e37d6f816eda39ee2","source_address_guid":"caea436a-b644-4127-b019-e7ee43ce3b0e","source_location_guid":"f79e28d3-ff7e-4a61-b241-c8e83a0caba1","external_source":"statistics_canada_national_address_register","external_id":"caea436a-b644-4127-b019-e7ee43ce3b0e","source_retrieval_date":"2026-08-28","civic_number":"901","civic_number_base":"901","civic_number_suffix":"","street":"10th Street West","unit":"","label":"901 10th Street West","base_label":"901 10th Street West","official_street_name":"10th","official_street_type":"ST","official_street_direction":"W","nar_coordinate_source":"nar_building","normalized_address":"901|10TH ST W|","normalized_base_address":"901|10TH ST W|","building_use_code":"3","building_use":"non_residential","address_category":"non_residential","mailing_street_name":"10TH","mailing_street_type":"ST","mailing_street_direction":"W","mailing_municipality":"OWEN SOUND","mailing_province":"ON","postal_code":"N4K5S2","association_status":"unresolved","address_source_status":"authoritative","association_candidates":[],"location_id":"f79e28d3-ff7e-4a61-b241-c8e83a0caba1","structure_id":null,"nar_placement_status":"ambiguous","nar_placement_distance_m":16.88272461021497,"nar_placement_rejection_reason":"distinct LOC_GUIDs share one footprint without sufficient multi-entrance or apartment evidence"},"geometry":{"type":"Point","coordinates":[-80.96206,44.565927]}},{"type":"Feature","id":"address_8aaa60d5310815f83357","properties":{"address_id":"address_8aaa60d5310815f83357","source_address_guid":"f7a53b67-b8e5-4cb9-a880-36303769e150","source_location_guid":"6faf39fe-8493-4799-89ba-bf7d2efd2033","external_source":"statistics_canada_national_address_register","external_id":"f7a53b67-b8e5-4cb9-a880-36303769e150","source_retrieval_date":"2026-08-28","civic_number":"901","civic_number_base":"901","civic_number_suffix":"","street":"2nd Avenue East","unit":"","label":"901 2nd Avenue East","base_label":"901 2nd Avenue East","official_street_name":"2nd","official_street_type":"AVE","official_street_direction":"E","nar_coordinate_source":"nar_block_face_fallback","normalized_address":"901|2ND AVE E|","normalized_base_address":"901|2ND AVE E|","building_use_code":"3","building_use":"non_residential","address_category":"non_residential","mailing_street_name":"2ND","mailing_street_type":"AVE","mailing_street_direction":"E","mailing_municipality":"OWEN SOUND","mailing_province":"ON","postal_code":"N4K2H5","association_status":"unresolved","address_source_status":"authoritative","association_candidates":[],"location_id":"6faf39fe-8493-4799-89ba-bf7d2efd2033","structure_id":null,"nar_placement_status":"ambiguous","nar_placement_distance_m":14.748354724132996,"nar_placement_rejection_reason":"distinct LOC_GUIDs share one footprint without sufficient multi-entrance or apartment evidence"},"geometry":{"type":"Point","coordinates":[-80.942969,44.566708]}},{"type":"Feature","id":"address_021b47f7afa7b914951f","properties":{"address_id":"address_021b47f7afa7b914951f","source_address_guid":"112a591b-471c-42bd-8c3f-8471cd11aa7c","source_location_guid":"852ca4c4-0c97-4dac-afd3-62e62936030b","external_source":"statistics_canada_national_address_register","external_id":"112a591b-471c-42bd-8c3f-8471cd11aa7c","source_retrieval_date":"2026-08-28","civic_number":"901","civic_number_base":"901","civic_number_suffix":"","street":"3rd Avenue East","unit":"206","label":"901 3rd Avenue East Unit 206","base_label":"901 3rd Avenue East","official_street_name":"3rd","official_street_type":"AVE","official_street_direction":"E","nar_coordinate_source":"nar_building","normalized_address":"901|3RD AVE E|206","normalized_base_address":"901|3RD AVE E|","building_use_code":"3","building_use":"non_residential","address_category":"non_residential","mailing_street_name":"3RD","mailing_street_type":"AVE","mailing_street_direction":"E","mailing_municipality":"OWEN SOUND","mailing_province":"ON","postal_code":"N4K2K7","association_status":"unresolved","address_source_status":"authoritative","association_candidates":[],"location_id":"852ca4c4-0c97-4dac-afd3-62e62936030b","structure_id":null,"nar_placement_status":"unmatched","nar_placement_distance_m":null,"nar_placement_rejection_reason":"no credible footprint within the conservative match threshold"},"geometry":{"type":"Point","coordinates":[-80.940882,44.566268]}},{"type":"Feature","id":"address_d8aabb0c34b13d33e5e7","properties":{"address_id":"address_d8aabb0c34b13d33e5e7","source_address_guid":"929a52c3-1480-4b1a-b82d-6e7eea6ea94a","source_location_guid":"37a4ee55-54fd-4376-a4a1-58b748a1e4ef","external_source":"statistics_canada_national_address_register","external_id":"929a52c3-1480-4b1a-b82d-6e7eea6ea94a","source_retrieval_date":"2026-08-28","civic_number":"912","civic_number_base":"912","civic_number_suffix":"","street":"2nd Avenue West","unit":"","label":"912 2nd Avenue West","base_label":"912 2nd Avenue West","official_street_name":"2nd","official_street_type":"AVE","official_street_direction":"W","nar_coordinate_source":"nar_block_face_fallback","normalized_address":"912|2ND AVE W|","normalized_base_address":"912|2ND AVE W|","building_use_code":"3","building_use":"non_residential","address_category":"non_residential","mailing_street_name":"2ND","mailing_street_type":"AVE","mailing_street_direction":"W","mailing_municipality":"OWEN SOUND","mailing_province":"ON","postal_code":"N4K4M7","association_status":"statcan_authoritative_address_location","address_source_status":"authoritative","association_candidates":[],"location_id":"37a4ee55-54fd-4376-a4a1-58b748a1e4ef","structure_id":"structure_f1fb519c985d85b8b49a","nar_placement_status":"nearest","nar_placement_distance_m":3.3686087148373516,"nar_placement_rejection_reason":null},"geometry":{"type":"Point","coordinates":[-80.946059,44.566339]}},{"type":"Feature","id":"address_f37ddf98f8a445d6fcb4","properties":{"address_id":"address_f37ddf98f8a445d6fcb4","source_address_guid":"3d953814-6785-49a4-bcaa-df603b69e6f7","source_location_guid":"b1f7d0c2-f6b9-4b35-80ce-261421f27654","external_source":"statistics_canada_national_address_register","external_id":"3d953814-6785-49a4-bcaa-df603b69e6f7","source_retrieval_date":"2026-08-28","civic_number":"912","civic_number_base":"912","civic_number_suffix":"","street":"9th Street East","unit":"","label":"912 9th Street East","base_label":"912 9th Street East","official_street_name":"9th","official_street_type":"ST","official_street_direction":"E","nar_coordinate_source":"nar_building","normalized_address":"912|9TH ST E|","normalized_base_address":"912|9TH ST E|","building_use_code":"3","building_use":"non_residential","address_category":"non_residential","mailing_street_name":"9TH","mailing_street_type":"ST","mailing_street_direction":"E","mailing_municipality":"OWEN SOUND","mailing_province":"ON","postal_code":"N4K1R5","association_status":"statcan_authoritative_address_location","address_source_status":"authoritative","association_candidates":[],"location_id":"b1f7d0c2-f6b9-4b35-80ce-261421f27654","structure_id":"structure_8985cf46354d48c32da9","nar_placement_status":"nearest","nar_placement_distance_m":34.44523758294357,"nar_placement_rejection_reason":null},"geometry":{"type":"Point","coordinates":[-80.927735,44.567701]}},{"type":"Feature","id":"address_bc0a4e490fd34d10689a","properties":{"address_id":"address_bc0a4e490fd34d10689a","source_address_guid":"06e4cdce-6f0d-49d6-a474-b1179d0c1599","source_location_guid":"b15977f0-1970-4924-ae7f-bdc3ff54a801","external_source":"statistics_canada_national_address_register","external_id":"06e4cdce-6f0d-49d6-a474-b1179d0c1599","source_retrieval_date":"2026-08-28","civic_number":"920","civic_number_base":"920","civic_number_suffix":"","street":"4th Avenue East","unit":"","label":"920 4th Avenue East","base_label":"920 4th Avenue East","official_street_name":"4th","official_street_type":"AVE","official_street_direction":"E","nar_coordinate_source":"nar_building","normalized_address":"920|4TH AVE E|","normalized_base_address":"920|4TH AVE E|","building_use_code":"3","building_use":"non_residential","address_category":"non_residential","mailing_street_name":"4TH","mailing_street_type":"AVE","mailing_street_direction":"E","mailing_municipality":"OWEN SOUND","mailing_province":"ON","postal_code":"N4K2P1","association_status":"unresolved","address_source_status":"authoritative","association_candidates":[],"location_id":"b15977f0-1970-4924-ae7f-bdc3ff54a801","structure_id":null,"nar_placement_status":"unmatched","nar_placement_distance_m":null,"nar_placement_rejection_reason":"no credible footprint within the conservative match threshold"},"geometry":{"type":"Point","coordinates":[-80.939361,44.566458]}},{"type":"Feature","id":"address_4e24a58282a345adbffe","properties":{"address_id":"address_4e24a58282a345adbffe","source_address_guid":"f5a0b201-da6b-44af-ba9b-2d75b19d22ca","source_location_guid":"038c7dda-00aa-4e24-96ab-4456bcf98dbf","external_source":"statistics_canada_national_address_register","external_id":"f5a0b201-da6b-44af-ba9b-2d75b19d22ca","source_retrieval_date":"2026-08-28","civic_number":"921","civic_number_base":"921","civic_number_suffix":"","street":"2nd Avenue East","unit":"","label":"921 2nd Avenue East","base_label":"921 2nd Avenue East","official_street_name":"2nd","official_street_type":"AVE","official_street_direction":"E","nar_coordinate_source":"nar_building","normalized_address":"921|2ND AVE E|","normalized_base_address":"921|2ND AVE E|","building_use_code":"3","building_use":"non_residential","address_category":"non_residential","mailing_street_name":"2ND","mailing_street_type":"AVE","mailing_street_direction":"E","mailing_municipality":"OWEN SOUND","mailing_province":"ON","postal_code":"N4K2H5","association_status":"statcan_authoritative_address_location","address_source_status":"authoritative","association_candidates":[],"location_id":"038c7dda-00aa-4e24-96ab-4456bcf98dbf","structure_id":"structure_fe437971cb0c9890b910","nar_placement_status":"nearest","nar_placement_distance_m":11.24671586749521,"nar_placement_rejection_reason":null},"geometry":{"type":"Point","coordinates":[-80.942795,44.566313]}},{"type":"Feature","id":"address_439d124c2466b6487ae4","properties":{"address_id":"address_439d124c2466b6487ae4","source_address_guid":"fb4f0c0d-0a6b-4519-a3b2-19250e1327ce","source_location_guid":"a0e22865-c772-40d7-8fc4-8efb574c53aa","external_source":"statistics_canada_national_address_register","external_id":"fb4f0c0d-0a6b-4519-a3b2-19250e1327ce","source_retrieval_date":"2026-08-28","civic_number":"922","civic_number_base":"922","civic_number_suffix":"","street":"2nd Avenue West","unit":"","label":"922 2nd Avenue West","base_label":"922 2nd Avenue West","official_street_name":"2nd","official_street_type":"AVE","official_street_direction":"W","nar_coordinate_source":"nar_building","normalized_address":"922|2ND AVE W|","normalized_base_address":"922|2ND AVE W|","building_use_code":"3","building_use":"non_residential","address_category":"non_residential","mailing_street_name":"2ND","mailing_street_type":"AVE","mailing_street_direction":"W","mailing_municipality":"OWEN SOUND","mailing_province":"ON","postal_code":"N4K4M7","association_status":"statcan_authoritative_address_location","address_source_status":"authoritative","association_candidates":[],"location_id":"a0e22865-c772-40d7-8fc4-8efb574c53aa","structure_id":"structure_9115480071e12e8625cd","nar_placement_status":"nearest","nar_placement_distance_m":1.8251026600138767,"nar_placement_rejection_reason":null},"geometry":{"type":"Point","coordinates":[-80.945939,44.56596]}},{"type":"Feature","id":"address_3480e8879439a89a393b","properties":{"address_id":"address_3480e8879439a89a393b","source_address_guid":"73d7e01d-92c3-4abf-a91e-57f107eb86d3","source_location_guid":"947454ce-1589-4b87-81c8-9b076b01df41","external_source":"statistics_canada_national_address_register","external_id":"73d7e01d-92c3-4abf-a91e-57f107eb86d3","source_retrieval_date":"2026-08-28","civic_number":"925","civic_number_base":"925","civic_number_suffix":"","street":"10th Street East","unit":"","label":"925 10th Street East","base_label":"925 10th Street East","official_street_name":"10th","official_street_type":"ST","official_street_direction":"E","nar_coordinate_source":"nar_building","normalized_address":"925|10TH ST E|","normalized_base_address":"925|10TH ST E|","building_use_code":"3","building_use":"non_residential","address_category":"non_residential","mailing_street_name":"10TH","mailing_street_type":"ST","mailing_street_direction":"E","mailing_municipality":"OWEN SOUND","mailing_province":"ON","postal_code":"N4K1T5","association_status":"statcan_authoritative_address_location","address_source_status":"authoritative","association_candidates":[],"location_id":"947454ce-1589-4b87-81c8-9b076b01df41","structure_id":"structure_85cc3eb88d955269a40a","nar_placement_status":"nearest","nar_placement_distance_m":30.303062605921276,"nar_placement_rejection_reason":null},"geometry":{"type":"Point","coordinates":[-80.928143,44.569394]}},{"type":"Feature","id":"address_67f1a464478d8b0ab014","properties":{"address_id":"address_67f1a464478d8b0ab014","source_address_guid":"738551ac-b826-4011-b29d-2f7166fe895d","source_location_guid":"23147c72-d20c-4ebd-bac8-0c626292e868","external_source":"statistics_canada_national_address_register","external_id":"738551ac-b826-4011-b29d-2f7166fe895d","source_retrieval_date":"2026-08-28","civic_number":"925","civic_number_base":"925","civic_number_suffix":"","street":"2nd Avenue East","unit":"","label":"925 2nd Avenue East","base_label":"925 2nd Avenue East","official_street_name":"2nd","official_street_type":"AVE","official_street_direction":"E","nar_coordinate_source":"nar_building","normalized_address":"925|2ND AVE E|","normalized_base_address":"925|2ND AVE E|","building_use_code":"3","building_use":"non_residential","address_category":"non_residential","mailing_street_name":"2ND","mailing_street_type":"AVE","mailing_street_direction":"E","mailing_municipality":"OWEN SOUND","mailing_province":"ON","postal_code":"N4K2H5","association_status":"statcan_authoritative_address_location","address_source_status":"authoritative","association_candidates":[],"location_id":"23147c72-d20c-4ebd-bac8-0c626292e868","structure_id":"structure_99e6922182b3eee57872","nar_placement_status":"nearest","nar_placement_distance_m":13.746057434910487,"nar_placement_rejection_reason":null},"geometry":{"type":"Point","coordinates":[-80.943039,44.566333]}},{"type":"Feature","id":"address_0857ffb483998e1b01bf","properties":{"address_id":"address_0857ffb483998e1b01bf","source_address_guid":"13e73eff-bbdb-4356-a0ea-f67c8ab663b5","source_location_guid":"73319f82-2aae-45b6-9e98-f2e315e9ddd5","external_source":"statistics_canada_national_address_register","external_id":"13e73eff-bbdb-4356-a0ea-f67c8ab663b5","source_retrieval_date":"2026-08-28","civic_number":"925","civic_number_base":"925","civic_number_suffix":"","street":"9th Avenue West","unit":"","label":"925 9th Avenue West","base_label":"925 9th Avenue West","official_street_name":"9th","official_street_type":"AVE","official_street_direction":"W","nar_coordinate_source":"nar_building","normalized_address":"925|9TH AVE W|","normalized_base_address":"925|9TH AVE W|","building_use_code":"3","building_use":"non_residential","address_category":"non_residential","mailing_street_name":"9TH","mailing_street_type":"AVE","mailing_street_direction":"W","mailing_municipality":"OWEN SOUND","mailing_province":"ON","postal_code":"N4K4N8","association_status":"statcan_authoritative_address_location","address_source_status":"authoritative","association_candidates":[],"location_id":"73319f82-2aae-45b6-9e98-f2e315e9ddd5","structure_id":"structure_75a5462eb6e15c4d8ad5","nar_placement_status":"nearest","nar_placement_distance_m":22.520108709449715,"nar_placement_rejection_reason":null},"geometry":{"type":"Point","coordinates":[-80.961532,44.563942]}},{"type":"Feature","id":"address_f8d12c7029964ded4f6d","properties":{"address_id":"address_f8d12c7029964ded4f6d","source_address_guid":"f105dea1-0523-4ea3-9378-28525950e615","source_location_guid":"62ebd686-1ee3-4d98-9574-b9519604c998","external_source":"statistics_canada_national_address_register","external_id":"f105dea1-0523-4ea3-9378-28525950e615","source_retrieval_date":"2026-08-28","civic_number":"930","civic_number_base":"930","civic_number_suffix":"","street":"1st Avenue West","unit":"","label":"930 1st Avenue West","base_label":"930 1st Avenue West","official_street_name":"1st","official_street_type":"AVE","official_street_direction":"W","nar_coordinate_source":"nar_building","normalized_address":"930|1ST AVE W|","normalized_base_address":"930|1ST AVE W|","building_use_code":"3","building_use":"non_residential","address_category":"non_residential","mailing_street_name":"1ST","mailing_street_type":"AVE","mailing_street_direction":"W","mailing_municipality":"OWEN SOUND","mailing_province":"ON","postal_code":"N4K4K5","association_status":"unresolved","address_source_status":"authoritative","association_candidates":[],"location_id":"62ebd686-1ee3-4d98-9574-b9519604c998","structure_id":null,"nar_placement_status":"ambiguous","nar_placement_distance_m":21.84207577723388,"nar_placement_rejection_reason":"distinct LOC_GUIDs share one footprint without sufficient multi-entrance or apartment evidence"},"geometry":{"type":"Point","coordinates":[-80.944812,44.565985]}},{"type":"Feature","id":"address_dc36034e39589c7bb77a","properties":{"address_id":"address_dc36034e39589c7bb77a","source_address_guid":"4bfbe705-cde8-410f-9c3f-5e419c03da62","source_location_guid":"5681da0f-89bb-4f34-8b07-bc6df84de19c","external_source":"statistics_canada_national_address_register","external_id":"4bfbe705-cde8-410f-9c3f-5e419c03da62","source_retrieval_date":"2026-08-28","civic_number":"930","civic_number_base":"930","civic_number_suffix":"","street":"2nd Avenue East","unit":"","label":"930 2nd Avenue East","base_label":"930 2nd Avenue East","official_street_name":"2nd","official_street_type":"AVE","official_street_direction":"E","nar_coordinate_source":"nar_building","normalized_address":"930|2ND AVE E|","normalized_base_address":"930|2ND AVE E|","building_use_code":"3","building_use":"non_residential","address_category":"non_residential","mailing_street_name":"2ND","mailing_street_type":"AVE","mailing_street_direction":"E","mailing_municipality":"OWEN SOUND","mailing_province":"ON","postal_code":"N4K2H6","association_status":"unresolved","address_source_status":"authoritative","association_candidates":[],"location_id":"5681da0f-89bb-4f34-8b07-bc6df84de19c","structure_id":null,"nar_placement_status":"unmatched","nar_placement_distance_m":null,"nar_placement_rejection_reason":"no credible footprint within the conservative match threshold"},"geometry":{"type":"Point","coordinates":[-80.943115,44.566401]}},{"type":"Feature","id":"address_8bd79f7b2dbf1a431213","properties":{"address_id":"address_8bd79f7b2dbf1a431213","source_address_guid":"1d48114a-3648-4762-8626-cf59593f2479","source_location_guid":"a6505d4e-a038-4bc9-bce7-2ef9495919a2","external_source":"statistics_canada_national_address_register","external_id":"1d48114a-3648-4762-8626-cf59593f2479","source_retrieval_date":"2026-08-28","civic_number":"932","civic_number_base":"932","civic_number_suffix":"","street":"2nd Avenue East","unit":"","label":"932 2nd Avenue East","base_label":"932 2nd Avenue East","official_street_name":"2nd","official_street_type":"AVE","official_street_direction":"E","nar_coordinate_source":"nar_building","normalized_address":"932|2ND AVE E|","normalized_base_address":"932|2ND AVE E|","building_use_code":"3","building_use":"non_residential","address_category":"non_residential","mailing_street_name":"2ND","mailing_street_type":"AVE","mailing_street_direction":"E","mailing_municipality":"OWEN SOUND","mailing_province":"ON","postal_code":"N4K2H6","association_status":"unresolved","address_source_status":"authoritative","association_candidates":[],"location_id":"a6505d4e-a038-4bc9-bce7-2ef9495919a2","structure_id":null,"nar_placement_status":"unmatched","nar_placement_distance_m":null,"nar_placement_rejection_reason":"no credible footprint within the conservative match threshold"},"geometry":{"type":"Point","coordinates":[-80.943122,44.566433]}},{"type":"Feature","id":"address_46ba6ef531c606bdd2a8","properties":{"address_id":"address_46ba6ef531c606bdd2a8","source_address_guid":"ef4c9ac1-52f4-4eee-aa87-e21079bcd8bf","source_location_guid":"e9c1cad4-bb1e-4a79-ab69-4b58a38ceb1f","external_source":"statistics_canada_national_address_register","external_id":"ef4c9ac1-52f4-4eee-aa87-e21079bcd8bf","source_retrieval_date":"2026-08-28","civic_number":"935","civic_number_base":"935","civic_number_suffix":"","street":"2nd Avenue West","unit":"","label":"935 2nd Avenue West","base_label":"935 2nd Avenue West","official_street_name":"2nd","official_street_type":"AVE","official_street_direction":"W","nar_coordinate_source":"nar_building","normalized_address":"935|2ND AVE W|","normalized_base_address":"935|2ND AVE W|","building_use_code":"3","building_use":"non_residential","address_category":"non_residential","mailing_street_name":"2ND","mailing_street_type":"AVE","mailing_street_direction":"W","mailing_municipality":"OWEN SOUND","mailing_province":"ON","postal_code":"N4K4M8","association_status":"statcan_authoritative_address_location","address_source_status":"authoritative","association_candidates":[],"location_id":"e9c1cad4-bb1e-4a79-ab69-4b58a38ceb1f","structure_id":"structure_c44a7b90f1021fc5acd5","nar_placement_status":"nearest","nar_placement_distance_m":3.9703241334681234,"nar_placement_rejection_reason":null},"geometry":{"type":"Point","coordinates":[-80.945734,44.566381]}},{"type":"Feature","id":"address_1fda99f1740f07618a68","properties":{"address_id":"address_1fda99f1740f07618a68","source_address_guid":"6df81b68-3bad-4dbc-8504-d930c0abb327","source_location_guid":"6a10e99d-d513-45cb-8265-88ceb4f3105d","external_source":"statistics_canada_national_address_register","external_id":"6df81b68-3bad-4dbc-8504-d930c0abb327","source_retrieval_date":"2026-08-28","civic_number":"938","civic_number_base":"938","civic_number_suffix":"","street":"2nd Avenue East","unit":"","label":"938 2nd Avenue East","base_label":"938 2nd Avenue East","official_street_name":"2nd","official_street_type":"AVE","official_street_direction":"E","nar_coordinate_source":"nar_block_face_fallback","normalized_address":"938|2ND AVE E|","normalized_base_address":"938|2ND AVE E|","building_use_code":"3","building_use":"non_residential","address_category":"non_residential","mailing_street_name":"2ND","mailing_street_type":"AVE","mailing_street_direction":"E","mailing_municipality":"OWEN SOUND","mailing_province":"ON","postal_code":"N4K2H6","association_status":"statcan_authoritative_address_location","address_source_status":"authoritative","association_candidates":[],"location_id":"6a10e99d-d513-45cb-8265-88ceb4f3105d","structure_id":"structure_3952f84bb495ea835a14","nar_placement_status":"exact","nar_placement_distance_m":0,"nar_placement_rejection_reason":null},"geometry":{"type":"Point","coordinates":[-80.943213,44.56668]}},{"type":"Feature","id":"address_021352babbe260c6e356","properties":{"address_id":"address_021352babbe260c6e356","source_address_guid":"5db81335-363a-49c3-9aff-9e7712e42f3b","source_location_guid":"1765fa29-ef2b-4a42-b694-446a9ef32f89","external_source":"statistics_canada_national_address_register","external_id":"5db81335-363a-49c3-9aff-9e7712e42f3b","source_retrieval_date":"2026-08-28","civic_number":"945","civic_number_base":"945","civic_number_suffix":"","street":"3rd Avenue East","unit":"12","label":"945 3rd Avenue East Unit 12","base_label":"945 3rd Avenue East","official_street_name":"3rd","official_street_type":"AVE","official_street_direction":"E","nar_coordinate_source":"nar_building","normalized_address":"945|3RD AVE E|12","normalized_base_address":"945|3RD AVE E|","building_use_code":"3","building_use":"non_residential","address_category":"non_residential","mailing_street_name":"3RD","mailing_street_type":"AVE","mailing_street_direction":"E","mailing_municipality":"OWEN SOUND","mailing_province":"ON","postal_code":"N4K2K8","association_status":"unresolved","address_source_status":"authoritative","association_candidates":[],"location_id":"1765fa29-ef2b-4a42-b694-446a9ef32f89","structure_id":null,"nar_placement_status":"unmatched","nar_placement_distance_m":null,"nar_placement_rejection_reason":"no credible footprint within the conservative match threshold"},"geometry":{"type":"Point","coordinates":[-80.941073,44.567138]}},{"type":"Feature","id":"address_ffe87053bba5a10a7fc7","properties":{"address_id":"address_ffe87053bba5a10a7fc7","source_address_guid":"52ba6d09-aa5d-41f2-95f2-06d17b5d96f1","source_location_guid":"1765fa29-ef2b-4a42-b694-446a9ef32f89","external_source":"statistics_canada_national_address_register","external_id":"52ba6d09-aa5d-41f2-95f2-06d17b5d96f1","source_retrieval_date":"2026-08-28","civic_number":"945","civic_number_base":"945","civic_number_suffix":"","street":"3rd Avenue East","unit":"23","label":"945 3rd Avenue East Unit 23","base_label":"945 3rd Avenue East","official_street_name":"3rd","official_street_type":"AVE","official_street_direction":"E","nar_coordinate_source":"nar_building","normalized_address":"945|3RD AVE E|23","normalized_base_address":"945|3RD AVE E|","building_use_code":"3","building_use":"non_residential","address_category":"non_residential","mailing_street_name":"3RD","mailing_street_type":"AVE","mailing_street_direction":"E","mailing_municipality":"OWEN SOUND","mailing_province":"ON","postal_code":"N4K2K8","association_status":"unresolved","address_source_status":"authoritative","association_candidates":[],"location_id":"1765fa29-ef2b-4a42-b694-446a9ef32f89","structure_id":null,"nar_placement_status":"unmatched","nar_placement_distance_m":null,"nar_placement_rejection_reason":"no credible footprint within the conservative match threshold"},"geometry":{"type":"Point","coordinates":[-80.941073,44.567138]}},{"type":"Feature","id":"address_3b4ac5395bb2585f23e3","properties":{"address_id":"address_3b4ac5395bb2585f23e3","source_address_guid":"d03e0729-4aa7-4f50-99a4-31f08c166b50","source_location_guid":"64c3547f-ae22-4944-aee3-bbb6b60acf4d","external_source":"statistics_canada_national_address_register","external_id":"d03e0729-4aa7-4f50-99a4-31f08c166b50","source_retrieval_date":"2026-08-28","civic_number":"948","civic_number_base":"948","civic_number_suffix":"","street":"3rd Avenue West","unit":"","label":"948 3rd Avenue West","base_label":"948 3rd Avenue West","official_street_name":"3rd","official_street_type":"AVE","official_street_direction":"W","nar_coordinate_source":"nar_building","normalized_address":"948|3RD AVE W|","normalized_base_address":"948|3RD AVE W|","building_use_code":"3","building_use":"non_residential","address_category":"non_residential","mailing_street_name":"3RD","mailing_street_type":"AVE","mailing_street_direction":"W","mailing_municipality":"OWEN SOUND","mailing_province":"ON","postal_code":"N4K4P6","association_status":"statcan_authoritative_address_location","address_source_status":"authoritative","association_candidates":[],"location_id":"64c3547f-ae22-4944-aee3-bbb6b60acf4d","structure_id":"structure_4ca3f7b887e62b7f334e","nar_placement_status":"nearest","nar_placement_distance_m":7.4145807548550335,"nar_placement_rejection_reason":null},"geometry":{"type":"Point","coordinates":[-80.947726,44.566243]}},{"type":"Feature","id":"address_a722cf6716acda03f22f","properties":{"address_id":"address_a722cf6716acda03f22f","source_address_guid":"052daee2-27f1-4821-855a-d00ec2fa22b7","source_location_guid":"d4cb3da8-539f-48bf-ac8e-51b813b8d6cf","external_source":"statistics_canada_national_address_register","external_id":"052daee2-27f1-4821-855a-d00ec2fa22b7","source_retrieval_date":"2026-08-28","civic_number":"950","civic_number_base":"950","civic_number_suffix":"","street":"6th Street East","unit":"","label":"950 6th Street East","base_label":"950 6th Street East","official_street_name":"6th","official_street_type":"ST","official_street_direction":"E","nar_coordinate_source":"nar_building","normalized_address":"950|6TH ST E|","normalized_base_address":"950|6TH ST E|","building_use_code":"3","building_use":"non_residential","address_category":"non_residential","mailing_street_name":"6TH","mailing_street_type":"ST","mailing_street_direction":"E","mailing_municipality":"OWEN SOUND","mailing_province":"ON","postal_code":"N4K1H1","association_status":"statcan_authoritative_address_location","address_source_status":"authoritative","association_candidates":[],"location_id":"d4cb3da8-539f-48bf-ac8e-51b813b8d6cf","structure_id":"structure_c6d0d06107291da91e6d","nar_placement_status":"nearest","nar_placement_distance_m":47.36913187973127,"nar_placement_rejection_reason":null},"geometry":{"type":"Point","coordinates":[-80.926487,44.562001]}},{"type":"Feature","id":"address_e989b1bde423d2e9103d","properties":{"address_id":"address_e989b1bde423d2e9103d","source_address_guid":"67e8a333-1099-4afe-80b2-1ad248ecf6e6","source_location_guid":"d4eed522-104f-4ba0-9030-c1ea8884857b","external_source":"statistics_canada_national_address_register","external_id":"67e8a333-1099-4afe-80b2-1ad248ecf6e6","source_retrieval_date":"2026-08-28","civic_number":"955","civic_number_base":"955","civic_number_suffix":"","street":"9th Avenue East","unit":"","label":"955 9th Avenue East","base_label":"955 9th Avenue East","official_street_name":"9th","official_street_type":"AVE","official_street_direction":"E","nar_coordinate_source":"nar_building","normalized_address":"955|9TH AVE E|","normalized_base_address":"955|9TH AVE E|","building_use_code":"3","building_use":"non_residential","address_category":"non_residential","mailing_street_name":"9TH","mailing_street_type":"AVE","mailing_street_direction":"E","mailing_municipality":"OWEN SOUND","mailing_province":"ON","postal_code":"N4K6N4","association_status":"unresolved","address_source_status":"authoritative","association_candidates":[],"location_id":"d4eed522-104f-4ba0-9030-c1ea8884857b","structure_id":null,"nar_placement_status":"unmatched","nar_placement_distance_m":null,"nar_placement_rejection_reason":"no credible footprint within the conservative match threshold"},"geometry":{"type":"Point","coordinates":[-80.927799,44.567784]}},{"type":"Feature","id":"address_15dcd05d97bf797b12a4","properties":{"address_id":"address_15dcd05d97bf797b12a4","source_address_guid":"88b78d21-9b7c-49e7-8da5-e6d4bfd97a2d","source_location_guid":"c512496d-4930-4007-9287-c2fd1afa97dc","external_source":"statistics_canada_national_address_register","external_id":"88b78d21-9b7c-49e7-8da5-e6d4bfd97a2d","source_retrieval_date":"2026-08-28","civic_number":"956","civic_number_base":"956","civic_number_suffix":"","street":"2nd Avenue East","unit":"","label":"956 2nd Avenue East","base_label":"956 2nd Avenue East","official_street_name":"2nd","official_street_type":"AVE","official_street_direction":"E","nar_coordinate_source":"nar_building","normalized_address":"956|2ND AVE E|","normalized_base_address":"956|2ND AVE E|","building_use_code":"3","building_use":"non_residential","address_category":"non_residential","mailing_street_name":"2ND","mailing_street_type":"AVE","mailing_street_direction":"E","mailing_municipality":"OWEN SOUND","mailing_province":"ON","postal_code":"N4K2H6","association_status":"unresolved","address_source_status":"authoritative","association_candidates":[],"location_id":"c512496d-4930-4007-9287-c2fd1afa97dc","structure_id":null,"nar_placement_status":"unmatched","nar_placement_distance_m":null,"nar_placement_rejection_reason":"no credible footprint within the conservative match threshold"},"geometry":{"type":"Point","coordinates":[-80.94322,44.566861]}},{"type":"Feature","id":"address_b4cf90dbdb90b33f7266","properties":{"address_id":"address_b4cf90dbdb90b33f7266","source_address_guid":"b6d5fac9-a29b-480b-97b7-43f2d0a4f6e7","source_location_guid":"032c24eb-2c22-41db-ba32-134b10a83fc0","external_source":"statistics_canada_national_address_register","external_id":"b6d5fac9-a29b-480b-97b7-43f2d0a4f6e7","source_retrieval_date":"2026-08-28","civic_number":"957","civic_number_base":"957","civic_number_suffix":"","street":"10th Street West","unit":"","label":"957 10th Street West","base_label":"957 10th Street West","official_street_name":"10th","official_street_type":"ST","official_street_direction":"W","nar_coordinate_source":"nar_building","normalized_address":"957|10TH ST W|","normalized_base_address":"957|10TH ST W|","building_use_code":"3","building_use":"non_residential","address_category":"non_residential","mailing_street_name":"10TH","mailing_street_type":"ST","mailing_street_direction":"W","mailing_municipality":"OWEN SOUND","mailing_province":"ON","postal_code":"N4K5S2","association_status":"unresolved","address_source_status":"authoritative","association_candidates":[],"location_id":"032c24eb-2c22-41db-ba32-134b10a83fc0","structure_id":null,"nar_placement_status":"ambiguous","nar_placement_distance_m":29.603010359876485,"nar_placement_rejection_reason":"distinct LOC_GUIDs share one footprint without sufficient multi-entrance or apartment evidence"},"geometry":{"type":"Point","coordinates":[-80.960999,44.566208]}},{"type":"Feature","id":"address_9edc94e0bf03adf5a819","properties":{"address_id":"address_9edc94e0bf03adf5a819","source_address_guid":"00393134-ae58-4d2e-ac77-5d296042c7dc","source_location_guid":"80d1c56d-5d46-467e-9167-378ed33dfa35","external_source":"statistics_canada_national_address_register","external_id":"00393134-ae58-4d2e-ac77-5d296042c7dc","source_retrieval_date":"2026-08-28","civic_number":"957","civic_number_base":"957","civic_number_suffix":"","street":"4th Avenue East","unit":"200","label":"957 4th Avenue East Unit 200","base_label":"957 4th Avenue East","official_street_name":"4th","official_street_type":"AVE","official_street_direction":"E","nar_coordinate_source":"nar_building","normalized_address":"957|4TH AVE E|200","normalized_base_address":"957|4TH AVE E|","building_use_code":"3","building_use":"non_residential","address_category":"non_residential","mailing_street_name":"4TH","mailing_street_type":"AVE","mailing_street_direction":"E","mailing_municipality":"OWEN SOUND","mailing_province":"ON","postal_code":"N4K2N9","association_status":"statcan_authoritative_address_location","address_source_status":"authoritative","association_candidates":[],"location_id":"80d1c56d-5d46-467e-9167-378ed33dfa35","structure_id":"structure_c95ee9bf755add59cab0","nar_placement_status":"nearest","nar_placement_distance_m":1.0599312178595817,"nar_placement_rejection_reason":null},"geometry":{"type":"Point","coordinates":[-80.93926,44.56739]}},{"type":"Feature","id":"address_f1db4ee2c9375191396a","properties":{"address_id":"address_f1db4ee2c9375191396a","source_address_guid":"bacbc89b-9f4b-4d68-8298-6ecf9ff2e3a4","source_location_guid":"a52e78c9-e434-4dbc-9719-09179a1aaf35","external_source":"statistics_canada_national_address_register","external_id":"bacbc89b-9f4b-4d68-8298-6ecf9ff2e3a4","source_retrieval_date":"2026-08-28","civic_number":"958","civic_number_base":"958","civic_number_suffix":"","street":"2nd Avenue East","unit":"","label":"958 2nd Avenue East","base_label":"958 2nd Avenue East","official_street_name":"2nd","official_street_type":"AVE","official_street_direction":"E","nar_coordinate_source":"nar_building","normalized_address":"958|2ND AVE E|","normalized_base_address":"958|2ND AVE E|","building_use_code":"3","building_use":"non_residential","address_category":"non_residential","mailing_street_name":"2ND","mailing_street_type":"AVE","mailing_street_direction":"E","mailing_municipality":"OWEN SOUND","mailing_province":"ON","postal_code":"N4K2H6","association_status":"unresolved","address_source_status":"authoritative","association_candidates":[],"location_id":"a52e78c9-e434-4dbc-9719-09179a1aaf35","structure_id":null,"nar_placement_status":"unmatched","nar_placement_distance_m":null,"nar_placement_rejection_reason":"no credible footprint within the conservative match threshold"},"geometry":{"type":"Point","coordinates":[-80.943228,44.566897]}},{"type":"Feature","id":"address_b955036fa218cb8daab8","properties":{"address_id":"address_b955036fa218cb8daab8","source_address_guid":"7e2d85a0-3415-4e28-a868-0de39218f22d","source_location_guid":"02eb7661-c703-4606-9abc-b5cf9b872af5","external_source":"statistics_canada_national_address_register","external_id":"7e2d85a0-3415-4e28-a868-0de39218f22d","source_retrieval_date":"2026-08-28","civic_number":"964","civic_number_base":"964","civic_number_suffix":"","street":"1st Avenue West","unit":"","label":"964 1st Avenue West","base_label":"964 1st Avenue West","official_street_name":"1st","official_street_type":"AVE","official_street_direction":"W","nar_coordinate_source":"nar_building","normalized_address":"964|1ST AVE W|","normalized_base_address":"964|1ST AVE W|","building_use_code":"3","building_use":"non_residential","address_category":"non_residential","mailing_street_name":"1ST","mailing_street_type":"AVE","mailing_street_direction":"W","mailing_municipality":"OWEN SOUND","mailing_province":"ON","postal_code":"N4K4K5","association_status":"statcan_authoritative_address_location","address_source_status":"authoritative","association_candidates":[],"location_id":"02eb7661-c703-4606-9abc-b5cf9b872af5","structure_id":"structure_6f8dbe422ded2072175c","nar_placement_status":"nearest","nar_placement_distance_m":4.0457688195291075,"nar_placement_rejection_reason":null},"geometry":{"type":"Point","coordinates":[-80.944761,44.566697]}},{"type":"Feature","id":"address_2023302abd7b0cb75b95","properties":{"address_id":"address_2023302abd7b0cb75b95","source_address_guid":"72c6a89c-4209-423f-a0f3-19afa99a29fe","source_location_guid":"8d922605-6678-477b-9050-38b2a61d0103","external_source":"statistics_canada_national_address_register","external_id":"72c6a89c-4209-423f-a0f3-19afa99a29fe","source_retrieval_date":"2026-08-28","civic_number":"965","civic_number_base":"965","civic_number_suffix":"","street":"2nd Avenue West","unit":"","label":"965 2nd Avenue West","base_label":"965 2nd Avenue West","official_street_name":"2nd","official_street_type":"AVE","official_street_direction":"W","nar_coordinate_source":"nar_building","normalized_address":"965|2ND AVE W|","normalized_base_address":"965|2ND AVE W|","building_use_code":"3","building_use":"non_residential","address_category":"non_residential","mailing_street_name":"2ND","mailing_street_type":"AVE","mailing_street_direction":"W","mailing_municipality":"OWEN SOUND","mailing_province":"ON","postal_code":"N4K4M8","association_status":"unresolved","address_source_status":"authoritative","association_candidates":[],"location_id":"8d922605-6678-477b-9050-38b2a61d0103","structure_id":null,"nar_placement_status":"ambiguous","nar_placement_distance_m":8.131053570581063,"nar_placement_rejection_reason":"distinct LOC_GUIDs share one footprint without sufficient multi-entrance or apartment evidence"},"geometry":{"type":"Point","coordinates":[-80.945891,44.567077]}},{"type":"Feature","id":"address_6b1481f9aa141a99b251","properties":{"address_id":"address_6b1481f9aa141a99b251","source_address_guid":"1b3f67c3-2ffb-4947-b481-3ff1142dab9a","source_location_guid":"48d209e6-4fc1-41b8-877d-fc00fac527d6","external_source":"statistics_canada_national_address_register","external_id":"1b3f67c3-2ffb-4947-b481-3ff1142dab9a","source_retrieval_date":"2026-08-28","civic_number":"967","civic_number_base":"967","civic_number_suffix":"","street":"2nd Avenue East","unit":"","label":"967 2nd Avenue East","base_label":"967 2nd Avenue East","official_street_name":"2nd","official_street_type":"AVE","official_street_direction":"E","nar_coordinate_source":"nar_building","normalized_address":"967|2ND AVE E|","normalized_base_address":"967|2ND AVE E|","building_use_code":"3","building_use":"non_residential","address_category":"non_residential","mailing_street_name":"2ND","mailing_street_type":"AVE","mailing_street_direction":"E","mailing_municipality":"OWEN SOUND","mailing_province":"ON","postal_code":"N4K2H5","association_status":"unresolved","address_source_status":"authoritative","association_candidates":[],"location_id":"48d209e6-4fc1-41b8-877d-fc00fac527d6","structure_id":null,"nar_placement_status":"ambiguous","nar_placement_distance_m":35.8345960466806,"nar_placement_rejection_reason":"distinct LOC_GUIDs share one footprint without sufficient multi-entrance or apartment evidence"},"geometry":{"type":"Point","coordinates":[-80.943167,44.56707]}},{"type":"Feature","id":"address_eee287b43b90c2ce2ce6","properties":{"address_id":"address_eee287b43b90c2ce2ce6","source_address_guid":"80f1022b-b884-499c-b813-94e9a0fef304","source_location_guid":"755a8e3c-9659-4cec-ad90-5afa94a89402","external_source":"statistics_canada_national_address_register","external_id":"80f1022b-b884-499c-b813-94e9a0fef304","source_retrieval_date":"2026-08-28","civic_number":"969","civic_number_base":"969","civic_number_suffix":"","street":"2nd Avenue East","unit":"","label":"969 2nd Avenue East","base_label":"969 2nd Avenue East","official_street_name":"2nd","official_street_type":"AVE","official_street_direction":"E","nar_coordinate_source":"nar_building","normalized_address":"969|2ND AVE E|","normalized_base_address":"969|2ND AVE E|","building_use_code":"3","building_use":"non_residential","address_category":"non_residential","mailing_street_name":"2ND","mailing_street_type":"AVE","mailing_street_direction":"E","mailing_municipality":"OWEN SOUND","mailing_province":"ON","postal_code":"N4K2H5","association_status":"unresolved","address_source_status":"authoritative","association_candidates":[],"location_id":"755a8e3c-9659-4cec-ad90-5afa94a89402","structure_id":null,"nar_placement_status":"unmatched","nar_placement_distance_m":null,"nar_placement_rejection_reason":"no credible footprint within the conservative match threshold"},"geometry":{"type":"Point","coordinates":[-80.942982,44.567136]}},{"type":"Feature","id":"address_2d4f104105366086103f","properties":{"address_id":"address_2d4f104105366086103f","source_address_guid":"6bb58c5f-a56e-47c6-9fc8-6d3e05176036","source_location_guid":"8e66507e-3dd1-4566-859d-689daee1c76e","external_source":"statistics_canada_national_address_register","external_id":"6bb58c5f-a56e-47c6-9fc8-6d3e05176036","source_retrieval_date":"2026-08-28","civic_number":"972","civic_number_base":"972","civic_number_suffix":"","street":"1st Avenue West","unit":"","label":"972 1st Avenue West","base_label":"972 1st Avenue West","official_street_name":"1st","official_street_type":"AVE","official_street_direction":"W","nar_coordinate_source":"nar_building","normalized_address":"972|1ST AVE W|","normalized_base_address":"972|1ST AVE W|","building_use_code":"3","building_use":"non_residential","address_category":"non_residential","mailing_street_name":"1ST","mailing_street_type":"AVE","mailing_street_direction":"W","mailing_municipality":"OWEN SOUND","mailing_province":"ON","postal_code":"N4K4K5","association_status":"statcan_authoritative_address_location","address_source_status":"authoritative","association_candidates":[],"location_id":"8e66507e-3dd1-4566-859d-689daee1c76e","structure_id":"structure_74d5d6344331c10e493a","nar_placement_status":"nearest","nar_placement_distance_m":5.236130343206495,"nar_placement_rejection_reason":null},"geometry":{"type":"Point","coordinates":[-80.944748,44.566876]}},{"type":"Feature","id":"address_927c9c5472e8f3797f0c","properties":{"address_id":"address_927c9c5472e8f3797f0c","source_address_guid":"971eb35f-b401-4dab-b9a0-6d4d57133d3f","source_location_guid":"e25a16e1-bfa8-476e-8e0b-09a750b8e4a6","external_source":"statistics_canada_national_address_register","external_id":"971eb35f-b401-4dab-b9a0-6d4d57133d3f","source_retrieval_date":"2026-08-28","civic_number":"973","civic_number_base":"973","civic_number_suffix":"","street":"2nd Avenue West","unit":"","label":"973 2nd Avenue West","base_label":"973 2nd Avenue West","official_street_name":"2nd","official_street_type":"AVE","official_street_direction":"W","nar_coordinate_source":"nar_building","normalized_address":"973|2ND AVE W|","normalized_base_address":"973|2ND AVE W|","building_use_code":"3","building_use":"non_residential","address_category":"non_residential","mailing_street_name":"2ND","mailing_street_type":"AVE","mailing_street_direction":"W","mailing_municipality":"OWEN SOUND","mailing_province":"ON","postal_code":"N4K4M8","association_status":"statcan_authoritative_address_location","address_source_status":"authoritative","association_candidates":[],"location_id":"e25a16e1-bfa8-476e-8e0b-09a750b8e4a6","structure_id":"structure_e9edf9556458c4914036","nar_placement_status":"nearest","nar_placement_distance_m":6.395020842121151,"nar_placement_rejection_reason":null},"geometry":{"type":"Point","coordinates":[-80.945922,44.567217]}},{"type":"Feature","id":"address_7820442666de8013e97e","properties":{"address_id":"address_7820442666de8013e97e","source_address_guid":"8fff4f60-292a-4610-91e1-541f5ca737be","source_location_guid":"2c5b1f59-8a9c-4d44-94c6-2168d6ffe262","external_source":"statistics_canada_national_address_register","external_id":"8fff4f60-292a-4610-91e1-541f5ca737be","source_retrieval_date":"2026-08-28","civic_number":"977","civic_number_base":"977","civic_number_suffix":"","street":"2nd Avenue East","unit":"","label":"977 2nd Avenue East","base_label":"977 2nd Avenue East","official_street_name":"2nd","official_street_type":"AVE","official_street_direction":"E","nar_coordinate_source":"nar_building","normalized_address":"977|2ND AVE E|","normalized_base_address":"977|2ND AVE E|","building_use_code":"3","building_use":"non_residential","address_category":"non_residential","mailing_street_name":"2ND","mailing_street_type":"AVE","mailing_street_direction":"E","mailing_municipality":"OWEN SOUND","mailing_province":"ON","postal_code":"N4K2H5","association_status":"unresolved","address_source_status":"authoritative","association_candidates":[],"location_id":"2c5b1f59-8a9c-4d44-94c6-2168d6ffe262","structure_id":null,"nar_placement_status":"ambiguous","nar_placement_distance_m":33.43681713829228,"nar_placement_rejection_reason":"distinct LOC_GUIDs share one footprint without sufficient multi-entrance or apartment evidence"},"geometry":{"type":"Point","coordinates":[-80.943126,44.567241]}},{"type":"Feature","id":"address_c3015e2f1540804988c2","properties":{"address_id":"address_c3015e2f1540804988c2","source_address_guid":"f5885645-563c-45ac-9d61-0595abf70212","source_location_guid":"4341c0fa-34d4-4b7a-b82d-4015464cf968","external_source":"statistics_canada_national_address_register","external_id":"f5885645-563c-45ac-9d61-0595abf70212","source_retrieval_date":"2026-08-28","civic_number":"980","civic_number_base":"980","civic_number_suffix":"","street":"4th Avenue East","unit":"","label":"980 4th Avenue East","base_label":"980 4th Avenue East","official_street_name":"4th","official_street_type":"AVE","official_street_direction":"E","nar_coordinate_source":"nar_block_face_fallback","normalized_address":"980|4TH AVE E|","normalized_base_address":"980|4TH AVE E|","building_use_code":"3","building_use":"non_residential","address_category":"non_residential","mailing_street_name":"4TH","mailing_street_type":"AVE","mailing_street_direction":"E","mailing_municipality":"OWEN SOUND","mailing_province":"ON","postal_code":"N4K2P1","association_status":"statcan_authoritative_address_location","address_source_status":"authoritative","association_candidates":[],"location_id":"4341c0fa-34d4-4b7a-b82d-4015464cf968","structure_id":"structure_2a17916671acf6422e13","nar_placement_status":"nearest","nar_placement_distance_m":22.05127235714701,"nar_placement_rejection_reason":null},"geometry":{"type":"Point","coordinates":[-80.939547,44.567119]}},{"type":"Feature","id":"address_c959df09c5d0dd93efdc","properties":{"address_id":"address_c959df09c5d0dd93efdc","source_address_guid":"13eb33c7-cb2a-4e09-977c-ea0105cb0ff7","source_location_guid":"2ed6433b-43bf-4485-bcba-4262a256f3fb","external_source":"statistics_canada_national_address_register","external_id":"13eb33c7-cb2a-4e09-977c-ea0105cb0ff7","source_retrieval_date":"2026-08-28","civic_number":"981","civic_number_base":"981","civic_number_suffix":"","street":"2nd Avenue East","unit":"","label":"981 2nd Avenue East","base_label":"981 2nd Avenue East","official_street_name":"2nd","official_street_type":"AVE","official_street_direction":"E","nar_coordinate_source":"nar_building","normalized_address":"981|2ND AVE E|","normalized_base_address":"981|2ND AVE E|","building_use_code":"3","building_use":"non_residential","address_category":"non_residential","mailing_street_name":"2ND","mailing_street_type":"AVE","mailing_street_direction":"E","mailing_municipality":"OWEN SOUND","mailing_province":"ON","postal_code":"N4K2H5","association_status":"unresolved","address_source_status":"authoritative","association_candidates":[],"location_id":"2ed6433b-43bf-4485-bcba-4262a256f3fb","structure_id":null,"nar_placement_status":"unmatched","nar_placement_distance_m":null,"nar_placement_rejection_reason":"no credible footprint within the conservative match threshold"},"geometry":{"type":"Point","coordinates":[-80.943023,44.567319]}},{"type":"Feature","id":"address_c8e1ef11013efc12481e","properties":{"address_id":"address_c8e1ef11013efc12481e","source_address_guid":"327505c0-42cd-4ba4-a16e-23025e43cc8b","source_location_guid":"b73de818-dd4f-481b-baf1-fa0c2294c3cb","external_source":"statistics_canada_national_address_register","external_id":"327505c0-42cd-4ba4-a16e-23025e43cc8b","source_retrieval_date":"2026-08-28","civic_number":"982","civic_number_base":"982","civic_number_suffix":"","street":"1st Avenue West","unit":"","label":"982 1st Avenue West","base_label":"982 1st Avenue West","official_street_name":"1st","official_street_type":"AVE","official_street_direction":"W","nar_coordinate_source":"nar_building","normalized_address":"982|1ST AVE W|","normalized_base_address":"982|1ST AVE W|","building_use_code":"3","building_use":"non_residential","address_category":"non_residential","mailing_street_name":"1ST","mailing_street_type":"AVE","mailing_street_direction":"W","mailing_municipality":"OWEN SOUND","mailing_province":"ON","postal_code":"N4K4K5","association_status":"statcan_authoritative_address_location","address_source_status":"authoritative","association_candidates":[],"location_id":"b73de818-dd4f-481b-baf1-fa0c2294c3cb","structure_id":"structure_59a0e79683b70479bfb5","nar_placement_status":"nearest","nar_placement_distance_m":0.4437301444624161,"nar_placement_rejection_reason":null},"geometry":{"type":"Point","coordinates":[-80.944734,44.567077]}},{"type":"Feature","id":"address_223d96abcfb32c683e73","properties":{"address_id":"address_223d96abcfb32c683e73","source_address_guid":"63821a9a-fe65-497c-bf7d-6b4c6349d001","source_location_guid":"e5f43872-b5c2-4ff6-ac72-a664b9561ed6","external_source":"statistics_canada_national_address_register","external_id":"63821a9a-fe65-497c-bf7d-6b4c6349d001","source_retrieval_date":"2026-08-28","civic_number":"983","civic_number_base":"983","civic_number_suffix":"","street":"2nd Avenue East","unit":"","label":"983 2nd Avenue East","base_label":"983 2nd Avenue East","official_street_name":"2nd","official_street_type":"AVE","official_street_direction":"E","nar_coordinate_source":"nar_block_face_fallback","normalized_address":"983|2ND AVE E|","normalized_base_address":"983|2ND AVE E|","building_use_code":"3","building_use":"non_residential","address_category":"non_residential","mailing_street_name":"2ND","mailing_street_type":"AVE","mailing_street_direction":"E","mailing_municipality":"OWEN SOUND","mailing_province":"ON","postal_code":"N4K2H5","association_status":"unresolved","address_source_status":"authoritative","association_candidates":[],"location_id":"e5f43872-b5c2-4ff6-ac72-a664b9561ed6","structure_id":null,"nar_placement_status":"ambiguous","nar_placement_distance_m":14.748354724132996,"nar_placement_rejection_reason":"distinct LOC_GUIDs share one footprint without sufficient multi-entrance or apartment evidence"},"geometry":{"type":"Point","coordinates":[-80.942969,44.566708]}},{"type":"Feature","id":"address_f11f2959e70f9fb17622","properties":{"address_id":"address_f11f2959e70f9fb17622","source_address_guid":"eb3e0465-8256-418e-bd57-40c4330d45ad","source_location_guid":"afb623c4-4220-4a96-b443-5b82ec46a257","external_source":"statistics_canada_national_address_register","external_id":"eb3e0465-8256-418e-bd57-40c4330d45ad","source_retrieval_date":"2026-08-28","civic_number":"990","civic_number_base":"990","civic_number_suffix":"","street":"3rd Avenue West","unit":"","label":"990 3rd Avenue West","base_label":"990 3rd Avenue West","official_street_name":"3rd","official_street_type":"AVE","official_street_direction":"W","nar_coordinate_source":"nar_building","normalized_address":"990|3RD AVE W|","normalized_base_address":"990|3RD AVE W|","building_use_code":"3","building_use":"non_residential","address_category":"non_residential","mailing_street_name":"3RD","mailing_street_type":"AVE","mailing_street_direction":"W","mailing_municipality":"OWEN SOUND","mailing_province":"ON","postal_code":"N4K4P6","association_status":"statcan_authoritative_address_location","address_source_status":"authoritative","association_candidates":[],"location_id":"afb623c4-4220-4a96-b443-5b82ec46a257","structure_id":"structure_7fac0745e8d8fcd650f7","nar_placement_status":"nearest","nar_placement_distance_m":7.454458810642077,"nar_placement_rejection_reason":null},"geometry":{"type":"Point","coordinates":[-80.947901,44.567003]}},{"type":"Feature","id":"address_f6672bc7897ce602ba73","properties":{"address_id":"address_f6672bc7897ce602ba73","source_address_guid":"a330e1ac-2c23-43f1-8104-040e20cdae9f","source_location_guid":"623dab42-aa88-465f-a190-a690ca78ab70","external_source":"statistics_canada_national_address_register","external_id":"a330e1ac-2c23-43f1-8104-040e20cdae9f","source_retrieval_date":"2026-08-28","civic_number":"990","civic_number_base":"990","civic_number_suffix":"","street":"4th Avenue East","unit":"","label":"990 4th Avenue East","base_label":"990 4th Avenue East","official_street_name":"4th","official_street_type":"AVE","official_street_direction":"E","nar_coordinate_source":"nar_building","normalized_address":"990|4TH AVE E|","normalized_base_address":"990|4TH AVE E|","building_use_code":"3","building_use":"non_residential","address_category":"non_residential","mailing_street_name":"4TH","mailing_street_type":"AVE","mailing_street_direction":"E","mailing_municipality":"OWEN SOUND","mailing_province":"ON","postal_code":"N4K2P1","association_status":"statcan_authoritative_address_location","address_source_status":"authoritative","association_candidates":[],"location_id":"623dab42-aa88-465f-a190-a690ca78ab70","structure_id":"structure_89df6905ae1068a1a0b8","nar_placement_status":"nearest","nar_placement_distance_m":28.056748611017525,"nar_placement_rejection_reason":null},"geometry":{"type":"Point","coordinates":[-80.939463,44.567914]}},{"type":"Feature","id":"address_5df7e5fca31f85434062","properties":{"address_id":"address_5df7e5fca31f85434062","source_address_guid":"2d934a65-0d5b-4892-8705-00a351a5906b","source_location_guid":"1a8b7f74-99d0-40ec-83cb-fbbc02fe1abb","external_source":"statistics_canada_national_address_register","external_id":"2d934a65-0d5b-4892-8705-00a351a5906b","source_retrieval_date":"2026-08-28","civic_number":"992","civic_number_base":"992","civic_number_suffix":"","street":"2nd Avenue West","unit":"","label":"992 2nd Avenue West","base_label":"992 2nd Avenue West","official_street_name":"2nd","official_street_type":"AVE","official_street_direction":"W","nar_coordinate_source":"nar_building","normalized_address":"992|2ND AVE W|","normalized_base_address":"992|2ND AVE W|","building_use_code":"3","building_use":"non_residential","address_category":"non_residential","mailing_street_name":"2ND","mailing_street_type":"AVE","mailing_street_direction":"W","mailing_municipality":"OWEN SOUND","mailing_province":"ON","postal_code":"N4K4M7","association_status":"statcan_authoritative_address_location","address_source_status":"authoritative","association_candidates":[],"location_id":"1a8b7f74-99d0-40ec-83cb-fbbc02fe1abb","structure_id":"structure_4090b43e95d609d99cce","nar_placement_status":"nearest","nar_placement_distance_m":8.646032093674318,"nar_placement_rejection_reason":null},"geometry":{"type":"Point","coordinates":[-80.946215,44.567183]}},{"type":"Feature","id":"address_3674a5952a16d25f547e","properties":{"address_id":"address_3674a5952a16d25f547e","source_address_guid":"b58c7217-8b12-467f-bfff-953d7c1c214b","source_location_guid":"37e24b01-ab59-4b22-b4d9-58dd0c8bd1b1","external_source":"statistics_canada_national_address_register","external_id":"b58c7217-8b12-467f-bfff-953d7c1c214b","source_retrieval_date":"2026-08-28","civic_number":"997","civic_number_base":"997","civic_number_suffix":"","street":"4th Avenue East","unit":"","label":"997 4th Avenue East","base_label":"997 4th Avenue East","official_street_name":"4th","official_street_type":"AVE","official_street_direction":"E","nar_coordinate_source":"nar_block_face_fallback","normalized_address":"997|4TH AVE E|","normalized_base_address":"997|4TH AVE E|","building_use_code":"3","building_use":"non_residential","address_category":"non_residential","mailing_street_name":"4TH","mailing_street_type":"AVE","mailing_street_direction":"E","mailing_municipality":"OWEN SOUND","mailing_province":"ON","postal_code":"N4K2N9","association_status":"unresolved","address_source_status":"authoritative","association_candidates":[],"location_id":"37e24b01-ab59-4b22-b4d9-58dd0c8bd1b1","structure_id":null,"nar_placement_status":"ambiguous","nar_placement_distance_m":23.88441097336756,"nar_placement_rejection_reason":"distinct LOC_GUIDs share one footprint without sufficient multi-entrance or apartment evidence"},"geometry":{"type":"Point","coordinates":[-80.939304,44.567147]}},{"type":"Feature","id":"address_387b090522204fba1a94","properties":{"address_id":"address_387b090522204fba1a94","source_address_guid":"3c674491-d3f3-4dd1-89b7-574c83f6209b","source_location_guid":"457a265c-d1ff-495b-a26c-c2f41d0a9aad","external_source":"statistics_canada_national_address_register","external_id":"3c674491-d3f3-4dd1-89b7-574c83f6209b","source_retrieval_date":"2026-08-28","civic_number":"999","civic_number_base":"999","civic_number_suffix":"","street":"2nd Avenue East","unit":"","label":"999 2nd Avenue East","base_label":"999 2nd Avenue East","official_street_name":"2nd","official_street_type":"AVE","official_street_direction":"E","nar_coordinate_source":"nar_building","normalized_address":"999|2ND AVE E|","normalized_base_address":"999|2ND AVE E|","building_use_code":"3","building_use":"non_residential","address_category":"non_residential","mailing_street_name":"2ND","mailing_street_type":"AVE","mailing_street_direction":"E","mailing_municipality":"OWEN SOUND","mailing_province":"ON","postal_code":"N4K2H5","association_status":"statcan_authoritative_address_location","address_source_status":"authoritative","association_candidates":[],"location_id":"457a265c-d1ff-495b-a26c-c2f41d0a9aad","structure_id":"structure_62140ef70bf34281a4b9","nar_placement_status":"exact","nar_placement_distance_m":0,"nar_placement_rejection_reason":null},"geometry":{"type":"Point","coordinates":[-80.943076,44.567551]}}]}
