global_rank,daily_tier,daily_priority_score,node_id,lat,lon,connected_way_names,connected_highway_tags,degree_merged,intersection_priority,visibility_score,sign_value,route_bucket,priority_reason,canvass_order,suggested_day,recommended_action
1,S,130,-80895256:44577267,44.577267,-80.8952565,28th Avenue East | 16th Street East | Highway 26,tertiary | secondary | primary,3,A,100,high,highest visibility corner,two+ higher-order roads; multiple street-front exposures,1,Day 1,visit first; highest sign ask potential
2,S,130,-80898052:44576910,44.5769102,-80.8980521,16th Street East | 27th Avenue East,primary | residential,2,A,100,high,highest visibility corner,higher-order to neighbourhood connector; multiple street-front exposures,1,Day 1,visit first; highest sign ask potential
3,S,130,-80907702:44575784,44.5757839,-80.9077024,20th Avenue East | 16th Street East,unclassified | primary,2,A,100,high,highest visibility corner,higher-order to neighbourhood connector; multiple street-front exposures,1,Day 1,visit first; highest sign ask potential
4,S,130,-80913024:44575155,44.5751546,-80.9130237,18th Avenue East | 16th Street East,tertiary | primary,2,A,100,high,highest visibility corner,two+ higher-order roads; multiple street-front exposures,1,Day 1,visit first; highest sign ask potential
5,S,130,-80913041:44575246,44.5752455,-80.9130408,18th Avenue East | 16th Street East,unclassified | tertiary | primary,2,A,100,high,highest visibility corner,two+ higher-order roads; multiple street-front exposures,1,Day 1,visit first; highest sign ask potential
6,S,130,-80913182:44575143,44.5751429,-80.9131816,16th Street East | 18th Avenue East,primary | tertiary,2,A,100,high,highest visibility corner,two+ higher-order roads; multiple street-front exposures,1,Day 1,visit first; highest sign ask potential
7,S,130,-80913194:44575226,44.5752263,-80.9131942,18th Avenue East | 16th Street East,unclassified | primary | tertiary,2,A,100,high,highest visibility corner,two+ higher-order roads; multiple street-front exposures,1,Day 1,visit first; highest sign ask potential
8,S,130,-80916294:44574780,44.5747796,-80.9162939,16th Street East | 16th Avenue East,primary | tertiary,2,A,100,high,highest visibility corner,two+ higher-order roads; multiple street-front exposures,1,Day 1,visit first; highest sign ask potential
9,S,130,-80916306:44574852,44.5748516,-80.9163064,16th Street East | 16th Avenue East,primary | tertiary,2,A,100,high,highest visibility corner,two+ higher-order roads; multiple street-front exposures,1,Day 1,visit first; highest sign ask potential
10,S,130,-80916382:44574771,44.5747707,-80.9163821,16th Avenue East | 16th Street East,tertiary | primary | unclassified,2,A,100,high,highest visibility corner,two+ higher-order roads; multiple street-front exposures,1,Day 1,visit first; highest sign ask potential
11,S,130,-80916407:44574843,44.5748427,-80.9164072,16th Avenue East | 16th Street East,tertiary | primary | unclassified,2,A,100,high,highest visibility corner,two+ higher-order roads; multiple street-front exposures,1,Day 1,visit first; highest sign ask potential
12,S,130,-80920123:44601718,44.6017183,-80.9201229,East Bayshore Road | 32nd Street East | East Bay Shore Road,secondary | unclassified,3,A,100,high,highest visibility corner,higher-order to neighbourhood connector; multiple street-front exposures,1,Day 1,visit first; highest sign ask potential
13,S,130,-80923227:44573943,44.5739428,-80.9232266,12th Avenue East | 16th Street East | 12th Avenue E,unclassified | primary,3,A,100,high,highest visibility corner,higher-order to neighbourhood connector; multiple street-front exposures,1,Day 1,visit first; highest sign ask potential
14,S,130,-80923245:44574048,44.574048,-80.9232446,12th Avenue E | 16th Street East,unclassified | primary,2,A,100,high,highest visibility corner,higher-order to neighbourhood connector; multiple street-front exposures,1,Day 1,visit first; highest sign ask potential
15,S,130,-80925775:44558404,44.558404,-80.9257748,Superior Street | 9th Avenue East | Highway 6/10,residential | primary,3,A,100,high,highest visibility corner,higher-order to neighbourhood connector; multiple street-front exposures,1,Day 1,visit first; highest sign ask potential
16,S,130,-80926579:44561878,44.5618779,-80.9265788,6th Street East | 9th Avenue East,secondary | unclassified | primary,2,A,100,high,highest visibility corner,two+ higher-order roads; multiple street-front exposures,1,Day 2,visit first; highest sign ask potential
17,S,130,-80926898:44573859,44.5738586,-80.9268984,9th Avenue East | 16th Street East,tertiary | residential | primary,2,A,100,high,highest visibility corner,two+ higher-order roads; multiple street-front exposures,1,Day 2,visit first; highest sign ask potential
18,S,130,-80927015:44563757,44.5637568,-80.9270151,7th Street East | 9th Avenue East,residential | unclassified | primary,2,A,100,high,highest visibility corner,higher-order to neighbourhood connector; multiple street-front exposures,1,Day 2,visit first; highest sign ask potential
19,S,130,-80927460:44565648,44.5656475,-80.9274605,8th Street East | 9th Avenue East,secondary | tertiary | primary,2,A,100,high,highest visibility corner,two+ higher-order roads; multiple street-front exposures,1,Day 2,visit first; highest sign ask potential
20,S,130,-80927615:44572021,44.5720207,-80.9276148,15th Street A East | 9th Avenue East,residential | primary,2,A,100,high,highest visibility corner,higher-order to neighbourhood connector; multiple street-front exposures,1,Day 2,visit first; highest sign ask potential
21,A,130,-80927641:44566396,44.5663963,-80.9276413,9th Avenue East | 8th Street A East,primary | residential,2,A,100,high,highest visibility corner,higher-order to neighbourhood connector; multiple street-front exposures,2,Day 2,visit early; good sign ask potential
22,A,130,-80927918:44567541,44.5675405,-80.9279175,9th Street East | 9th Avenue East,residential | primary,2,A,100,high,highest visibility corner,higher-order to neighbourhood connector; multiple street-front exposures,2,Day 2,visit early; good sign ask potential
23,A,130,-80928281:44569424,44.5694244,-80.9282813,10th Street East | 9th Avenue East | 9th Street East,primary | tertiary,3,A,100,high,highest visibility corner,two+ higher-order roads; multiple street-front exposures,2,Day 2,visit early; good sign ask potential
24,A,130,-80928301:44569520,44.56952,-80.9283005,9th Avenue East | 10th Street East | 9th Street East,primary | tertiary,3,A,100,high,highest visibility corner,two+ higher-order roads; multiple street-front exposures,2,Day 2,visit early; good sign ask potential
25,A,130,-80928444:44569964,44.569964,-80.9284441,15th Street East | 9th Avenue East,residential | primary,2,A,100,high,highest visibility corner,higher-order to neighbourhood connector; multiple street-front exposures,2,Day 2,visit early; good sign ask potential
26,A,130,-80930454:44569249,44.5692488,-80.930454,8th Avenue East | 10th Street East,residential | primary,2,A,100,high,highest visibility corner,higher-order to neighbourhood connector; multiple street-front exposures,2,Day 2,visit early; good sign ask potential
27,A,130,-80931194:44569172,44.5691719,-80.931194,8th Avenue East | 10th Street East,residential | primary,2,A,100,high,highest visibility corner,higher-order to neighbourhood connector; multiple street-front exposures,2,Day 2,visit early; good sign ask potential
28,A,130,-80933072:44568910,44.5689099,-80.9330716,7th Avenue East | 10th Street East,residential | primary,2,A,100,high,highest visibility corner,higher-order to neighbourhood connector; multiple street-front exposures,2,Day 2,visit early; good sign ask potential
29,A,130,-80933093:44569005,44.5690054,-80.9330927,7th Avenue East | 10th Street East,residential | primary,2,A,100,high,highest visibility corner,higher-order to neighbourhood connector; multiple street-front exposures,2,Day 2,visit early; good sign ask potential
30,A,130,-80934433:44568804,44.5688037,-80.9344327,10th Street East | 6th Avenue East,primary | residential,2,A,100,high,highest visibility corner,higher-order to neighbourhood connector; multiple street-front exposures,2,Day 2,visit early; good sign ask potential
31,A,130,-80934741:44578366,44.5783659,-80.9347409,3rd Avenue East | 18th Street East | 4th Avenue East,secondary | unclassified | residential,3,A,100,high,highest visibility corner,higher-order to neighbourhood connector; multiple street-front exposures,2,Day 3,visit early; good sign ask potential
32,A,130,-80937724:44568371,44.5683714,-80.9377238,5th Avenue East | 10th Street East,residential | primary,2,A,100,high,highest visibility corner,higher-order to neighbourhood connector; multiple street-front exposures,2,Day 3,visit early; good sign ask potential
33,A,130,-80939556:44568148,44.5681479,-80.939556,4th Avenue East | 10th Street East,residential | primary,2,A,100,high,highest visibility corner,higher-order to neighbourhood connector; multiple street-front exposures,2,Day 3,visit early; good sign ask potential
34,A,130,-80940335:44569726,44.5697259,-80.9403345,11th Street East | 3rd Avenue East,residential | secondary | unclassified,2,A,100,high,highest visibility corner,higher-order to neighbourhood connector; multiple street-front exposures,2,Day 3,visit early; good sign ask potential
35,A,130,-80940907:44546275,44.5462749,-80.9409075,2nd Avenue SE | 1st Street SW | 2nd Avenue East,secondary | tertiary,3,A,100,high,highest visibility corner,two+ higher-order roads; multiple street-front exposures,2,Day 3,visit early; good sign ask potential
36,A,130,-80940966:44566052,44.5660518,-80.9409664,9th Street East | 3rd Avenue East,tertiary | unclassified | secondary,2,A,100,high,highest visibility corner,two+ higher-order roads; multiple street-front exposures,2,Day 3,visit early; good sign ask potential
37,A,130,-80941408:44567930,44.5679303,-80.9414077,3rd Avenue East | 10th Street East,secondary | primary,2,A,100,high,highest visibility corner,two+ higher-order roads; multiple street-front exposures,2,Day 3,visit early; good sign ask potential
38,A,130,-80941538:44560146,44.5601464,-80.941538,6th Street East | 2nd Avenue East | 5th Street A East,secondary | tertiary | residential,3,A,100,high,highest visibility corner,two+ higher-order roads; multiple street-front exposures,2,Day 3,visit early; good sign ask potential
39,A,130,-80943232:44567723,44.5677225,-80.9432324,2nd Avenue East | 10th Street East,unclassified | tertiary | primary,2,A,100,high,highest visibility corner,two+ higher-order roads; multiple street-front exposures,2,Day 3,visit early; good sign ask potential
40,A,130,-80943931:44567654,44.5676543,-80.943931,1st Avenue East | 10th Street East | 10th Street West,unclassified | primary,3,A,100,high,highest visibility corner,higher-order to neighbourhood connector; multiple street-front exposures,2,Day 3,visit early; good sign ask potential
41,A,130,-80944574:44567585,44.567585,-80.9445738,1st Avenue West | 10th Street West,unclassified | primary,2,A,100,high,highest visibility corner,higher-order to neighbourhood connector; multiple street-front exposures,2,Day 3,visit early; good sign ask potential
42,A,130,-80946131:44567401,44.5674013,-80.9461314,2nd Avenue West | 10th Street West,tertiary | secondary | primary,2,A,100,high,highest visibility corner,two+ higher-order roads; multiple street-front exposures,2,Day 3,visit early; good sign ask potential
43,A,130,-80947472:44573374,44.5733744,-80.947472,Eddy Sargeant Parkway | 2nd Avenue West | 14th Street West,secondary | residential | tertiary,3,A,100,high,highest visibility corner,two+ higher-order roads; multiple street-front exposures,2,Day 3,visit early; good sign ask potential
44,A,130,-80947794:44567218,44.5672177,-80.9477944,3rd Avenue West | 10th Street West,residential | primary,2,A,100,high,highest visibility corner,higher-order to neighbourhood connector; multiple street-front exposures,2,Day 3,visit early; good sign ask potential
45,A,130,-80949441:44567031,44.5670305,-80.9494409,4th Avenue West | 10th Street West,residential | tertiary | primary,2,A,100,high,highest visibility corner,two+ higher-order roads; multiple street-front exposures,2,Day 3,visit early; good sign ask potential
46,A,130,-80953599:44567032,44.5670324,-80.9535993,10th Street West | 6th Avenue West,primary | residential,2,A,100,high,highest visibility corner,higher-order to neighbourhood connector; multiple street-front exposures,2,Day 4,visit early; good sign ask potential
47,A,130,-80957366:44566667,44.5666666,-80.9573662,10th Street West | 7th Avenue West,primary | residential | unclassified,2,A,100,high,highest visibility corner,higher-order to neighbourhood connector; multiple street-front exposures,2,Day 4,visit early; good sign ask potential
48,A,130,-80959586:44566408,44.5664077,-80.9595858,10th Street West | 8th Avenue West,primary | tertiary,2,A,100,high,highest visibility corner,two+ higher-order roads; multiple street-front exposures,2,Day 4,visit early; good sign ask potential
49,A,130,-80918084:44581758,44.5817581,-80.9180844,20th Street East | 23rd Street East | 16th Avenue East,tertiary | unclassified,3,A,100,high,highest visibility corner,higher-order to neighbourhood connector; multiple street-front exposures,2,Day 4,visit early; good sign ask potential
50,A,130,-80943805:44565707,44.5657066,-80.9438049,1st Avenue East | 9th Street East | 9th Street W,unclassified | tertiary,3,A,100,high,highest visibility corner,higher-order to neighbourhood connector; multiple street-front exposures,2,Day 4,visit early; good sign ask potential
51,A,130,-80944659:44545881,44.5458807,-80.9446594,4th Avenue SW | 4th Avenue West | 1st Street SW,residential | tertiary,3,A,100,high,highest visibility corner,higher-order to neighbourhood connector; multiple street-front exposures,2,Day 4,visit early; good sign ask potential
52,A,130,-80945409:44558217,44.5582165,-80.9454095,6th Street West | Moores Hill | 2nd Avenue West,tertiary | residential,3,A,100,high,highest visibility corner,higher-order to neighbourhood connector; multiple street-front exposures,2,Day 4,visit early; good sign ask potential
53,A,130,-80946395:44553496,44.5534956,-80.9463955,4th Avenue West | 3rd Street West | 4th Avenue W,tertiary | residential,3,A,100,high,highest visibility corner,higher-order to neighbourhood connector; multiple street-front exposures,2,Day 4,visit early; good sign ask potential
54,A,130,-80946429:44553642,44.5536419,-80.9464288,4th Avenue West | Beattie Street | 4th Avenue W,tertiary | residential,3,A,100,high,highest visibility corner,higher-order to neighbourhood connector; multiple street-front exposures,2,Day 4,visit early; good sign ask potential
55,A,130,-80951427:44574887,44.5748871,-80.9514271,3rd Avenue West | 4th Avenue West | 15th Street West,residential | tertiary,3,A,100,high,highest visibility corner,higher-order to neighbourhood connector; multiple street-front exposures,2,Day 4,visit early; good sign ask potential
56,A,130,-80914596:44567155,44.5671551,-80.9145964,8th Street East | 16th Avenue East,secondary | tertiary,2,A,98,high,highest visibility corner,two+ higher-order roads; multiple street-front exposures,2,Day 4,visit early; good sign ask potential
57,A,130,-80923885:44592961,44.5929614,-80.9238849,East Bay Shore Road | 3rd Avenue East,secondary | tertiary,2,A,98,high,highest visibility corner,two+ higher-order roads; multiple street-front exposures,2,Day 4,visit early; good sign ask potential
58,A,130,-80940533:44564163,44.564163,-80.9405331,8th Street East | 3rd Avenue East,tertiary | secondary,2,A,98,high,highest visibility corner,two+ higher-order roads; multiple street-front exposures,2,Day 4,visit early; good sign ask potential
59,A,130,-80947631:44579890,44.5798895,-80.9476309,Eddy Sargeant Parkway | 19th Street West,secondary | tertiary,2,A,98,high,highest visibility corner,two+ higher-order roads; multiple street-front exposures,2,Day 4,visit early; good sign ask potential
60,A,128,-80893529:44569564,44.5695638,-80.8935286,28th Avenue East | 8th Street East,secondary | unclassified,2,A,98,high,highest visibility corner,higher-order to neighbourhood connector; multiple street-front exposures,2,Day 4,visit early; good sign ask potential
61,A,128,-80894728:44574911,44.5749112,-80.8947282,28th Avenue East | 15th Street East,secondary | residential,2,A,98,high,highest visibility corner,higher-order to neighbourhood connector; multiple street-front exposures,2,Day 5,visit early; good sign ask potential
62,A,128,-80922892:44566176,44.5661762,-80.9228918,8th Street East | 11th Avenue East,secondary | residential,2,A,98,high,highest visibility corner,higher-order to neighbourhood connector; multiple street-front exposures,2,Day 5,visit early; good sign ask potential
63,A,128,-80923723:44594879,44.5948788,-80.9237231,28th Street East | East Bay Shore Road,unclassified | secondary,2,A,98,high,highest visibility corner,higher-order to neighbourhood connector; multiple street-front exposures,2,Day 5,visit early; good sign ask potential
64,A,128,-80924157:44566035,44.5660351,-80.9241573,10th Avenue East | 8th Street East,residential | secondary,2,A,98,high,highest visibility corner,higher-order to neighbourhood connector; multiple street-front exposures,2,Day 5,visit early; good sign ask potential
65,A,128,-80925039:44565940,44.5659396,-80.9250387,9th Avenue A East | 8th Street East,residential | secondary,2,A,98,high,highest visibility corner,higher-order to neighbourhood connector; multiple street-front exposures,2,Day 5,visit early; good sign ask potential
66,A,128,-80928704:44561626,44.5616259,-80.928704,6th Street East | 8th Avenue East,residential | secondary,2,A,98,high,highest visibility corner,higher-order to neighbourhood connector; multiple street-front exposures,2,Day 5,visit early; good sign ask potential
67,A,128,-80931376:44561309,44.5613089,-80.9313762,6th Street East | 7th Avenue East,secondary | residential,2,A,98,high,highest visibility corner,higher-order to neighbourhood connector; multiple street-front exposures,2,Day 5,visit early; good sign ask potential
68,A,128,-80931876:44561250,44.5612497,-80.9318757,6th Street East | 7th Avenue East,secondary | residential,2,A,98,high,highest visibility corner,higher-order to neighbourhood connector; multiple street-front exposures,2,Day 5,visit early; good sign ask potential
69,A,128,-80935689:44576736,44.5767357,-80.9356887,3rd Avenue East | 17th Street East,secondary | residential,2,A,98,high,highest visibility corner,higher-order to neighbourhood connector; multiple street-front exposures,2,Day 5,visit early; good sign ask potential
70,A,128,-80936108:44576096,44.5760962,-80.9361079,16th Street East | 3rd Avenue East,residential | secondary,2,A,98,high,highest visibility corner,higher-order to neighbourhood connector; multiple street-front exposures,2,Day 5,visit early; good sign ask potential
71,B,128,-80936428:44575613,44.5756127,-80.9364281,3rd Avenue East | 15th Street East,secondary | residential,2,A,98,high,highest visibility corner,higher-order to neighbourhood connector; multiple street-front exposures,3,Day 5,visit when nearby; flyer first
72,B,128,-80936868:44560684,44.5606842,-80.9368684,6th Street East | 5th Avenue East,secondary | residential,2,A,98,high,highest visibility corner,higher-order to neighbourhood connector; multiple street-front exposures,3,Day 5,visit when nearby; flyer first
73,B,128,-80936918:44574897,44.574897,-80.9369175,14th Street East | 3rd Avenue East,residential | secondary,2,A,98,high,highest visibility corner,higher-order to neighbourhood connector; multiple street-front exposures,3,Day 5,visit when nearby; flyer first
74,B,128,-80937863:44560573,44.5605728,-80.9378634,6th Street East | 4th Avenue East,secondary | residential,2,A,98,high,highest visibility corner,higher-order to neighbourhood connector; multiple street-front exposures,3,Day 5,visit when nearby; flyer first
75,B,128,-80938097:44573164,44.5731642,-80.9380969,13th Street East | 3rd Avenue East,residential | secondary,2,A,98,high,highest visibility corner,higher-order to neighbourhood connector; multiple street-front exposures,3,Day 5,visit when nearby; flyer first
76,B,128,-80939196:44571464,44.5714636,-80.9391965,12th Street East | 3rd Avenue East,residential | secondary,2,A,98,high,highest visibility corner,higher-order to neighbourhood connector; multiple street-front exposures,3,Day 6,visit when nearby; flyer first
77,B,128,-80939594:44551477,44.5514773,-80.9395937,1st Street East | 2nd Avenue East,residential | secondary,2,A,98,high,highest visibility corner,higher-order to neighbourhood connector; multiple street-front exposures,3,Day 6,visit when nearby; flyer first
78,B,128,-80939623:44551593,44.5515929,-80.9396227,1st Street West | 2nd Avenue East,residential | secondary,2,A,98,high,highest visibility corner,higher-order to neighbourhood connector; multiple street-front exposures,3,Day 6,visit when nearby; flyer first
79,B,128,-80939689:44560367,44.5603665,-80.9396889,3rd Avenue East | 6th Street East,secondary | residential,2,A,98,high,highest visibility corner,higher-order to neighbourhood connector; multiple street-front exposures,3,Day 6,visit when nearby; flyer first
80,B,128,-80939738:44552108,44.5521082,-80.9397381,2nd Avenue East | 2nd Street West,secondary | residential,2,A,98,high,highest visibility corner,higher-order to neighbourhood connector; multiple street-front exposures,3,Day 6,visit when nearby; flyer first
81,B,128,-80939767:44552225,44.5522245,-80.9397668,2nd Avenue East | 2nd Street East,secondary | residential,2,A,98,high,highest visibility corner,higher-order to neighbourhood connector; multiple street-front exposures,3,Day 6,visit when nearby; flyer first
82,B,128,-80940119:44562262,44.5622615,-80.9401188,3rd Avenue East | 7th Street East,secondary | residential,2,A,98,high,highest visibility corner,higher-order to neighbourhood connector; multiple street-front exposures,3,Day 6,visit when nearby; flyer first
83,B,128,-80940264:44554335,44.554335,-80.9402645,2nd Avenue East | Beattie Street,secondary | residential,2,A,98,high,highest visibility corner,higher-order to neighbourhood connector; multiple street-front exposures,3,Day 6,visit when nearby; flyer first
84,B,128,-80940411:44555053,44.5550534,-80.9404115,3rd Street West | 2nd Avenue East,residential | secondary,2,A,98,high,highest visibility corner,higher-order to neighbourhood connector; multiple street-front exposures,3,Day 6,visit when nearby; flyer first
85,B,128,-80940642:44556122,44.5561218,-80.9406423,2nd Avenue East | 2nd Avenue West,secondary | residential,2,A,98,high,highest visibility corner,higher-order to neighbourhood connector; multiple street-front exposures,3,Day 6,visit when nearby; flyer first
86,B,128,-80940735:44556550,44.5565501,-80.9407346,2nd Avenue East | 4th Street East,secondary | residential,2,A,98,high,highest visibility corner,higher-order to neighbourhood connector; multiple street-front exposures,3,Day 6,visit when nearby; flyer first
87,B,128,-80940820:44556953,44.5569532,-80.9408197,4th Street West | 2nd Avenue East,residential | secondary,2,A,98,high,highest visibility corner,higher-order to neighbourhood connector; multiple street-front exposures,3,Day 6,visit when nearby; flyer first
88,B,128,-80940935:44557463,44.5574631,-80.9409347,2nd Avenue East | 4th Street A East,secondary | residential,2,A,98,high,highest visibility corner,higher-order to neighbourhood connector; multiple street-front exposures,3,Day 6,visit when nearby; flyer first
89,B,128,-80941069:44558033,44.5580327,-80.9410686,2nd Avenue East | 4th Street B East,secondary | residential,2,A,98,high,highest visibility corner,higher-order to neighbourhood connector; multiple street-front exposures,3,Day 6,visit when nearby; flyer first
90,B,128,-80941106:44558223,44.5582225,-80.9411061,2nd Avenue East | 5th Street East,secondary | residential,2,A,98,high,highest visibility corner,higher-order to neighbourhood connector; multiple street-front exposures,3,Day 6,visit when nearby; flyer first
91,B,128,-80941280:44558913,44.5589127,-80.9412797,2nd Avenue East | 5th Street East,secondary | residential,2,A,98,high,highest visibility corner,higher-order to neighbourhood connector; multiple street-front exposures,3,Day 7,visit when nearby; flyer first
92,B,128,-80944463:44593000,44.5930002,-80.9444635,3rd Avenue West | 29th Street West,secondary | residential,2,A,98,high,highest visibility corner,higher-order to neighbourhood connector; multiple street-front exposures,3,Day 7,visit when nearby; flyer first
93,B,128,-80944855:44591731,44.591731,-80.9448553,3rd Avenue West | 28th Street West,secondary | residential,2,A,98,high,highest visibility corner,higher-order to neighbourhood connector; multiple street-front exposures,3,Day 7,visit when nearby; flyer first
94,B,128,-80945155:44590538,44.5905382,-80.9451555,3rd Avenue West | 27th Street West,secondary | residential,2,A,98,high,highest visibility corner,higher-order to neighbourhood connector; multiple street-front exposures,3,Day 7,visit when nearby; flyer first
95,B,128,-80945546:44589289,44.5892892,-80.9455464,26th Street West | 3rd Avenue West,residential | secondary,2,A,98,high,highest visibility corner,higher-order to neighbourhood connector; multiple street-front exposures,3,Day 7,visit when nearby; flyer first
96,B,128,-80946375:44586850,44.5868503,-80.946375,3rd Avenue West | 24th Street West,secondary | residential,2,A,98,high,highest visibility corner,higher-order to neighbourhood connector; multiple street-front exposures,3,Day 7,visit when nearby; flyer first
97,B,128,-80946526:44569199,44.5691994,-80.9465261,11th Street West | 2nd Avenue West,residential | secondary,2,A,98,high,highest visibility corner,higher-order to neighbourhood connector; multiple street-front exposures,3,Day 7,visit when nearby; flyer first
98,B,128,-80946959:44584918,44.5849177,-80.9469588,3rd Avenue West | 23rd Street West,secondary | residential,2,A,98,high,highest visibility corner,higher-order to neighbourhood connector; multiple street-front exposures,3,Day 7,visit when nearby; flyer first
99,B,128,-80947060:44571563,44.5715629,-80.9470603,12th Street West | 2nd Avenue West,residential | secondary,2,A,98,high,highest visibility corner,higher-order to neighbourhood connector; multiple street-front exposures,3,Day 7,visit when nearby; flyer first
100,B,128,-80947250:44572445,44.5724453,-80.9472496,13th Street West | 2nd Avenue West,residential | secondary,2,A,98,high,highest visibility corner,higher-order to neighbourhood connector; multiple street-front exposures,3,Day 7,visit when nearby; flyer first
101,B,128,-80947289:44572614,44.5726143,-80.9472892,13th Street West | 2nd Avenue West,residential | secondary,2,A,98,high,highest visibility corner,higher-order to neighbourhood connector; multiple street-front exposures,3,Day 7,visit when nearby; flyer first
102,B,128,-80947973:44581104,44.5811043,-80.9479728,20th Street West | Eddy Sargeant Parkway,residential | secondary,2,A,98,high,highest visibility corner,higher-order to neighbourhood connector; multiple street-front exposures,3,Day 7,visit when nearby; flyer first
103,B,126,-80921073:44570273,44.5702728,-80.9210727,Lamson Crescent | 10th Street East,residential | tertiary,3,A,96,high,highest visibility corner,higher-order to neighbourhood connector; multiple street-front exposures,3,Day 7,visit when nearby; flyer first
104,B,119,-80919513:44590747,44.5907467,-80.9195133,9th Avenue East | 26th Street East,tertiary | unclassified | residential,2,A,89,high,highest visibility corner,higher-order to neighbourhood connector; multiple street-front exposures,3,Day 7,visit when nearby; flyer first
105,B,116,-80895599:44578622,44.5786216,-80.8955987,28th Avenue East | 17th Street East,tertiary | residential,2,B,86,high,highest visibility corner,higher-order to neighbourhood connector; multiple street-front exposures,3,Day 7,visit when nearby; flyer first
106,B,116,-80896098:44580689,44.5806887,-80.8960981,28th Avenue East | 18th Street East,tertiary | residential,2,B,86,high,highest visibility corner,higher-order to neighbourhood connector; multiple street-front exposures,3,Day 8,visit when nearby; flyer first
107,B,116,-80896933:44584145,44.5841448,-80.8969331,20th Street East | 28th Avenue East,tertiary | unclassified,2,B,86,high,highest visibility corner,higher-order to neighbourhood connector; multiple street-front exposures,3,Day 8,visit when nearby; flyer first
108,B,116,-80907825:44582921,44.5829213,-80.9078247,23rd Street East | 20th Street East,unclassified | tertiary,2,B,86,high,highest visibility corner,higher-order to neighbourhood connector; multiple street-front exposures,3,Day 8,visit when nearby; flyer first
109,B,116,-80916064:44573609,44.573609,-80.9160637,16th Avenue East | 14th Street East,tertiary | residential,2,B,86,high,highest visibility corner,higher-order to neighbourhood connector; multiple street-front exposures,3,Day 8,visit when nearby; flyer first
110,B,116,-80916663:44576129,44.5761289,-80.9166626,17th Street East | 16th Avenue East,unclassified | tertiary,2,B,86,high,highest visibility corner,higher-order to neighbourhood connector; multiple street-front exposures,3,Day 8,visit when nearby; flyer first
111,B,116,-80918389:44593696,44.5936957,-80.9183895,28th Street East | 9th Avenue East,tertiary | residential,2,B,86,high,highest visibility corner,higher-order to neighbourhood connector; multiple street-front exposures,3,Day 8,visit when nearby; flyer first
112,B,116,-80918670:44592949,44.5929491,-80.9186702,27th Street East | 9th Avenue East,residential | tertiary,2,B,86,high,highest visibility corner,higher-order to neighbourhood connector; multiple street-front exposures,3,Day 8,visit when nearby; flyer first
113,B,116,-80919801:44589993,44.5899929,-80.9198014,9th Avenue East | 25th Street A East,tertiary | residential,2,B,86,high,highest visibility corner,higher-order to neighbourhood connector; multiple street-front exposures,3,Day 8,visit when nearby; flyer first
114,B,116,-80920273:44588810,44.5888098,-80.920273,9th Avenue East | 25th Street East,tertiary | residential,2,B,86,high,highest visibility corner,higher-order to neighbourhood connector; multiple street-front exposures,3,Day 8,visit when nearby; flyer first
115,B,116,-80921043:44586818,44.5868175,-80.9210433,9th Avenue East | 23rd Street A East,tertiary | residential,2,B,86,high,highest visibility corner,higher-order to neighbourhood connector; multiple street-front exposures,3,Day 8,visit when nearby; flyer first
116,B,116,-80921295:44586184,44.586184,-80.9212955,9th Avenue East | 23rd Street East,tertiary | residential,2,B,86,high,highest visibility corner,higher-order to neighbourhood connector; multiple street-front exposures,3,Day 8,visit when nearby; flyer first
117,B,116,-80921477:44585688,44.5856883,-80.9214771,9th Avenue East | 22nd Street B East,tertiary | residential,2,B,86,high,highest visibility corner,higher-order to neighbourhood connector; multiple street-front exposures,3,Day 8,visit when nearby; flyer first
118,B,116,-80921686:44585117,44.5851166,-80.9216864,9th Avenue East | 22nd Street A East,tertiary | residential,2,B,86,high,highest visibility corner,higher-order to neighbourhood connector; multiple street-front exposures,3,Day 8,visit when nearby; flyer first
119,B,116,-80921895:44584546,44.5845459,-80.9218954,9th Avenue East | 22nd Street East,tertiary | residential,2,B,86,high,highest visibility corner,higher-order to neighbourhood connector; multiple street-front exposures,3,Day 8,visit when nearby; flyer first
120,B,116,-80921941:44584423,44.5844227,-80.9219405,Bayfield | 9th Avenue East,residential | tertiary,2,B,86,high,highest visibility corner,higher-order to neighbourhood connector; multiple street-front exposures,3,Day 8,visit when nearby; flyer first
121,B,116,-80921947:44570184,44.5701835,-80.9219473,Lamson Crescent | 10th Street East,residential | tertiary,2,B,86,high,highest visibility corner,higher-order to neighbourhood connector; multiple street-front exposures,3,Day 9,visit when nearby; flyer first
122,B,116,-80922659:44583296,44.5832964,-80.9226593,9th Avenue East | Bayfield,tertiary | residential,2,B,86,high,highest visibility corner,higher-order to neighbourhood connector; multiple street-front exposures,3,Day 9,visit when nearby; flyer first
123,B,116,-80923802:44569975,44.5699752,-80.923802,11th Avenue East | 10th Street East,residential | tertiary,2,B,86,high,highest visibility corner,higher-order to neighbourhood connector; multiple street-front exposures,3,Day 9,visit when nearby; flyer first
124,B,116,-80924066:44581336,44.5813356,-80.9240659,20th Street East | 9th Avenue East,tertiary | residential,2,B,86,high,highest visibility corner,higher-order to neighbourhood connector; multiple street-front exposures,3,Day 9,visit when nearby; flyer first
125,B,116,-80924758:44579476,44.5794761,-80.9247576,9th Avenue East | 19th Street East,tertiary | residential,2,B,86,high,highest visibility corner,higher-order to neighbourhood connector; multiple street-front exposures,3,Day 9,visit when nearby; flyer first
126,B,116,-80925087:44569836,44.5698361,-80.9250872,10th Avenue East | 10th Street East,residential | tertiary,2,B,86,high,highest visibility corner,higher-order to neighbourhood connector; multiple street-front exposures,3,Day 9,visit when nearby; flyer first
127,B,116,-80925478:44577571,44.577571,-80.925478,9th Avenue East | 18th Street East,tertiary | residential,2,B,86,high,highest visibility corner,higher-order to neighbourhood connector; multiple street-front exposures,3,Day 9,visit when nearby; flyer first
128,B,116,-80926194:44575703,44.5757034,-80.9261945,9th Avenue East | 17th Street East,tertiary | residential,2,B,86,high,highest visibility corner,higher-order to neighbourhood connector; multiple street-front exposures,3,Day 9,visit when nearby; flyer first
129,B,116,-80926614:44569658,44.5696584,-80.9266144,10th Avenue East | 10th Street East,residential | tertiary,2,B,86,high,highest visibility corner,higher-order to neighbourhood connector; multiple street-front exposures,3,Day 9,visit when nearby; flyer first
130,B,116,-80929584:44565417,44.5654174,-80.9295841,8th Street East | 8th Avenue East,tertiary | residential,2,B,86,high,highest visibility corner,higher-order to neighbourhood connector; multiple street-front exposures,3,Day 9,visit when nearby; flyer first
131,B,116,-80932229:44565129,44.5651292,-80.9322289,7th Avenue East | 8th Street East,residential | tertiary,2,B,86,high,highest visibility corner,higher-order to neighbourhood connector; multiple street-front exposures,3,Day 9,visit when nearby; flyer first
132,B,116,-80936862:44564570,44.56457,-80.9368619,8th Street East | 5th Avenue East,tertiary | residential,2,B,86,high,highest visibility corner,higher-order to neighbourhood connector; multiple street-front exposures,3,Day 9,visit when nearby; flyer first
133,B,116,-80938701:44564368,44.5643679,-80.9387006,8th Street East | 4th Avenue East,tertiary | residential,2,B,86,high,highest visibility corner,higher-order to neighbourhood connector; multiple street-front exposures,3,Day 9,visit when nearby; flyer first
134,B,116,-80941972:44562046,44.5620464,-80.9419718,2nd Avenue East | 7th Street East,tertiary | residential,2,B,86,high,highest visibility corner,higher-order to neighbourhood connector; multiple street-front exposures,3,Day 9,visit when nearby; flyer first
135,B,116,-80943814:44563785,44.5637849,-80.9438144,8th Street East | 1st Avenue East,tertiary | unclassified,2,B,86,high,highest visibility corner,higher-order to neighbourhood connector; multiple street-front exposures,3,Day 9,visit when nearby; flyer first
136,B,116,-80944580:44560148,44.560148,-80.94458,2nd Avenue West | 6th Street West,tertiary | residential,2,B,86,high,highest visibility corner,higher-order to neighbourhood connector; multiple street-front exposures,3,Day 10,visit when nearby; flyer first
137,B,116,-80944705:44565613,44.565613,-80.9447054,1st Avenue West | 9th Street West,unclassified | tertiary,2,B,86,high,highest visibility corner,higher-order to neighbourhood connector; multiple street-front exposures,3,Day 10,visit when nearby; flyer first
138,B,116,-80944803:44563678,44.5636784,-80.9448026,8th Street West | 1st Avenue West,tertiary | unclassified,2,B,86,high,highest visibility corner,higher-order to neighbourhood connector; multiple street-front exposures,3,Day 10,visit when nearby; flyer first
139,B,116,-80944855:44561717,44.561717,-80.9448554,2nd Avenue West | 7th Street West,tertiary | residential,2,B,86,high,highest visibility corner,higher-order to neighbourhood connector; multiple street-front exposures,3,Day 10,visit when nearby; flyer first
140,B,116,-80945157:44548022,44.5480221,-80.9451566,4th Avenue West | 6th Avenue West,tertiary | residential,2,B,86,high,highest visibility corner,higher-order to neighbourhood connector; multiple street-front exposures,3,Day 10,visit when nearby; flyer first
141,B,116,-80945264:44563623,44.563623,-80.9452645,8th Street West | 2nd Avenue West,tertiary | residential,2,B,86,high,highest visibility corner,higher-order to neighbourhood connector; multiple street-front exposures,3,Day 10,visit when nearby; flyer first
142,B,116,-80945340:44559508,44.5595078,-80.9453404,2nd Avenue West | 6th Street West,tertiary | residential,2,B,86,high,highest visibility corner,higher-order to neighbourhood connector; multiple street-front exposures,3,Day 10,visit when nearby; flyer first
143,B,116,-80945358:44548951,44.5489514,-80.9453584,1st Street West | 4th Avenue West,residential | tertiary,2,B,86,high,highest visibility corner,higher-order to neighbourhood connector; multiple street-front exposures,3,Day 10,visit when nearby; flyer first
144,B,116,-80945570:44549881,44.5498806,-80.9455705,4th Avenue West | 1st Street West,tertiary | residential,2,B,86,high,highest visibility corner,higher-order to neighbourhood connector; multiple street-front exposures,3,Day 10,visit when nearby; flyer first
145,B,116,-80945965:44551611,44.5516111,-80.9459654,4th Avenue West | 2nd Street West,tertiary | residential,2,B,86,high,highest visibility corner,higher-order to neighbourhood connector; multiple street-front exposures,3,Day 10,visit when nearby; flyer first
146,B,116,-80946734:44555008,44.5550075,-80.946734,4th Avenue West | 3rd Street A West,tertiary | residential,2,B,86,high,highest visibility corner,higher-order to neighbourhood connector; multiple street-front exposures,3,Day 10,visit when nearby; flyer first
147,B,116,-80946881:44555667,44.5556666,-80.9468814,4th Avenue West | 4th Street West,tertiary | residential,2,B,86,high,highest visibility corner,higher-order to neighbourhood connector; multiple street-front exposures,3,Day 10,visit when nearby; flyer first
148,B,116,-80947173:44556973,44.5569728,-80.9471733,4th Avenue West | Moores Hill,tertiary | residential,2,B,86,high,highest visibility corner,higher-order to neighbourhood connector; multiple street-front exposures,3,Day 10,visit when nearby; flyer first
149,B,116,-80947352:44565314,44.5653142,-80.9473522,3rd Avenue West | 9th Street West,residential | tertiary,2,B,86,high,highest visibility corner,higher-order to neighbourhood connector; multiple street-front exposures,3,Day 10,visit when nearby; flyer first
150,B,116,-80948477:44585159,44.5851589,-80.9484767,4th Avenue West | 23rd Street West,tertiary | residential,2,B,86,high,highest visibility corner,higher-order to neighbourhood connector; multiple street-front exposures,3,Day 10,visit when nearby; flyer first
151,B,116,-80948613:44579960,44.5799595,-80.9486128,19th Street West | 3rd Avenue West,tertiary | residential,2,B,86,high,highest visibility corner,higher-order to neighbourhood connector; multiple street-front exposures,3,Day 11,visit when nearby; flyer first
152,B,116,-80948879:44583924,44.5839239,-80.9488788,22nd Street West | 4th Avenue West,residential | tertiary,2,B,86,high,highest visibility corner,higher-order to neighbourhood connector; multiple street-front exposures,3,Day 11,visit when nearby; flyer first
153,B,116,-80949259:44582659,44.5826593,-80.9492588,4th Avenue West | 21st Street West,tertiary | residential,2,B,86,high,highest visibility corner,higher-order to neighbourhood connector; multiple street-front exposures,3,Day 11,visit when nearby; flyer first
154,B,116,-80949336:44587334,44.5873338,-80.9493363,24th Street West | 5th Avenue West,tertiary | residential,2,B,86,high,highest visibility corner,higher-order to neighbourhood connector; multiple street-front exposures,3,Day 11,visit when nearby; flyer first
155,B,116,-80949663:44581469,44.5814687,-80.9496629,4th Avenue West | 20th Street West,tertiary | residential,2,B,86,high,highest visibility corner,higher-order to neighbourhood connector; multiple street-front exposures,3,Day 11,visit when nearby; flyer first
156,B,116,-80949873:44568817,44.568817,-80.9498729,11th Street West | 4th Avenue West,residential | tertiary,2,B,86,high,highest visibility corner,higher-order to neighbourhood connector; multiple street-front exposures,3,Day 11,visit when nearby; flyer first
157,B,116,-80950056:44580200,44.5802003,-80.9500564,4th Avenue West | 19th Street West,tertiary | residential,2,B,86,high,highest visibility corner,higher-order to neighbourhood connector; multiple street-front exposures,3,Day 11,visit when nearby; flyer first
158,B,116,-80950068:44569657,44.5696571,-80.9500676,4th Avenue West | 11th Street A West,tertiary | residential,2,B,86,high,highest visibility corner,higher-order to neighbourhood connector; multiple street-front exposures,3,Day 11,visit when nearby; flyer first
159,B,116,-80950217:44570293,44.5702928,-80.9502174,4th Avenue West | 11th Street B West,tertiary | residential,2,B,86,high,highest visibility corner,higher-order to neighbourhood connector; multiple street-front exposures,3,Day 11,visit when nearby; flyer first
160,B,116,-80950412:44571154,44.5711538,-80.9504124,4th Avenue West | 12th Street West,tertiary | residential,2,B,86,high,highest visibility corner,higher-order to neighbourhood connector; multiple street-front exposures,3,Day 11,visit when nearby; flyer first
161,B,116,-80950442:44578980,44.57898,-80.9504425,18th Street West | 4th Avenue West,residential | tertiary,2,B,86,high,highest visibility corner,higher-order to neighbourhood connector; multiple street-front exposures,3,Day 11,visit when nearby; flyer first
162,B,116,-80950609:44572059,44.5720588,-80.9506088,13th Street West | 4th Avenue West,residential | tertiary,2,B,86,high,highest visibility corner,higher-order to neighbourhood connector; multiple street-front exposures,3,Day 11,visit when nearby; flyer first
163,B,116,-80950793:44587572,44.5875718,-80.9507927,24th Street West | 6th Avenue West,tertiary | residential,2,B,86,high,highest visibility corner,higher-order to neighbourhood connector; multiple street-front exposures,3,Day 11,visit when nearby; flyer first
164,B,116,-80950846:44573127,44.5731268,-80.9508459,4th Avenue West | 13th Street A West,tertiary | residential,2,B,86,high,highest visibility corner,higher-order to neighbourhood connector; multiple street-front exposures,3,Day 11,visit when nearby; flyer first
165,B,116,-80950879:44577744,44.5777442,-80.950879,4th Avenue West | 17th Street West,tertiary | residential,2,B,86,high,highest visibility corner,higher-order to neighbourhood connector; multiple street-front exposures,3,Day 11,visit when nearby; flyer first
166,B,116,-80951038:44564884,44.5648838,-80.9510379,9th Street West | 5th Avenue West,tertiary | residential,2,B,86,high,highest visibility corner,higher-order to neighbourhood connector; multiple street-front exposures,3,Day 12,visit when nearby; flyer first
167,B,116,-80951298:44576497,44.5764973,-80.9512984,4th Avenue West | 16th Street West,tertiary | residential,2,B,86,high,highest visibility corner,higher-order to neighbourhood connector; multiple street-front exposures,3,Day 12,visit when nearby; flyer first
168,B,116,-80952844:44573903,44.5739028,-80.9528439,Alpha Street | 14th Street West,tertiary | residential,2,B,86,high,highest visibility corner,higher-order to neighbourhood connector; multiple street-front exposures,3,Day 12,visit when nearby; flyer first
169,B,116,-80953056:44564655,44.5646551,-80.9530555,9th Street West | 6th Avenue West,tertiary | residential,2,B,86,high,highest visibility corner,higher-order to neighbourhood connector; multiple street-front exposures,3,Day 12,visit when nearby; flyer first
170,B,116,-80954158:44572811,44.5728107,-80.9541581,13th Street A West | Alpha Street,residential | tertiary,2,B,86,high,highest visibility corner,higher-order to neighbourhood connector; multiple street-front exposures,3,Day 12,visit when nearby; flyer first
171,C,116,-80954779:44572287,44.5722866,-80.9547795,Alpha Street | 6th Avenue West,tertiary | residential,2,B,86,high,highest visibility corner,higher-order to neighbourhood connector; multiple street-front exposures,4,Day 12,flyer-only / later saturation
172,C,116,-80954977:44564445,44.5644454,-80.9549775,9th Street West | 7th Avenue West,tertiary | residential,2,B,86,high,highest visibility corner,higher-order to neighbourhood connector; multiple street-front exposures,4,Day 12,flyer-only / later saturation
173,C,116,-80955667:44571584,44.5715844,-80.9556665,6th Avenue West | Alpha Street,residential | tertiary,2,B,86,high,highest visibility corner,higher-order to neighbourhood connector; multiple street-front exposures,4,Day 12,flyer-only / later saturation
174,C,116,-80957245:44570257,44.5702568,-80.957245,Alpha Street | 7th Avenue A West,tertiary | residential,2,B,86,high,highest visibility corner,higher-order to neighbourhood connector; multiple street-front exposures,4,Day 12,flyer-only / later saturation
175,C,116,-80957754:44569822,44.5698223,-80.9577543,12th Street West | Alpha Street,residential | tertiary,2,B,86,high,highest visibility corner,higher-order to neighbourhood connector; multiple street-front exposures,4,Day 12,flyer-only / later saturation
176,C,116,-80957879:44569716,44.5697158,-80.9578791,Alpha Street | 8th Avenue West,tertiary | residential,2,B,86,high,highest visibility corner,higher-order to neighbourhood connector; multiple street-front exposures,4,Day 12,flyer-only / later saturation
177,C,116,-80959735:44568155,44.5681552,-80.9597354,9th Avenue W | Alpha Street,residential | tertiary,2,B,86,high,highest visibility corner,higher-order to neighbourhood connector; multiple street-front exposures,4,Day 12,flyer-only / later saturation
178,C,116,-80960282:44567676,44.5676762,-80.9602819,Alpha Street | 11th Street West,tertiary | residential,2,B,86,high,highest visibility corner,higher-order to neighbourhood connector; multiple street-front exposures,4,Day 12,flyer-only / later saturation
179,C,110,-80928417:44569410,44.5694102,-80.9284175,10th Street East | 9th Avenue East,primary,2,A,100,high,highest visibility corner,multiple street-front exposures,4,Day 12,flyer-only / later saturation
180,C,110,-80928439:44569505,44.5695046,-80.9284395,10th Street East | 9th Avenue East,primary,2,A,100,high,highest visibility corner,multiple street-front exposures,4,Day 12,flyer-only / later saturation
181,C,105,-80913476:44608410,44.6084104,-80.9134758,East Bayshore Road | Grey Road 15,secondary,2,A,95,high,highest visibility corner,multiple street-front exposures,4,Day 13,flyer-only / later saturation
182,C,105,-80924141:44592252,44.592252,-80.924141,East Bay Shore Road | 3rd Avenue East,secondary,2,A,95,high,highest visibility corner,multiple street-front exposures,4,Day 13,flyer-only / later saturation
183,C,105,-80947275:44583532,44.5835319,-80.9472745,3rd Avenue West | Eddy Sargeant Parkway,secondary,2,A,95,high,highest visibility corner,multiple street-front exposures,4,Day 13,flyer-only / later saturation
184,C,103,-80915410:44570903,44.570903,-80.9154099,16th Avenue East | 18th Avenue East,tertiary,3,A,93,high,highest visibility corner,multiple street-front exposures,4,Day 13,flyer-only / later saturation
185,C,93,-80920490:44594081,44.594081,-80.9204901,3rd Avenue East | 28th Street East,tertiary,2,B,83,high,highest visibility corner,multiple street-front exposures,4,Day 13,flyer-only / later saturation
186,C,93,-80942407:44563943,44.5639429,-80.9424071,2nd Avenue East | 8th Street East,tertiary,2,B,83,high,highest visibility corner,multiple street-front exposures,4,Day 13,flyer-only / later saturation
187,C,93,-80942832:44565833,44.5658331,-80.9428321,9th Street East | 2nd Avenue East,tertiary,2,B,83,high,highest visibility corner,multiple street-front exposures,4,Day 13,flyer-only / later saturation
188,C,93,-80944101:44563754,44.5637536,-80.9441008,8th Street East | 8th Street West,tertiary,2,B,83,high,highest visibility corner,multiple street-front exposures,4,Day 13,flyer-only / later saturation
189,C,93,-80944179:44565671,44.5656706,-80.9441792,9th Street West | 9th Street W,tertiary,2,B,83,high,highest visibility corner,multiple street-front exposures,4,Day 13,flyer-only / later saturation
190,C,93,-80945702:44565497,44.5654965,-80.9457016,9th Street West | 2nd Avenue West,tertiary,2,B,83,high,highest visibility corner,multiple street-front exposures,4,Day 13,flyer-only / later saturation
191,C,93,-80947953:44587022,44.5870219,-80.9479534,4th Avenue West | 24th Street West,tertiary,2,B,83,high,highest visibility corner,multiple street-front exposures,4,Day 13,flyer-only / later saturation
192,C,93,-80951069:44574092,44.5740922,-80.9510693,4th Avenue West | 14th Street West,tertiary,2,B,83,high,highest visibility corner,multiple street-front exposures,4,Day 13,flyer-only / later saturation
193,C,93,-80959010:44564031,44.5640312,-80.9590099,9th Street West | 8th Avenue West,tertiary,2,B,83,high,highest visibility corner,multiple street-front exposures,4,Day 13,flyer-only / later saturation
194,C,58,-80891869:44562183,44.5621827,-80.8918694,28th Avenue East | 10th Concession South | Superior Street,unclassified | residential,3,B,78,high,neighbourhood connector corner,multiple street-front exposures; mostly local-street exposure,4,Day 13,flyer-only / later saturation
195,C,55,-80898978:44593122,44.5931224,-80.8989781,28th Avenue East | 21 Sideroad | 26th Street East,unclassified,3,C,75,medium,neighbourhood connector corner,multiple street-front exposures; mostly local-street exposure,4,Day 13,flyer-only / later saturation
196,C,55,-80941950:44572396,44.5723955,-80.9419503,12th Street East | 1st Avenue East | 13th Street East,unclassified,3,C,75,medium,neighbourhood connector corner,multiple street-front exposures; mostly local-street exposure,4,Day 14,flyer-only / later saturation
197,C,55,-80920552:44592851,44.5928508,-80.9205523,7th Avenue East | 27th Street East | 8th Avenue A East,residential,3,C,75,medium,neighbourhood connector corner,multiple street-front exposures; mostly local-street exposure,4,Day 14,flyer-only / later saturation
198,C,55,-80925857:44571302,44.5713024,-80.9258572,10th Avenue East | 12th Street East | 15th a Street East,residential,3,C,75,medium,neighbourhood connector corner,multiple street-front exposures; mostly local-street exposure,4,Day 14,flyer-only / later saturation
199,C,55,-80926161:44571735,44.5717345,-80.9261606,15th Street A East | 15th a Street East | 15th Street B East,residential,3,C,75,medium,neighbourhood connector corner,multiple street-front exposures; mostly local-street exposure,4,Day 14,flyer-only / later saturation
200,C,55,-80942972:44558786,44.5587864,-80.942972,5th Street East | 5th Street A East | Sydenham Crescent,residential,3,C,75,medium,neighbourhood connector corner,multiple street-front exposures; mostly local-street exposure,4,Day 14,flyer-only / later saturation
201,C,55,-80949944:44557331,44.5573309,-80.9499438,4th Street A West | 5th Street West | 5th Avenue West,residential,3,C,75,medium,neighbourhood connector corner,multiple street-front exposures; mostly local-street exposure,4,Day 14,flyer-only / later saturation
202,C,55,-80952844:44571811,44.5718107,-80.9528444,5th Avenue W | 13th Street West | 5th Avenue West,residential,3,C,75,medium,neighbourhood connector corner,multiple street-front exposures; mostly local-street exposure,4,Day 14,flyer-only / later saturation
203,C,17,-80922934:44572534,44.5725338,-80.9229337,15th Street B East | 12th Avenue East,residential | unclassified,2,D,62,medium,local residential corner,multiple street-front exposures; mostly local-street exposure,4,Day 14,flyer-only / later saturation
204,C,17,-80936886:44577131,44.5771308,-80.9368861,17th Street East | 2nd Avenue East,unclassified | residential,2,D,62,medium,local residential corner,multiple street-front exposures; mostly local-street exposure,4,Day 14,flyer-only / later saturation
205,C,17,-80938309:44575334,44.575334,-80.9383087,14th Street East | 2nd Avenue East,residential | unclassified,2,D,62,medium,local residential corner,multiple street-front exposures; mostly local-street exposure,4,Day 14,flyer-only / later saturation
206,C,17,-80939131:44566263,44.5662627,-80.939131,9th Street East | 4th Avenue East,unclassified | residential,2,D,62,medium,local residential corner,multiple street-front exposures; mostly local-street exposure,4,Day 14,flyer-only / later saturation
207,C,17,-80939431:44573615,44.5736151,-80.9394315,13th Street East | 2nd Avenue East,residential | unclassified,2,D,62,medium,local residential corner,multiple street-front exposures; mostly local-street exposure,4,Day 14,flyer-only / later saturation
208,C,17,-80940566:44571928,44.5719278,-80.9405663,12th Street East | 2nd Avenue East,unclassified | residential,2,D,62,medium,local residential corner,multiple street-front exposures; mostly local-street exposure,4,Day 14,flyer-only / later saturation
209,C,17,-80942975:44561983,44.5619827,-80.9429745,1st Avenue East | 7th Street East,unclassified | residential,2,D,62,medium,local residential corner,multiple street-front exposures; mostly local-street exposure,4,Day 14,flyer-only / later saturation
210,C,17,-80944682:44569424,44.5694241,-80.9446818,1st Avenue West | 11th Street West,unclassified | residential,2,D,62,medium,local residential corner,multiple street-front exposures; mostly local-street exposure,4,Day 14,flyer-only / later saturation
211,C,17,-80945227:44571757,44.5717565,-80.9452274,1st Avenue West | 12th Street West,residential | unclassified,2,D,62,medium,local residential corner,multiple street-front exposures; mostly local-street exposure,4,Day 15,flyer-only / later saturation
212,C,17,-80945495:44573040,44.5730397,-80.9454954,1st Avenue West | 14th Street West,residential | unclassified,2,D,62,medium,local residential corner,multiple street-front exposures; mostly local-street exposure,4,Day 15,flyer-only / later saturation
213,C,14,-80900857:44601367,44.6013669,-80.9008574,28th Avenue East | 28th Avenue East / Tom Thomson Trail,unclassified,2,D,59,medium,local residential corner,multiple street-front exposures; mostly local-street exposure,4,Day 15,flyer-only / later saturation
214,C,14,-80900867:44601410,44.6014104,-80.9008673,32nd Street East | 28th Avenue East / Tom Thomson Trail,unclassified,2,D,59,medium,local residential corner,multiple street-front exposures; mostly local-street exposure,4,Day 15,flyer-only / later saturation
215,C,14,-80907990:44577120,44.5771198,-80.9079905,17th Street East | 20th Avenue East,unclassified,2,D,59,medium,local residential corner,multiple street-front exposures; mostly local-street exposure,4,Day 15,flyer-only / later saturation
216,C,14,-80913383:44576504,44.5765036,-80.9133834,17th Street East | 18th Avenue East,unclassified,2,D,59,medium,local residential corner,multiple street-front exposures; mostly local-street exposure,4,Day 15,flyer-only / later saturation
217,C,14,-80913870:44586688,44.5866884,-80.9138698,23rd Street East | 18th Avenue East,unclassified,2,D,59,medium,local residential corner,multiple street-front exposures; mostly local-street exposure,4,Day 15,flyer-only / later saturation
218,C,14,-80915623:44600856,44.6008555,-80.9156234,9th Avenue East | 32nd Street East,unclassified,2,D,59,medium,local residential corner,multiple street-front exposures; mostly local-street exposure,4,Day 15,flyer-only / later saturation
219,C,14,-80916108:44599603,44.5996028,-80.9161077,9th Avenue East | 32nd Street East,unclassified,2,D,59,medium,local residential corner,multiple street-front exposures; mostly local-street exposure,4,Day 15,flyer-only / later saturation
220,C,14,-80935307:44578546,44.5785462,-80.9353075,18th Street East | 2nd Avenue East,unclassified,2,D,59,medium,local residential corner,multiple street-front exposures; mostly local-street exposure,4,Day 15,flyer-only / later saturation
221,C,14,-80939830:44573007,44.5730069,-80.9398296,2nd Avenue East | 2nd Avenue E R,unclassified,2,D,59,medium,local residential corner,multiple street-front exposures; mostly local-street exposure,4,Day 15,flyer-only / later saturation
222,C,14,-80941707:44570196,44.5701963,-80.9417067,11th Street East | 2nd Avenue East,unclassified,2,D,59,medium,local residential corner,multiple street-front exposures; mostly local-street exposure,4,Day 15,flyer-only / later saturation
223,C,14,-80943054:44570804,44.5708039,-80.9430539,1st Avenue East | 17th Street East,unclassified,2,D,59,medium,local residential corner,multiple street-front exposures; mostly local-street exposure,4,Day 15,flyer-only / later saturation
224,C,14,-80943132:44570691,44.5706907,-80.9431319,1st Avenue East | 11th Street East,unclassified,2,D,59,medium,local residential corner,multiple street-front exposures; mostly local-street exposure,4,Day 15,flyer-only / later saturation
225,C,14,-80897479:44574596,44.5745958,-80.8974786,15th Street East | 27th Avenue East,residential,2,D,59,medium,local residential corner,multiple street-front exposures; mostly local-street exposure,4,Day 15,flyer-only / later saturation
226,C,14,-80898034:44578251,44.578251,-80.8980339,27th Avenue East | 17th Street East,residential,2,D,59,medium,local residential corner,multiple street-front exposures; mostly local-street exposure,4,Day 16,flyer-only / later saturation
227,C,14,-80898552:44580344,44.5803439,-80.8985517,18th Street East | 27th Avenue East,residential,2,D,59,medium,local residential corner,multiple street-front exposures; mostly local-street exposure,4,Day 16,flyer-only / later saturation
228,C,14,-80918847:44572552,44.5725521,-80.9188471,14th Street East | 15th Avenue East,residential,2,D,59,medium,local residential corner,multiple street-front exposures; mostly local-street exposure,4,Day 16,flyer-only / later saturation
229,C,14,-80919265:44570980,44.57098,-80.9192655,14th Ave A East | 11th Street East,residential,2,D,59,medium,local residential corner,multiple street-front exposures; mostly local-street exposure,4,Day 16,flyer-only / later saturation
230,C,14,-80919612:44572335,44.5723346,-80.9196118,14th Street East | 14th Ave A East,residential,2,D,59,medium,local residential corner,multiple street-front exposures; mostly local-street exposure,4,Day 16,flyer-only / later saturation
231,C,14,-80920467:44590931,44.5909311,-80.9204675,26th Street East | 8th Avenue A East,residential,2,D,59,medium,local residential corner,multiple street-front exposures; mostly local-street exposure,4,Day 16,flyer-only / later saturation
232,C,14,-80920469:44572250,44.5722499,-80.920469,14th Avenue East | 14th Street East,residential,2,D,59,medium,local residential corner,multiple street-front exposures; mostly local-street exposure,4,Day 16,flyer-only / later saturation
233,C,14,-80920587:44584429,44.5844285,-80.9205869,10th Avenue East | 22nd Street East,residential,2,D,59,medium,local residential corner,multiple street-front exposures; mostly local-street exposure,4,Day 16,flyer-only / later saturation
234,C,14,-80920602:44572806,44.5728058,-80.9206017,15th Street B East | 14th Avenue East,residential,2,D,59,medium,local residential corner,multiple street-front exposures; mostly local-street exposure,4,Day 16,flyer-only / later saturation
235,C,14,-80920712:44584967,44.5849665,-80.920712,22nd Street A East | 10th Avenue East,residential,2,D,59,medium,local residential corner,multiple street-front exposures; mostly local-street exposure,4,Day 16,flyer-only / later saturation
236,C,14,-80920738:44590164,44.5901638,-80.9207377,25th Street A East | 8th Avenue A East,residential,2,D,59,medium,local residential corner,multiple street-front exposures; mostly local-street exposure,4,Day 16,flyer-only / later saturation
237,C,14,-80920861:44585642,44.5856415,-80.9208606,22nd Street B East | 10th Avenue East,residential,2,D,59,medium,local residential corner,multiple street-front exposures; mostly local-street exposure,4,Day 16,flyer-only / later saturation
238,C,14,-80920967:44569887,44.5698872,-80.9209665,Lamson Crescent | Lila Road,residential,2,D,59,medium,local residential corner,multiple street-front exposures; mostly local-street exposure,4,Day 16,flyer-only / later saturation
239,C,14,-80921237:44588997,44.5889974,-80.9212371,25th Street East | 8th Avenue A East,residential,2,D,59,medium,local residential corner,multiple street-front exposures; mostly local-street exposure,4,Day 16,flyer-only / later saturation
240,C,14,-80921245:44568969,44.5689686,-80.9212446,Laurie Crescent | Lamson Crescent,residential,2,D,59,medium,local residential corner,multiple street-front exposures; mostly local-street exposure,4,Day 16,flyer-only / later saturation
241,C,14,-80921374:44570849,44.5708493,-80.9213742,13th Avenue East | 11th Street East,residential,2,D,59,medium,local residential corner,multiple street-front exposures; mostly local-street exposure,4,Day 17,flyer-only / later saturation
242,C,14,-80921654:44592156,44.5921556,-80.9216543,7th Avenue East | 8th Avenue East,residential,2,D,59,medium,local residential corner,multiple street-front exposures; mostly local-street exposure,4,Day 17,flyer-only / later saturation
243,C,14,-80921663:44568933,44.5689331,-80.9216634,Lamson Crescent | Laurie Crescent,residential,2,D,59,medium,local residential corner,multiple street-front exposures; mostly local-street exposure,4,Day 17,flyer-only / later saturation
244,C,14,-80921812:44572677,44.5726771,-80.9218125,15th Street B East | 13th Avenue East,residential,2,D,59,medium,local residential corner,multiple street-front exposures; mostly local-street exposure,4,Day 17,flyer-only / later saturation
245,C,14,-80921832:44569787,44.5697865,-80.9218317,Lamson Crescent | Lila Road,residential,2,D,59,medium,local residential corner,multiple street-front exposures; mostly local-street exposure,4,Day 17,flyer-only / later saturation
246,C,14,-80922017:44589938,44.5899379,-80.9220172,7th Avenue East | 8th Avenue East,residential,2,D,59,medium,local residential corner,multiple street-front exposures; mostly local-street exposure,4,Day 17,flyer-only / later saturation
247,C,14,-80922293:44589203,44.5892028,-80.9222932,25th Street East | 8th Avenue East,residential,2,D,59,medium,local residential corner,multiple street-front exposures; mostly local-street exposure,4,Day 17,flyer-only / later saturation
248,C,14,-80922420:44570733,44.570733,-80.9224197,11th Street East | 12th Avenue East,residential,2,D,59,medium,local residential corner,multiple street-front exposures; mostly local-street exposure,4,Day 17,flyer-only / later saturation
249,C,14,-80922670:44571732,44.5717324,-80.9226702,12th Street East | 12th Avenue East,residential,2,D,59,medium,local residential corner,multiple street-front exposures; mostly local-street exposure,4,Day 17,flyer-only / later saturation
250,C,14,-80923734:44586666,44.5866658,-80.923734,8th Avenue East | 23rd Street East,residential,2,D,59,medium,local residential corner,multiple street-front exposures; mostly local-street exposure,4,Day 17,flyer-only / later saturation
251,C,14,-80923969:44570797,44.570797,-80.9239687,11th Street East | 11th Avenue East,residential,2,D,59,medium,local residential corner,multiple street-front exposures; mostly local-street exposure,4,Day 17,flyer-only / later saturation
252,C,14,-80924131:44571571,44.5715714,-80.9241314,12th Street East | 11th Avenue East,residential,2,D,59,medium,local residential corner,multiple street-front exposures; mostly local-street exposure,4,Day 17,flyer-only / later saturation
253,C,14,-80924624:44584487,44.5844872,-80.9246245,8th Avenue East | 21st Street A East,residential,2,D,59,medium,local residential corner,multiple street-front exposures; mostly local-street exposure,4,Day 17,flyer-only / later saturation
254,C,14,-80925023:44583500,44.5835004,-80.9250229,8th Avenue East | 21st Street East,residential,2,D,59,medium,local residential corner,multiple street-front exposures; mostly local-street exposure,4,Day 17,flyer-only / later saturation
255,C,14,-80925726:44581644,44.5816436,-80.9257256,8th Avenue East | 20th Street East,residential,2,D,59,medium,local residential corner,multiple street-front exposures; mostly local-street exposure,4,Day 17,flyer-only / later saturation
256,C,14,-80925727:44567789,44.5677893,-80.9257267,9th Avenue A East | 9th Street East,residential,2,D,59,medium,local residential corner,multiple street-front exposures; mostly local-street exposure,4,Day 18,flyer-only / later saturation
257,C,14,-80926414:44579825,44.5798248,-80.9264137,8th Avenue East | 19th Street East,residential,2,D,59,medium,local residential corner,multiple street-front exposures; mostly local-street exposure,4,Day 18,flyer-only / later saturation
258,C,14,-80926425:44570691,44.5706906,-80.9264247,10th Avenue East | 11th Street East,residential,2,D,59,medium,local residential corner,multiple street-front exposures; mostly local-street exposure,4,Day 18,flyer-only / later saturation
259,C,14,-80926660:44583808,44.5838075,-80.9266601,7th Avenue East | 21st Street East,residential,2,D,59,medium,local residential corner,multiple street-front exposures; mostly local-street exposure,4,Day 18,flyer-only / later saturation
260,C,14,-80927186:44577913,44.5779133,-80.9271856,8th Avenue East | 18th Street East,residential,2,D,59,medium,local residential corner,multiple street-front exposures; mostly local-street exposure,4,Day 18,flyer-only / later saturation
261,C,14,-80927422:44581992,44.5819917,-80.9274222,7th Avenue East | 20th Street East,residential,2,D,59,medium,local residential corner,multiple street-front exposures; mostly local-street exposure,4,Day 18,flyer-only / later saturation
262,C,14,-80927486:44557971,44.5579706,-80.9274858,8th Avenue A East | 4th Street East,residential,2,D,59,medium,local residential corner,multiple street-front exposures; mostly local-street exposure,4,Day 18,flyer-only / later saturation
263,C,14,-80927904:44576030,44.5760298,-80.9279044,8th Avenue East | 17th Street East,residential,2,D,59,medium,local residential corner,multiple street-front exposures; mostly local-street exposure,4,Day 18,flyer-only / later saturation
264,C,14,-80928127:44580155,44.5801546,-80.9281272,7th Avenue East | 19th Street East,residential,2,D,59,medium,local residential corner,multiple street-front exposures; mostly local-street exposure,4,Day 18,flyer-only / later saturation
265,C,14,-80928582:44574197,44.5741973,-80.9285823,16th Street East | 8th Avenue East,residential,2,D,59,medium,local residential corner,multiple street-front exposures; mostly local-street exposure,4,Day 18,flyer-only / later saturation
266,C,14,-80928621:44557840,44.5578396,-80.928621,4th Street East | 8th Avenue A East,residential,2,D,59,medium,local residential corner,multiple street-front exposures; mostly local-street exposure,4,Day 18,flyer-only / later saturation
267,C,14,-80928648:44554937,44.5549374,-80.9286479,2nd Street A East | 8th Avenue A East,residential,2,D,59,medium,local residential corner,multiple street-front exposures; mostly local-street exposure,4,Day 18,flyer-only / later saturation
268,C,14,-80928848:44578270,44.5782704,-80.9288476,18th Street East | 7th Avenue East,residential,2,D,59,medium,local residential corner,multiple street-front exposures; mostly local-street exposure,4,Day 18,flyer-only / later saturation
269,C,14,-80928934:44562555,44.5625553,-80.9289339,6th Street A East | 8th Avenue East,residential,2,D,59,medium,local residential corner,multiple street-front exposures; mostly local-street exposure,4,Day 18,flyer-only / later saturation
270,C,14,-80929003:44567385,44.5673848,-80.9290028,8th Avenue A East | 9th Street East,residential,2,D,59,medium,local residential corner,multiple street-front exposures; mostly local-street exposure,4,Day 18,flyer-only / later saturation
271,C,14,-80929152:44563520,44.5635204,-80.9291522,7th Street East | 8th Avenue East,residential,2,D,59,medium,local residential corner,multiple street-front exposures; mostly local-street exposure,4,Day 19,flyer-only / later saturation
272,C,14,-80929157:44582335,44.5823349,-80.9291574,6th Avenue East | 20th Street East,residential,2,D,59,medium,local residential corner,multiple street-front exposures; mostly local-street exposure,4,Day 19,flyer-only / later saturation
273,C,14,-80929312:44572347,44.5723466,-80.9293124,8th Avenue East | 15th Street A East,residential,2,D,59,medium,local residential corner,multiple street-front exposures; mostly local-street exposure,4,Day 19,flyer-only / later saturation
274,C,14,-80929347:44564358,44.5643579,-80.9293473,8th Avenue East | 7th Street A East,residential,2,D,59,medium,local residential corner,multiple street-front exposures; mostly local-street exposure,4,Day 19,flyer-only / later saturation
275,C,14,-80929579:44576374,44.5763735,-80.9295792,17th Street East | 7th Avenue East,residential,2,D,59,medium,local residential corner,multiple street-front exposures; mostly local-street exposure,4,Day 19,flyer-only / later saturation
276,C,14,-80929610:44550607,44.550607,-80.92961,7th Avenue East | 1st Street East,residential,2,D,59,medium,local residential corner,multiple street-front exposures; mostly local-street exposure,4,Day 19,flyer-only / later saturation
277,C,14,-80929635:44559351,44.5593506,-80.9296353,8th Avenue A East | 8th Avenue East,residential,2,D,59,medium,local residential corner,multiple street-front exposures; mostly local-street exposure,4,Day 19,flyer-only / later saturation
278,C,14,-80929778:44560052,44.5600519,-80.9297778,8th Avenue A East | 5th Street East,residential,2,D,59,medium,local residential corner,multiple street-front exposures; mostly local-street exposure,4,Day 19,flyer-only / later saturation
279,C,14,-80929842:44557714,44.5577143,-80.9298423,4th Street East | 8th Avenue East,residential,2,D,59,medium,local residential corner,multiple street-front exposures; mostly local-street exposure,4,Day 19,flyer-only / later saturation
280,C,14,-80929884:44580498,44.5804978,-80.9298839,6th Avenue East | 19th Street East,residential,2,D,59,medium,local residential corner,multiple street-front exposures; mostly local-street exposure,4,Day 19,flyer-only / later saturation
281,C,14,-80930031:44567311,44.5673111,-80.9300312,8th Avenue East | 9th Street East,residential,2,D,59,medium,local residential corner,multiple street-front exposures; mostly local-street exposure,4,Day 19,flyer-only / later saturation
282,C,14,-80930071:44553383,44.5533831,-80.930071,7th Avenue East | 2nd Street East,residential,2,D,59,medium,local residential corner,multiple street-front exposures; mostly local-street exposure,4,Day 19,flyer-only / later saturation
283,C,14,-80930085:44558507,44.5585067,-80.9300852,8th Avenue East | 8th Avenue A East,residential,2,D,59,medium,local residential corner,multiple street-front exposures; mostly local-street exposure,4,Day 19,flyer-only / later saturation
284,C,14,-80930265:44568358,44.5683576,-80.9302653,8th Avenue East | 9th Street A East,residential,2,D,59,medium,local residential corner,multiple street-front exposures; mostly local-street exposure,4,Day 19,flyer-only / later saturation
285,C,14,-80930285:44574537,44.5745368,-80.9302849,16th Street East | 7th Avenue East,residential,2,D,59,medium,local residential corner,multiple street-front exposures; mostly local-street exposure,4,Day 19,flyer-only / later saturation
286,C,14,-80930285:44579435,44.5794345,-80.9302851,6th Avenue East | 18th Street A East,residential,2,D,59,medium,local residential corner,multiple street-front exposures; mostly local-street exposure,4,Day 20,flyer-only / later saturation
287,C,14,-80930304:44571334,44.5713341,-80.9303044,15th Street East | 8th Avenue East,residential,2,D,59,medium,local residential corner,multiple street-front exposures; mostly local-street exposure,4,Day 20,flyer-only / later saturation
288,C,14,-80930379:44554757,44.5547568,-80.9303795,7th Avenue East | 2nd Street A East,residential,2,D,59,medium,local residential corner,multiple street-front exposures; mostly local-street exposure,4,Day 20,flyer-only / later saturation
289,C,14,-80930576:44578603,44.5786032,-80.9305759,6th Avenue East | 18th Street East,residential,2,D,59,medium,local residential corner,multiple street-front exposures; mostly local-street exposure,4,Day 20,flyer-only / later saturation
290,C,14,-80930645:44555934,44.5559338,-80.9306453,7th Avenue East | 3rd Street East,residential,2,D,59,medium,local residential corner,multiple street-front exposures; mostly local-street exposure,4,Day 20,flyer-only / later saturation
291,C,14,-80930831:44582668,44.5826682,-80.9308308,20th Street East | 5th Avenue East,residential,2,D,59,medium,local residential corner,multiple street-front exposures; mostly local-street exposure,4,Day 20,flyer-only / later saturation
292,C,14,-80931031:44557592,44.5575917,-80.9310309,4th Street East | 7th Avenue East,residential,2,D,59,medium,local residential corner,multiple street-front exposures; mostly local-street exposure,4,Day 20,flyer-only / later saturation
293,C,14,-80931214:44558317,44.5583167,-80.9312144,7th Avenue East | 4th Street A East,residential,2,D,59,medium,local residential corner,multiple street-front exposures; mostly local-street exposure,4,Day 20,flyer-only / later saturation
294,C,14,-80931309:44576713,44.5767131,-80.9313087,6th Avenue East | 17th Street East,residential,2,D,59,medium,local residential corner,multiple street-front exposures; mostly local-street exposure,4,Day 20,flyer-only / later saturation
295,C,14,-80931381:44553241,44.5532405,-80.9313812,6th Avenue East | 2nd Street East,residential,2,D,59,medium,local residential corner,multiple street-front exposures; mostly local-street exposure,4,Day 20,flyer-only / later saturation
296,C,14,-80931549:44559822,44.5598221,-80.9315495,5th Street East | 7th Avenue East,residential,2,D,59,medium,local residential corner,multiple street-front exposures; mostly local-street exposure,4,Day 20,flyer-only / later saturation
297,C,14,-80931554:44580847,44.5808472,-80.9315538,19th Street East | 5th Avenue East,residential,2,D,59,medium,local residential corner,multiple street-front exposures; mostly local-street exposure,4,Day 20,flyer-only / later saturation
298,C,14,-80931589:44562253,44.5622533,-80.9315886,7th Avenue East | 6th Street A East,residential,2,D,59,medium,local residential corner,multiple street-front exposures; mostly local-street exposure,4,Day 20,flyer-only / later saturation
299,C,14,-80931617:44560116,44.5601164,-80.931617,7th Avenue East | 5th Street East,residential,2,D,59,medium,local residential corner,multiple street-front exposures; mostly local-street exposure,4,Day 20,flyer-only / later saturation
300,C,14,-80931706:44572424,44.5724235,-80.9317055,15th Street East | 7th Avenue East,residential,2,D,59,medium,local residential corner,multiple street-front exposures; mostly local-street exposure,4,Day 20,flyer-only / later saturation
301,C,14,-80931791:44563208,44.5632082,-80.9317908,7th Street East | 7th Avenue East,residential,2,D,59,medium,local residential corner,multiple street-front exposures; mostly local-street exposure,4,Day 21,flyer-only / later saturation
302,C,14,-80931975:44579761,44.5797606,-80.9319746,5th Avenue East | 18th Street A East,residential,2,D,59,medium,local residential corner,multiple street-front exposures; mostly local-street exposure,4,Day 21,flyer-only / later saturation
303,C,14,-80931979:44564043,44.5640431,-80.9319787,7th Avenue East | 7th Street A East,residential,2,D,59,medium,local residential corner,multiple street-front exposures; mostly local-street exposure,4,Day 21,flyer-only / later saturation
304,C,14,-80932026:44574890,44.5748895,-80.9320258,16th Street East | 6th Avenue East,residential,2,D,59,medium,local residential corner,multiple street-front exposures; mostly local-street exposure,4,Day 21,flyer-only / later saturation
305,C,14,-80932238:44557459,44.5574594,-80.9322385,4th Street East | 6th Avenue East,residential,2,D,59,medium,local residential corner,multiple street-front exposures; mostly local-street exposure,4,Day 21,flyer-only / later saturation
306,C,14,-80932287:44578937,44.578937,-80.9322874,5th Avenue East | 18th Street East,residential,2,D,59,medium,local residential corner,multiple street-front exposures; mostly local-street exposure,4,Day 21,flyer-only / later saturation
307,C,14,-80932424:44566079,44.5660792,-80.9324238,7th Avenue East | 8th Street A East,residential,2,D,59,medium,local residential corner,multiple street-front exposures; mostly local-street exposure,4,Day 21,flyer-only / later saturation
308,C,14,-80932641:44567025,44.5670247,-80.9326408,9th Street East | 7th Avenue East,residential,2,D,59,medium,local residential corner,multiple street-front exposures; mostly local-street exposure,4,Day 21,flyer-only / later saturation
309,C,14,-80932883:44550871,44.5508708,-80.9328831,5th Avenue East | 1st Street East,residential,2,D,59,medium,local residential corner,multiple street-front exposures; mostly local-street exposure,4,Day 21,flyer-only / later saturation
310,C,14,-80932885:44568068,44.5680678,-80.9328851,9th Street A East | 7th Avenue East,residential,2,D,59,medium,local residential corner,multiple street-front exposures; mostly local-street exposure,4,Day 21,flyer-only / later saturation
311,C,14,-80932986:44577048,44.5770479,-80.9329863,5th Avenue East | 17th Street East,residential,2,D,59,medium,local residential corner,multiple street-front exposures; mostly local-street exposure,4,Day 21,flyer-only / later saturation
312,C,14,-80933103:44573535,44.5735352,-80.9331033,15th Street East | 6th Avenue East,residential,2,D,59,medium,local residential corner,multiple street-front exposures; mostly local-street exposure,4,Day 21,flyer-only / later saturation
313,C,14,-80933309:44557342,44.5573421,-80.9333094,4th Street East | 6th Avenue East,residential,2,D,59,medium,local residential corner,multiple street-front exposures; mostly local-street exposure,4,Day 21,flyer-only / later saturation
314,C,14,-80933482:44558062,44.5580621,-80.9334821,6th Avenue East | 4th Street A East,residential,2,D,59,medium,local residential corner,multiple street-front exposures; mostly local-street exposure,4,Day 21,flyer-only / later saturation
315,C,14,-80933630:44575231,44.5752308,-80.9336298,16th Street East | 5th Avenue East,residential,2,D,59,medium,local residential corner,multiple street-front exposures; mostly local-street exposure,4,Day 21,flyer-only / later saturation
316,C,14,-80933877:44559432,44.5594319,-80.9338773,5th Street East | 6th Avenue East,residential,2,D,59,medium,local residential corner,multiple street-front exposures; mostly local-street exposure,4,Day 22,flyer-only / later saturation
317,C,14,-80933960:44566881,44.5668806,-80.9339598,9th Street East | 6th Avenue East,residential,2,D,59,medium,local residential corner,multiple street-front exposures; mostly local-street exposure,4,Day 22,flyer-only / later saturation
318,C,14,-80934644:44576420,44.5764197,-80.934644,4th Avenue East | 17th Street East,residential,2,D,59,medium,local residential corner,multiple street-front exposures; mostly local-street exposure,4,Day 22,flyer-only / later saturation
319,C,14,-80934935:44575697,44.5756969,-80.9349352,16th Street East | 4th Avenue East,residential,2,D,59,medium,local residential corner,multiple street-front exposures; mostly local-street exposure,4,Day 22,flyer-only / later saturation
320,C,14,-80935076:44565836,44.565836,-80.9350756,8th Avenue A East | 5th Avenue A East,residential,2,D,59,medium,local residential corner,multiple street-front exposures; mostly local-street exposure,4,Day 22,flyer-only / later saturation
321,C,14,-80935112:44575165,44.5751646,-80.9351119,4th Avenue East | 15th Street East,residential,2,D,59,medium,local residential corner,multiple street-front exposures; mostly local-street exposure,4,Day 22,flyer-only / later saturation
322,C,14,-80935242:44566704,44.5667037,-80.9352418,9th Street East | 5th Avenue A East,residential,2,D,59,medium,local residential corner,multiple street-front exposures; mostly local-street exposure,4,Day 22,flyer-only / later saturation
323,C,14,-80935476:44574424,44.5744238,-80.9354763,4th Avenue East | 14th Street East,residential,2,D,59,medium,local residential corner,multiple street-front exposures; mostly local-street exposure,4,Day 22,flyer-only / later saturation
324,C,14,-80936016:44565407,44.5654069,-80.9360161,5th Avenue A East | 8th Street A East,residential,2,D,59,medium,local residential corner,multiple street-front exposures; mostly local-street exposure,4,Day 22,flyer-only / later saturation
325,C,14,-80936036:44566616,44.5666155,-80.9360365,9th Street East | 5th Avenue A East,residential,2,D,59,medium,local residential corner,multiple street-front exposures; mostly local-street exposure,4,Day 22,flyer-only / later saturation
326,C,14,-80936054:44565694,44.5656938,-80.9360537,5th Avenue A East | 8th Avenue A East,residential,2,D,59,medium,local residential corner,multiple street-front exposures; mostly local-street exposure,4,Day 22,flyer-only / later saturation
327,C,14,-80936225:44556977,44.5569765,-80.9362254,4th Street East | 5th Avenue East,residential,2,D,59,medium,local residential corner,multiple street-front exposures; mostly local-street exposure,4,Day 22,flyer-only / later saturation
328,C,14,-80936464:44562701,44.5627008,-80.9364643,7th Street East | 5th Avenue East,residential,2,D,59,medium,local residential corner,multiple street-front exposures; mostly local-street exposure,4,Day 22,flyer-only / later saturation
329,C,14,-80936486:44568044,44.5680436,-80.9364862,5th Avenue A East | 9th Street A East,residential,2,D,59,medium,local residential corner,multiple street-front exposures; mostly local-street exposure,4,Day 22,flyer-only / later saturation
330,C,14,-80936611:44572659,44.5726593,-80.9366113,13th Street East | 4th Avenue East,residential,2,D,59,medium,local residential corner,multiple street-front exposures; mostly local-street exposure,4,Day 22,flyer-only / later saturation
331,C,14,-80936618:44558754,44.5587536,-80.9366178,5th Avenue East | 5th Street East,residential,2,D,59,medium,local residential corner,multiple street-front exposures; mostly local-street exposure,4,Day 23,flyer-only / later saturation
332,C,14,-80937019:44565284,44.5652838,-80.9370188,5th Avenue East | 8th Street A East,residential,2,D,59,medium,local residential corner,multiple street-front exposures; mostly local-street exposure,4,Day 23,flyer-only / later saturation
333,C,14,-80937044:44556896,44.5568959,-80.9370439,4th Street East | 4th Avenue East,residential,2,D,59,medium,local residential corner,multiple street-front exposures; mostly local-street exposure,4,Day 23,flyer-only / later saturation
334,C,14,-80937283:44566477,44.5664771,-80.9372834,5th Avenue East | 9th Street East,residential,2,D,59,medium,local residential corner,multiple street-front exposures; mostly local-street exposure,4,Day 23,flyer-only / later saturation
335,C,14,-80937418:44558668,44.5586679,-80.9374183,5th Street East | 4th Avenue East,residential,2,D,59,medium,local residential corner,multiple street-front exposures; mostly local-street exposure,4,Day 23,flyer-only / later saturation
336,C,14,-80937486:44558660,44.5586602,-80.9374859,5th Street East | 4th Avenue East,residential,2,D,59,medium,local residential corner,multiple street-front exposures; mostly local-street exposure,4,Day 23,flyer-only / later saturation
337,C,14,-80937626:44567955,44.5679549,-80.9376261,5th Avenue East | 9th Street A East,residential,2,D,59,medium,local residential corner,multiple street-front exposures; mostly local-street exposure,4,Day 23,flyer-only / later saturation
338,C,14,-80937729:44570965,44.5709653,-80.937729,4th Avenue East | 12th Street East,residential,2,D,59,medium,local residential corner,multiple street-front exposures; mostly local-street exposure,4,Day 23,flyer-only / later saturation
339,C,14,-80938268:44562473,44.562473,-80.9382684,4th Avenue East | 7th Street East,residential,2,D,59,medium,local residential corner,multiple street-front exposures; mostly local-street exposure,4,Day 23,flyer-only / later saturation
340,C,14,-80938768:44552337,44.5523371,-80.938768,3rd Avenue East | 2nd Street East,residential,2,D,59,medium,local residential corner,multiple street-front exposures; mostly local-street exposure,4,Day 23,flyer-only / later saturation
341,C,14,-80938863:44569232,44.5692315,-80.9388629,4th Avenue East | 11th Street East,residential,2,D,59,medium,local residential corner,multiple street-front exposures; mostly local-street exposure,4,Day 23,flyer-only / later saturation
342,C,14,-80939352:44558774,44.5587741,-80.9393518,5th Street East | 3rd Avenue East,residential,2,D,59,medium,local residential corner,multiple street-front exposures; mostly local-street exposure,4,Day 23,flyer-only / later saturation
343,C,14,-80939778:44569539,44.569539,-80.939778,11th Street East | 3rd Avenue A East,residential,2,D,59,medium,local residential corner,multiple street-front exposures; mostly local-street exposure,4,Day 23,flyer-only / later saturation
344,C,14,-80942747:44552216,44.5522158,-80.9427467,2nd Street West | 2nd Avenue West,residential,2,D,59,medium,local residential corner,multiple street-front exposures; mostly local-street exposure,4,Day 23,flyer-only / later saturation
345,C,14,-80942843:44552758,44.5527584,-80.942843,2nd Avenue West | 2nd Street West,residential,2,D,59,medium,local residential corner,multiple street-front exposures; mostly local-street exposure,4,Day 23,flyer-only / later saturation
346,C,14,-80942980:44553291,44.5532912,-80.9429801,2nd Avenue West | 2nd Street West,residential,2,D,59,medium,local residential corner,multiple street-front exposures; mostly local-street exposure,4,Day 24,flyer-only / later saturation
347,C,14,-80943147:44554019,44.5540187,-80.9431467,Beattie Street | 2nd Avenue West,residential,2,D,59,medium,local residential corner,multiple street-front exposures; mostly local-street exposure,4,Day 24,flyer-only / later saturation
348,C,14,-80943195:44550235,44.5502353,-80.9431951,2nd Avenue West | 1st Street West,residential,2,D,59,medium,local residential corner,multiple street-front exposures; mostly local-street exposure,4,Day 24,flyer-only / later saturation
349,C,14,-80943218:44550681,44.5506805,-80.9432176,2nd Avenue West | 1st Street A West,residential,2,D,59,medium,local residential corner,multiple street-front exposures; mostly local-street exposure,4,Day 24,flyer-only / later saturation
350,C,14,-80943829:44590266,44.5902663,-80.9438287,2nd Avenue West | 27th Street West,residential,2,D,59,medium,local residential corner,multiple street-front exposures; mostly local-street exposure,4,Day 24,flyer-only / later saturation
351,C,14,-80944236:44556456,44.5564558,-80.9442357,4th Street West | 2nd Avenue West,residential,2,D,59,medium,local residential corner,multiple street-front exposures; mostly local-street exposure,4,Day 24,flyer-only / later saturation
352,C,14,-80944257:44589078,44.5890775,-80.9442574,26th Street West | 2nd Avenue West,residential,2,D,59,medium,local residential corner,multiple street-front exposures; mostly local-street exposure,4,Day 24,flyer-only / later saturation
353,C,14,-80944306:44550041,44.5500407,-80.944306,1st Street West | 3rd Avenue West,residential,2,D,59,medium,local residential corner,multiple street-front exposures; mostly local-street exposure,4,Day 24,flyer-only / later saturation
354,C,14,-80944391:44550481,44.5504809,-80.9443907,1st Street A West | 3rd Avenue West,residential,2,D,59,medium,local residential corner,multiple street-front exposures; mostly local-street exposure,4,Day 24,flyer-only / later saturation
355,C,14,-80944401:44553875,44.5538748,-80.9444006,Beattie Street | 3rd Avenue West,residential,2,D,59,medium,local residential corner,multiple street-front exposures; mostly local-street exposure,4,Day 24,flyer-only / later saturation
356,C,14,-80944556:44554525,44.5545247,-80.9445563,3rd Street West | 3rd Avenue West,residential,2,D,59,medium,local residential corner,multiple street-front exposures; mostly local-street exposure,4,Day 24,flyer-only / later saturation
357,C,14,-80945100:44553058,44.5530579,-80.9450996,3rd Avenue West | 2nd Street West,residential,2,D,59,medium,local residential corner,multiple street-front exposures; mostly local-street exposure,4,Day 24,flyer-only / later saturation
358,C,14,-80945233:44555275,44.5552754,-80.9452333,3rd Avenue West | 3rd Street A West,residential,2,D,59,medium,local residential corner,multiple street-front exposures; mostly local-street exposure,4,Day 24,flyer-only / later saturation
359,C,14,-80945260:44553776,44.5537762,-80.9452595,3rd Avenue West | Beattie Street,residential,2,D,59,medium,local residential corner,multiple street-front exposures; mostly local-street exposure,4,Day 24,flyer-only / later saturation
360,C,14,-80945320:44572219,44.5722187,-80.9453205,1st Avenue West | 13th Street West,residential,2,D,59,medium,local residential corner,multiple street-front exposures; mostly local-street exposure,4,Day 24,flyer-only / later saturation
361,C,14,-80945694:44569288,44.5692876,-80.9456935,11th Street West | 1st A Avenue West,residential,2,D,59,medium,local residential corner,multiple street-front exposures; mostly local-street exposure,4,Day 25,flyer-only / later saturation
362,C,14,-80945862:44593226,44.5932259,-80.9458618,29th Street West | 4th Avenue West,residential,2,D,59,medium,local residential corner,multiple street-front exposures; mostly local-street exposure,4,Day 25,flyer-only / later saturation
363,C,14,-80946219:44591988,44.5919878,-80.9462193,4th Avenue West | 28th Street West,residential,2,D,59,medium,local residential corner,multiple street-front exposures; mostly local-street exposure,4,Day 25,flyer-only / later saturation
364,C,14,-80946488:44548822,44.5488221,-80.9464882,1st Street West | 5th Avenue West,residential,2,D,59,medium,local residential corner,multiple street-front exposures; mostly local-street exposure,4,Day 25,flyer-only / later saturation
365,C,14,-80946618:44590776,44.5907762,-80.9466185,27th Street West | 4th Avenue West,residential,2,D,59,medium,local residential corner,multiple street-front exposures; mostly local-street exposure,4,Day 25,flyer-only / later saturation
366,C,14,-80946745:44563448,44.5634475,-80.9467452,8th Street West | 3rd Avenue West,residential,2,D,59,medium,local residential corner,multiple street-front exposures; mostly local-street exposure,4,Day 25,flyer-only / later saturation
367,C,14,-80946884:44549653,44.5496533,-80.9468836,1st Street A West | 5th Avenue West,residential,2,D,59,medium,local residential corner,multiple street-front exposures; mostly local-street exposure,4,Day 25,flyer-only / later saturation
368,C,14,-80946900:44563432,44.5634315,-80.9469001,3rd Avenue West | 8th Street West,residential,2,D,59,medium,local residential corner,multiple street-front exposures; mostly local-street exposure,4,Day 25,flyer-only / later saturation
369,C,14,-80947208:44550721,44.5507208,-80.9472079,5th Avenue West | 2nd Street West,residential,2,D,59,medium,local residential corner,multiple street-front exposures; mostly local-street exposure,4,Day 25,flyer-only / later saturation
370,C,14,-80947329:44557632,44.557632,-80.9473288,5th Street West | 4th Avenue West,residential,2,D,59,medium,local residential corner,multiple street-front exposures; mostly local-street exposure,4,Day 25,flyer-only / later saturation
371,C,14,-80947369:44551455,44.5514549,-80.9473694,2nd Street West | 5th Avenue West,residential,2,D,59,medium,local residential corner,multiple street-front exposures; mostly local-street exposure,4,Day 25,flyer-only / later saturation
372,C,14,-80947438:44563368,44.5633677,-80.9474377,8th Street West | 3rd Avenue A West,residential,2,D,59,medium,local residential corner,multiple street-front exposures; mostly local-street exposure,4,Day 25,flyer-only / later saturation
373,C,14,-80947626:44552455,44.5524545,-80.9476258,2nd Street A West | 5th Avenue West,residential,2,D,59,medium,local residential corner,multiple street-front exposures; mostly local-street exposure,4,Day 25,flyer-only / later saturation
374,C,14,-80947686:44592233,44.5922333,-80.9476855,28th Street West | 5th Avenue West,residential,2,D,59,medium,local residential corner,multiple street-front exposures; mostly local-street exposure,4,Day 25,flyer-only / later saturation
375,C,14,-80947913:44583771,44.583771,-80.9479127,3rd Avenue A West | 22nd Street West,residential,2,D,59,medium,local residential corner,multiple street-front exposures; mostly local-street exposure,4,Day 25,flyer-only / later saturation
376,C,14,-80948056:44571439,44.5714393,-80.9480563,2nd Avenue A West | 12th Street West,residential,2,D,59,medium,local residential corner,multiple street-front exposures; mostly local-street exposure,4,Day 26,flyer-only / later saturation
377,C,14,-80948096:44591020,44.5910197,-80.9480963,27th Street West | 5th Avenue West,residential,2,D,59,medium,local residential corner,multiple street-front exposures; mostly local-street exposure,4,Day 26,flyer-only / later saturation
378,C,14,-80948202:44561337,44.5613368,-80.9482025,4th Avenue West | 7th Street West,residential,2,D,59,medium,local residential corner,multiple street-front exposures; mostly local-street exposure,4,Day 26,flyer-only / later saturation
379,C,14,-80948215:44569015,44.5690153,-80.9482151,11th Street West | 3rd Avenue West,residential,2,D,59,medium,local residential corner,multiple street-front exposures; mostly local-street exposure,4,Day 26,flyer-only / later saturation
380,C,14,-80948237:44572331,44.5723312,-80.9482367,13th Street West | 2nd Avenue A West,residential,2,D,59,medium,local residential corner,multiple street-front exposures; mostly local-street exposure,4,Day 26,flyer-only / later saturation
381,C,14,-80948240:44581244,44.5812436,-80.9482398,20th Street West | 21st Street West,residential,2,D,59,medium,local residential corner,multiple street-front exposures; mostly local-street exposure,4,Day 26,flyer-only / later saturation
382,C,14,-80948284:44583830,44.5838304,-80.9482843,3rd Avenue A West | 22nd Street West,residential,2,D,59,medium,local residential corner,multiple street-front exposures; mostly local-street exposure,4,Day 26,flyer-only / later saturation
383,C,14,-80948330:44555195,44.5551946,-80.9483301,4th Street West | 5th Avenue West,residential,2,D,59,medium,local residential corner,multiple street-front exposures; mostly local-street exposure,4,Day 26,flyer-only / later saturation
384,C,14,-80948363:44557513,44.5575125,-80.9483635,5th Street West | 4th Avenue A West,residential,2,D,59,medium,local residential corner,multiple street-front exposures; mostly local-street exposure,4,Day 26,flyer-only / later saturation
385,C,14,-80948492:44554168,44.5541677,-80.9484924,3rd Street A West | 5th Avenue West,residential,2,D,59,medium,local residential corner,multiple street-front exposures; mostly local-street exposure,4,Day 26,flyer-only / later saturation
386,C,14,-80948510:44589800,44.5897996,-80.9485105,26th Street West | 5th Avenue West,residential,2,D,59,medium,local residential corner,multiple street-front exposures; mostly local-street exposure,4,Day 26,flyer-only / later saturation
387,C,14,-80948584:44548496,44.5484957,-80.9485841,1st Street West | 6th Avenue West,residential,2,D,59,medium,local residential corner,multiple street-front exposures; mostly local-street exposure,4,Day 26,flyer-only / later saturation
388,C,14,-80948591:44550566,44.5505664,-80.9485907,5th Avenue A West | 2nd Street West,residential,2,D,59,medium,local residential corner,multiple street-front exposures; mostly local-street exposure,4,Day 26,flyer-only / later saturation
389,C,14,-80948633:44558459,44.5584588,-80.9486326,5th Street A West | 4th Avenue A West,residential,2,D,59,medium,local residential corner,multiple street-front exposures; mostly local-street exposure,4,Day 26,flyer-only / later saturation
390,C,14,-80948650:44563221,44.5632214,-80.9486496,4th Avenue West | 8th Street West,residential,2,D,59,medium,local residential corner,multiple street-front exposures; mostly local-street exposure,4,Day 26,flyer-only / later saturation
391,C,14,-80948800:44571351,44.5713508,-80.9487995,12th Street West | 3rd Avenue West,residential,2,D,59,medium,local residential corner,multiple street-front exposures; mostly local-street exposure,4,Day 27,flyer-only / later saturation
392,C,14,-80948822:44593704,44.5937044,-80.9488222,6th Avenue West | 29th Street West,residential,2,D,59,medium,local residential corner,multiple street-front exposures; mostly local-street exposure,4,Day 27,flyer-only / later saturation
393,C,14,-80948976:44552321,44.5523211,-80.9489763,5th Avenue A West | 2nd Street A West,residential,2,D,59,medium,local residential corner,multiple street-front exposures; mostly local-street exposure,4,Day 27,flyer-only / later saturation
394,C,14,-80949007:44578720,44.5787196,-80.9490075,3rd Avenue West | 18th Street West,residential,2,D,59,medium,local residential corner,multiple street-front exposures; mostly local-street exposure,4,Day 27,flyer-only / later saturation
395,C,14,-80949161:44592512,44.5925121,-80.9491614,28th Street West | 6th Avenue West,residential,2,D,59,medium,local residential corner,multiple street-front exposures; mostly local-street exposure,4,Day 27,flyer-only / later saturation
396,C,14,-80949215:44549452,44.5494519,-80.9492154,1st Street A West | 6th Avenue West,residential,2,D,59,medium,local residential corner,multiple street-front exposures; mostly local-street exposure,4,Day 27,flyer-only / later saturation
397,C,14,-80949226:44553181,44.5531812,-80.949226,3rd Street West | 5th Avenue A West,residential,2,D,59,medium,local residential corner,multiple street-front exposures; mostly local-street exposure,4,Day 27,flyer-only / later saturation
398,C,14,-80949283:44554089,44.554089,-80.9492832,3rd Street A West | 5th Avenue A West,residential,2,D,59,medium,local residential corner,multiple street-front exposures; mostly local-street exposure,4,Day 27,flyer-only / later saturation
399,C,14,-80949402:44561197,44.5611974,-80.9494017,7th Street West | 5th Avenue West,residential,2,D,59,medium,local residential corner,multiple street-front exposures; mostly local-street exposure,4,Day 27,flyer-only / later saturation
400,C,14,-80949414:44555072,44.5550716,-80.9494145,4th Street West | 5th Avenue A West,residential,2,D,59,medium,local residential corner,multiple street-front exposures; mostly local-street exposure,4,Day 27,flyer-only / later saturation
401,C,14,-80949415:44577500,44.5775004,-80.9494151,3rd Avenue West | 17th Street West,residential,2,D,59,medium,local residential corner,multiple street-front exposures; mostly local-street exposure,4,Day 27,flyer-only / later saturation
402,C,14,-80949430:44571276,44.5712758,-80.9494297,12th Street West | 3rd Avenue A West,residential,2,D,59,medium,local residential corner,multiple street-front exposures; mostly local-street exposure,4,Day 27,flyer-only / later saturation
403,C,14,-80949589:44563127,44.5631266,-80.9495888,8th Street West | 4th Avenue A West,residential,2,D,59,medium,local residential corner,multiple street-front exposures; mostly local-street exposure,4,Day 27,flyer-only / later saturation
404,C,14,-80949619:44572171,44.5721713,-80.9496193,13th Street West | 3rd Avenue A West,residential,2,D,59,medium,local residential corner,multiple street-front exposures; mostly local-street exposure,4,Day 27,flyer-only / later saturation
405,C,14,-80949793:44586095,44.5860951,-80.949793,23rd Street West | 5th Avenue West,residential,2,D,59,medium,local residential corner,multiple street-front exposures; mostly local-street exposure,4,Day 27,flyer-only / later saturation
406,C,14,-80949842:44576259,44.5762591,-80.949842,3rd Avenue West | 16th Street West,residential,2,D,59,medium,local residential corner,multiple street-front exposures; mostly local-street exposure,4,Day 28,flyer-only / later saturation
407,C,14,-80949928:44559019,44.5590189,-80.9499279,5th Avenue West | 6th Street West,residential,2,D,59,medium,local residential corner,multiple street-front exposures; mostly local-street exposure,4,Day 28,flyer-only / later saturation
408,C,14,-80949941:44559721,44.5597207,-80.949941,5th Avenue A West | 5th Avenue West,residential,2,D,59,medium,local residential corner,multiple street-front exposures; mostly local-street exposure,4,Day 28,flyer-only / later saturation
409,C,14,-80949986:44590053,44.5900533,-80.9499859,6th Avenue West | 26th Street West,residential,2,D,59,medium,local residential corner,multiple street-front exposures; mostly local-street exposure,4,Day 28,flyer-only / later saturation
410,C,14,-80949993:44585410,44.5854098,-80.9499933,5th Avenue West | 23rd Street West,residential,2,D,59,medium,local residential corner,multiple street-front exposures; mostly local-street exposure,4,Day 28,flyer-only / later saturation
411,C,14,-80950049:44557859,44.5578594,-80.9500494,5th Avenue West | 5th Street A West,residential,2,D,59,medium,local residential corner,multiple street-front exposures; mostly local-street exposure,4,Day 28,flyer-only / later saturation
412,C,14,-80950168:44552187,44.5521872,-80.9501682,6th Avenue West | 2nd Street A West,residential,2,D,59,medium,local residential corner,multiple street-front exposures; mostly local-street exposure,4,Day 28,flyer-only / later saturation
413,C,14,-80950368:44584173,44.5841734,-80.9503676,5th Avenue West | 22nd Street West,residential,2,D,59,medium,local residential corner,multiple street-front exposures; mostly local-street exposure,4,Day 28,flyer-only / later saturation
414,C,14,-80950619:44563010,44.5630095,-80.9506185,8th Street West | 5th Avenue West,residential,2,D,59,medium,local residential corner,multiple street-front exposures; mostly local-street exposure,4,Day 28,flyer-only / later saturation
415,C,14,-80950723:44568719,44.5687187,-80.9507229,11th Street West | 4th Avenue A West,residential,2,D,59,medium,local residential corner,multiple street-front exposures; mostly local-street exposure,4,Day 28,flyer-only / later saturation
416,C,14,-80950747:44582907,44.5829074,-80.9507469,5th Avenue West | 21st Street West,residential,2,D,59,medium,local residential corner,multiple street-front exposures; mostly local-street exposure,4,Day 28,flyer-only / later saturation
417,C,14,-80950788:44555740,44.5557404,-80.9507878,4th Street A West | 6th Avenue West,residential,2,D,59,medium,local residential corner,multiple street-front exposures; mostly local-street exposure,4,Day 28,flyer-only / later saturation
418,C,14,-80950982:44561021,44.5610214,-80.9509818,5th Avenue A West | 7th Street West,residential,2,D,59,medium,local residential corner,multiple street-front exposures; mostly local-street exposure,4,Day 28,flyer-only / later saturation
419,C,14,-80951128:44581715,44.5817153,-80.9511277,20th Street West | 5th Avenue West,residential,2,D,59,medium,local residential corner,multiple street-front exposures; mostly local-street exposure,4,Day 28,flyer-only / later saturation
420,C,14,-80951224:44586314,44.5863136,-80.9512236,6th Avenue West | 23rd Street West,residential,2,D,59,medium,local residential corner,multiple street-front exposures; mostly local-street exposure,4,Day 28,flyer-only / later saturation
421,C,14,-80951236:44565819,44.565819,-80.951236,9th Street A West | 5th Avenue West,residential,2,D,59,medium,local residential corner,multiple street-front exposures; mostly local-street exposure,4,Day 29,flyer-only / later saturation
422,C,14,-80951310:44557183,44.5571826,-80.95131,5th Street West | 6th Avenue West,residential,2,D,59,medium,local residential corner,multiple street-front exposures; mostly local-street exposure,4,Day 29,flyer-only / later saturation
423,C,14,-80951558:44580456,44.5804556,-80.9515584,19th Street West | 5th Avenue West,residential,2,D,59,medium,local residential corner,multiple street-front exposures; mostly local-street exposure,4,Day 29,flyer-only / later saturation
424,C,14,-80951705:44558709,44.5587085,-80.9517047,6th Avenue West | 6th Street West,residential,2,D,59,medium,local residential corner,multiple street-front exposures; mostly local-street exposure,4,Day 29,flyer-only / later saturation
425,C,14,-80951796:44584418,44.5844184,-80.9517958,22nd Street West | 6th Avenue West,residential,2,D,59,medium,local residential corner,multiple street-front exposures; mostly local-street exposure,4,Day 29,flyer-only / later saturation
426,C,14,-80951874:44574799,44.5747994,-80.9518745,15th Street West | 4th Avenue West,residential,2,D,59,medium,local residential corner,multiple street-front exposures; mostly local-street exposure,4,Day 29,flyer-only / later saturation
427,C,14,-80951949:44579248,44.5792475,-80.9519493,18th Street West | 5th Avenue West,residential,2,D,59,medium,local residential corner,multiple street-front exposures; mostly local-street exposure,4,Day 29,flyer-only / later saturation
428,C,14,-80951963:44565743,44.5657432,-80.9519628,9th Street A West | 5th Avenue A West,residential,2,D,59,medium,local residential corner,multiple street-front exposures; mostly local-street exposure,4,Day 29,flyer-only / later saturation
429,C,14,-80952201:44560886,44.5608857,-80.9522011,7th Street West | 6th Avenue West,residential,2,D,59,medium,local residential corner,multiple street-front exposures; mostly local-street exposure,4,Day 29,flyer-only / later saturation
430,C,14,-80952220:44560971,44.5609706,-80.9522204,7th Avenue West | 6th Avenue West,residential,2,D,59,medium,local residential corner,multiple street-front exposures; mostly local-street exposure,4,Day 29,flyer-only / later saturation
431,C,14,-80952245:44583158,44.583158,-80.9522446,6th Avenue West | 21st Street West,residential,2,D,59,medium,local residential corner,multiple street-front exposures; mostly local-street exposure,4,Day 29,flyer-only / later saturation
432,C,14,-80952364:44577996,44.5779955,-80.9523641,17th Street West | 5th Avenue West,residential,2,D,59,medium,local residential corner,multiple street-front exposures; mostly local-street exposure,4,Day 29,flyer-only / later saturation
433,C,14,-80952427:44570121,44.5701209,-80.952427,11th Street B West | 5th Avenue West,residential,2,D,59,medium,local residential corner,multiple street-front exposures; mostly local-street exposure,4,Day 29,flyer-only / later saturation
434,C,14,-80952634:44581951,44.581951,-80.9526345,6th Avenue West | 20th Street West,residential,2,D,59,medium,local residential corner,multiple street-front exposures; mostly local-street exposure,4,Day 29,flyer-only / later saturation
435,C,14,-80952639:44570903,44.5709027,-80.9526391,12th Street West | 5th Avenue West,residential,2,D,59,medium,local residential corner,multiple street-front exposures; mostly local-street exposure,4,Day 29,flyer-only / later saturation
436,C,14,-80952640:44562776,44.5627757,-80.9526397,8th Street West | 6th Avenue West,residential,2,D,59,medium,local residential corner,multiple street-front exposures; mostly local-street exposure,4,Day 30,flyer-only / later saturation
437,C,14,-80952718:44586559,44.5865587,-80.952718,23rd Street West | 7th Avenue West,residential,2,D,59,medium,local residential corner,multiple street-front exposures; mostly local-street exposure,4,Day 30,flyer-only / later saturation
438,C,14,-80952771:44576751,44.5767506,-80.9527715,16th Street West | 5th Avenue West,residential,2,D,59,medium,local residential corner,multiple street-front exposures; mostly local-street exposure,4,Day 30,flyer-only / later saturation
439,C,14,-80953022:44580702,44.5807023,-80.9530219,6th Avenue West | 19th Street West,residential,2,D,59,medium,local residential corner,multiple street-front exposures; mostly local-street exposure,4,Day 30,flyer-only / later saturation
440,C,14,-80953276:44584665,44.5846654,-80.9532756,22nd Street West | 7th Avenue West,residential,2,D,59,medium,local residential corner,multiple street-front exposures; mostly local-street exposure,4,Day 30,flyer-only / later saturation
441,C,14,-80953281:44565590,44.5655895,-80.9532806,6th Avenue West | 9th Street A West,residential,2,D,59,medium,local residential corner,multiple street-front exposures; mostly local-street exposure,4,Day 30,flyer-only / later saturation
442,C,14,-80953408:44579524,44.5795237,-80.9534078,6th Avenue West | 18th Street West,residential,2,D,59,medium,local residential corner,multiple street-front exposures; mostly local-street exposure,4,Day 30,flyer-only / later saturation
443,C,14,-80953480:44576865,44.5768651,-80.9534798,16th Street West | 5th Avenue A West,residential,2,D,59,medium,local residential corner,multiple street-front exposures; mostly local-street exposure,4,Day 30,flyer-only / later saturation
444,C,14,-80953520:44574461,44.5744612,-80.9535198,15th Street West | 5th Avenue West,residential,2,D,59,medium,local residential corner,multiple street-front exposures; mostly local-street exposure,4,Day 30,flyer-only / later saturation
445,C,14,-80953648:44567264,44.5672641,-80.9536479,10th Street A West | 6th Avenue West,residential,2,D,59,medium,local residential corner,multiple street-front exposures; mostly local-street exposure,4,Day 30,flyer-only / later saturation
446,C,14,-80953908:44568365,44.5683649,-80.9539083,11th Street West | 6th Avenue West,residential,2,D,59,medium,local residential corner,multiple street-front exposures; mostly local-street exposure,4,Day 30,flyer-only / later saturation
447,C,14,-80953973:44568811,44.568811,-80.953973,6th Avenue West | 11th Street A West,residential,2,D,59,medium,local residential corner,multiple street-front exposures; mostly local-street exposure,4,Day 30,flyer-only / later saturation
448,C,14,-80954077:44582185,44.5821851,-80.9540767,20th Street West | 7th Avenue West,residential,2,D,59,medium,local residential corner,multiple street-front exposures; mostly local-street exposure,4,Day 30,flyer-only / later saturation
449,C,14,-80954173:44586810,44.5868099,-80.9541726,8 Avenue West | 23rd Street West,residential,2,D,59,medium,local residential corner,multiple street-front exposures; mostly local-street exposure,4,Day 30,flyer-only / later saturation
450,C,14,-80954225:44576987,44.5769869,-80.9542248,16th Street West | 6th Avenue West,residential,2,D,59,medium,local residential corner,multiple street-front exposures; mostly local-street exposure,4,Day 30,flyer-only / later saturation
451,C,14,-80954235:44574656,44.5746563,-80.9542348,15th Street West | 5th Avenue A West,residential,2,D,59,medium,local residential corner,multiple street-front exposures; mostly local-street exposure,4,Day 31,flyer-only / later saturation
452,C,14,-80954405:44570703,44.5707028,-80.9544047,12th Street West | 6th Avenue West,residential,2,D,59,medium,local residential corner,multiple street-front exposures; mostly local-street exposure,4,Day 31,flyer-only / later saturation
453,C,14,-80954419:44562570,44.5625701,-80.9544189,7th Avenue West | 8th Street West,residential,2,D,59,medium,local residential corner,multiple street-front exposures; mostly local-street exposure,4,Day 31,flyer-only / later saturation
454,C,14,-80954507:44562586,44.5625861,-80.9545069,7th Avenue West | 8th Street West,residential,2,D,59,medium,local residential corner,multiple street-front exposures; mostly local-street exposure,4,Day 31,flyer-only / later saturation
455,C,14,-80954538:44580966,44.5809656,-80.954538,19th Street West | 7th Avenue West,residential,2,D,59,medium,local residential corner,multiple street-front exposures; mostly local-street exposure,4,Day 31,flyer-only / later saturation
456,C,14,-80954620:44571613,44.5716126,-80.95462,6th Avenue West | 13th Street West,residential,2,D,59,medium,local residential corner,multiple street-front exposures; mostly local-street exposure,4,Day 31,flyer-only / later saturation
457,C,14,-80954885:44579773,44.579773,-80.9548848,7th Avenue West | 18th Street West,residential,2,D,59,medium,local residential corner,multiple street-front exposures; mostly local-street exposure,4,Day 31,flyer-only / later saturation
458,C,14,-80954937:44574882,44.5748817,-80.9549375,6th Avenue West | 15th Street West,residential,2,D,59,medium,local residential corner,multiple street-front exposures; mostly local-street exposure,4,Day 31,flyer-only / later saturation
459,C,14,-80955274:44578468,44.5784681,-80.9552745,7th Avenue West | 17th Street West,residential,2,D,59,medium,local residential corner,multiple street-front exposures; mostly local-street exposure,4,Day 31,flyer-only / later saturation
460,C,14,-80955597:44582440,44.5824396,-80.9555971,20th Street West | 8 Avenue West,residential,2,D,59,medium,local residential corner,multiple street-front exposures; mostly local-street exposure,4,Day 31,flyer-only / later saturation
461,C,14,-80955698:44577244,44.5772439,-80.9556981,7th Avenue West | 16th Street West,residential,2,D,59,medium,local residential corner,multiple street-front exposures; mostly local-street exposure,4,Day 31,flyer-only / later saturation
462,C,14,-80956002:44581198,44.5811976,-80.9560022,8 Avenue West | 19th Street West,residential,2,D,59,medium,local residential corner,multiple street-front exposures; mostly local-street exposure,4,Day 31,flyer-only / later saturation
463,C,14,-80956175:44575831,44.5758306,-80.9561749,7th Avenue West | 15th Street A West,residential,2,D,59,medium,local residential corner,multiple street-front exposures; mostly local-street exposure,4,Day 31,flyer-only / later saturation
464,C,14,-80956329:44575153,44.5751525,-80.9563287,15th Street West | 7th Avenue West,residential,2,D,59,medium,local residential corner,multiple street-front exposures; mostly local-street exposure,4,Day 31,flyer-only / later saturation
465,C,14,-80956843:44572690,44.5726904,-80.9568434,6th Avenue West | 13th Street A West,residential,2,D,59,medium,local residential corner,multiple street-front exposures; mostly local-street exposure,4,Day 31,flyer-only / later saturation
466,C,14,-80956957:44578244,44.5782435,-80.9569569,8 Avenue West | 16th Street A West,residential,2,D,59,medium,local residential corner,multiple street-front exposures; mostly local-street exposure,4,Day 32,flyer-only / later saturation
467,C,14,-80957005:44573775,44.5737748,-80.9570052,14th Street West | 6th Avenue West,residential,2,D,59,medium,local residential corner,multiple street-front exposures; mostly local-street exposure,4,Day 32,flyer-only / later saturation
468,C,14,-80957199:44577483,44.5774827,-80.9571986,8 Avenue West | 16th Street West,residential,2,D,59,medium,local residential corner,multiple street-front exposures; mostly local-street exposure,4,Day 32,flyer-only / later saturation
469,C,14,-80957660:44567931,44.5679311,-80.9576595,11th Street West | 7th Avenue West,residential,2,D,59,medium,local residential corner,multiple street-front exposures; mostly local-street exposure,4,Day 32,flyer-only / later saturation
470,C,14,-80957850:44570683,44.5706833,-80.95785,7th Avenue A West | 7th Avenue West,residential,2,D,59,medium,local residential corner,multiple street-front exposures; mostly local-street exposure,4,Day 32,flyer-only / later saturation
471,C,14,-80957911:44573725,44.5737251,-80.9579108,6th Avenue West | 14th Street West,residential,2,D,59,medium,local residential corner,multiple street-front exposures; mostly local-street exposure,4,Day 32,flyer-only / later saturation
472,C,14,-80958006:44572039,44.5720386,-80.9580059,7th Avenue A West | 7th Avenue West,residential,2,D,59,medium,local residential corner,multiple street-front exposures; mostly local-street exposure,4,Day 32,flyer-only / later saturation
473,C,14,-80958826:44572473,44.5724731,-80.9588256,8th Avenue West | 7th Avenue West,residential,2,D,59,medium,local residential corner,multiple street-front exposures; mostly local-street exposure,4,Day 32,flyer-only / later saturation
474,C,14,-80959368:44573679,44.5736785,-80.9593677,7th Avenue West | 14th Street West,residential,2,D,59,medium,local residential corner,multiple street-front exposures; mostly local-street exposure,4,Day 32,flyer-only / later saturation
475,C,14,-80959885:44574277,44.574277,-80.9598855,7th Avenue West | Henderson's Bridge,residential,2,D,59,medium,local residential corner,multiple street-front exposures; mostly local-street exposure,4,Day 32,flyer-only / later saturation
476,C,14,-80960078:44574355,44.5743548,-80.9600776,14th Street West | Henderson's Bridge,residential,2,D,59,medium,local residential corner,multiple street-front exposures; mostly local-street exposure,4,Day 32,flyer-only / later saturation
