global_rank,daily_tier,daily_priority_score,canonical_intersection_name,display_intersection_name,canonical_intersection_key,representative_lat,representative_lon,connected_highway_tags,degree_merged,intersection_priority,visibility_score,sign_value,route_bucket,recommended_action,priority_reason,suggested_day,merged_count,merged_node_ids,flyer_delivered,flyer_date,knock_due_date,knocked,knock_date,response,sign_followup,sign_permission,followup_notes
1,S,130,10th St E & 10th St W & 1st Ave E,1st Avenue East & 10th Street East & 10th Street West,10th st e + 10th st w + 1st ave e,44.5676543,-80.943931,primary | unclassified,3,A,100,high,highest visibility corner,visit early; good sign ask potential,higher-order to neighbourhood connector; multiple street-front exposures,Day 1,1,-80943931:44567654,,,,,,,,,
2,S,130,10th St E & 2nd Ave E,2nd Avenue East & 10th Street East,10th st e + 2nd ave e,44.5677225,-80.9432324,primary | tertiary | unclassified,2,A,100,high,highest visibility corner,visit early; good sign ask potential,two+ higher-order roads; multiple street-front exposures,Day 1,1,-80943232:44567723,,,,,,,,,
3,S,130,10th St E & 3rd Ave E,3rd Avenue East & 10th Street East,10th st e + 3rd ave e,44.5679303,-80.9414077,primary | secondary,2,A,100,high,highest visibility corner,visit early; good sign ask potential,two+ higher-order roads; multiple street-front exposures,Day 1,1,-80941408:44567930,,,,,,,,,
4,S,130,10th St E & 4th Ave E,4th Avenue East & 10th Street East,10th st e + 4th ave e,44.5681479,-80.939556,primary | residential,2,A,100,high,highest visibility corner,visit early; good sign ask potential,higher-order to neighbourhood connector; multiple street-front exposures,Day 1,1,-80939556:44568148,,,,,,,,,
5,S,130,10th St E & 5th Ave E,5th Avenue East & 10th Street East,10th st e + 5th ave e,44.5683714,-80.9377238,primary | residential,2,A,100,high,highest visibility corner,visit early; good sign ask potential,higher-order to neighbourhood connector; multiple street-front exposures,Day 1,1,-80937724:44568371,,,,,,,,,
6,S,130,10th St E & 6th Ave E,10th Street East & 6th Avenue East,10th st e + 6th ave e,44.5688037,-80.9344327,primary | residential,2,A,100,high,highest visibility corner,visit early; good sign ask potential,higher-order to neighbourhood connector; multiple street-front exposures,Day 1,1,-80934433:44568804,,,,,,,,,
7,S,130,10th St E & 7th Ave E,7th Avenue East & 10th Street East,10th st e + 7th ave e,44.56895765,-80.93308215,primary | residential,2,A,100,high,highest visibility corner,visit early; good sign ask potential,higher-order to neighbourhood connector; multiple street-front exposures,Day 1,2,-80933072:44568910 | -80933093:44569005,,,,,,,,,
8,S,130,10th St E & 8th Ave E,8th Avenue East & 10th Street East,10th st e + 8th ave e,44.56921035,-80.930824,primary | residential,2,A,100,high,highest visibility corner,visit early; good sign ask potential,higher-order to neighbourhood connector; multiple street-front exposures,Day 1,2,-80930454:44569249 | -80931194:44569172,,,,,,,,,
9,S,130,10th St E & 9th Ave E & 9th St E,10th Street East & 9th Avenue East & 9th Street East,10th st e + 9th ave e + 9th st e,44.569464800000006,-80.9283597,primary | tertiary,3,A,100,high,highest visibility corner,visit early; good sign ask potential,two+ higher-order roads; multiple street-front exposures ; multiple street-front exposures,Day 1,4,-80928281:44569424 | -80928301:44569520 | -80928417:44569410 | -80928439:44569505,,,,,,,,,
10,S,130,10th St W & 1st Ave W,1st Avenue West & 10th Street West,10th st w + 1st ave w,44.567585,-80.9445738,primary | unclassified,2,A,100,high,highest visibility corner,visit early; good sign ask potential,higher-order to neighbourhood connector; multiple street-front exposures,Day 1,1,-80944574:44567585,,,,,,,,,
11,S,130,10th St W & 2nd Ave W,2nd Avenue West & 10th Street West,10th st w + 2nd ave w,44.5674013,-80.9461314,primary | secondary | tertiary,2,A,100,high,highest visibility corner,visit early; good sign ask potential,two+ higher-order roads; multiple street-front exposures,Day 1,1,-80946131:44567401,,,,,,,,,
12,S,130,10th St W & 3rd Ave W,3rd Avenue West & 10th Street West,10th st w + 3rd ave w,44.5672177,-80.9477944,primary | residential,2,A,100,high,highest visibility corner,visit early; good sign ask potential,higher-order to neighbourhood connector; multiple street-front exposures,Day 1,1,-80947794:44567218,,,,,,,,,
13,S,130,10th St W & 4th Ave W,4th Avenue West & 10th Street West,10th st w + 4th ave w,44.5670305,-80.9494409,primary | residential | tertiary,2,A,100,high,highest visibility corner,visit early; good sign ask potential,two+ higher-order roads; multiple street-front exposures,Day 1,1,-80949441:44567031,,,,,,,,,
14,S,130,10th St W & 6th Ave W,10th Street West & 6th Avenue West,10th st w + 6th ave w,44.5670324,-80.9535993,primary | residential,2,A,100,high,highest visibility corner,visit early; good sign ask potential,higher-order to neighbourhood connector; multiple street-front exposures,Day 1,1,-80953599:44567032,,,,,,,,,
15,S,130,10th St W & 7th Ave W,10th Street West & 7th Avenue West,10th st w + 7th ave w,44.5666666,-80.9573662,primary | residential | unclassified,2,A,100,high,highest visibility corner,visit early; good sign ask potential,higher-order to neighbourhood connector; multiple street-front exposures,Day 1,1,-80957366:44566667,,,,,,,,,
16,S,130,10th St W & 8th Ave W,10th Street West & 8th Avenue West,10th st w + 8th ave w,44.5664077,-80.9595858,primary | tertiary,2,A,100,high,highest visibility corner,visit early; good sign ask potential,two+ higher-order roads; multiple street-front exposures,Day 2,1,-80959586:44566408,,,,,,,,,
17,S,130,11th St E & 3rd Ave E,11th Street East & 3rd Avenue East,11th st e + 3rd ave e,44.5697259,-80.9403345,residential | secondary | unclassified,2,A,100,high,highest visibility corner,visit early; good sign ask potential,higher-order to neighbourhood connector; multiple street-front exposures,Day 2,1,-80940335:44569726,,,,,,,,,
18,S,130,12th Ave E & 16th St E,12th Avenue East & 16th Street East & 12th Avenue E,12th ave e + 16th st e,44.5739954,-80.9232356,primary | unclassified,3,A,100,high,highest visibility corner,visit first; highest sign ask potential,higher-order to neighbourhood connector; multiple street-front exposures,Day 2,2,-80923227:44573943 | -80923245:44574048,,,,,,,,,
19,S,130,14th St W & 2nd Ave W & Eddy Sargeant Parkway,Eddy Sargeant Parkway & 2nd Avenue West & 14th Street West,14th st w + 2nd ave w + eddy sargeant parkway,44.5733744,-80.947472,residential | secondary | tertiary,3,A,100,high,highest visibility corner,visit early; good sign ask potential,two+ higher-order roads; multiple street-front exposures,Day 2,1,-80947472:44573374,,,,,,,,,
20,S,130,15th St A E & 9th Ave E,15th Street A East & 9th Avenue East,15th st a e + 9th ave e,44.5720207,-80.9276148,primary | residential,2,A,100,high,highest visibility corner,visit first; highest sign ask potential,higher-order to neighbourhood connector; multiple street-front exposures,Day 2,1,-80927615:44572021,,,,,,,,,
21,A,130,15th St E & 9th Ave E,15th Street East & 9th Avenue East,15th st e + 9th ave e,44.569964,-80.9284441,primary | residential,2,A,100,high,highest visibility corner,visit early; good sign ask potential,higher-order to neighbourhood connector; multiple street-front exposures,Day 2,1,-80928444:44569964,,,,,,,,,
22,A,130,15th St W & 3rd Ave W & 4th Ave W,3rd Avenue West & 4th Avenue West & 15th Street West,15th st w + 3rd ave w + 4th ave w,44.57484325,-80.95165080000001,residential | tertiary,3,A,100,high,highest visibility corner,visit early; good sign ask potential,higher-order to neighbourhood connector; multiple street-front exposures ; multiple street-front exposures; mostly local-street exposure,Day 2,2,-80951427:44574887 | -80951874:44574799,,,,,,,,,
23,A,130,16th Ave E & 16th St E,16th Street East & 16th Avenue East,16th ave e + 16th st e,44.57481115,-80.91634739999999,primary | tertiary | unclassified,2,A,100,high,highest visibility corner,visit first; highest sign ask potential,two+ higher-order roads; multiple street-front exposures,Day 2,4,-80916294:44574780 | -80916306:44574852 | -80916382:44574771 | -80916407:44574843,,,,,,,,,
24,A,130,16th Ave E & 20th St E & 23rd St E,20th Street East & 23rd Street East & 16th Avenue East,16th ave e + 20th st e + 23rd st e,44.5817581,-80.9180844,tertiary | unclassified,3,A,100,high,highest visibility corner,visit early; good sign ask potential,higher-order to neighbourhood connector; multiple street-front exposures,Day 2,1,-80918084:44581758,,,,,,,,,
25,A,130,16th St E & 18th Ave E,18th Avenue East & 16th Street East,16th st e + 18th ave e,44.575192325,-80.913110075,primary | tertiary | unclassified,2,A,100,high,highest visibility corner,visit first; highest sign ask potential,two+ higher-order roads; multiple street-front exposures,Day 2,4,-80913024:44575155 | -80913041:44575246 | -80913182:44575143 | -80913194:44575226,,,,,,,,,
26,A,130,16th St E & 20th Ave E,20th Avenue East & 16th Street East,16th st e + 20th ave e,44.5757839,-80.9077024,primary | unclassified,2,A,100,high,highest visibility corner,visit first; highest sign ask potential,higher-order to neighbourhood connector; multiple street-front exposures,Day 2,1,-80907702:44575784,,,,,,,,,
27,A,130,16th St E & 27th Ave E,16th Street East & 27th Avenue East,16th st e + 27th ave e,44.5769102,-80.8980521,primary | residential,2,A,100,high,highest visibility corner,visit first; highest sign ask potential,higher-order to neighbourhood connector; multiple street-front exposures,Day 2,1,-80898052:44576910,,,,,,,,,
28,A,130,16th St E & 28th Ave E & Highway 26,28th Avenue East & 16th Street East & Highway 26,16th st e + 28th ave e + highway 26,44.577267,-80.8952565,primary | secondary | tertiary,3,A,100,high,highest visibility corner,visit first; highest sign ask potential,two+ higher-order roads; multiple street-front exposures,Day 2,1,-80895256:44577267,,,,,,,,,
29,A,130,16th St E & 9th Ave E,9th Avenue East & 16th Street East,16th st e + 9th ave e,44.5738586,-80.9268984,primary | residential | tertiary,2,A,100,high,highest visibility corner,visit first; highest sign ask potential,two+ higher-order roads; multiple street-front exposures,Day 2,1,-80926898:44573859,,,,,,,,,
30,A,130,18th St E & 3rd Ave E & 4th Ave E,3rd Avenue East & 18th Street East & 4th Avenue East,18th st e + 3rd ave e + 4th ave e,44.5783659,-80.9347409,residential | secondary | unclassified,3,A,100,high,highest visibility corner,visit early; good sign ask potential,higher-order to neighbourhood connector; multiple street-front exposures,Day 2,1,-80934741:44578366,,,,,,,,,
31,A,130,1st Ave E & 9th St E & 9th St W,1st Avenue East & 9th Street East & 9th Street W,1st ave e + 9th st e + 9th st w,44.5657066,-80.9438049,tertiary | unclassified,3,A,100,high,highest visibility corner,visit early; good sign ask potential,higher-order to neighbourhood connector; multiple street-front exposures,Day 3,1,-80943805:44565707,,,,,,,,,
32,A,130,1st St Sw & 2nd Ave E & 2nd Ave Se,2nd Avenue SE & 1st Street SW & 2nd Avenue East,1st st sw + 2nd ave e + 2nd ave se,44.5462749,-80.9409075,secondary | tertiary,3,A,100,high,highest visibility corner,visit early; good sign ask potential,two+ higher-order roads; multiple street-front exposures,Day 3,1,-80940907:44546275,,,,,,,,,
33,A,130,1st St Sw & 4th Ave Sw & 4th Ave W,4th Avenue SW & 4th Avenue West & 1st Street SW,1st st sw + 4th ave sw + 4th ave w,44.5458807,-80.9446594,residential | tertiary,3,A,100,high,highest visibility corner,visit early; good sign ask potential,higher-order to neighbourhood connector; multiple street-front exposures,Day 3,1,-80944659:44545881,,,,,,,,,
34,A,130,2nd Ave E & 5th St A E & 6th St E,6th Street East & 2nd Avenue East & 5th Street A East,2nd ave e + 5th st a e + 6th st e,44.5601464,-80.941538,residential | secondary | tertiary,3,A,100,high,highest visibility corner,visit early; good sign ask potential,two+ higher-order roads; multiple street-front exposures,Day 3,1,-80941538:44560146,,,,,,,,,
35,A,130,2nd Ave W & 6th St W & Moores Hill,6th Street West & Moores Hill & 2nd Avenue West,2nd ave w + 6th st w + moores hill,44.5582165,-80.9454095,residential | tertiary,3,A,100,high,highest visibility corner,visit early; good sign ask potential,higher-order to neighbourhood connector; multiple street-front exposures,Day 3,1,-80945409:44558217,,,,,,,,,
36,A,130,32nd St E & E Bay Shore Rd & E Bayshore Rd,East Bayshore Road & 32nd Street East & East Bay Shore Road,32nd st e + e bay shore rd + e bayshore rd,44.6017183,-80.9201229,secondary | unclassified,3,A,100,high,highest visibility corner,visit first; highest sign ask potential,higher-order to neighbourhood connector; multiple street-front exposures,Day 3,1,-80920123:44601718,,,,,,,,,
37,A,130,3rd Ave E & 9th St E,9th Street East & 3rd Avenue East,3rd ave e + 9th st e,44.5660518,-80.9409664,secondary | tertiary | unclassified,2,A,100,high,highest visibility corner,visit early; good sign ask potential,two+ higher-order roads; multiple street-front exposures,Day 3,1,-80940966:44566052,,,,,,,,,
38,A,130,3rd St W & 4th Ave W,4th Avenue West & 3rd Street West & 4th Avenue W,3rd st w + 4th ave w,44.5534956,-80.9463955,residential | tertiary,3,A,100,high,highest visibility corner,visit early; good sign ask potential,higher-order to neighbourhood connector; multiple street-front exposures,Day 3,1,-80946395:44553496,,,,,,,,,
39,A,130,4th Ave W & Beattie St,4th Avenue West & Beattie Street & 4th Avenue W,4th ave w + beattie st,44.5536419,-80.9464288,residential | tertiary,3,A,100,high,highest visibility corner,visit early; good sign ask potential,higher-order to neighbourhood connector; multiple street-front exposures,Day 3,1,-80946429:44553642,,,,,,,,,
40,A,130,6th St E & 9th Ave E,6th Street East & 9th Avenue East,6th st e + 9th ave e,44.5618779,-80.9265788,primary | secondary | unclassified,2,A,100,high,highest visibility corner,visit first; highest sign ask potential,two+ higher-order roads; multiple street-front exposures,Day 3,1,-80926579:44561878,,,,,,,,,
41,A,130,7th St E & 9th Ave E,7th Street East & 9th Avenue East,7th st e + 9th ave e,44.5637568,-80.9270151,primary | residential | unclassified,2,A,100,high,highest visibility corner,visit first; highest sign ask potential,higher-order to neighbourhood connector; multiple street-front exposures,Day 3,1,-80927015:44563757,,,,,,,,,
42,A,130,8th St A E & 9th Ave E,9th Avenue East & 8th Street A East,8th st a e + 9th ave e,44.5663963,-80.9276413,primary | residential,2,A,100,high,highest visibility corner,visit early; good sign ask potential,higher-order to neighbourhood connector; multiple street-front exposures,Day 3,1,-80927641:44566396,,,,,,,,,
43,A,130,8th St E & 9th Ave E,8th Street East & 9th Avenue East,8th st e + 9th ave e,44.5656475,-80.9274605,primary | secondary | tertiary,2,A,100,high,highest visibility corner,visit first; highest sign ask potential,two+ higher-order roads; multiple street-front exposures,Day 3,1,-80927460:44565648,,,,,,,,,
44,A,130,9th Ave E & 9th St E,9th Street East & 9th Avenue East,9th ave e + 9th st e,44.5675405,-80.9279175,primary | residential,2,A,100,high,highest visibility corner,visit early; good sign ask potential,higher-order to neighbourhood connector; multiple street-front exposures,Day 3,1,-80927918:44567541,,,,,,,,,
45,A,130,9th Ave E & Hwy 6/10 & Superior St,Superior Street & 9th Avenue East & Highway 6/10,9th ave e + hwy 6/10 + superior st,44.558404,-80.9257748,primary | residential,3,A,100,high,highest visibility corner,visit first; highest sign ask potential,higher-order to neighbourhood connector; multiple street-front exposures,Day 3,1,-80925775:44558404,,,,,,,,,
46,A,130,16th Ave E & 8th St E,8th Street East & 16th Avenue East,16th ave e + 8th st e,44.5671551,-80.9145964,secondary | tertiary,2,A,98,high,highest visibility corner,visit early; good sign ask potential,two+ higher-order roads; multiple street-front exposures,Day 4,1,-80914596:44567155,,,,,,,,,
47,A,130,19th St W & Eddy Sargeant Parkway,Eddy Sargeant Parkway & 19th Street West,19th st w + eddy sargeant parkway,44.5798895,-80.9476309,secondary | tertiary,2,A,98,high,highest visibility corner,visit early; good sign ask potential,two+ higher-order roads; multiple street-front exposures,Day 4,1,-80947631:44579890,,,,,,,,,
48,A,130,3rd Ave E & 8th St E,8th Street East & 3rd Avenue East,3rd ave e + 8th st e,44.564163,-80.9405331,secondary | tertiary,2,A,98,high,highest visibility corner,visit early; good sign ask potential,two+ higher-order roads; multiple street-front exposures,Day 4,1,-80940533:44564163,,,,,,,,,
49,A,130,3rd Ave E & E Bay Shore Rd,East Bay Shore Road & 3rd Avenue East,3rd ave e + e bay shore rd,44.592606700000005,-80.92401295,secondary | tertiary,2,A,98,high,highest visibility corner,visit early; good sign ask potential,two+ higher-order roads; multiple street-front exposures ; multiple street-front exposures,Day 4,2,-80923885:44592961 | -80924141:44592252,,,,,,,,,
50,A,128,10th Ave E & 8th St E,10th Avenue East & 8th Street East,10th ave e + 8th st e,44.5660351,-80.9241573,residential | secondary,2,A,98,high,highest visibility corner,visit early; good sign ask potential,higher-order to neighbourhood connector; multiple street-front exposures,Day 4,1,-80924157:44566035,,,,,,,,,
51,A,128,11th Ave E & 8th St E,8th Street East & 11th Avenue East,11th ave e + 8th st e,44.5661762,-80.9228918,residential | secondary,2,A,98,high,highest visibility corner,visit early; good sign ask potential,higher-order to neighbourhood connector; multiple street-front exposures,Day 4,1,-80922892:44566176,,,,,,,,,
52,A,128,11th St W & 2nd Ave W,11th Street West & 2nd Avenue West,11th st w + 2nd ave w,44.5691994,-80.9465261,residential | secondary,2,A,98,high,highest visibility corner,visit when nearby; flyer first,higher-order to neighbourhood connector; multiple street-front exposures,Day 4,1,-80946526:44569199,,,,,,,,,
53,A,128,12th St E & 3rd Ave E,12th Street East & 3rd Avenue East,12th st e + 3rd ave e,44.5714636,-80.9391965,residential | secondary,2,A,98,high,highest visibility corner,visit when nearby; flyer first,higher-order to neighbourhood connector; multiple street-front exposures,Day 4,1,-80939196:44571464,,,,,,,,,
54,A,128,12th St W & 2nd Ave W,12th Street West & 2nd Avenue West,12th st w + 2nd ave w,44.5715629,-80.9470603,residential | secondary,2,A,98,high,highest visibility corner,visit when nearby; flyer first,higher-order to neighbourhood connector; multiple street-front exposures,Day 4,1,-80947060:44571563,,,,,,,,,
55,A,128,13th St E & 3rd Ave E,13th Street East & 3rd Avenue East,13th st e + 3rd ave e,44.5731642,-80.9380969,residential | secondary,2,A,98,high,highest visibility corner,visit when nearby; flyer first,higher-order to neighbourhood connector; multiple street-front exposures,Day 4,1,-80938097:44573164,,,,,,,,,
56,A,128,13th St W & 2nd Ave W,13th Street West & 2nd Avenue West,13th st w + 2nd ave w,44.5725298,-80.94726940000001,residential | secondary,2,A,98,high,highest visibility corner,visit when nearby; flyer first,higher-order to neighbourhood connector; multiple street-front exposures,Day 4,2,-80947250:44572445 | -80947289:44572614,,,,,,,,,
57,A,128,14th St E & 3rd Ave E,14th Street East & 3rd Avenue East,14th st e + 3rd ave e,44.574897,-80.9369175,residential | secondary,2,A,98,high,highest visibility corner,visit when nearby; flyer first,higher-order to neighbourhood connector; multiple street-front exposures,Day 4,1,-80936918:44574897,,,,,,,,,
58,A,128,15th St E & 28th Ave E,28th Avenue East & 15th Street East,15th st e + 28th ave e,44.5749112,-80.8947282,residential | secondary,2,A,98,high,highest visibility corner,visit early; good sign ask potential,higher-order to neighbourhood connector; multiple street-front exposures,Day 4,1,-80894728:44574911,,,,,,,,,
59,A,128,15th St E & 3rd Ave E,3rd Avenue East & 15th Street East,15th st e + 3rd ave e,44.5756127,-80.9364281,residential | secondary,2,A,98,high,highest visibility corner,visit when nearby; flyer first,higher-order to neighbourhood connector; multiple street-front exposures,Day 4,1,-80936428:44575613,,,,,,,,,
60,A,128,16th St E & 3rd Ave E,16th Street East & 3rd Avenue East,16th st e + 3rd ave e,44.5760962,-80.9361079,residential | secondary,2,A,98,high,highest visibility corner,visit early; good sign ask potential,higher-order to neighbourhood connector; multiple street-front exposures,Day 4,1,-80936108:44576096,,,,,,,,,
61,A,128,17th St E & 3rd Ave E,3rd Avenue East & 17th Street East,17th st e + 3rd ave e,44.5767357,-80.9356887,residential | secondary,2,A,98,high,highest visibility corner,visit early; good sign ask potential,higher-order to neighbourhood connector; multiple street-front exposures,Day 5,1,-80935689:44576736,,,,,,,,,
62,A,128,1st St E & 2nd Ave E,1st Street East & 2nd Avenue East,1st st e + 2nd ave e,44.5514773,-80.9395937,residential | secondary,2,A,98,high,highest visibility corner,visit when nearby; flyer first,higher-order to neighbourhood connector; multiple street-front exposures,Day 5,1,-80939594:44551477,,,,,,,,,
63,A,128,1st St W & 2nd Ave E,1st Street West & 2nd Avenue East,1st st w + 2nd ave e,44.5515929,-80.9396227,residential | secondary,2,A,98,high,highest visibility corner,visit when nearby; flyer first,higher-order to neighbourhood connector; multiple street-front exposures,Day 5,1,-80939623:44551593,,,,,,,,,
64,A,128,20th St W & Eddy Sargeant Parkway,20th Street West & Eddy Sargeant Parkway,20th st w + eddy sargeant parkway,44.5811043,-80.9479728,residential | secondary,2,A,98,high,highest visibility corner,visit when nearby; flyer first,higher-order to neighbourhood connector; multiple street-front exposures,Day 5,1,-80947973:44581104,,,,,,,,,
65,A,128,23rd St W & 3rd Ave W,3rd Avenue West & 23rd Street West,23rd st w + 3rd ave w,44.5849177,-80.9469588,residential | secondary,2,A,98,high,highest visibility corner,visit when nearby; flyer first,higher-order to neighbourhood connector; multiple street-front exposures,Day 5,1,-80946959:44584918,,,,,,,,,
66,A,128,24th St W & 3rd Ave W,3rd Avenue West & 24th Street West,24th st w + 3rd ave w,44.5868503,-80.946375,residential | secondary,2,A,98,high,highest visibility corner,visit when nearby; flyer first,higher-order to neighbourhood connector; multiple street-front exposures,Day 5,1,-80946375:44586850,,,,,,,,,
67,A,128,26th St W & 3rd Ave W,26th Street West & 3rd Avenue West,26th st w + 3rd ave w,44.5892892,-80.9455464,residential | secondary,2,A,98,high,highest visibility corner,visit when nearby; flyer first,higher-order to neighbourhood connector; multiple street-front exposures,Day 5,1,-80945546:44589289,,,,,,,,,
68,A,128,27th St W & 3rd Ave W,3rd Avenue West & 27th Street West,27th st w + 3rd ave w,44.5905382,-80.9451555,residential | secondary,2,A,98,high,highest visibility corner,visit when nearby; flyer first,higher-order to neighbourhood connector; multiple street-front exposures,Day 5,1,-80945155:44590538,,,,,,,,,
69,A,128,28th Ave E & 8th St E,28th Avenue East & 8th Street East,28th ave e + 8th st e,44.5695638,-80.8935286,secondary | unclassified,2,A,98,high,highest visibility corner,visit early; good sign ask potential,higher-order to neighbourhood connector; multiple street-front exposures,Day 5,1,-80893529:44569564,,,,,,,,,
70,A,128,28th St E & E Bay Shore Rd,28th Street East & East Bay Shore Road,28th st e + e bay shore rd,44.5948788,-80.9237231,secondary | unclassified,2,A,98,high,highest visibility corner,visit early; good sign ask potential,higher-order to neighbourhood connector; multiple street-front exposures,Day 5,1,-80923723:44594879,,,,,,,,,
71,B,128,28th St W & 3rd Ave W,3rd Avenue West & 28th Street West,28th st w + 3rd ave w,44.591731,-80.9448553,residential | secondary,2,A,98,high,highest visibility corner,visit when nearby; flyer first,higher-order to neighbourhood connector; multiple street-front exposures,Day 5,1,-80944855:44591731,,,,,,,,,
72,B,128,29th St W & 3rd Ave W,3rd Avenue West & 29th Street West,29th st w + 3rd ave w,44.5930002,-80.9444635,residential | secondary,2,A,98,high,highest visibility corner,visit when nearby; flyer first,higher-order to neighbourhood connector; multiple street-front exposures,Day 5,1,-80944463:44593000,,,,,,,,,
73,B,128,2nd Ave E & 2nd Ave W,2nd Avenue East & 2nd Avenue West,2nd ave e + 2nd ave w,44.5561218,-80.9406423,residential | secondary,2,A,98,high,highest visibility corner,visit when nearby; flyer first,higher-order to neighbourhood connector; multiple street-front exposures,Day 5,1,-80940642:44556122,,,,,,,,,
74,B,128,2nd Ave E & 2nd St E,2nd Avenue East & 2nd Street East,2nd ave e + 2nd st e,44.5522245,-80.9397668,residential | secondary,2,A,98,high,highest visibility corner,visit when nearby; flyer first,higher-order to neighbourhood connector; multiple street-front exposures,Day 5,1,-80939767:44552225,,,,,,,,,
75,B,128,2nd Ave E & 2nd St W,2nd Avenue East & 2nd Street West,2nd ave e + 2nd st w,44.5521082,-80.9397381,residential | secondary,2,A,98,high,highest visibility corner,visit when nearby; flyer first,higher-order to neighbourhood connector; multiple street-front exposures,Day 5,1,-80939738:44552108,,,,,,,,,
76,B,128,2nd Ave E & 3rd St W,3rd Street West & 2nd Avenue East,2nd ave e + 3rd st w,44.5550534,-80.9404115,residential | secondary,2,A,98,high,highest visibility corner,visit when nearby; flyer first,higher-order to neighbourhood connector; multiple street-front exposures,Day 6,1,-80940411:44555053,,,,,,,,,
77,B,128,2nd Ave E & 4th St A E,2nd Avenue East & 4th Street A East,2nd ave e + 4th st a e,44.5574631,-80.9409347,residential | secondary,2,A,98,high,highest visibility corner,visit when nearby; flyer first,higher-order to neighbourhood connector; multiple street-front exposures,Day 6,1,-80940935:44557463,,,,,,,,,
78,B,128,2nd Ave E & 4th St B E,2nd Avenue East & 4th Street B East,2nd ave e + 4th st b e,44.5580327,-80.9410686,residential | secondary,2,A,98,high,highest visibility corner,visit when nearby; flyer first,higher-order to neighbourhood connector; multiple street-front exposures,Day 6,1,-80941069:44558033,,,,,,,,,
79,B,128,2nd Ave E & 4th St E,2nd Avenue East & 4th Street East,2nd ave e + 4th st e,44.5565501,-80.9407346,residential | secondary,2,A,98,high,highest visibility corner,visit when nearby; flyer first,higher-order to neighbourhood connector; multiple street-front exposures,Day 6,1,-80940735:44556550,,,,,,,,,
80,B,128,2nd Ave E & 4th St W,4th Street West & 2nd Avenue East,2nd ave e + 4th st w,44.5569532,-80.9408197,residential | secondary,2,A,98,high,highest visibility corner,visit when nearby; flyer first,higher-order to neighbourhood connector; multiple street-front exposures,Day 6,1,-80940820:44556953,,,,,,,,,
81,B,128,2nd Ave E & 5th St E,2nd Avenue East & 5th Street East,2nd ave e + 5th st e,44.5585676,-80.9411929,residential | secondary,2,A,98,high,highest visibility corner,visit when nearby; flyer first,higher-order to neighbourhood connector; multiple street-front exposures,Day 6,2,-80941106:44558223 | -80941280:44558913,,,,,,,,,
82,B,128,2nd Ave E & Beattie St,2nd Avenue East & Beattie Street,2nd ave e + beattie st,44.554335,-80.9402645,residential | secondary,2,A,98,high,highest visibility corner,visit when nearby; flyer first,higher-order to neighbourhood connector; multiple street-front exposures,Day 6,1,-80940264:44554335,,,,,,,,,
83,B,128,3rd Ave E & 6th St E,3rd Avenue East & 6th Street East,3rd ave e + 6th st e,44.5603665,-80.9396889,residential | secondary,2,A,98,high,highest visibility corner,visit when nearby; flyer first,higher-order to neighbourhood connector; multiple street-front exposures,Day 6,1,-80939689:44560367,,,,,,,,,
84,B,128,3rd Ave E & 7th St E,3rd Avenue East & 7th Street East,3rd ave e + 7th st e,44.5622615,-80.9401188,residential | secondary,2,A,98,high,highest visibility corner,visit when nearby; flyer first,higher-order to neighbourhood connector; multiple street-front exposures,Day 6,1,-80940119:44562262,,,,,,,,,
85,B,128,4th Ave E & 6th St E,6th Street East & 4th Avenue East,4th ave e + 6th st e,44.5605728,-80.9378634,residential | secondary,2,A,98,high,highest visibility corner,visit when nearby; flyer first,higher-order to neighbourhood connector; multiple street-front exposures,Day 6,1,-80937863:44560573,,,,,,,,,
86,B,128,5th Ave E & 6th St E,6th Street East & 5th Avenue East,5th ave e + 6th st e,44.5606842,-80.9368684,residential | secondary,2,A,98,high,highest visibility corner,visit when nearby; flyer first,higher-order to neighbourhood connector; multiple street-front exposures,Day 6,1,-80936868:44560684,,,,,,,,,
87,B,128,6th St E & 7th Ave E,6th Street East & 7th Avenue East,6th st e + 7th ave e,44.561279299999995,-80.93162595000001,residential | secondary,2,A,98,high,highest visibility corner,visit early; good sign ask potential,higher-order to neighbourhood connector; multiple street-front exposures,Day 6,2,-80931376:44561309 | -80931876:44561250,,,,,,,,,
88,B,128,6th St E & 8th Ave E,6th Street East & 8th Avenue East,6th st e + 8th ave e,44.5616259,-80.928704,residential | secondary,2,A,98,high,highest visibility corner,visit early; good sign ask potential,higher-order to neighbourhood connector; multiple street-front exposures,Day 6,1,-80928704:44561626,,,,,,,,,
89,B,128,8th St E & 9th Ave A E,9th Avenue A East & 8th Street East,8th st e + 9th ave a e,44.5659396,-80.9250387,residential | secondary,2,A,98,high,highest visibility corner,visit early; good sign ask potential,higher-order to neighbourhood connector; multiple street-front exposures,Day 6,1,-80925039:44565940,,,,,,,,,
90,B,126,10th St E & Lamson Crescent,Lamson Crescent & 10th Street East,10th st e + lamson crescent,44.57022815,-80.92151,residential | tertiary,3,A,96,high,highest visibility corner,visit when nearby; flyer first,higher-order to neighbourhood connector; multiple street-front exposures,Day 6,2,-80921073:44570273 | -80921947:44570184,,,,,,,,,
91,B,119,26th St E & 9th Ave E,9th Avenue East & 26th Street East,26th st e + 9th ave e,44.5907467,-80.9195133,residential | tertiary | unclassified,2,A,89,high,highest visibility corner,visit when nearby; flyer first,higher-order to neighbourhood connector; multiple street-front exposures,Day 7,1,-80919513:44590747,,,,,,,,,
92,B,116,10th Ave E & 10th St E,10th Avenue East & 10th Street East,10th ave e + 10th st e,44.5698361,-80.9250872,residential | tertiary,2,B,86,high,highest visibility corner,visit when nearby; flyer first,higher-order to neighbourhood connector; multiple street-front exposures,Day 7,1,-80925087:44569836,,,,,,,,,
93,B,116,10th Ave E & 10th St E,10th Avenue East & 10th Street East,10th ave e + 10th st e,44.5696584,-80.9266144,residential | tertiary,2,B,86,high,highest visibility corner,visit when nearby; flyer first,higher-order to neighbourhood connector; multiple street-front exposures,Day 7,1,-80926614:44569658,,,,,,,,,
94,B,116,10th St E & 11th Ave E,11th Avenue East & 10th Street East,10th st e + 11th ave e,44.5699752,-80.923802,residential | tertiary,2,B,86,high,highest visibility corner,visit when nearby; flyer first,higher-order to neighbourhood connector; multiple street-front exposures,Day 7,1,-80923802:44569975,,,,,,,,,
95,B,116,11th St A W & 4th Ave W,4th Avenue West & 11th Street A West,11th st a w + 4th ave w,44.5696571,-80.9500676,residential | tertiary,2,B,86,high,highest visibility corner,visit when nearby; flyer first,higher-order to neighbourhood connector; multiple street-front exposures,Day 7,1,-80950068:44569657,,,,,,,,,
96,B,116,11th St B W & 4th Ave W,4th Avenue West & 11th Street B West,11th st b w + 4th ave w,44.5702928,-80.9502174,residential | tertiary,2,B,86,high,highest visibility corner,visit when nearby; flyer first,higher-order to neighbourhood connector; multiple street-front exposures,Day 7,1,-80950217:44570293,,,,,,,,,
97,B,116,11th St W & 4th Ave W,11th Street West & 4th Avenue West,11th st w + 4th ave w,44.568817,-80.9498729,residential | tertiary,2,B,86,high,highest visibility corner,visit when nearby; flyer first,higher-order to neighbourhood connector; multiple street-front exposures,Day 7,1,-80949873:44568817,,,,,,,,,
98,B,116,11th St W & Alpha St,Alpha Street & 11th Street West,11th st w + alpha st,44.5676762,-80.9602819,residential | tertiary,2,B,86,high,highest visibility corner,flyer-only / later saturation,higher-order to neighbourhood connector; multiple street-front exposures,Day 7,1,-80960282:44567676,,,,,,,,,
99,B,116,12th St W & 4th Ave W,4th Avenue West & 12th Street West,12th st w + 4th ave w,44.5711538,-80.9504124,residential | tertiary,2,B,86,high,highest visibility corner,visit when nearby; flyer first,higher-order to neighbourhood connector; multiple street-front exposures,Day 7,1,-80950412:44571154,,,,,,,,,
100,B,116,12th St W & Alpha St,12th Street West & Alpha Street,12th st w + alpha st,44.5698223,-80.9577543,residential | tertiary,2,B,86,high,highest visibility corner,flyer-only / later saturation,higher-order to neighbourhood connector; multiple street-front exposures,Day 7,1,-80957754:44569822,,,,,,,,,
101,B,116,13th St A W & 4th Ave W,4th Avenue West & 13th Street A West,13th st a w + 4th ave w,44.5731268,-80.9508459,residential | tertiary,2,B,86,high,highest visibility corner,visit when nearby; flyer first,higher-order to neighbourhood connector; multiple street-front exposures,Day 7,1,-80950846:44573127,,,,,,,,,
102,B,116,13th St A W & Alpha St,13th Street A West & Alpha Street,13th st a w + alpha st,44.5728107,-80.9541581,residential | tertiary,2,B,86,high,highest visibility corner,visit when nearby; flyer first,higher-order to neighbourhood connector; multiple street-front exposures,Day 7,1,-80954158:44572811,,,,,,,,,
103,B,116,13th St W & 4th Ave W,13th Street West & 4th Avenue West,13th st w + 4th ave w,44.5720588,-80.9506088,residential | tertiary,2,B,86,high,highest visibility corner,visit when nearby; flyer first,higher-order to neighbourhood connector; multiple street-front exposures,Day 7,1,-80950609:44572059,,,,,,,,,
104,B,116,14th St E & 16th Ave E,16th Avenue East & 14th Street East,14th st e + 16th ave e,44.573609,-80.9160637,residential | tertiary,2,B,86,high,highest visibility corner,visit when nearby; flyer first,higher-order to neighbourhood connector; multiple street-front exposures,Day 7,1,-80916064:44573609,,,,,,,,,
105,B,116,14th St W & Alpha St,Alpha Street & 14th Street West,14th st w + alpha st,44.5739028,-80.9528439,residential | tertiary,2,B,86,high,highest visibility corner,visit when nearby; flyer first,higher-order to neighbourhood connector; multiple street-front exposures,Day 7,1,-80952844:44573903,,,,,,,,,
106,B,116,16th Ave E & 17th St E,17th Street East & 16th Avenue East,16th ave e + 17th st e,44.5761289,-80.9166626,tertiary | unclassified,2,B,86,high,highest visibility corner,visit when nearby; flyer first,higher-order to neighbourhood connector; multiple street-front exposures,Day 8,1,-80916663:44576129,,,,,,,,,
107,B,116,16th St W & 4th Ave W,4th Avenue West & 16th Street West,16th st w + 4th ave w,44.5764973,-80.9512984,residential | tertiary,2,B,86,high,highest visibility corner,visit when nearby; flyer first,higher-order to neighbourhood connector; multiple street-front exposures,Day 8,1,-80951298:44576497,,,,,,,,,
108,B,116,17th St E & 28th Ave E,28th Avenue East & 17th Street East,17th st e + 28th ave e,44.5786216,-80.8955987,residential | tertiary,2,B,86,high,highest visibility corner,visit when nearby; flyer first,higher-order to neighbourhood connector; multiple street-front exposures,Day 8,1,-80895599:44578622,,,,,,,,,
109,B,116,17th St E & 9th Ave E,9th Avenue East & 17th Street East,17th st e + 9th ave e,44.5757034,-80.9261945,residential | tertiary,2,B,86,high,highest visibility corner,visit when nearby; flyer first,higher-order to neighbourhood connector; multiple street-front exposures,Day 8,1,-80926194:44575703,,,,,,,,,
110,B,116,17th St W & 4th Ave W,4th Avenue West & 17th Street West,17th st w + 4th ave w,44.5777442,-80.950879,residential | tertiary,2,B,86,high,highest visibility corner,visit when nearby; flyer first,higher-order to neighbourhood connector; multiple street-front exposures,Day 8,1,-80950879:44577744,,,,,,,,,
111,B,116,18th St E & 28th Ave E,28th Avenue East & 18th Street East,18th st e + 28th ave e,44.5806887,-80.8960981,residential | tertiary,2,B,86,high,highest visibility corner,visit when nearby; flyer first,higher-order to neighbourhood connector; multiple street-front exposures,Day 8,1,-80896098:44580689,,,,,,,,,
112,B,116,18th St E & 9th Ave E,9th Avenue East & 18th Street East,18th st e + 9th ave e,44.577571,-80.925478,residential | tertiary,2,B,86,high,highest visibility corner,visit when nearby; flyer first,higher-order to neighbourhood connector; multiple street-front exposures,Day 8,1,-80925478:44577571,,,,,,,,,
113,B,116,18th St W & 4th Ave W,18th Street West & 4th Avenue West,18th st w + 4th ave w,44.57898,-80.9504425,residential | tertiary,2,B,86,high,highest visibility corner,visit when nearby; flyer first,higher-order to neighbourhood connector; multiple street-front exposures,Day 8,1,-80950442:44578980,,,,,,,,,
114,B,116,19th St E & 9th Ave E,9th Avenue East & 19th Street East,19th st e + 9th ave e,44.5794761,-80.9247576,residential | tertiary,2,B,86,high,highest visibility corner,visit when nearby; flyer first,higher-order to neighbourhood connector; multiple street-front exposures,Day 8,1,-80924758:44579476,,,,,,,,,
115,B,116,19th St W & 3rd Ave W,19th Street West & 3rd Avenue West,19th st w + 3rd ave w,44.5799595,-80.9486128,residential | tertiary,2,B,86,high,highest visibility corner,visit when nearby; flyer first,higher-order to neighbourhood connector; multiple street-front exposures,Day 8,1,-80948613:44579960,,,,,,,,,
116,B,116,19th St W & 4th Ave W,4th Avenue West & 19th Street West,19th st w + 4th ave w,44.5802003,-80.9500564,residential | tertiary,2,B,86,high,highest visibility corner,visit when nearby; flyer first,higher-order to neighbourhood connector; multiple street-front exposures,Day 8,1,-80950056:44580200,,,,,,,,,
117,B,116,1st Ave E & 8th St E,8th Street East & 1st Avenue East,1st ave e + 8th st e,44.5637849,-80.9438144,tertiary | unclassified,2,B,86,high,highest visibility corner,visit when nearby; flyer first,higher-order to neighbourhood connector; multiple street-front exposures,Day 8,1,-80943814:44563785,,,,,,,,,
118,B,116,1st Ave W & 8th St W,8th Street West & 1st Avenue West,1st ave w + 8th st w,44.5636784,-80.9448026,tertiary | unclassified,2,B,86,high,highest visibility corner,visit when nearby; flyer first,higher-order to neighbourhood connector; multiple street-front exposures,Day 8,1,-80944803:44563678,,,,,,,,,
119,B,116,1st Ave W & 9th St W,1st Avenue West & 9th Street West,1st ave w + 9th st w,44.565613,-80.9447054,tertiary | unclassified,2,B,86,high,highest visibility corner,visit when nearby; flyer first,higher-order to neighbourhood connector; multiple street-front exposures,Day 8,1,-80944705:44565613,,,,,,,,,
120,B,116,1st St W & 4th Ave W,1st Street West & 4th Avenue West,1st st w + 4th ave w,44.549416,-80.94546445,residential | tertiary,2,B,86,high,highest visibility corner,visit when nearby; flyer first,higher-order to neighbourhood connector; multiple street-front exposures,Day 8,2,-80945358:44548951 | -80945570:44549881,,,,,,,,,
121,B,116,20th St E & 23rd St E,23rd Street East & 20th Street East,20th st e + 23rd st e,44.5829213,-80.9078247,tertiary | unclassified,2,B,86,high,highest visibility corner,visit when nearby; flyer first,higher-order to neighbourhood connector; multiple street-front exposures,Day 9,1,-80907825:44582921,,,,,,,,,
122,B,116,20th St E & 28th Ave E,20th Street East & 28th Avenue East,20th st e + 28th ave e,44.5841448,-80.8969331,tertiary | unclassified,2,B,86,high,highest visibility corner,visit when nearby; flyer first,higher-order to neighbourhood connector; multiple street-front exposures,Day 9,1,-80896933:44584145,,,,,,,,,
123,B,116,20th St E & 9th Ave E,20th Street East & 9th Avenue East,20th st e + 9th ave e,44.5813356,-80.9240659,residential | tertiary,2,B,86,high,highest visibility corner,visit when nearby; flyer first,higher-order to neighbourhood connector; multiple street-front exposures,Day 9,1,-80924066:44581336,,,,,,,,,
124,B,116,20th St W & 4th Ave W,4th Avenue West & 20th Street West,20th st w + 4th ave w,44.5814687,-80.9496629,residential | tertiary,2,B,86,high,highest visibility corner,visit when nearby; flyer first,higher-order to neighbourhood connector; multiple street-front exposures,Day 9,1,-80949663:44581469,,,,,,,,,
125,B,116,21st St W & 4th Ave W,4th Avenue West & 21st Street West,21st st w + 4th ave w,44.5826593,-80.9492588,residential | tertiary,2,B,86,high,highest visibility corner,visit when nearby; flyer first,higher-order to neighbourhood connector; multiple street-front exposures,Day 9,1,-80949259:44582659,,,,,,,,,
126,B,116,22nd St A E & 9th Ave E,9th Avenue East & 22nd Street A East,22nd st a e + 9th ave e,44.5851166,-80.9216864,residential | tertiary,2,B,86,high,highest visibility corner,visit when nearby; flyer first,higher-order to neighbourhood connector; multiple street-front exposures,Day 9,1,-80921686:44585117,,,,,,,,,
127,B,116,22nd St B E & 9th Ave E,9th Avenue East & 22nd Street B East,22nd st b e + 9th ave e,44.5856883,-80.9214771,residential | tertiary,2,B,86,high,highest visibility corner,visit when nearby; flyer first,higher-order to neighbourhood connector; multiple street-front exposures,Day 9,1,-80921477:44585688,,,,,,,,,
128,B,116,22nd St E & 9th Ave E,9th Avenue East & 22nd Street East,22nd st e + 9th ave e,44.5845459,-80.9218954,residential | tertiary,2,B,86,high,highest visibility corner,visit when nearby; flyer first,higher-order to neighbourhood connector; multiple street-front exposures,Day 9,1,-80921895:44584546,,,,,,,,,
129,B,116,22nd St W & 4th Ave W,22nd Street West & 4th Avenue West,22nd st w + 4th ave w,44.5839239,-80.9488788,residential | tertiary,2,B,86,high,highest visibility corner,visit when nearby; flyer first,higher-order to neighbourhood connector; multiple street-front exposures,Day 9,1,-80948879:44583924,,,,,,,,,
130,B,116,23rd St A E & 9th Ave E,9th Avenue East & 23rd Street A East,23rd st a e + 9th ave e,44.5868175,-80.9210433,residential | tertiary,2,B,86,high,highest visibility corner,visit when nearby; flyer first,higher-order to neighbourhood connector; multiple street-front exposures,Day 9,1,-80921043:44586818,,,,,,,,,
131,B,116,23rd St E & 9th Ave E,9th Avenue East & 23rd Street East,23rd st e + 9th ave e,44.586184,-80.9212955,residential | tertiary,2,B,86,high,highest visibility corner,visit when nearby; flyer first,higher-order to neighbourhood connector; multiple street-front exposures,Day 9,1,-80921295:44586184,,,,,,,,,
132,B,116,23rd St W & 4th Ave W,4th Avenue West & 23rd Street West,23rd st w + 4th ave w,44.5851589,-80.9484767,residential | tertiary,2,B,86,high,highest visibility corner,visit when nearby; flyer first,higher-order to neighbourhood connector; multiple street-front exposures,Day 9,1,-80948477:44585159,,,,,,,,,
133,B,116,24th St W & 5th Ave W,24th Street West & 5th Avenue West,24th st w + 5th ave w,44.5873338,-80.9493363,residential | tertiary,2,B,86,high,highest visibility corner,visit when nearby; flyer first,higher-order to neighbourhood connector; multiple street-front exposures,Day 9,1,-80949336:44587334,,,,,,,,,
134,B,116,24th St W & 6th Ave W,24th Street West & 6th Avenue West,24th st w + 6th ave w,44.5875718,-80.9507927,residential | tertiary,2,B,86,high,highest visibility corner,visit when nearby; flyer first,higher-order to neighbourhood connector; multiple street-front exposures,Day 9,1,-80950793:44587572,,,,,,,,,
135,B,116,25th St A E & 9th Ave E,9th Avenue East & 25th Street A East,25th st a e + 9th ave e,44.5899929,-80.9198014,residential | tertiary,2,B,86,high,highest visibility corner,visit when nearby; flyer first,higher-order to neighbourhood connector; multiple street-front exposures,Day 9,1,-80919801:44589993,,,,,,,,,
136,B,116,25th St E & 9th Ave E,9th Avenue East & 25th Street East,25th st e + 9th ave e,44.5888098,-80.920273,residential | tertiary,2,B,86,high,highest visibility corner,visit when nearby; flyer first,higher-order to neighbourhood connector; multiple street-front exposures,Day 10,1,-80920273:44588810,,,,,,,,,
137,B,116,27th St E & 9th Ave E,27th Street East & 9th Avenue East,27th st e + 9th ave e,44.5929491,-80.9186702,residential | tertiary,2,B,86,high,highest visibility corner,visit when nearby; flyer first,higher-order to neighbourhood connector; multiple street-front exposures,Day 10,1,-80918670:44592949,,,,,,,,,
138,B,116,28th St E & 9th Ave E,28th Street East & 9th Avenue East,28th st e + 9th ave e,44.5936957,-80.9183895,residential | tertiary,2,B,86,high,highest visibility corner,visit when nearby; flyer first,higher-order to neighbourhood connector; multiple street-front exposures,Day 10,1,-80918389:44593696,,,,,,,,,
139,B,116,2nd Ave E & 7th St E,2nd Avenue East & 7th Street East,2nd ave e + 7th st e,44.5620464,-80.9419718,residential | tertiary,2,B,86,high,highest visibility corner,visit when nearby; flyer first,higher-order to neighbourhood connector; multiple street-front exposures,Day 10,1,-80941972:44562046,,,,,,,,,
140,B,116,2nd Ave W & 6th St W,2nd Avenue West & 6th Street West,2nd ave w + 6th st w,44.5598279,-80.9449602,residential | tertiary,2,B,86,high,highest visibility corner,visit when nearby; flyer first,higher-order to neighbourhood connector; multiple street-front exposures,Day 10,2,-80944580:44560148 | -80945340:44559508,,,,,,,,,
141,B,116,2nd Ave W & 7th St W,2nd Avenue West & 7th Street West,2nd ave w + 7th st w,44.561717,-80.9448554,residential | tertiary,2,B,86,high,highest visibility corner,visit when nearby; flyer first,higher-order to neighbourhood connector; multiple street-front exposures,Day 10,1,-80944855:44561717,,,,,,,,,
142,B,116,2nd Ave W & 8th St W,8th Street West & 2nd Avenue West,2nd ave w + 8th st w,44.563623,-80.9452645,residential | tertiary,2,B,86,high,highest visibility corner,visit when nearby; flyer first,higher-order to neighbourhood connector; multiple street-front exposures,Day 10,1,-80945264:44563623,,,,,,,,,
143,B,116,2nd St W & 4th Ave W,4th Avenue West & 2nd Street West,2nd st w + 4th ave w,44.5516111,-80.9459654,residential | tertiary,2,B,86,high,highest visibility corner,visit when nearby; flyer first,higher-order to neighbourhood connector; multiple street-front exposures,Day 10,1,-80945965:44551611,,,,,,,,,
144,B,116,3rd Ave W & 9th St W,3rd Avenue West & 9th Street West,3rd ave w + 9th st w,44.5653142,-80.9473522,residential | tertiary,2,B,86,high,highest visibility corner,visit when nearby; flyer first,higher-order to neighbourhood connector; multiple street-front exposures,Day 10,1,-80947352:44565314,,,,,,,,,
145,B,116,3rd St A W & 4th Ave W,4th Avenue West & 3rd Street A West,3rd st a w + 4th ave w,44.5550075,-80.946734,residential | tertiary,2,B,86,high,highest visibility corner,visit when nearby; flyer first,higher-order to neighbourhood connector; multiple street-front exposures,Day 10,1,-80946734:44555008,,,,,,,,,
146,B,116,4th Ave E & 8th St E,8th Street East & 4th Avenue East,4th ave e + 8th st e,44.5643679,-80.9387006,residential | tertiary,2,B,86,high,highest visibility corner,visit when nearby; flyer first,higher-order to neighbourhood connector; multiple street-front exposures,Day 10,1,-80938701:44564368,,,,,,,,,
147,B,116,4th Ave W & 4th St W,4th Avenue West & 4th Street West,4th ave w + 4th st w,44.5556666,-80.9468814,residential | tertiary,2,B,86,high,highest visibility corner,visit when nearby; flyer first,higher-order to neighbourhood connector; multiple street-front exposures,Day 10,1,-80946881:44555667,,,,,,,,,
148,B,116,4th Ave W & 6th Ave W,4th Avenue West & 6th Avenue West,4th ave w + 6th ave w,44.5480221,-80.9451566,residential | tertiary,2,B,86,high,highest visibility corner,visit when nearby; flyer first,higher-order to neighbourhood connector; multiple street-front exposures,Day 10,1,-80945157:44548022,,,,,,,,,
149,B,116,4th Ave W & Moores Hill,4th Avenue West & Moores Hill,4th ave w + moores hill,44.5569728,-80.9471733,residential | tertiary,2,B,86,high,highest visibility corner,visit when nearby; flyer first,higher-order to neighbourhood connector; multiple street-front exposures,Day 10,1,-80947173:44556973,,,,,,,,,
150,B,116,5th Ave E & 8th St E,8th Street East & 5th Avenue East,5th ave e + 8th st e,44.56457,-80.9368619,residential | tertiary,2,B,86,high,highest visibility corner,visit when nearby; flyer first,higher-order to neighbourhood connector; multiple street-front exposures,Day 10,1,-80936862:44564570,,,,,,,,,
151,B,116,5th Ave W & 9th St W,9th Street West & 5th Avenue West,5th ave w + 9th st w,44.5648838,-80.9510379,residential | tertiary,2,B,86,high,highest visibility corner,visit when nearby; flyer first,higher-order to neighbourhood connector; multiple street-front exposures,Day 11,1,-80951038:44564884,,,,,,,,,
152,B,116,6th Ave W & 9th St W,9th Street West & 6th Avenue West,6th ave w + 9th st w,44.5646551,-80.9530555,residential | tertiary,2,B,86,high,highest visibility corner,visit when nearby; flyer first,higher-order to neighbourhood connector; multiple street-front exposures,Day 11,1,-80953056:44564655,,,,,,,,,
153,B,116,6th Ave W & Alpha St,Alpha Street & 6th Avenue West,6th ave w + alpha st,44.571935499999995,-80.955223,residential | tertiary,2,B,86,high,highest visibility corner,flyer-only / later saturation,higher-order to neighbourhood connector; multiple street-front exposures,Day 11,2,-80954779:44572287 | -80955667:44571584,,,,,,,,,
154,B,116,7th Ave A W & Alpha St,Alpha Street & 7th Avenue A West,7th ave a w + alpha st,44.5702568,-80.957245,residential | tertiary,2,B,86,high,highest visibility corner,flyer-only / later saturation,higher-order to neighbourhood connector; multiple street-front exposures,Day 11,1,-80957245:44570257,,,,,,,,,
155,B,116,7th Ave E & 8th St E,7th Avenue East & 8th Street East,7th ave e + 8th st e,44.5651292,-80.9322289,residential | tertiary,2,B,86,high,highest visibility corner,visit when nearby; flyer first,higher-order to neighbourhood connector; multiple street-front exposures,Day 11,1,-80932229:44565129,,,,,,,,,
156,B,116,7th Ave W & 9th St W,9th Street West & 7th Avenue West,7th ave w + 9th st w,44.5644454,-80.9549775,residential | tertiary,2,B,86,high,highest visibility corner,flyer-only / later saturation,higher-order to neighbourhood connector; multiple street-front exposures,Day 11,1,-80954977:44564445,,,,,,,,,
157,B,116,8th Ave E & 8th St E,8th Street East & 8th Avenue East,8th ave e + 8th st e,44.5654174,-80.9295841,residential | tertiary,2,B,86,high,highest visibility corner,visit when nearby; flyer first,higher-order to neighbourhood connector; multiple street-front exposures,Day 11,1,-80929584:44565417,,,,,,,,,
158,B,116,8th Ave W & Alpha St,Alpha Street & 8th Avenue West,8th ave w + alpha st,44.5697158,-80.9578791,residential | tertiary,2,B,86,high,highest visibility corner,flyer-only / later saturation,higher-order to neighbourhood connector; multiple street-front exposures,Day 11,1,-80957879:44569716,,,,,,,,,
159,B,116,9th Ave E & Bayfield,Bayfield & 9th Avenue East,9th ave e + bayfield,44.5844227,-80.9219405,residential | tertiary,2,B,86,high,highest visibility corner,visit when nearby; flyer first,higher-order to neighbourhood connector; multiple street-front exposures,Day 11,1,-80921941:44584423,,,,,,,,,
160,B,116,9th Ave E & Bayfield,9th Avenue East & Bayfield,9th ave e + bayfield,44.5832964,-80.9226593,residential | tertiary,2,B,86,high,highest visibility corner,visit when nearby; flyer first,higher-order to neighbourhood connector; multiple street-front exposures,Day 11,1,-80922659:44583296,,,,,,,,,
161,B,116,9th Ave W & Alpha St,9th Avenue W & Alpha Street,9th ave w + alpha st,44.5681552,-80.9597354,residential | tertiary,2,B,86,high,highest visibility corner,flyer-only / later saturation,higher-order to neighbourhood connector; multiple street-front exposures,Day 11,1,-80959735:44568155,,,,,,,,,
162,B,105,3rd Ave W & Eddy Sargeant Parkway,3rd Avenue West & Eddy Sargeant Parkway,3rd ave w + eddy sargeant parkway,44.5835319,-80.9472745,secondary,2,A,95,high,highest visibility corner,flyer-only / later saturation,multiple street-front exposures,Day 11,1,-80947275:44583532,,,,,,,,,
163,B,105,E Bayshore Rd & Grey Rd 15,East Bayshore Road & Grey Road 15,e bayshore rd + grey rd 15,44.6084104,-80.9134758,secondary,2,A,95,high,highest visibility corner,flyer-only / later saturation,multiple street-front exposures,Day 11,1,-80913476:44608410,,,,,,,,,
164,B,103,16th Ave E & 18th Ave E,16th Avenue East & 18th Avenue East,16th ave e + 18th ave e,44.570903,-80.9154099,tertiary,3,A,93,high,highest visibility corner,flyer-only / later saturation,multiple street-front exposures,Day 11,1,-80915410:44570903,,,,,,,,,
165,B,93,14th St W & 4th Ave W,4th Avenue West & 14th Street West,14th st w + 4th ave w,44.5740922,-80.9510693,tertiary,2,B,83,high,highest visibility corner,flyer-only / later saturation,multiple street-front exposures,Day 11,1,-80951069:44574092,,,,,,,,,
166,B,93,24th St W & 4th Ave W,4th Avenue West & 24th Street West,24th st w + 4th ave w,44.5870219,-80.9479534,tertiary,2,B,83,high,highest visibility corner,flyer-only / later saturation,multiple street-front exposures,Day 12,1,-80947953:44587022,,,,,,,,,
167,B,93,28th St E & 3rd Ave E,3rd Avenue East & 28th Street East,28th st e + 3rd ave e,44.594081,-80.9204901,tertiary,2,B,83,high,highest visibility corner,flyer-only / later saturation,multiple street-front exposures,Day 12,1,-80920490:44594081,,,,,,,,,
168,B,93,2nd Ave E & 8th St E,2nd Avenue East & 8th Street East,2nd ave e + 8th st e,44.5639429,-80.9424071,tertiary,2,B,83,high,highest visibility corner,flyer-only / later saturation,multiple street-front exposures,Day 12,1,-80942407:44563943,,,,,,,,,
169,B,93,2nd Ave E & 9th St E,9th Street East & 2nd Avenue East,2nd ave e + 9th st e,44.5658331,-80.9428321,tertiary,2,B,83,high,highest visibility corner,flyer-only / later saturation,multiple street-front exposures,Day 12,1,-80942832:44565833,,,,,,,,,
170,B,93,2nd Ave W & 9th St W,9th Street West & 2nd Avenue West,2nd ave w + 9th st w,44.5654965,-80.9457016,tertiary,2,B,83,high,highest visibility corner,flyer-only / later saturation,multiple street-front exposures,Day 12,1,-80945702:44565497,,,,,,,,,
171,C,93,8th Ave W & 9th St W,9th Street West & 8th Avenue West,8th ave w + 9th st w,44.5640312,-80.9590099,tertiary,2,B,83,high,highest visibility corner,flyer-only / later saturation,multiple street-front exposures,Day 12,1,-80959010:44564031,,,,,,,,,
172,C,93,8th St E & 8th St W,8th Street East & 8th Street West,8th st e + 8th st w,44.5637536,-80.9441008,tertiary,2,B,83,high,highest visibility corner,flyer-only / later saturation,multiple street-front exposures,Day 12,1,-80944101:44563754,,,,,,,,,
173,C,93,9th St W,9th Street West & 9th Street W,9th st w,44.5656706,-80.9441792,tertiary,2,B,83,high,highest visibility corner,flyer-only / later saturation,multiple street-front exposures,Day 12,1,-80944179:44565671,,,,,,,,,
174,C,58,10th Concession S & 28th Ave E & Superior St,28th Avenue East & 10th Concession South & Superior Street,10th concession s + 28th ave e + superior st,44.5621827,-80.8918694,residential | unclassified,3,B,78,high,neighbourhood connector corner,flyer-only / later saturation,multiple street-front exposures; mostly local-street exposure,Day 12,1,-80891869:44562183,,,,,,,,,
175,C,55,10th Ave E & 12th St E & 15th A St E,10th Avenue East & 12th Street East & 15th a Street East,10th ave e + 12th st e + 15th a st e,44.5713024,-80.9258572,residential,3,C,75,medium,neighbourhood connector corner,flyer-only / later saturation,multiple street-front exposures; mostly local-street exposure,Day 12,1,-80925857:44571302,,,,,,,,,
176,C,55,12th St E & 13th St E & 1st Ave E,12th Street East & 1st Avenue East & 13th Street East,12th st e + 13th st e + 1st ave e,44.5723955,-80.9419503,unclassified,3,C,75,medium,neighbourhood connector corner,flyer-only / later saturation,multiple street-front exposures; mostly local-street exposure,Day 12,1,-80941950:44572396,,,,,,,,,
177,C,55,13th St W & 5th Ave W,5th Avenue W & 13th Street West & 5th Avenue West,13th st w + 5th ave w,44.5718107,-80.9528444,residential,3,C,75,medium,neighbourhood connector corner,flyer-only / later saturation,multiple street-front exposures; mostly local-street exposure,Day 12,1,-80952844:44571811,,,,,,,,,
178,C,55,15th A St E & 15th St A E & 15th St B E,15th Street A East & 15th a Street East & 15th Street B East,15th a st e + 15th st a e + 15th st b e,44.5717345,-80.9261606,residential,3,C,75,medium,neighbourhood connector corner,flyer-only / later saturation,multiple street-front exposures; mostly local-street exposure,Day 12,1,-80926161:44571735,,,,,,,,,
179,C,55,21 Sideroad & 26th St E & 28th Ave E,28th Avenue East & 21 Sideroad & 26th Street East,21 sideroad + 26th st e + 28th ave e,44.5931224,-80.8989781,unclassified,3,C,75,medium,neighbourhood connector corner,flyer-only / later saturation,multiple street-front exposures; mostly local-street exposure,Day 12,1,-80898978:44593122,,,,,,,,,
180,C,55,27th St E & 7th Ave E & 8th Ave A E,7th Avenue East & 27th Street East & 8th Avenue A East,27th st e + 7th ave e + 8th ave a e,44.5928508,-80.9205523,residential,3,C,75,medium,neighbourhood connector corner,flyer-only / later saturation,multiple street-front exposures; mostly local-street exposure,Day 12,1,-80920552:44592851,,,,,,,,,
181,C,55,4th St A W & 5th Ave W & 5th St W,4th Street A West & 5th Street West & 5th Avenue West,4th st a w + 5th ave w + 5th st w,44.5573309,-80.9499438,residential,3,C,75,medium,neighbourhood connector corner,flyer-only / later saturation,multiple street-front exposures; mostly local-street exposure,Day 13,1,-80949944:44557331,,,,,,,,,
182,C,55,5th St A E & 5th St E & Sydenham Crescent,5th Street East & 5th Street A East & Sydenham Crescent,5th st a e + 5th st e + sydenham crescent,44.5587864,-80.942972,residential,3,C,75,medium,neighbourhood connector corner,flyer-only / later saturation,multiple street-front exposures; mostly local-street exposure,Day 13,1,-80942972:44558786,,,,,,,,,
183,C,17,11th St W & 1st Ave W,1st Avenue West & 11th Street West,11th st w + 1st ave w,44.5694241,-80.9446818,residential | unclassified,2,D,62,medium,local residential corner,flyer-only / later saturation,multiple street-front exposures; mostly local-street exposure,Day 13,1,-80944682:44569424,,,,,,,,,
184,C,17,12th Ave E & 15th St B E,15th Street B East & 12th Avenue East,12th ave e + 15th st b e,44.5725338,-80.9229337,residential | unclassified,2,D,62,medium,local residential corner,flyer-only / later saturation,multiple street-front exposures; mostly local-street exposure,Day 13,1,-80922934:44572534,,,,,,,,,
185,C,17,12th St E & 2nd Ave E,12th Street East & 2nd Avenue East,12th st e + 2nd ave e,44.5719278,-80.9405663,residential | unclassified,2,D,62,medium,local residential corner,flyer-only / later saturation,multiple street-front exposures; mostly local-street exposure,Day 13,1,-80940566:44571928,,,,,,,,,
186,C,17,12th St W & 1st Ave W,1st Avenue West & 12th Street West,12th st w + 1st ave w,44.5717565,-80.9452274,residential | unclassified,2,D,62,medium,local residential corner,flyer-only / later saturation,multiple street-front exposures; mostly local-street exposure,Day 13,1,-80945227:44571757,,,,,,,,,
187,C,17,13th St E & 2nd Ave E,13th Street East & 2nd Avenue East,13th st e + 2nd ave e,44.5736151,-80.9394315,residential | unclassified,2,D,62,medium,local residential corner,flyer-only / later saturation,multiple street-front exposures; mostly local-street exposure,Day 13,1,-80939431:44573615,,,,,,,,,
188,C,17,14th St E & 2nd Ave E,14th Street East & 2nd Avenue East,14th st e + 2nd ave e,44.575334,-80.9383087,residential | unclassified,2,D,62,medium,local residential corner,flyer-only / later saturation,multiple street-front exposures; mostly local-street exposure,Day 13,1,-80938309:44575334,,,,,,,,,
189,C,17,14th St W & 1st Ave W,1st Avenue West & 14th Street West,14th st w + 1st ave w,44.5730397,-80.9454954,residential | unclassified,2,D,62,medium,local residential corner,flyer-only / later saturation,multiple street-front exposures; mostly local-street exposure,Day 13,1,-80945495:44573040,,,,,,,,,
190,C,17,17th St E & 2nd Ave E,17th Street East & 2nd Avenue East,17th st e + 2nd ave e,44.5771308,-80.9368861,residential | unclassified,2,D,62,medium,local residential corner,flyer-only / later saturation,multiple street-front exposures; mostly local-street exposure,Day 13,1,-80936886:44577131,,,,,,,,,
191,C,17,1st Ave E & 7th St E,1st Avenue East & 7th Street East,1st ave e + 7th st e,44.5619827,-80.9429745,residential | unclassified,2,D,62,medium,local residential corner,flyer-only / later saturation,multiple street-front exposures; mostly local-street exposure,Day 13,1,-80942975:44561983,,,,,,,,,
192,C,17,4th Ave E & 9th St E,9th Street East & 4th Avenue East,4th ave e + 9th st e,44.5662627,-80.939131,residential | unclassified,2,D,62,medium,local residential corner,flyer-only / later saturation,multiple street-front exposures; mostly local-street exposure,Day 13,1,-80939131:44566263,,,,,,,,,
193,C,14,10th Ave E & 11th St E,10th Avenue East & 11th Street East,10th ave e + 11th st e,44.5706906,-80.9264247,residential,2,D,59,medium,local residential corner,flyer-only / later saturation,multiple street-front exposures; mostly local-street exposure,Day 13,1,-80926425:44570691,,,,,,,,,
194,C,14,10th Ave E & 22nd St A E,22nd Street A East & 10th Avenue East,10th ave e + 22nd st a e,44.5849665,-80.920712,residential,2,D,59,medium,local residential corner,flyer-only / later saturation,multiple street-front exposures; mostly local-street exposure,Day 13,1,-80920712:44584967,,,,,,,,,
195,C,14,10th Ave E & 22nd St B E,22nd Street B East & 10th Avenue East,10th ave e + 22nd st b e,44.5856415,-80.9208606,residential,2,D,59,medium,local residential corner,flyer-only / later saturation,multiple street-front exposures; mostly local-street exposure,Day 13,1,-80920861:44585642,,,,,,,,,
196,C,14,10th Ave E & 22nd St E,10th Avenue East & 22nd Street East,10th ave e + 22nd st e,44.5844285,-80.9205869,residential,2,D,59,medium,local residential corner,flyer-only / later saturation,multiple street-front exposures; mostly local-street exposure,Day 14,1,-80920587:44584429,,,,,,,,,
197,C,14,10th St A W & 6th Ave W,10th Street A West & 6th Avenue West,10th st a w + 6th ave w,44.5672641,-80.9536479,residential,2,D,59,medium,local residential corner,flyer-only / later saturation,multiple street-front exposures; mostly local-street exposure,Day 14,1,-80953648:44567264,,,,,,,,,
198,C,14,11th Ave E & 11th St E,11th Street East & 11th Avenue East,11th ave e + 11th st e,44.570797,-80.9239687,residential,2,D,59,medium,local residential corner,flyer-only / later saturation,multiple street-front exposures; mostly local-street exposure,Day 14,1,-80923969:44570797,,,,,,,,,
199,C,14,11th Ave E & 12th St E,12th Street East & 11th Avenue East,11th ave e + 12th st e,44.5715714,-80.9241314,residential,2,D,59,medium,local residential corner,flyer-only / later saturation,multiple street-front exposures; mostly local-street exposure,Day 14,1,-80924131:44571571,,,,,,,,,
200,C,14,11th St A W & 6th Ave W,6th Avenue West & 11th Street A West,11th st a w + 6th ave w,44.568811,-80.953973,residential,2,D,59,medium,local residential corner,flyer-only / later saturation,multiple street-front exposures; mostly local-street exposure,Day 14,1,-80953973:44568811,,,,,,,,,
201,C,14,11th St B W & 5th Ave W,11th Street B West & 5th Avenue West,11th st b w + 5th ave w,44.5701209,-80.952427,residential,2,D,59,medium,local residential corner,flyer-only / later saturation,multiple street-front exposures; mostly local-street exposure,Day 14,1,-80952427:44570121,,,,,,,,,
202,C,14,11th St E & 12th Ave E,11th Street East & 12th Avenue East,11th st e + 12th ave e,44.570733,-80.9224197,residential,2,D,59,medium,local residential corner,flyer-only / later saturation,multiple street-front exposures; mostly local-street exposure,Day 14,1,-80922420:44570733,,,,,,,,,
203,C,14,11th St E & 13th Ave E,13th Avenue East & 11th Street East,11th st e + 13th ave e,44.5708493,-80.9213742,residential,2,D,59,medium,local residential corner,flyer-only / later saturation,multiple street-front exposures; mostly local-street exposure,Day 14,1,-80921374:44570849,,,,,,,,,
204,C,14,11th St E & 14th Ave A E,14th Ave A East & 11th Street East,11th st e + 14th ave a e,44.57098,-80.9192655,residential,2,D,59,medium,local residential corner,flyer-only / later saturation,multiple street-front exposures; mostly local-street exposure,Day 14,1,-80919265:44570980,,,,,,,,,
205,C,14,11th St E & 1st Ave E,1st Avenue East & 11th Street East,11th st e + 1st ave e,44.5706907,-80.9431319,unclassified,2,D,59,medium,local residential corner,flyer-only / later saturation,multiple street-front exposures; mostly local-street exposure,Day 14,1,-80943132:44570691,,,,,,,,,
206,C,14,11th St E & 2nd Ave E,11th Street East & 2nd Avenue East,11th st e + 2nd ave e,44.5701963,-80.9417067,unclassified,2,D,59,medium,local residential corner,flyer-only / later saturation,multiple street-front exposures; mostly local-street exposure,Day 14,1,-80941707:44570196,,,,,,,,,
207,C,14,11th St E & 3rd Ave A E,11th Street East & 3rd Avenue A East,11th st e + 3rd ave a e,44.569539,-80.939778,residential,2,D,59,medium,local residential corner,flyer-only / later saturation,multiple street-front exposures; mostly local-street exposure,Day 14,1,-80939778:44569539,,,,,,,,,
208,C,14,11th St E & 4th Ave E,4th Avenue East & 11th Street East,11th st e + 4th ave e,44.5692315,-80.9388629,residential,2,D,59,medium,local residential corner,flyer-only / later saturation,multiple street-front exposures; mostly local-street exposure,Day 14,1,-80938863:44569232,,,,,,,,,
209,C,14,11th St W & 1st A Ave W,11th Street West & 1st A Avenue West,11th st w + 1st a ave w,44.5692876,-80.9456935,residential,2,D,59,medium,local residential corner,flyer-only / later saturation,multiple street-front exposures; mostly local-street exposure,Day 14,1,-80945694:44569288,,,,,,,,,
210,C,14,11th St W & 3rd Ave W,11th Street West & 3rd Avenue West,11th st w + 3rd ave w,44.5690153,-80.9482151,residential,2,D,59,medium,local residential corner,flyer-only / later saturation,multiple street-front exposures; mostly local-street exposure,Day 14,1,-80948215:44569015,,,,,,,,,
211,C,14,11th St W & 4th Ave A W,11th Street West & 4th Avenue A West,11th st w + 4th ave a w,44.5687187,-80.9507229,residential,2,D,59,medium,local residential corner,flyer-only / later saturation,multiple street-front exposures; mostly local-street exposure,Day 15,1,-80950723:44568719,,,,,,,,,
212,C,14,11th St W & 6th Ave W,11th Street West & 6th Avenue West,11th st w + 6th ave w,44.5683649,-80.9539083,residential,2,D,59,medium,local residential corner,flyer-only / later saturation,multiple street-front exposures; mostly local-street exposure,Day 15,1,-80953908:44568365,,,,,,,,,
213,C,14,11th St W & 7th Ave W,11th Street West & 7th Avenue West,11th st w + 7th ave w,44.5679311,-80.9576595,residential,2,D,59,medium,local residential corner,flyer-only / later saturation,multiple street-front exposures; mostly local-street exposure,Day 15,1,-80957660:44567931,,,,,,,,,
214,C,14,12th Ave E & 12th St E,12th Street East & 12th Avenue East,12th ave e + 12th st e,44.5717324,-80.9226702,residential,2,D,59,medium,local residential corner,flyer-only / later saturation,multiple street-front exposures; mostly local-street exposure,Day 15,1,-80922670:44571732,,,,,,,,,
215,C,14,12th St E & 4th Ave E,4th Avenue East & 12th Street East,12th st e + 4th ave e,44.5709653,-80.937729,residential,2,D,59,medium,local residential corner,flyer-only / later saturation,multiple street-front exposures; mostly local-street exposure,Day 15,1,-80937729:44570965,,,,,,,,,
216,C,14,12th St W & 2nd Ave A W,2nd Avenue A West & 12th Street West,12th st w + 2nd ave a w,44.5714393,-80.9480563,residential,2,D,59,medium,local residential corner,flyer-only / later saturation,multiple street-front exposures; mostly local-street exposure,Day 15,1,-80948056:44571439,,,,,,,,,
217,C,14,12th St W & 3rd Ave A W,12th Street West & 3rd Avenue A West,12th st w + 3rd ave a w,44.5712758,-80.9494297,residential,2,D,59,medium,local residential corner,flyer-only / later saturation,multiple street-front exposures; mostly local-street exposure,Day 15,1,-80949430:44571276,,,,,,,,,
218,C,14,12th St W & 3rd Ave W,12th Street West & 3rd Avenue West,12th st w + 3rd ave w,44.5713508,-80.9487995,residential,2,D,59,medium,local residential corner,flyer-only / later saturation,multiple street-front exposures; mostly local-street exposure,Day 15,1,-80948800:44571351,,,,,,,,,
219,C,14,12th St W & 5th Ave W,12th Street West & 5th Avenue West,12th st w + 5th ave w,44.5709027,-80.9526391,residential,2,D,59,medium,local residential corner,flyer-only / later saturation,multiple street-front exposures; mostly local-street exposure,Day 15,1,-80952639:44570903,,,,,,,,,
220,C,14,12th St W & 6th Ave W,12th Street West & 6th Avenue West,12th st w + 6th ave w,44.5707028,-80.9544047,residential,2,D,59,medium,local residential corner,flyer-only / later saturation,multiple street-front exposures; mostly local-street exposure,Day 15,1,-80954405:44570703,,,,,,,,,
221,C,14,13th Ave E & 15th St B E,15th Street B East & 13th Avenue East,13th ave e + 15th st b e,44.5726771,-80.9218125,residential,2,D,59,medium,local residential corner,flyer-only / later saturation,multiple street-front exposures; mostly local-street exposure,Day 15,1,-80921812:44572677,,,,,,,,,
222,C,14,13th St A W & 6th Ave W,6th Avenue West & 13th Street A West,13th st a w + 6th ave w,44.5726904,-80.9568434,residential,2,D,59,medium,local residential corner,flyer-only / later saturation,multiple street-front exposures; mostly local-street exposure,Day 15,1,-80956843:44572690,,,,,,,,,
223,C,14,13th St E & 4th Ave E,13th Street East & 4th Avenue East,13th st e + 4th ave e,44.5726593,-80.9366113,residential,2,D,59,medium,local residential corner,flyer-only / later saturation,multiple street-front exposures; mostly local-street exposure,Day 15,1,-80936611:44572659,,,,,,,,,
224,C,14,13th St W & 1st Ave W,1st Avenue West & 13th Street West,13th st w + 1st ave w,44.5722187,-80.9453205,residential,2,D,59,medium,local residential corner,flyer-only / later saturation,multiple street-front exposures; mostly local-street exposure,Day 15,1,-80945320:44572219,,,,,,,,,
225,C,14,13th St W & 2nd Ave A W,13th Street West & 2nd Avenue A West,13th st w + 2nd ave a w,44.5723312,-80.9482367,residential,2,D,59,medium,local residential corner,flyer-only / later saturation,multiple street-front exposures; mostly local-street exposure,Day 15,1,-80948237:44572331,,,,,,,,,
226,C,14,13th St W & 3rd Ave A W,13th Street West & 3rd Avenue A West,13th st w + 3rd ave a w,44.5721713,-80.9496193,residential,2,D,59,medium,local residential corner,flyer-only / later saturation,multiple street-front exposures; mostly local-street exposure,Day 16,1,-80949619:44572171,,,,,,,,,
227,C,14,13th St W & 6th Ave W,6th Avenue West & 13th Street West,13th st w + 6th ave w,44.5716126,-80.95462,residential,2,D,59,medium,local residential corner,flyer-only / later saturation,multiple street-front exposures; mostly local-street exposure,Day 16,1,-80954620:44571613,,,,,,,,,
228,C,14,14th Ave A E & 14th St E,14th Street East & 14th Ave A East,14th ave a e + 14th st e,44.5723346,-80.9196118,residential,2,D,59,medium,local residential corner,flyer-only / later saturation,multiple street-front exposures; mostly local-street exposure,Day 16,1,-80919612:44572335,,,,,,,,,
229,C,14,14th Ave E & 14th St E,14th Avenue East & 14th Street East,14th ave e + 14th st e,44.5722499,-80.920469,residential,2,D,59,medium,local residential corner,flyer-only / later saturation,multiple street-front exposures; mostly local-street exposure,Day 16,1,-80920469:44572250,,,,,,,,,
230,C,14,14th Ave E & 15th St B E,15th Street B East & 14th Avenue East,14th ave e + 15th st b e,44.5728058,-80.9206017,residential,2,D,59,medium,local residential corner,flyer-only / later saturation,multiple street-front exposures; mostly local-street exposure,Day 16,1,-80920602:44572806,,,,,,,,,
231,C,14,14th St E & 15th Ave E,14th Street East & 15th Avenue East,14th st e + 15th ave e,44.5725521,-80.9188471,residential,2,D,59,medium,local residential corner,flyer-only / later saturation,multiple street-front exposures; mostly local-street exposure,Day 16,1,-80918847:44572552,,,,,,,,,
232,C,14,14th St E & 4th Ave E,4th Avenue East & 14th Street East,14th st e + 4th ave e,44.5744238,-80.9354763,residential,2,D,59,medium,local residential corner,flyer-only / later saturation,multiple street-front exposures; mostly local-street exposure,Day 16,1,-80935476:44574424,,,,,,,,,
233,C,14,14th St W & 6th Ave W,14th Street West & 6th Avenue West,14th st w + 6th ave w,44.57374995,-80.957458,residential,2,D,59,medium,local residential corner,flyer-only / later saturation,multiple street-front exposures; mostly local-street exposure,Day 16,2,-80957005:44573775 | -80957911:44573725,,,,,,,,,
234,C,14,14th St W & 7th Ave W,7th Avenue West & 14th Street West,14th st w + 7th ave w,44.5736785,-80.9593677,residential,2,D,59,medium,local residential corner,flyer-only / later saturation,multiple street-front exposures; mostly local-street exposure,Day 16,1,-80959368:44573679,,,,,,,,,
235,C,14,14th St W & Henderson's Bridge,14th Street West & Henderson's Bridge,14th st w + henderson's bridge,44.5743548,-80.9600776,residential,2,D,59,medium,local residential corner,flyer-only / later saturation,multiple street-front exposures; mostly local-street exposure,Day 16,1,-80960078:44574355,,,,,,,,,
236,C,14,15th St A E & 8th Ave E,8th Avenue East & 15th Street A East,15th st a e + 8th ave e,44.5723466,-80.9293124,residential,2,D,59,medium,local residential corner,flyer-only / later saturation,multiple street-front exposures; mostly local-street exposure,Day 16,1,-80929312:44572347,,,,,,,,,
237,C,14,15th St A W & 7th Ave W,7th Avenue West & 15th Street A West,15th st a w + 7th ave w,44.5758306,-80.9561749,residential,2,D,59,medium,local residential corner,flyer-only / later saturation,multiple street-front exposures; mostly local-street exposure,Day 16,1,-80956175:44575831,,,,,,,,,
238,C,14,15th St E & 27th Ave E,15th Street East & 27th Avenue East,15th st e + 27th ave e,44.5745958,-80.8974786,residential,2,D,59,medium,local residential corner,flyer-only / later saturation,multiple street-front exposures; mostly local-street exposure,Day 16,1,-80897479:44574596,,,,,,,,,
239,C,14,15th St E & 4th Ave E,4th Avenue East & 15th Street East,15th st e + 4th ave e,44.5751646,-80.9351119,residential,2,D,59,medium,local residential corner,flyer-only / later saturation,multiple street-front exposures; mostly local-street exposure,Day 16,1,-80935112:44575165,,,,,,,,,
240,C,14,15th St E & 6th Ave E,15th Street East & 6th Avenue East,15th st e + 6th ave e,44.5735352,-80.9331033,residential,2,D,59,medium,local residential corner,flyer-only / later saturation,multiple street-front exposures; mostly local-street exposure,Day 16,1,-80933103:44573535,,,,,,,,,
241,C,14,15th St E & 7th Ave E,15th Street East & 7th Avenue East,15th st e + 7th ave e,44.5724235,-80.9317055,residential,2,D,59,medium,local residential corner,flyer-only / later saturation,multiple street-front exposures; mostly local-street exposure,Day 17,1,-80931706:44572424,,,,,,,,,
242,C,14,15th St E & 8th Ave E,15th Street East & 8th Avenue East,15th st e + 8th ave e,44.5713341,-80.9303044,residential,2,D,59,medium,local residential corner,flyer-only / later saturation,multiple street-front exposures; mostly local-street exposure,Day 17,1,-80930304:44571334,,,,,,,,,
243,C,14,15th St W & 5th Ave A W,15th Street West & 5th Avenue A West,15th st w + 5th ave a w,44.5746563,-80.9542348,residential,2,D,59,medium,local residential corner,flyer-only / later saturation,multiple street-front exposures; mostly local-street exposure,Day 17,1,-80954235:44574656,,,,,,,,,
244,C,14,15th St W & 5th Ave W,15th Street West & 5th Avenue West,15th st w + 5th ave w,44.5744612,-80.9535198,residential,2,D,59,medium,local residential corner,flyer-only / later saturation,multiple street-front exposures; mostly local-street exposure,Day 17,1,-80953520:44574461,,,,,,,,,
245,C,14,15th St W & 6th Ave W,6th Avenue West & 15th Street West,15th st w + 6th ave w,44.5748817,-80.9549375,residential,2,D,59,medium,local residential corner,flyer-only / later saturation,multiple street-front exposures; mostly local-street exposure,Day 17,1,-80954937:44574882,,,,,,,,,
246,C,14,15th St W & 7th Ave W,15th Street West & 7th Avenue West,15th st w + 7th ave w,44.5751525,-80.9563287,residential,2,D,59,medium,local residential corner,flyer-only / later saturation,multiple street-front exposures; mostly local-street exposure,Day 17,1,-80956329:44575153,,,,,,,,,
247,C,14,16th St A W & 8 Ave W,8 Avenue West & 16th Street A West,16th st a w + 8 ave w,44.5782435,-80.9569569,residential,2,D,59,medium,local residential corner,flyer-only / later saturation,multiple street-front exposures; mostly local-street exposure,Day 17,1,-80956957:44578244,,,,,,,,,
248,C,14,16th St E & 4th Ave E,16th Street East & 4th Avenue East,16th st e + 4th ave e,44.5756969,-80.9349352,residential,2,D,59,medium,local residential corner,flyer-only / later saturation,multiple street-front exposures; mostly local-street exposure,Day 17,1,-80934935:44575697,,,,,,,,,
249,C,14,16th St E & 5th Ave E,16th Street East & 5th Avenue East,16th st e + 5th ave e,44.5752308,-80.9336298,residential,2,D,59,medium,local residential corner,flyer-only / later saturation,multiple street-front exposures; mostly local-street exposure,Day 17,1,-80933630:44575231,,,,,,,,,
250,C,14,16th St E & 6th Ave E,16th Street East & 6th Avenue East,16th st e + 6th ave e,44.5748895,-80.9320258,residential,2,D,59,medium,local residential corner,flyer-only / later saturation,multiple street-front exposures; mostly local-street exposure,Day 17,1,-80932026:44574890,,,,,,,,,
251,C,14,16th St E & 7th Ave E,16th Street East & 7th Avenue East,16th st e + 7th ave e,44.5745368,-80.9302849,residential,2,D,59,medium,local residential corner,flyer-only / later saturation,multiple street-front exposures; mostly local-street exposure,Day 17,1,-80930285:44574537,,,,,,,,,
252,C,14,16th St E & 8th Ave E,16th Street East & 8th Avenue East,16th st e + 8th ave e,44.5741973,-80.9285823,residential,2,D,59,medium,local residential corner,flyer-only / later saturation,multiple street-front exposures; mostly local-street exposure,Day 17,1,-80928582:44574197,,,,,,,,,
253,C,14,16th St W & 3rd Ave W,3rd Avenue West & 16th Street West,16th st w + 3rd ave w,44.5762591,-80.949842,residential,2,D,59,medium,local residential corner,flyer-only / later saturation,multiple street-front exposures; mostly local-street exposure,Day 17,1,-80949842:44576259,,,,,,,,,
254,C,14,16th St W & 5th Ave A W,16th Street West & 5th Avenue A West,16th st w + 5th ave a w,44.5768651,-80.9534798,residential,2,D,59,medium,local residential corner,flyer-only / later saturation,multiple street-front exposures; mostly local-street exposure,Day 17,1,-80953480:44576865,,,,,,,,,
255,C,14,16th St W & 5th Ave W,16th Street West & 5th Avenue West,16th st w + 5th ave w,44.5767506,-80.9527715,residential,2,D,59,medium,local residential corner,flyer-only / later saturation,multiple street-front exposures; mostly local-street exposure,Day 17,1,-80952771:44576751,,,,,,,,,
256,C,14,16th St W & 6th Ave W,16th Street West & 6th Avenue West,16th st w + 6th ave w,44.5769869,-80.9542248,residential,2,D,59,medium,local residential corner,flyer-only / later saturation,multiple street-front exposures; mostly local-street exposure,Day 18,1,-80954225:44576987,,,,,,,,,
257,C,14,16th St W & 7th Ave W,7th Avenue West & 16th Street West,16th st w + 7th ave w,44.5772439,-80.9556981,residential,2,D,59,medium,local residential corner,flyer-only / later saturation,multiple street-front exposures; mostly local-street exposure,Day 18,1,-80955698:44577244,,,,,,,,,
258,C,14,16th St W & 8 Ave W,8 Avenue West & 16th Street West,16th st w + 8 ave w,44.5774827,-80.9571986,residential,2,D,59,medium,local residential corner,flyer-only / later saturation,multiple street-front exposures; mostly local-street exposure,Day 18,1,-80957199:44577483,,,,,,,,,
259,C,14,17th St E & 18th Ave E,17th Street East & 18th Avenue East,17th st e + 18th ave e,44.5765036,-80.9133834,unclassified,2,D,59,medium,local residential corner,flyer-only / later saturation,multiple street-front exposures; mostly local-street exposure,Day 18,1,-80913383:44576504,,,,,,,,,
260,C,14,17th St E & 1st Ave E,1st Avenue East & 17th Street East,17th st e + 1st ave e,44.5708039,-80.9430539,unclassified,2,D,59,medium,local residential corner,flyer-only / later saturation,multiple street-front exposures; mostly local-street exposure,Day 18,1,-80943054:44570804,,,,,,,,,
261,C,14,17th St E & 20th Ave E,17th Street East & 20th Avenue East,17th st e + 20th ave e,44.5771198,-80.9079905,unclassified,2,D,59,medium,local residential corner,flyer-only / later saturation,multiple street-front exposures; mostly local-street exposure,Day 18,1,-80907990:44577120,,,,,,,,,
262,C,14,17th St E & 27th Ave E,27th Avenue East & 17th Street East,17th st e + 27th ave e,44.578251,-80.8980339,residential,2,D,59,medium,local residential corner,flyer-only / later saturation,multiple street-front exposures; mostly local-street exposure,Day 18,1,-80898034:44578251,,,,,,,,,
263,C,14,17th St E & 4th Ave E,4th Avenue East & 17th Street East,17th st e + 4th ave e,44.5764197,-80.934644,residential,2,D,59,medium,local residential corner,flyer-only / later saturation,multiple street-front exposures; mostly local-street exposure,Day 18,1,-80934644:44576420,,,,,,,,,
264,C,14,17th St E & 5th Ave E,5th Avenue East & 17th Street East,17th st e + 5th ave e,44.5770479,-80.9329863,residential,2,D,59,medium,local residential corner,flyer-only / later saturation,multiple street-front exposures; mostly local-street exposure,Day 18,1,-80932986:44577048,,,,,,,,,
265,C,14,17th St E & 6th Ave E,6th Avenue East & 17th Street East,17th st e + 6th ave e,44.5767131,-80.9313087,residential,2,D,59,medium,local residential corner,flyer-only / later saturation,multiple street-front exposures; mostly local-street exposure,Day 18,1,-80931309:44576713,,,,,,,,,
266,C,14,17th St E & 7th Ave E,17th Street East & 7th Avenue East,17th st e + 7th ave e,44.5763735,-80.9295792,residential,2,D,59,medium,local residential corner,flyer-only / later saturation,multiple street-front exposures; mostly local-street exposure,Day 18,1,-80929579:44576374,,,,,,,,,
267,C,14,17th St E & 8th Ave E,8th Avenue East & 17th Street East,17th st e + 8th ave e,44.5760298,-80.9279044,residential,2,D,59,medium,local residential corner,flyer-only / later saturation,multiple street-front exposures; mostly local-street exposure,Day 18,1,-80927904:44576030,,,,,,,,,
268,C,14,17th St W & 3rd Ave W,3rd Avenue West & 17th Street West,17th st w + 3rd ave w,44.5775004,-80.9494151,residential,2,D,59,medium,local residential corner,flyer-only / later saturation,multiple street-front exposures; mostly local-street exposure,Day 18,1,-80949415:44577500,,,,,,,,,
269,C,14,17th St W & 5th Ave W,17th Street West & 5th Avenue West,17th st w + 5th ave w,44.5779955,-80.9523641,residential,2,D,59,medium,local residential corner,flyer-only / later saturation,multiple street-front exposures; mostly local-street exposure,Day 18,1,-80952364:44577996,,,,,,,,,
270,C,14,17th St W & 7th Ave W,7th Avenue West & 17th Street West,17th st w + 7th ave w,44.5784681,-80.9552745,residential,2,D,59,medium,local residential corner,flyer-only / later saturation,multiple street-front exposures; mostly local-street exposure,Day 18,1,-80955274:44578468,,,,,,,,,
271,C,14,18th Ave E & 23rd St E,23rd Street East & 18th Avenue East,18th ave e + 23rd st e,44.5866884,-80.9138698,unclassified,2,D,59,medium,local residential corner,flyer-only / later saturation,multiple street-front exposures; mostly local-street exposure,Day 19,1,-80913870:44586688,,,,,,,,,
272,C,14,18th St A E & 5th Ave E,5th Avenue East & 18th Street A East,18th st a e + 5th ave e,44.5797606,-80.9319746,residential,2,D,59,medium,local residential corner,flyer-only / later saturation,multiple street-front exposures; mostly local-street exposure,Day 19,1,-80931975:44579761,,,,,,,,,
273,C,14,18th St A E & 6th Ave E,6th Avenue East & 18th Street A East,18th st a e + 6th ave e,44.5794345,-80.9302851,residential,2,D,59,medium,local residential corner,flyer-only / later saturation,multiple street-front exposures; mostly local-street exposure,Day 19,1,-80930285:44579435,,,,,,,,,
274,C,14,18th St E & 27th Ave E,18th Street East & 27th Avenue East,18th st e + 27th ave e,44.5803439,-80.8985517,residential,2,D,59,medium,local residential corner,flyer-only / later saturation,multiple street-front exposures; mostly local-street exposure,Day 19,1,-80898552:44580344,,,,,,,,,
275,C,14,18th St E & 2nd Ave E,18th Street East & 2nd Avenue East,18th st e + 2nd ave e,44.5785462,-80.9353075,unclassified,2,D,59,medium,local residential corner,flyer-only / later saturation,multiple street-front exposures; mostly local-street exposure,Day 19,1,-80935307:44578546,,,,,,,,,
276,C,14,18th St E & 5th Ave E,5th Avenue East & 18th Street East,18th st e + 5th ave e,44.578937,-80.9322874,residential,2,D,59,medium,local residential corner,flyer-only / later saturation,multiple street-front exposures; mostly local-street exposure,Day 19,1,-80932287:44578937,,,,,,,,,
277,C,14,18th St E & 6th Ave E,6th Avenue East & 18th Street East,18th st e + 6th ave e,44.5786032,-80.9305759,residential,2,D,59,medium,local residential corner,flyer-only / later saturation,multiple street-front exposures; mostly local-street exposure,Day 19,1,-80930576:44578603,,,,,,,,,
278,C,14,18th St E & 7th Ave E,18th Street East & 7th Avenue East,18th st e + 7th ave e,44.5782704,-80.9288476,residential,2,D,59,medium,local residential corner,flyer-only / later saturation,multiple street-front exposures; mostly local-street exposure,Day 19,1,-80928848:44578270,,,,,,,,,
279,C,14,18th St E & 8th Ave E,8th Avenue East & 18th Street East,18th st e + 8th ave e,44.5779133,-80.9271856,residential,2,D,59,medium,local residential corner,flyer-only / later saturation,multiple street-front exposures; mostly local-street exposure,Day 19,1,-80927186:44577913,,,,,,,,,
280,C,14,18th St W & 3rd Ave W,3rd Avenue West & 18th Street West,18th st w + 3rd ave w,44.5787196,-80.9490075,residential,2,D,59,medium,local residential corner,flyer-only / later saturation,multiple street-front exposures; mostly local-street exposure,Day 19,1,-80949007:44578720,,,,,,,,,
281,C,14,18th St W & 5th Ave W,18th Street West & 5th Avenue West,18th st w + 5th ave w,44.5792475,-80.9519493,residential,2,D,59,medium,local residential corner,flyer-only / later saturation,multiple street-front exposures; mostly local-street exposure,Day 19,1,-80951949:44579248,,,,,,,,,
282,C,14,18th St W & 6th Ave W,6th Avenue West & 18th Street West,18th st w + 6th ave w,44.5795237,-80.9534078,residential,2,D,59,medium,local residential corner,flyer-only / later saturation,multiple street-front exposures; mostly local-street exposure,Day 19,1,-80953408:44579524,,,,,,,,,
283,C,14,18th St W & 7th Ave W,7th Avenue West & 18th Street West,18th st w + 7th ave w,44.579773,-80.9548848,residential,2,D,59,medium,local residential corner,flyer-only / later saturation,multiple street-front exposures; mostly local-street exposure,Day 19,1,-80954885:44579773,,,,,,,,,
284,C,14,19th St E & 5th Ave E,19th Street East & 5th Avenue East,19th st e + 5th ave e,44.5808472,-80.9315538,residential,2,D,59,medium,local residential corner,flyer-only / later saturation,multiple street-front exposures; mostly local-street exposure,Day 19,1,-80931554:44580847,,,,,,,,,
285,C,14,19th St E & 6th Ave E,6th Avenue East & 19th Street East,19th st e + 6th ave e,44.5804978,-80.9298839,residential,2,D,59,medium,local residential corner,flyer-only / later saturation,multiple street-front exposures; mostly local-street exposure,Day 19,1,-80929884:44580498,,,,,,,,,
286,C,14,19th St E & 7th Ave E,7th Avenue East & 19th Street East,19th st e + 7th ave e,44.5801546,-80.9281272,residential,2,D,59,medium,local residential corner,flyer-only / later saturation,multiple street-front exposures; mostly local-street exposure,Day 20,1,-80928127:44580155,,,,,,,,,
287,C,14,19th St E & 8th Ave E,8th Avenue East & 19th Street East,19th st e + 8th ave e,44.5798248,-80.9264137,residential,2,D,59,medium,local residential corner,flyer-only / later saturation,multiple street-front exposures; mostly local-street exposure,Day 20,1,-80926414:44579825,,,,,,,,,
288,C,14,19th St W & 5th Ave W,19th Street West & 5th Avenue West,19th st w + 5th ave w,44.5804556,-80.9515584,residential,2,D,59,medium,local residential corner,flyer-only / later saturation,multiple street-front exposures; mostly local-street exposure,Day 20,1,-80951558:44580456,,,,,,,,,
289,C,14,19th St W & 6th Ave W,6th Avenue West & 19th Street West,19th st w + 6th ave w,44.5807023,-80.9530219,residential,2,D,59,medium,local residential corner,flyer-only / later saturation,multiple street-front exposures; mostly local-street exposure,Day 20,1,-80953022:44580702,,,,,,,,,
290,C,14,19th St W & 7th Ave W,19th Street West & 7th Avenue West,19th st w + 7th ave w,44.5809656,-80.954538,residential,2,D,59,medium,local residential corner,flyer-only / later saturation,multiple street-front exposures; mostly local-street exposure,Day 20,1,-80954538:44580966,,,,,,,,,
291,C,14,19th St W & 8 Ave W,8 Avenue West & 19th Street West,19th st w + 8 ave w,44.5811976,-80.9560022,residential,2,D,59,medium,local residential corner,flyer-only / later saturation,multiple street-front exposures; mostly local-street exposure,Day 20,1,-80956002:44581198,,,,,,,,,
292,C,14,1st St A W & 2nd Ave W,2nd Avenue West & 1st Street A West,1st st a w + 2nd ave w,44.5506805,-80.9432176,residential,2,D,59,medium,local residential corner,flyer-only / later saturation,multiple street-front exposures; mostly local-street exposure,Day 20,1,-80943218:44550681,,,,,,,,,
293,C,14,1st St A W & 3rd Ave W,1st Street A West & 3rd Avenue West,1st st a w + 3rd ave w,44.5504809,-80.9443907,residential,2,D,59,medium,local residential corner,flyer-only / later saturation,multiple street-front exposures; mostly local-street exposure,Day 20,1,-80944391:44550481,,,,,,,,,
294,C,14,1st St A W & 5th Ave W,1st Street A West & 5th Avenue West,1st st a w + 5th ave w,44.5496533,-80.9468836,residential,2,D,59,medium,local residential corner,flyer-only / later saturation,multiple street-front exposures; mostly local-street exposure,Day 20,1,-80946884:44549653,,,,,,,,,
295,C,14,1st St A W & 6th Ave W,1st Street A West & 6th Avenue West,1st st a w + 6th ave w,44.5494519,-80.9492154,residential,2,D,59,medium,local residential corner,flyer-only / later saturation,multiple street-front exposures; mostly local-street exposure,Day 20,1,-80949215:44549452,,,,,,,,,
296,C,14,1st St E & 5th Ave E,5th Avenue East & 1st Street East,1st st e + 5th ave e,44.5508708,-80.9328831,residential,2,D,59,medium,local residential corner,flyer-only / later saturation,multiple street-front exposures; mostly local-street exposure,Day 20,1,-80932883:44550871,,,,,,,,,
297,C,14,1st St E & 7th Ave E,7th Avenue East & 1st Street East,1st st e + 7th ave e,44.550607,-80.92961,residential,2,D,59,medium,local residential corner,flyer-only / later saturation,multiple street-front exposures; mostly local-street exposure,Day 20,1,-80929610:44550607,,,,,,,,,
298,C,14,1st St W & 2nd Ave W,2nd Avenue West & 1st Street West,1st st w + 2nd ave w,44.5502353,-80.9431951,residential,2,D,59,medium,local residential corner,flyer-only / later saturation,multiple street-front exposures; mostly local-street exposure,Day 20,1,-80943195:44550235,,,,,,,,,
299,C,14,1st St W & 3rd Ave W,1st Street West & 3rd Avenue West,1st st w + 3rd ave w,44.5500407,-80.944306,residential,2,D,59,medium,local residential corner,flyer-only / later saturation,multiple street-front exposures; mostly local-street exposure,Day 20,1,-80944306:44550041,,,,,,,,,
300,C,14,1st St W & 5th Ave W,1st Street West & 5th Avenue West,1st st w + 5th ave w,44.5488221,-80.9464882,residential,2,D,59,medium,local residential corner,flyer-only / later saturation,multiple street-front exposures; mostly local-street exposure,Day 20,1,-80946488:44548822,,,,,,,,,
301,C,14,1st St W & 6th Ave W,1st Street West & 6th Avenue West,1st st w + 6th ave w,44.5484957,-80.9485841,residential,2,D,59,medium,local residential corner,flyer-only / later saturation,multiple street-front exposures; mostly local-street exposure,Day 21,1,-80948584:44548496,,,,,,,,,
302,C,14,20th St E & 5th Ave E,20th Street East & 5th Avenue East,20th st e + 5th ave e,44.5826682,-80.9308308,residential,2,D,59,medium,local residential corner,flyer-only / later saturation,multiple street-front exposures; mostly local-street exposure,Day 21,1,-80930831:44582668,,,,,,,,,
303,C,14,20th St E & 6th Ave E,6th Avenue East & 20th Street East,20th st e + 6th ave e,44.5823349,-80.9291574,residential,2,D,59,medium,local residential corner,flyer-only / later saturation,multiple street-front exposures; mostly local-street exposure,Day 21,1,-80929157:44582335,,,,,,,,,
304,C,14,20th St E & 7th Ave E,7th Avenue East & 20th Street East,20th st e + 7th ave e,44.5819917,-80.9274222,residential,2,D,59,medium,local residential corner,flyer-only / later saturation,multiple street-front exposures; mostly local-street exposure,Day 21,1,-80927422:44581992,,,,,,,,,
305,C,14,20th St E & 8th Ave E,8th Avenue East & 20th Street East,20th st e + 8th ave e,44.5816436,-80.9257256,residential,2,D,59,medium,local residential corner,flyer-only / later saturation,multiple street-front exposures; mostly local-street exposure,Day 21,1,-80925726:44581644,,,,,,,,,
306,C,14,20th St W & 21st St W,20th Street West & 21st Street West,20th st w + 21st st w,44.5812436,-80.9482398,residential,2,D,59,medium,local residential corner,flyer-only / later saturation,multiple street-front exposures; mostly local-street exposure,Day 21,1,-80948240:44581244,,,,,,,,,
307,C,14,20th St W & 5th Ave W,20th Street West & 5th Avenue West,20th st w + 5th ave w,44.5817153,-80.9511277,residential,2,D,59,medium,local residential corner,flyer-only / later saturation,multiple street-front exposures; mostly local-street exposure,Day 21,1,-80951128:44581715,,,,,,,,,
308,C,14,20th St W & 6th Ave W,6th Avenue West & 20th Street West,20th st w + 6th ave w,44.581951,-80.9526345,residential,2,D,59,medium,local residential corner,flyer-only / later saturation,multiple street-front exposures; mostly local-street exposure,Day 21,1,-80952634:44581951,,,,,,,,,
309,C,14,20th St W & 7th Ave W,20th Street West & 7th Avenue West,20th st w + 7th ave w,44.5821851,-80.9540767,residential,2,D,59,medium,local residential corner,flyer-only / later saturation,multiple street-front exposures; mostly local-street exposure,Day 21,1,-80954077:44582185,,,,,,,,,
310,C,14,20th St W & 8 Ave W,20th Street West & 8 Avenue West,20th st w + 8 ave w,44.5824396,-80.9555971,residential,2,D,59,medium,local residential corner,flyer-only / later saturation,multiple street-front exposures; mostly local-street exposure,Day 21,1,-80955597:44582440,,,,,,,,,
311,C,14,21st St A E & 8th Ave E,8th Avenue East & 21st Street A East,21st st a e + 8th ave e,44.5844872,-80.9246245,residential,2,D,59,medium,local residential corner,flyer-only / later saturation,multiple street-front exposures; mostly local-street exposure,Day 21,1,-80924624:44584487,,,,,,,,,
312,C,14,21st St E & 7th Ave E,7th Avenue East & 21st Street East,21st st e + 7th ave e,44.5838075,-80.9266601,residential,2,D,59,medium,local residential corner,flyer-only / later saturation,multiple street-front exposures; mostly local-street exposure,Day 21,1,-80926660:44583808,,,,,,,,,
313,C,14,21st St E & 8th Ave E,8th Avenue East & 21st Street East,21st st e + 8th ave e,44.5835004,-80.9250229,residential,2,D,59,medium,local residential corner,flyer-only / later saturation,multiple street-front exposures; mostly local-street exposure,Day 21,1,-80925023:44583500,,,,,,,,,
314,C,14,21st St W & 5th Ave W,5th Avenue West & 21st Street West,21st st w + 5th ave w,44.5829074,-80.9507469,residential,2,D,59,medium,local residential corner,flyer-only / later saturation,multiple street-front exposures; mostly local-street exposure,Day 21,1,-80950747:44582907,,,,,,,,,
315,C,14,21st St W & 6th Ave W,6th Avenue West & 21st Street West,21st st w + 6th ave w,44.583158,-80.9522446,residential,2,D,59,medium,local residential corner,flyer-only / later saturation,multiple street-front exposures; mostly local-street exposure,Day 21,1,-80952245:44583158,,,,,,,,,
316,C,14,22nd St W & 3rd Ave A W,3rd Avenue A West & 22nd Street West,22nd st w + 3rd ave a w,44.5838007,-80.9480985,residential,2,D,59,medium,local residential corner,flyer-only / later saturation,multiple street-front exposures; mostly local-street exposure,Day 22,2,-80947913:44583771 | -80948284:44583830,,,,,,,,,
317,C,14,22nd St W & 5th Ave W,5th Avenue West & 22nd Street West,22nd st w + 5th ave w,44.5841734,-80.9503676,residential,2,D,59,medium,local residential corner,flyer-only / later saturation,multiple street-front exposures; mostly local-street exposure,Day 22,1,-80950368:44584173,,,,,,,,,
318,C,14,22nd St W & 6th Ave W,22nd Street West & 6th Avenue West,22nd st w + 6th ave w,44.5844184,-80.9517958,residential,2,D,59,medium,local residential corner,flyer-only / later saturation,multiple street-front exposures; mostly local-street exposure,Day 22,1,-80951796:44584418,,,,,,,,,
319,C,14,22nd St W & 7th Ave W,22nd Street West & 7th Avenue West,22nd st w + 7th ave w,44.5846654,-80.9532756,residential,2,D,59,medium,local residential corner,flyer-only / later saturation,multiple street-front exposures; mostly local-street exposure,Day 22,1,-80953276:44584665,,,,,,,,,
320,C,14,23rd St E & 8th Ave E,8th Avenue East & 23rd Street East,23rd st e + 8th ave e,44.5866658,-80.923734,residential,2,D,59,medium,local residential corner,flyer-only / later saturation,multiple street-front exposures; mostly local-street exposure,Day 22,1,-80923734:44586666,,,,,,,,,
321,C,14,23rd St W & 5th Ave W,23rd Street West & 5th Avenue West,23rd st w + 5th ave w,44.58575245,-80.94989315000001,residential,2,D,59,medium,local residential corner,flyer-only / later saturation,multiple street-front exposures; mostly local-street exposure,Day 22,2,-80949793:44586095 | -80949993:44585410,,,,,,,,,
322,C,14,23rd St W & 6th Ave W,6th Avenue West & 23rd Street West,23rd st w + 6th ave w,44.5863136,-80.9512236,residential,2,D,59,medium,local residential corner,flyer-only / later saturation,multiple street-front exposures; mostly local-street exposure,Day 22,1,-80951224:44586314,,,,,,,,,
323,C,14,23rd St W & 7th Ave W,23rd Street West & 7th Avenue West,23rd st w + 7th ave w,44.5865587,-80.952718,residential,2,D,59,medium,local residential corner,flyer-only / later saturation,multiple street-front exposures; mostly local-street exposure,Day 22,1,-80952718:44586559,,,,,,,,,
324,C,14,23rd St W & 8 Ave W,8 Avenue West & 23rd Street West,23rd st w + 8 ave w,44.5868099,-80.9541726,residential,2,D,59,medium,local residential corner,flyer-only / later saturation,multiple street-front exposures; mostly local-street exposure,Day 22,1,-80954173:44586810,,,,,,,,,
325,C,14,25th St A E & 8th Ave A E,25th Street A East & 8th Avenue A East,25th st a e + 8th ave a e,44.5901638,-80.9207377,residential,2,D,59,medium,local residential corner,flyer-only / later saturation,multiple street-front exposures; mostly local-street exposure,Day 22,1,-80920738:44590164,,,,,,,,,
326,C,14,25th St E & 8th Ave A E,25th Street East & 8th Avenue A East,25th st e + 8th ave a e,44.5889974,-80.9212371,residential,2,D,59,medium,local residential corner,flyer-only / later saturation,multiple street-front exposures; mostly local-street exposure,Day 22,1,-80921237:44588997,,,,,,,,,
327,C,14,25th St E & 8th Ave E,25th Street East & 8th Avenue East,25th st e + 8th ave e,44.5892028,-80.9222932,residential,2,D,59,medium,local residential corner,flyer-only / later saturation,multiple street-front exposures; mostly local-street exposure,Day 22,1,-80922293:44589203,,,,,,,,,
328,C,14,26th St E & 8th Ave A E,26th Street East & 8th Avenue A East,26th st e + 8th ave a e,44.5909311,-80.9204675,residential,2,D,59,medium,local residential corner,flyer-only / later saturation,multiple street-front exposures; mostly local-street exposure,Day 22,1,-80920467:44590931,,,,,,,,,
329,C,14,26th St W & 2nd Ave W,26th Street West & 2nd Avenue West,26th st w + 2nd ave w,44.5890775,-80.9442574,residential,2,D,59,medium,local residential corner,flyer-only / later saturation,multiple street-front exposures; mostly local-street exposure,Day 22,1,-80944257:44589078,,,,,,,,,
330,C,14,26th St W & 5th Ave W,26th Street West & 5th Avenue West,26th st w + 5th ave w,44.5897996,-80.9485105,residential,2,D,59,medium,local residential corner,flyer-only / later saturation,multiple street-front exposures; mostly local-street exposure,Day 22,1,-80948510:44589800,,,,,,,,,
331,C,14,26th St W & 6th Ave W,6th Avenue West & 26th Street West,26th st w + 6th ave w,44.5900533,-80.9499859,residential,2,D,59,medium,local residential corner,flyer-only / later saturation,multiple street-front exposures; mostly local-street exposure,Day 23,1,-80949986:44590053,,,,,,,,,
332,C,14,27th St W & 2nd Ave W,2nd Avenue West & 27th Street West,27th st w + 2nd ave w,44.5902663,-80.9438287,residential,2,D,59,medium,local residential corner,flyer-only / later saturation,multiple street-front exposures; mostly local-street exposure,Day 23,1,-80943829:44590266,,,,,,,,,
333,C,14,27th St W & 4th Ave W,27th Street West & 4th Avenue West,27th st w + 4th ave w,44.5907762,-80.9466185,residential,2,D,59,medium,local residential corner,flyer-only / later saturation,multiple street-front exposures; mostly local-street exposure,Day 23,1,-80946618:44590776,,,,,,,,,
334,C,14,27th St W & 5th Ave W,27th Street West & 5th Avenue West,27th st w + 5th ave w,44.5910197,-80.9480963,residential,2,D,59,medium,local residential corner,flyer-only / later saturation,multiple street-front exposures; mostly local-street exposure,Day 23,1,-80948096:44591020,,,,,,,,,
335,C,14,28th Ave E / Tom Thomson Trail & 32nd St E,32nd Street East & 28th Avenue East / Tom Thomson Trail,28th ave e / tom thomson trail + 32nd st e,44.6014104,-80.9008673,unclassified,2,D,59,medium,local residential corner,flyer-only / later saturation,multiple street-front exposures; mostly local-street exposure,Day 23,1,-80900867:44601410,,,,,,,,,
336,C,14,28th Ave E & 28th Ave E / Tom Thomson Trail,28th Avenue East & 28th Avenue East / Tom Thomson Trail,28th ave e + 28th ave e / tom thomson trail,44.6013669,-80.9008574,unclassified,2,D,59,medium,local residential corner,flyer-only / later saturation,multiple street-front exposures; mostly local-street exposure,Day 23,1,-80900857:44601367,,,,,,,,,
337,C,14,28th St W & 4th Ave W,4th Avenue West & 28th Street West,28th st w + 4th ave w,44.5919878,-80.9462193,residential,2,D,59,medium,local residential corner,flyer-only / later saturation,multiple street-front exposures; mostly local-street exposure,Day 23,1,-80946219:44591988,,,,,,,,,
338,C,14,28th St W & 5th Ave W,28th Street West & 5th Avenue West,28th st w + 5th ave w,44.5922333,-80.9476855,residential,2,D,59,medium,local residential corner,flyer-only / later saturation,multiple street-front exposures; mostly local-street exposure,Day 23,1,-80947686:44592233,,,,,,,,,
339,C,14,28th St W & 6th Ave W,28th Street West & 6th Avenue West,28th st w + 6th ave w,44.5925121,-80.9491614,residential,2,D,59,medium,local residential corner,flyer-only / later saturation,multiple street-front exposures; mostly local-street exposure,Day 23,1,-80949161:44592512,,,,,,,,,
340,C,14,29th St W & 4th Ave W,29th Street West & 4th Avenue West,29th st w + 4th ave w,44.5932259,-80.9458618,residential,2,D,59,medium,local residential corner,flyer-only / later saturation,multiple street-front exposures; mostly local-street exposure,Day 23,1,-80945862:44593226,,,,,,,,,
341,C,14,29th St W & 6th Ave W,6th Avenue West & 29th Street West,29th st w + 6th ave w,44.5937044,-80.9488222,residential,2,D,59,medium,local residential corner,flyer-only / later saturation,multiple street-front exposures; mostly local-street exposure,Day 23,1,-80948822:44593704,,,,,,,,,
342,C,14,2nd Ave E & 2nd Ave E R,2nd Avenue East & 2nd Avenue E R,2nd ave e + 2nd ave e r,44.5730069,-80.9398296,unclassified,2,D,59,medium,local residential corner,flyer-only / later saturation,multiple street-front exposures; mostly local-street exposure,Day 23,1,-80939830:44573007,,,,,,,,,
343,C,14,2nd Ave W & 2nd St W,2nd Street West & 2nd Avenue West,2nd ave w + 2nd st w,44.552755133333335,-80.9428566,residential,2,D,59,medium,local residential corner,flyer-only / later saturation,multiple street-front exposures; mostly local-street exposure,Day 23,3,-80942747:44552216 | -80942843:44552758 | -80942980:44553291,,,,,,,,,
344,C,14,2nd Ave W & 4th St W,4th Street West & 2nd Avenue West,2nd ave w + 4th st w,44.5564558,-80.9442357,residential,2,D,59,medium,local residential corner,flyer-only / later saturation,multiple street-front exposures; mostly local-street exposure,Day 23,1,-80944236:44556456,,,,,,,,,
345,C,14,2nd Ave W & Beattie St,Beattie Street & 2nd Avenue West,2nd ave w + beattie st,44.5540187,-80.9431467,residential,2,D,59,medium,local residential corner,flyer-only / later saturation,multiple street-front exposures; mostly local-street exposure,Day 23,1,-80943147:44554019,,,,,,,,,
346,C,14,2nd St A E & 7th Ave E,7th Avenue East & 2nd Street A East,2nd st a e + 7th ave e,44.5547568,-80.9303795,residential,2,D,59,medium,local residential corner,flyer-only / later saturation,multiple street-front exposures; mostly local-street exposure,Day 24,1,-80930379:44554757,,,,,,,,,
347,C,14,2nd St A E & 8th Ave A E,2nd Street A East & 8th Avenue A East,2nd st a e + 8th ave a e,44.5549374,-80.9286479,residential,2,D,59,medium,local residential corner,flyer-only / later saturation,multiple street-front exposures; mostly local-street exposure,Day 24,1,-80928648:44554937,,,,,,,,,
348,C,14,2nd St A W & 5th Ave A W,5th Avenue A West & 2nd Street A West,2nd st a w + 5th ave a w,44.5523211,-80.9489763,residential,2,D,59,medium,local residential corner,flyer-only / later saturation,multiple street-front exposures; mostly local-street exposure,Day 24,1,-80948976:44552321,,,,,,,,,
349,C,14,2nd St A W & 5th Ave W,2nd Street A West & 5th Avenue West,2nd st a w + 5th ave w,44.5524545,-80.9476258,residential,2,D,59,medium,local residential corner,flyer-only / later saturation,multiple street-front exposures; mostly local-street exposure,Day 24,1,-80947626:44552455,,,,,,,,,
350,C,14,2nd St A W & 6th Ave W,6th Avenue West & 2nd Street A West,2nd st a w + 6th ave w,44.5521872,-80.9501682,residential,2,D,59,medium,local residential corner,flyer-only / later saturation,multiple street-front exposures; mostly local-street exposure,Day 24,1,-80950168:44552187,,,,,,,,,
351,C,14,2nd St E & 3rd Ave E,3rd Avenue East & 2nd Street East,2nd st e + 3rd ave e,44.5523371,-80.938768,residential,2,D,59,medium,local residential corner,flyer-only / later saturation,multiple street-front exposures; mostly local-street exposure,Day 24,1,-80938768:44552337,,,,,,,,,
352,C,14,2nd St E & 6th Ave E,6th Avenue East & 2nd Street East,2nd st e + 6th ave e,44.5532405,-80.9313812,residential,2,D,59,medium,local residential corner,flyer-only / later saturation,multiple street-front exposures; mostly local-street exposure,Day 24,1,-80931381:44553241,,,,,,,,,
353,C,14,2nd St E & 7th Ave E,7th Avenue East & 2nd Street East,2nd st e + 7th ave e,44.5533831,-80.930071,residential,2,D,59,medium,local residential corner,flyer-only / later saturation,multiple street-front exposures; mostly local-street exposure,Day 24,1,-80930071:44553383,,,,,,,,,
354,C,14,2nd St W & 3rd Ave W,3rd Avenue West & 2nd Street West,2nd st w + 3rd ave w,44.5530579,-80.9450996,residential,2,D,59,medium,local residential corner,flyer-only / later saturation,multiple street-front exposures; mostly local-street exposure,Day 24,1,-80945100:44553058,,,,,,,,,
355,C,14,2nd St W & 5th Ave A W,5th Avenue A West & 2nd Street West,2nd st w + 5th ave a w,44.5505664,-80.9485907,residential,2,D,59,medium,local residential corner,flyer-only / later saturation,multiple street-front exposures; mostly local-street exposure,Day 24,1,-80948591:44550566,,,,,,,,,
356,C,14,2nd St W & 5th Ave W,5th Avenue West & 2nd Street West,2nd st w + 5th ave w,44.55108785,-80.94728864999999,residential,2,D,59,medium,local residential corner,flyer-only / later saturation,multiple street-front exposures; mostly local-street exposure,Day 24,2,-80947208:44550721 | -80947369:44551455,,,,,,,,,
357,C,14,32nd St E & 9th Ave E,9th Avenue East & 32nd Street East,32nd st e + 9th ave e,44.6008555,-80.9156234,unclassified,2,D,59,medium,local residential corner,flyer-only / later saturation,multiple street-front exposures; mostly local-street exposure,Day 24,1,-80915623:44600856,,,,,,,,,
358,C,14,32nd St E & 9th Ave E,9th Avenue East & 32nd Street East,32nd st e + 9th ave e,44.5996028,-80.9161077,unclassified,2,D,59,medium,local residential corner,flyer-only / later saturation,multiple street-front exposures; mostly local-street exposure,Day 24,1,-80916108:44599603,,,,,,,,,
359,C,14,3rd Ave A W & 8th St W,8th Street West & 3rd Avenue A West,3rd ave a w + 8th st w,44.5633677,-80.9474377,residential,2,D,59,medium,local residential corner,flyer-only / later saturation,multiple street-front exposures; mostly local-street exposure,Day 24,1,-80947438:44563368,,,,,,,,,
360,C,14,3rd Ave E & 5th St E,5th Street East & 3rd Avenue East,3rd ave e + 5th st e,44.5587741,-80.9393518,residential,2,D,59,medium,local residential corner,flyer-only / later saturation,multiple street-front exposures; mostly local-street exposure,Day 24,1,-80939352:44558774,,,,,,,,,
361,C,14,3rd Ave W & 3rd St A W,3rd Avenue West & 3rd Street A West,3rd ave w + 3rd st a w,44.5552754,-80.9452333,residential,2,D,59,medium,local residential corner,flyer-only / later saturation,multiple street-front exposures; mostly local-street exposure,Day 25,1,-80945233:44555275,,,,,,,,,
362,C,14,3rd Ave W & 3rd St W,3rd Street West & 3rd Avenue West,3rd ave w + 3rd st w,44.5545247,-80.9445563,residential,2,D,59,medium,local residential corner,flyer-only / later saturation,multiple street-front exposures; mostly local-street exposure,Day 25,1,-80944556:44554525,,,,,,,,,
363,C,14,3rd Ave W & 8th St W,8th Street West & 3rd Avenue West,3rd ave w + 8th st w,44.5634395,-80.94682265,residential,2,D,59,medium,local residential corner,flyer-only / later saturation,multiple street-front exposures; mostly local-street exposure,Day 25,2,-80946745:44563448 | -80946900:44563432,,,,,,,,,
364,C,14,3rd Ave W & Beattie St,Beattie Street & 3rd Avenue West,3rd ave w + beattie st,44.5538255,-80.94483005000001,residential,2,D,59,medium,local residential corner,flyer-only / later saturation,multiple street-front exposures; mostly local-street exposure,Day 25,2,-80944401:44553875 | -80945260:44553776,,,,,,,,,
365,C,14,3rd St A W & 5th Ave A W,3rd Street A West & 5th Avenue A West,3rd st a w + 5th ave a w,44.554089,-80.9492832,residential,2,D,59,medium,local residential corner,flyer-only / later saturation,multiple street-front exposures; mostly local-street exposure,Day 25,1,-80949283:44554089,,,,,,,,,
366,C,14,3rd St A W & 5th Ave W,3rd Street A West & 5th Avenue West,3rd st a w + 5th ave w,44.5541677,-80.9484924,residential,2,D,59,medium,local residential corner,flyer-only / later saturation,multiple street-front exposures; mostly local-street exposure,Day 25,1,-80948492:44554168,,,,,,,,,
367,C,14,3rd St E & 7th Ave E,7th Avenue East & 3rd Street East,3rd st e + 7th ave e,44.5559338,-80.9306453,residential,2,D,59,medium,local residential corner,flyer-only / later saturation,multiple street-front exposures; mostly local-street exposure,Day 25,1,-80930645:44555934,,,,,,,,,
368,C,14,3rd St W & 5th Ave A W,3rd Street West & 5th Avenue A West,3rd st w + 5th ave a w,44.5531812,-80.949226,residential,2,D,59,medium,local residential corner,flyer-only / later saturation,multiple street-front exposures; mostly local-street exposure,Day 25,1,-80949226:44553181,,,,,,,,,
369,C,14,4th Ave A W & 5th St A W,5th Street A West & 4th Avenue A West,4th ave a w + 5th st a w,44.5584588,-80.9486326,residential,2,D,59,medium,local residential corner,flyer-only / later saturation,multiple street-front exposures; mostly local-street exposure,Day 25,1,-80948633:44558459,,,,,,,,,
370,C,14,4th Ave A W & 5th St W,5th Street West & 4th Avenue A West,4th ave a w + 5th st w,44.5575125,-80.9483635,residential,2,D,59,medium,local residential corner,flyer-only / later saturation,multiple street-front exposures; mostly local-street exposure,Day 25,1,-80948363:44557513,,,,,,,,,
371,C,14,4th Ave A W & 8th St W,8th Street West & 4th Avenue A West,4th ave a w + 8th st w,44.5631266,-80.9495888,residential,2,D,59,medium,local residential corner,flyer-only / later saturation,multiple street-front exposures; mostly local-street exposure,Day 25,1,-80949589:44563127,,,,,,,,,
372,C,14,4th Ave E & 4th St E,4th Street East & 4th Avenue East,4th ave e + 4th st e,44.5568959,-80.9370439,residential,2,D,59,medium,local residential corner,flyer-only / later saturation,multiple street-front exposures; mostly local-street exposure,Day 25,1,-80937044:44556896,,,,,,,,,
373,C,14,4th Ave E & 5th St E,5th Street East & 4th Avenue East,4th ave e + 5th st e,44.558664050000004,-80.9374521,residential,2,D,59,medium,local residential corner,flyer-only / later saturation,multiple street-front exposures; mostly local-street exposure,Day 25,2,-80937418:44558668 | -80937486:44558660,,,,,,,,,
374,C,14,4th Ave E & 7th St E,4th Avenue East & 7th Street East,4th ave e + 7th st e,44.562473,-80.9382684,residential,2,D,59,medium,local residential corner,flyer-only / later saturation,multiple street-front exposures; mostly local-street exposure,Day 25,1,-80938268:44562473,,,,,,,,,
375,C,14,4th Ave W & 5th St W,5th Street West & 4th Avenue West,4th ave w + 5th st w,44.557632,-80.9473288,residential,2,D,59,medium,local residential corner,flyer-only / later saturation,multiple street-front exposures; mostly local-street exposure,Day 25,1,-80947329:44557632,,,,,,,,,
376,C,14,4th Ave W & 7th St W,4th Avenue West & 7th Street West,4th ave w + 7th st w,44.5613368,-80.9482025,residential,2,D,59,medium,local residential corner,flyer-only / later saturation,multiple street-front exposures; mostly local-street exposure,Day 26,1,-80948202:44561337,,,,,,,,,
377,C,14,4th Ave W & 8th St W,4th Avenue West & 8th Street West,4th ave w + 8th st w,44.5632214,-80.9486496,residential,2,D,59,medium,local residential corner,flyer-only / later saturation,multiple street-front exposures; mostly local-street exposure,Day 26,1,-80948650:44563221,,,,,,,,,
378,C,14,4th St A E & 6th Ave E,6th Avenue East & 4th Street A East,4th st a e + 6th ave e,44.5580621,-80.9334821,residential,2,D,59,medium,local residential corner,flyer-only / later saturation,multiple street-front exposures; mostly local-street exposure,Day 26,1,-80933482:44558062,,,,,,,,,
379,C,14,4th St A E & 7th Ave E,7th Avenue East & 4th Street A East,4th st a e + 7th ave e,44.5583167,-80.9312144,residential,2,D,59,medium,local residential corner,flyer-only / later saturation,multiple street-front exposures; mostly local-street exposure,Day 26,1,-80931214:44558317,,,,,,,,,
380,C,14,4th St A W & 6th Ave W,4th Street A West & 6th Avenue West,4th st a w + 6th ave w,44.5557404,-80.9507878,residential,2,D,59,medium,local residential corner,flyer-only / later saturation,multiple street-front exposures; mostly local-street exposure,Day 26,1,-80950788:44555740,,,,,,,,,
381,C,14,4th St E & 5th Ave E,4th Street East & 5th Avenue East,4th st e + 5th ave e,44.5569765,-80.9362254,residential,2,D,59,medium,local residential corner,flyer-only / later saturation,multiple street-front exposures; mostly local-street exposure,Day 26,1,-80936225:44556977,,,,,,,,,
382,C,14,4th St E & 6th Ave E,4th Street East & 6th Avenue East,4th st e + 6th ave e,44.55740075,-80.93277395,residential,2,D,59,medium,local residential corner,flyer-only / later saturation,multiple street-front exposures; mostly local-street exposure,Day 26,2,-80932238:44557459 | -80933309:44557342,,,,,,,,,
383,C,14,4th St E & 7th Ave E,4th Street East & 7th Avenue East,4th st e + 7th ave e,44.5575917,-80.9310309,residential,2,D,59,medium,local residential corner,flyer-only / later saturation,multiple street-front exposures; mostly local-street exposure,Day 26,1,-80931031:44557592,,,,,,,,,
384,C,14,4th St E & 8th Ave A E,8th Avenue A East & 4th Street East,4th st e + 8th ave a e,44.5579051,-80.92805340000001,residential,2,D,59,medium,local residential corner,flyer-only / later saturation,multiple street-front exposures; mostly local-street exposure,Day 26,2,-80927486:44557971 | -80928621:44557840,,,,,,,,,
385,C,14,4th St E & 8th Ave E,4th Street East & 8th Avenue East,4th st e + 8th ave e,44.5577143,-80.9298423,residential,2,D,59,medium,local residential corner,flyer-only / later saturation,multiple street-front exposures; mostly local-street exposure,Day 26,1,-80929842:44557714,,,,,,,,,
386,C,14,4th St W & 5th Ave A W,4th Street West & 5th Avenue A West,4th st w + 5th ave a w,44.5550716,-80.9494145,residential,2,D,59,medium,local residential corner,flyer-only / later saturation,multiple street-front exposures; mostly local-street exposure,Day 26,1,-80949414:44555072,,,,,,,,,
387,C,14,4th St W & 5th Ave W,4th Street West & 5th Avenue West,4th st w + 5th ave w,44.5551946,-80.9483301,residential,2,D,59,medium,local residential corner,flyer-only / later saturation,multiple street-front exposures; mostly local-street exposure,Day 26,1,-80948330:44555195,,,,,,,,,
388,C,14,5th Ave A E & 8th Ave A E,8th Avenue A East & 5th Avenue A East,5th ave a e + 8th ave a e,44.5657649,-80.93556465,residential,2,D,59,medium,local residential corner,flyer-only / later saturation,multiple street-front exposures; mostly local-street exposure,Day 26,2,-80935076:44565836 | -80936054:44565694,,,,,,,,,
389,C,14,5th Ave A E & 8th St A E,5th Avenue A East & 8th Street A East,5th ave a e + 8th st a e,44.5654069,-80.9360161,residential,2,D,59,medium,local residential corner,flyer-only / later saturation,multiple street-front exposures; mostly local-street exposure,Day 26,1,-80936016:44565407,,,,,,,,,
390,C,14,5th Ave A E & 9th St A E,5th Avenue A East & 9th Street A East,5th ave a e + 9th st a e,44.5680436,-80.9364862,residential,2,D,59,medium,local residential corner,flyer-only / later saturation,multiple street-front exposures; mostly local-street exposure,Day 26,1,-80936486:44568044,,,,,,,,,
391,C,14,5th Ave A E & 9th St E,9th Street East & 5th Avenue A East,5th ave a e + 9th st e,44.566659599999994,-80.93563915,residential,2,D,59,medium,local residential corner,flyer-only / later saturation,multiple street-front exposures; mostly local-street exposure,Day 27,2,-80935242:44566704 | -80936036:44566616,,,,,,,,,
392,C,14,5th Ave A W & 5th Ave W,5th Avenue A West & 5th Avenue West,5th ave a w + 5th ave w,44.5597207,-80.949941,residential,2,D,59,medium,local residential corner,flyer-only / later saturation,multiple street-front exposures; mostly local-street exposure,Day 27,1,-80949941:44559721,,,,,,,,,
393,C,14,5th Ave A W & 7th St W,5th Avenue A West & 7th Street West,5th ave a w + 7th st w,44.5610214,-80.9509818,residential,2,D,59,medium,local residential corner,flyer-only / later saturation,multiple street-front exposures; mostly local-street exposure,Day 27,1,-80950982:44561021,,,,,,,,,
394,C,14,5th Ave A W & 9th St A W,9th Street A West & 5th Avenue A West,5th ave a w + 9th st a w,44.5657432,-80.9519628,residential,2,D,59,medium,local residential corner,flyer-only / later saturation,multiple street-front exposures; mostly local-street exposure,Day 27,1,-80951963:44565743,,,,,,,,,
395,C,14,5th Ave E & 5th St E,5th Avenue East & 5th Street East,5th ave e + 5th st e,44.5587536,-80.9366178,residential,2,D,59,medium,local residential corner,flyer-only / later saturation,multiple street-front exposures; mostly local-street exposure,Day 27,1,-80936618:44558754,,,,,,,,,
396,C,14,5th Ave E & 7th St E,7th Street East & 5th Avenue East,5th ave e + 7th st e,44.5627008,-80.9364643,residential,2,D,59,medium,local residential corner,flyer-only / later saturation,multiple street-front exposures; mostly local-street exposure,Day 27,1,-80936464:44562701,,,,,,,,,
397,C,14,5th Ave E & 8th St A E,5th Avenue East & 8th Street A East,5th ave e + 8th st a e,44.5652838,-80.9370188,residential,2,D,59,medium,local residential corner,flyer-only / later saturation,multiple street-front exposures; mostly local-street exposure,Day 27,1,-80937019:44565284,,,,,,,,,
398,C,14,5th Ave E & 9th St A E,5th Avenue East & 9th Street A East,5th ave e + 9th st a e,44.5679549,-80.9376261,residential,2,D,59,medium,local residential corner,flyer-only / later saturation,multiple street-front exposures; mostly local-street exposure,Day 27,1,-80937626:44567955,,,,,,,,,
399,C,14,5th Ave E & 9th St E,5th Avenue East & 9th Street East,5th ave e + 9th st e,44.5664771,-80.9372834,residential,2,D,59,medium,local residential corner,flyer-only / later saturation,multiple street-front exposures; mostly local-street exposure,Day 27,1,-80937283:44566477,,,,,,,,,
400,C,14,5th Ave W & 5th St A W,5th Avenue West & 5th Street A West,5th ave w + 5th st a w,44.5578594,-80.9500494,residential,2,D,59,medium,local residential corner,flyer-only / later saturation,multiple street-front exposures; mostly local-street exposure,Day 27,1,-80950049:44557859,,,,,,,,,
401,C,14,5th Ave W & 6th St W,5th Avenue West & 6th Street West,5th ave w + 6th st w,44.5590189,-80.9499279,residential,2,D,59,medium,local residential corner,flyer-only / later saturation,multiple street-front exposures; mostly local-street exposure,Day 27,1,-80949928:44559019,,,,,,,,,
402,C,14,5th Ave W & 7th St W,7th Street West & 5th Avenue West,5th ave w + 7th st w,44.5611974,-80.9494017,residential,2,D,59,medium,local residential corner,flyer-only / later saturation,multiple street-front exposures; mostly local-street exposure,Day 27,1,-80949402:44561197,,,,,,,,,
403,C,14,5th Ave W & 8th St W,8th Street West & 5th Avenue West,5th ave w + 8th st w,44.5630095,-80.9506185,residential,2,D,59,medium,local residential corner,flyer-only / later saturation,multiple street-front exposures; mostly local-street exposure,Day 27,1,-80950619:44563010,,,,,,,,,
404,C,14,5th Ave W & 9th St A W,9th Street A West & 5th Avenue West,5th ave w + 9th st a w,44.565819,-80.951236,residential,2,D,59,medium,local residential corner,flyer-only / later saturation,multiple street-front exposures; mostly local-street exposure,Day 27,1,-80951236:44565819,,,,,,,,,
405,C,14,5th St E & 6th Ave E,5th Street East & 6th Avenue East,5th st e + 6th ave e,44.5594319,-80.9338773,residential,2,D,59,medium,local residential corner,flyer-only / later saturation,multiple street-front exposures; mostly local-street exposure,Day 27,1,-80933877:44559432,,,,,,,,,
406,C,14,5th St E & 7th Ave E,5th Street East & 7th Avenue East,5th st e + 7th ave e,44.559969249999995,-80.93158325,residential,2,D,59,medium,local residential corner,flyer-only / later saturation,multiple street-front exposures; mostly local-street exposure,Day 28,2,-80931549:44559822 | -80931617:44560116,,,,,,,,,
407,C,14,5th St E & 8th Ave A E,8th Avenue A East & 5th Street East,5th st e + 8th ave a e,44.5600519,-80.9297778,residential,2,D,59,medium,local residential corner,flyer-only / later saturation,multiple street-front exposures; mostly local-street exposure,Day 28,1,-80929778:44560052,,,,,,,,,
408,C,14,5th St W & 6th Ave W,5th Street West & 6th Avenue West,5th st w + 6th ave w,44.5571826,-80.95131,residential,2,D,59,medium,local residential corner,flyer-only / later saturation,multiple street-front exposures; mostly local-street exposure,Day 28,1,-80951310:44557183,,,,,,,,,
409,C,14,6th Ave E & 9th St E,9th Street East & 6th Avenue East,6th ave e + 9th st e,44.5668806,-80.9339598,residential,2,D,59,medium,local residential corner,flyer-only / later saturation,multiple street-front exposures; mostly local-street exposure,Day 28,1,-80933960:44566881,,,,,,,,,
410,C,14,6th Ave W & 6th St W,6th Avenue West & 6th Street West,6th ave w + 6th st w,44.5587085,-80.9517047,residential,2,D,59,medium,local residential corner,flyer-only / later saturation,multiple street-front exposures; mostly local-street exposure,Day 28,1,-80951705:44558709,,,,,,,,,
411,C,14,6th Ave W & 7th Ave W,7th Avenue West & 6th Avenue West,6th ave w + 7th ave w,44.5609706,-80.9522204,residential,2,D,59,medium,local residential corner,flyer-only / later saturation,multiple street-front exposures; mostly local-street exposure,Day 28,1,-80952220:44560971,,,,,,,,,
412,C,14,6th Ave W & 7th St W,7th Street West & 6th Avenue West,6th ave w + 7th st w,44.5608857,-80.9522011,residential,2,D,59,medium,local residential corner,flyer-only / later saturation,multiple street-front exposures; mostly local-street exposure,Day 28,1,-80952201:44560886,,,,,,,,,
413,C,14,6th Ave W & 8th St W,8th Street West & 6th Avenue West,6th ave w + 8th st w,44.5627757,-80.9526397,residential,2,D,59,medium,local residential corner,flyer-only / later saturation,multiple street-front exposures; mostly local-street exposure,Day 28,1,-80952640:44562776,,,,,,,,,
414,C,14,6th Ave W & 9th St A W,6th Avenue West & 9th Street A West,6th ave w + 9th st a w,44.5655895,-80.9532806,residential,2,D,59,medium,local residential corner,flyer-only / later saturation,multiple street-front exposures; mostly local-street exposure,Day 28,1,-80953281:44565590,,,,,,,,,
415,C,14,6th St A E & 7th Ave E,7th Avenue East & 6th Street A East,6th st a e + 7th ave e,44.5622533,-80.9315886,residential,2,D,59,medium,local residential corner,flyer-only / later saturation,multiple street-front exposures; mostly local-street exposure,Day 28,1,-80931589:44562253,,,,,,,,,
416,C,14,6th St A E & 8th Ave E,6th Street A East & 8th Avenue East,6th st a e + 8th ave e,44.5625553,-80.9289339,residential,2,D,59,medium,local residential corner,flyer-only / later saturation,multiple street-front exposures; mostly local-street exposure,Day 28,1,-80928934:44562555,,,,,,,,,
417,C,14,7th Ave A W & 7th Ave W,7th Avenue A West & 7th Avenue West,7th ave a w + 7th ave w,44.5706833,-80.95785,residential,2,D,59,medium,local residential corner,flyer-only / later saturation,multiple street-front exposures; mostly local-street exposure,Day 28,1,-80957850:44570683,,,,,,,,,
418,C,14,7th Ave A W & 7th Ave W,7th Avenue A West & 7th Avenue West,7th ave a w + 7th ave w,44.5720386,-80.9580059,residential,2,D,59,medium,local residential corner,flyer-only / later saturation,multiple street-front exposures; mostly local-street exposure,Day 28,1,-80958006:44572039,,,,,,,,,
419,C,14,7th Ave E & 7th St A E,7th Avenue East & 7th Street A East,7th ave e + 7th st a e,44.5640431,-80.9319787,residential,2,D,59,medium,local residential corner,flyer-only / later saturation,multiple street-front exposures; mostly local-street exposure,Day 28,1,-80931979:44564043,,,,,,,,,
420,C,14,7th Ave E & 7th St E,7th Street East & 7th Avenue East,7th ave e + 7th st e,44.5632082,-80.9317908,residential,2,D,59,medium,local residential corner,flyer-only / later saturation,multiple street-front exposures; mostly local-street exposure,Day 28,1,-80931791:44563208,,,,,,,,,
421,C,14,7th Ave E & 8th Ave E,7th Avenue East & 8th Avenue East,7th ave e + 8th ave e,44.5921556,-80.9216543,residential,2,D,59,medium,local residential corner,flyer-only / later saturation,multiple street-front exposures; mostly local-street exposure,Day 29,1,-80921654:44592156,,,,,,,,,
422,C,14,7th Ave E & 8th Ave E,7th Avenue East & 8th Avenue East,7th ave e + 8th ave e,44.5899379,-80.9220172,residential,2,D,59,medium,local residential corner,flyer-only / later saturation,multiple street-front exposures; mostly local-street exposure,Day 29,1,-80922017:44589938,,,,,,,,,
423,C,14,7th Ave E & 8th St A E,7th Avenue East & 8th Street A East,7th ave e + 8th st a e,44.5660792,-80.9324238,residential,2,D,59,medium,local residential corner,flyer-only / later saturation,multiple street-front exposures; mostly local-street exposure,Day 29,1,-80932424:44566079,,,,,,,,,
424,C,14,7th Ave E & 9th St A E,9th Street A East & 7th Avenue East,7th ave e + 9th st a e,44.5680678,-80.9328851,residential,2,D,59,medium,local residential corner,flyer-only / later saturation,multiple street-front exposures; mostly local-street exposure,Day 29,1,-80932885:44568068,,,,,,,,,
425,C,14,7th Ave E & 9th St E,9th Street East & 7th Avenue East,7th ave e + 9th st e,44.5670247,-80.9326408,residential,2,D,59,medium,local residential corner,flyer-only / later saturation,multiple street-front exposures; mostly local-street exposure,Day 29,1,-80932641:44567025,,,,,,,,,
426,C,14,7th Ave W & 8th Ave W,8th Avenue West & 7th Avenue West,7th ave w + 8th ave w,44.5724731,-80.9588256,residential,2,D,59,medium,local residential corner,flyer-only / later saturation,multiple street-front exposures; mostly local-street exposure,Day 29,1,-80958826:44572473,,,,,,,,,
427,C,14,7th Ave W & 8th St W,7th Avenue West & 8th Street West,7th ave w + 8th st w,44.562578099999996,-80.9544629,residential,2,D,59,medium,local residential corner,flyer-only / later saturation,multiple street-front exposures; mostly local-street exposure,Day 29,2,-80954419:44562570 | -80954507:44562586,,,,,,,,,
428,C,14,7th Ave W & Henderson's Bridge,7th Avenue West & Henderson's Bridge,7th ave w + henderson's bridge,44.574277,-80.9598855,residential,2,D,59,medium,local residential corner,flyer-only / later saturation,multiple street-front exposures; mostly local-street exposure,Day 29,1,-80959885:44574277,,,,,,,,,
429,C,14,7th St A E & 8th Ave E,8th Avenue East & 7th Street A East,7th st a e + 8th ave e,44.5643579,-80.9293473,residential,2,D,59,medium,local residential corner,flyer-only / later saturation,multiple street-front exposures; mostly local-street exposure,Day 29,1,-80929347:44564358,,,,,,,,,
430,C,14,7th St E & 8th Ave E,7th Street East & 8th Avenue East,7th st e + 8th ave e,44.5635204,-80.9291522,residential,2,D,59,medium,local residential corner,flyer-only / later saturation,multiple street-front exposures; mostly local-street exposure,Day 29,1,-80929152:44563520,,,,,,,,,
431,C,14,8th Ave A E & 8th Ave E,8th Avenue A East & 8th Avenue East,8th ave a e + 8th ave e,44.55892865,-80.92986024999999,residential,2,D,59,medium,local residential corner,flyer-only / later saturation,multiple street-front exposures; mostly local-street exposure,Day 29,2,-80929635:44559351 | -80930085:44558507,,,,,,,,,
432,C,14,8th Ave A E & 9th St E,8th Avenue A East & 9th Street East,8th ave a e + 9th st e,44.5673848,-80.9290028,residential,2,D,59,medium,local residential corner,flyer-only / later saturation,multiple street-front exposures; mostly local-street exposure,Day 29,1,-80929003:44567385,,,,,,,,,
433,C,14,8th Ave E & 9th St A E,8th Avenue East & 9th Street A East,8th ave e + 9th st a e,44.5683576,-80.9302653,residential,2,D,59,medium,local residential corner,flyer-only / later saturation,multiple street-front exposures; mostly local-street exposure,Day 29,1,-80930265:44568358,,,,,,,,,
434,C,14,8th Ave E & 9th St E,8th Avenue East & 9th Street East,8th ave e + 9th st e,44.5673111,-80.9300312,residential,2,D,59,medium,local residential corner,flyer-only / later saturation,multiple street-front exposures; mostly local-street exposure,Day 29,1,-80930031:44567311,,,,,,,,,
435,C,14,9th Ave A E & 9th St E,9th Avenue A East & 9th Street East,9th ave a e + 9th st e,44.5677893,-80.9257267,residential,2,D,59,medium,local residential corner,flyer-only / later saturation,multiple street-front exposures; mostly local-street exposure,Day 29,1,-80925727:44567789,,,,,,,,,
436,C,14,Lamson Crescent & Laurie Crescent,Laurie Crescent & Lamson Crescent,lamson crescent + laurie crescent,44.56895085,-80.921454,residential,2,D,59,medium,local residential corner,flyer-only / later saturation,multiple street-front exposures; mostly local-street exposure,Day 30,2,-80921245:44568969 | -80921663:44568933,,,,,,,,,
437,C,14,Lamson Crescent & Lila Rd,Lamson Crescent & Lila Road,lamson crescent + lila rd,44.56983685,-80.9213991,residential,2,D,59,medium,local residential corner,flyer-only / later saturation,multiple street-front exposures; mostly local-street exposure,Day 30,2,-80920967:44569887 | -80921832:44569787,,,,,,,,,
