{
  "type": "FeatureCollection",
  "features": [
    {
      "type": "Feature",
      "geometry": {
        "type": "Point",
        "coordinates": [
          -80.8952565,
          44.577267
        ]
      },
      "properties": {
        "node_id": "-80895256:44577267",
        "lat": 44.577267,
        "lon": -80.8952565,
        "connected_way_names": [
          "28th Avenue East",
          "16th Street East",
          "Highway 26"
        ],
        "connected_highway_tags": [
          "tertiary",
          "secondary",
          "primary"
        ],
        "degree_merged": 3,
        "intersection_priority": "A",
        "visibility_score": 100,
        "sign_value": "high",
        "canvass_order": 1,
        "recommended_action": "visit first; highest sign ask potential",
        "caveats": [
          "Do not place signs without property-owner permission.",
          "Avoid sightline obstruction.",
          "Respect election-sign bylaw setbacks and safety rules.",
          "Corner-lot estimate is for planning only, not a precise household count."
        ],
        "daily_priority_score": 130,
        "priority_reason": "two+ higher-order roads; multiple street-front exposures",
        "route_bucket": "highest visibility corner",
        "global_rank": 1,
        "daily_tier": "S",
        "suggested_day": "Day 1"
      }
    },
    {
      "type": "Feature",
      "geometry": {
        "type": "Point",
        "coordinates": [
          -80.8980521,
          44.5769102
        ]
      },
      "properties": {
        "node_id": "-80898052:44576910",
        "lat": 44.5769102,
        "lon": -80.8980521,
        "connected_way_names": [
          "16th Street East",
          "27th Avenue East"
        ],
        "connected_highway_tags": [
          "primary",
          "residential"
        ],
        "degree_merged": 2,
        "intersection_priority": "A",
        "visibility_score": 100,
        "sign_value": "high",
        "canvass_order": 1,
        "recommended_action": "visit first; highest sign ask potential",
        "caveats": [
          "Do not place signs without property-owner permission.",
          "Avoid sightline obstruction.",
          "Respect election-sign bylaw setbacks and safety rules.",
          "Corner-lot estimate is for planning only, not a precise household count."
        ],
        "daily_priority_score": 130,
        "priority_reason": "higher-order to neighbourhood connector; multiple street-front exposures",
        "route_bucket": "highest visibility corner",
        "global_rank": 2,
        "daily_tier": "S",
        "suggested_day": "Day 1"
      }
    },
    {
      "type": "Feature",
      "geometry": {
        "type": "Point",
        "coordinates": [
          -80.9077024,
          44.5757839
        ]
      },
      "properties": {
        "node_id": "-80907702:44575784",
        "lat": 44.5757839,
        "lon": -80.9077024,
        "connected_way_names": [
          "20th Avenue East",
          "16th Street East"
        ],
        "connected_highway_tags": [
          "unclassified",
          "primary"
        ],
        "degree_merged": 2,
        "intersection_priority": "A",
        "visibility_score": 100,
        "sign_value": "high",
        "canvass_order": 1,
        "recommended_action": "visit first; highest sign ask potential",
        "caveats": [
          "Do not place signs without property-owner permission.",
          "Avoid sightline obstruction.",
          "Respect election-sign bylaw setbacks and safety rules.",
          "Corner-lot estimate is for planning only, not a precise household count."
        ],
        "daily_priority_score": 130,
        "priority_reason": "higher-order to neighbourhood connector; multiple street-front exposures",
        "route_bucket": "highest visibility corner",
        "global_rank": 3,
        "daily_tier": "S",
        "suggested_day": "Day 1"
      }
    },
    {
      "type": "Feature",
      "geometry": {
        "type": "Point",
        "coordinates": [
          -80.9130237,
          44.5751546
        ]
      },
      "properties": {
        "node_id": "-80913024:44575155",
        "lat": 44.5751546,
        "lon": -80.9130237,
        "connected_way_names": [
          "18th Avenue East",
          "16th Street East"
        ],
        "connected_highway_tags": [
          "tertiary",
          "primary"
        ],
        "degree_merged": 2,
        "intersection_priority": "A",
        "visibility_score": 100,
        "sign_value": "high",
        "canvass_order": 1,
        "recommended_action": "visit first; highest sign ask potential",
        "caveats": [
          "Do not place signs without property-owner permission.",
          "Avoid sightline obstruction.",
          "Respect election-sign bylaw setbacks and safety rules.",
          "Corner-lot estimate is for planning only, not a precise household count."
        ],
        "daily_priority_score": 130,
        "priority_reason": "two+ higher-order roads; multiple street-front exposures",
        "route_bucket": "highest visibility corner",
        "global_rank": 4,
        "daily_tier": "S",
        "suggested_day": "Day 1"
      }
    },
    {
      "type": "Feature",
      "geometry": {
        "type": "Point",
        "coordinates": [
          -80.9130408,
          44.5752455
        ]
      },
      "properties": {
        "node_id": "-80913041:44575246",
        "lat": 44.5752455,
        "lon": -80.9130408,
        "connected_way_names": [
          "18th Avenue East",
          "16th Street East"
        ],
        "connected_highway_tags": [
          "unclassified",
          "tertiary",
          "primary"
        ],
        "degree_merged": 2,
        "intersection_priority": "A",
        "visibility_score": 100,
        "sign_value": "high",
        "canvass_order": 1,
        "recommended_action": "visit first; highest sign ask potential",
        "caveats": [
          "Do not place signs without property-owner permission.",
          "Avoid sightline obstruction.",
          "Respect election-sign bylaw setbacks and safety rules.",
          "Corner-lot estimate is for planning only, not a precise household count."
        ],
        "daily_priority_score": 130,
        "priority_reason": "two+ higher-order roads; multiple street-front exposures",
        "route_bucket": "highest visibility corner",
        "global_rank": 5,
        "daily_tier": "S",
        "suggested_day": "Day 1"
      }
    },
    {
      "type": "Feature",
      "geometry": {
        "type": "Point",
        "coordinates": [
          -80.9131816,
          44.5751429
        ]
      },
      "properties": {
        "node_id": "-80913182:44575143",
        "lat": 44.5751429,
        "lon": -80.9131816,
        "connected_way_names": [
          "16th Street East",
          "18th Avenue East"
        ],
        "connected_highway_tags": [
          "primary",
          "tertiary"
        ],
        "degree_merged": 2,
        "intersection_priority": "A",
        "visibility_score": 100,
        "sign_value": "high",
        "canvass_order": 1,
        "recommended_action": "visit first; highest sign ask potential",
        "caveats": [
          "Do not place signs without property-owner permission.",
          "Avoid sightline obstruction.",
          "Respect election-sign bylaw setbacks and safety rules.",
          "Corner-lot estimate is for planning only, not a precise household count."
        ],
        "daily_priority_score": 130,
        "priority_reason": "two+ higher-order roads; multiple street-front exposures",
        "route_bucket": "highest visibility corner",
        "global_rank": 6,
        "daily_tier": "S",
        "suggested_day": "Day 1"
      }
    },
    {
      "type": "Feature",
      "geometry": {
        "type": "Point",
        "coordinates": [
          -80.9131942,
          44.5752263
        ]
      },
      "properties": {
        "node_id": "-80913194:44575226",
        "lat": 44.5752263,
        "lon": -80.9131942,
        "connected_way_names": [
          "18th Avenue East",
          "16th Street East"
        ],
        "connected_highway_tags": [
          "unclassified",
          "primary",
          "tertiary"
        ],
        "degree_merged": 2,
        "intersection_priority": "A",
        "visibility_score": 100,
        "sign_value": "high",
        "canvass_order": 1,
        "recommended_action": "visit first; highest sign ask potential",
        "caveats": [
          "Do not place signs without property-owner permission.",
          "Avoid sightline obstruction.",
          "Respect election-sign bylaw setbacks and safety rules.",
          "Corner-lot estimate is for planning only, not a precise household count."
        ],
        "daily_priority_score": 130,
        "priority_reason": "two+ higher-order roads; multiple street-front exposures",
        "route_bucket": "highest visibility corner",
        "global_rank": 7,
        "daily_tier": "S",
        "suggested_day": "Day 1"
      }
    },
    {
      "type": "Feature",
      "geometry": {
        "type": "Point",
        "coordinates": [
          -80.9162939,
          44.5747796
        ]
      },
      "properties": {
        "node_id": "-80916294:44574780",
        "lat": 44.5747796,
        "lon": -80.9162939,
        "connected_way_names": [
          "16th Street East",
          "16th Avenue East"
        ],
        "connected_highway_tags": [
          "primary",
          "tertiary"
        ],
        "degree_merged": 2,
        "intersection_priority": "A",
        "visibility_score": 100,
        "sign_value": "high",
        "canvass_order": 1,
        "recommended_action": "visit first; highest sign ask potential",
        "caveats": [
          "Do not place signs without property-owner permission.",
          "Avoid sightline obstruction.",
          "Respect election-sign bylaw setbacks and safety rules.",
          "Corner-lot estimate is for planning only, not a precise household count."
        ],
        "daily_priority_score": 130,
        "priority_reason": "two+ higher-order roads; multiple street-front exposures",
        "route_bucket": "highest visibility corner",
        "global_rank": 8,
        "daily_tier": "S",
        "suggested_day": "Day 1"
      }
    },
    {
      "type": "Feature",
      "geometry": {
        "type": "Point",
        "coordinates": [
          -80.9163064,
          44.5748516
        ]
      },
      "properties": {
        "node_id": "-80916306:44574852",
        "lat": 44.5748516,
        "lon": -80.9163064,
        "connected_way_names": [
          "16th Street East",
          "16th Avenue East"
        ],
        "connected_highway_tags": [
          "primary",
          "tertiary"
        ],
        "degree_merged": 2,
        "intersection_priority": "A",
        "visibility_score": 100,
        "sign_value": "high",
        "canvass_order": 1,
        "recommended_action": "visit first; highest sign ask potential",
        "caveats": [
          "Do not place signs without property-owner permission.",
          "Avoid sightline obstruction.",
          "Respect election-sign bylaw setbacks and safety rules.",
          "Corner-lot estimate is for planning only, not a precise household count."
        ],
        "daily_priority_score": 130,
        "priority_reason": "two+ higher-order roads; multiple street-front exposures",
        "route_bucket": "highest visibility corner",
        "global_rank": 9,
        "daily_tier": "S",
        "suggested_day": "Day 1"
      }
    },
    {
      "type": "Feature",
      "geometry": {
        "type": "Point",
        "coordinates": [
          -80.9163821,
          44.5747707
        ]
      },
      "properties": {
        "node_id": "-80916382:44574771",
        "lat": 44.5747707,
        "lon": -80.9163821,
        "connected_way_names": [
          "16th Avenue East",
          "16th Street East"
        ],
        "connected_highway_tags": [
          "tertiary",
          "primary",
          "unclassified"
        ],
        "degree_merged": 2,
        "intersection_priority": "A",
        "visibility_score": 100,
        "sign_value": "high",
        "canvass_order": 1,
        "recommended_action": "visit first; highest sign ask potential",
        "caveats": [
          "Do not place signs without property-owner permission.",
          "Avoid sightline obstruction.",
          "Respect election-sign bylaw setbacks and safety rules.",
          "Corner-lot estimate is for planning only, not a precise household count."
        ],
        "daily_priority_score": 130,
        "priority_reason": "two+ higher-order roads; multiple street-front exposures",
        "route_bucket": "highest visibility corner",
        "global_rank": 10,
        "daily_tier": "S",
        "suggested_day": "Day 1"
      }
    },
    {
      "type": "Feature",
      "geometry": {
        "type": "Point",
        "coordinates": [
          -80.9164072,
          44.5748427
        ]
      },
      "properties": {
        "node_id": "-80916407:44574843",
        "lat": 44.5748427,
        "lon": -80.9164072,
        "connected_way_names": [
          "16th Avenue East",
          "16th Street East"
        ],
        "connected_highway_tags": [
          "tertiary",
          "primary",
          "unclassified"
        ],
        "degree_merged": 2,
        "intersection_priority": "A",
        "visibility_score": 100,
        "sign_value": "high",
        "canvass_order": 1,
        "recommended_action": "visit first; highest sign ask potential",
        "caveats": [
          "Do not place signs without property-owner permission.",
          "Avoid sightline obstruction.",
          "Respect election-sign bylaw setbacks and safety rules.",
          "Corner-lot estimate is for planning only, not a precise household count."
        ],
        "daily_priority_score": 130,
        "priority_reason": "two+ higher-order roads; multiple street-front exposures",
        "route_bucket": "highest visibility corner",
        "global_rank": 11,
        "daily_tier": "S",
        "suggested_day": "Day 1"
      }
    },
    {
      "type": "Feature",
      "geometry": {
        "type": "Point",
        "coordinates": [
          -80.9201229,
          44.6017183
        ]
      },
      "properties": {
        "node_id": "-80920123:44601718",
        "lat": 44.6017183,
        "lon": -80.9201229,
        "connected_way_names": [
          "East Bayshore Road",
          "32nd Street East",
          "East Bay Shore Road"
        ],
        "connected_highway_tags": [
          "secondary",
          "unclassified"
        ],
        "degree_merged": 3,
        "intersection_priority": "A",
        "visibility_score": 100,
        "sign_value": "high",
        "canvass_order": 1,
        "recommended_action": "visit first; highest sign ask potential",
        "caveats": [
          "Do not place signs without property-owner permission.",
          "Avoid sightline obstruction.",
          "Respect election-sign bylaw setbacks and safety rules.",
          "Corner-lot estimate is for planning only, not a precise household count."
        ],
        "daily_priority_score": 130,
        "priority_reason": "higher-order to neighbourhood connector; multiple street-front exposures",
        "route_bucket": "highest visibility corner",
        "global_rank": 12,
        "daily_tier": "S",
        "suggested_day": "Day 1"
      }
    },
    {
      "type": "Feature",
      "geometry": {
        "type": "Point",
        "coordinates": [
          -80.9232266,
          44.5739428
        ]
      },
      "properties": {
        "node_id": "-80923227:44573943",
        "lat": 44.5739428,
        "lon": -80.9232266,
        "connected_way_names": [
          "12th Avenue East",
          "16th Street East",
          "12th Avenue E"
        ],
        "connected_highway_tags": [
          "unclassified",
          "primary"
        ],
        "degree_merged": 3,
        "intersection_priority": "A",
        "visibility_score": 100,
        "sign_value": "high",
        "canvass_order": 1,
        "recommended_action": "visit first; highest sign ask potential",
        "caveats": [
          "Do not place signs without property-owner permission.",
          "Avoid sightline obstruction.",
          "Respect election-sign bylaw setbacks and safety rules.",
          "Corner-lot estimate is for planning only, not a precise household count."
        ],
        "daily_priority_score": 130,
        "priority_reason": "higher-order to neighbourhood connector; multiple street-front exposures",
        "route_bucket": "highest visibility corner",
        "global_rank": 13,
        "daily_tier": "S",
        "suggested_day": "Day 1"
      }
    },
    {
      "type": "Feature",
      "geometry": {
        "type": "Point",
        "coordinates": [
          -80.9232446,
          44.574048
        ]
      },
      "properties": {
        "node_id": "-80923245:44574048",
        "lat": 44.574048,
        "lon": -80.9232446,
        "connected_way_names": [
          "12th Avenue E",
          "16th Street East"
        ],
        "connected_highway_tags": [
          "unclassified",
          "primary"
        ],
        "degree_merged": 2,
        "intersection_priority": "A",
        "visibility_score": 100,
        "sign_value": "high",
        "canvass_order": 1,
        "recommended_action": "visit first; highest sign ask potential",
        "caveats": [
          "Do not place signs without property-owner permission.",
          "Avoid sightline obstruction.",
          "Respect election-sign bylaw setbacks and safety rules.",
          "Corner-lot estimate is for planning only, not a precise household count."
        ],
        "daily_priority_score": 130,
        "priority_reason": "higher-order to neighbourhood connector; multiple street-front exposures",
        "route_bucket": "highest visibility corner",
        "global_rank": 14,
        "daily_tier": "S",
        "suggested_day": "Day 1"
      }
    },
    {
      "type": "Feature",
      "geometry": {
        "type": "Point",
        "coordinates": [
          -80.9257748,
          44.558404
        ]
      },
      "properties": {
        "node_id": "-80925775:44558404",
        "lat": 44.558404,
        "lon": -80.9257748,
        "connected_way_names": [
          "Superior Street",
          "9th Avenue East",
          "Highway 6/10"
        ],
        "connected_highway_tags": [
          "residential",
          "primary"
        ],
        "degree_merged": 3,
        "intersection_priority": "A",
        "visibility_score": 100,
        "sign_value": "high",
        "canvass_order": 1,
        "recommended_action": "visit first; highest sign ask potential",
        "caveats": [
          "Do not place signs without property-owner permission.",
          "Avoid sightline obstruction.",
          "Respect election-sign bylaw setbacks and safety rules.",
          "Corner-lot estimate is for planning only, not a precise household count."
        ],
        "daily_priority_score": 130,
        "priority_reason": "higher-order to neighbourhood connector; multiple street-front exposures",
        "route_bucket": "highest visibility corner",
        "global_rank": 15,
        "daily_tier": "S",
        "suggested_day": "Day 1"
      }
    },
    {
      "type": "Feature",
      "geometry": {
        "type": "Point",
        "coordinates": [
          -80.9265788,
          44.5618779
        ]
      },
      "properties": {
        "node_id": "-80926579:44561878",
        "lat": 44.5618779,
        "lon": -80.9265788,
        "connected_way_names": [
          "6th Street East",
          "9th Avenue East"
        ],
        "connected_highway_tags": [
          "secondary",
          "unclassified",
          "primary"
        ],
        "degree_merged": 2,
        "intersection_priority": "A",
        "visibility_score": 100,
        "sign_value": "high",
        "canvass_order": 1,
        "recommended_action": "visit first; highest sign ask potential",
        "caveats": [
          "Do not place signs without property-owner permission.",
          "Avoid sightline obstruction.",
          "Respect election-sign bylaw setbacks and safety rules.",
          "Corner-lot estimate is for planning only, not a precise household count."
        ],
        "daily_priority_score": 130,
        "priority_reason": "two+ higher-order roads; multiple street-front exposures",
        "route_bucket": "highest visibility corner",
        "global_rank": 16,
        "daily_tier": "S",
        "suggested_day": "Day 2"
      }
    },
    {
      "type": "Feature",
      "geometry": {
        "type": "Point",
        "coordinates": [
          -80.9268984,
          44.5738586
        ]
      },
      "properties": {
        "node_id": "-80926898:44573859",
        "lat": 44.5738586,
        "lon": -80.9268984,
        "connected_way_names": [
          "9th Avenue East",
          "16th Street East"
        ],
        "connected_highway_tags": [
          "tertiary",
          "residential",
          "primary"
        ],
        "degree_merged": 2,
        "intersection_priority": "A",
        "visibility_score": 100,
        "sign_value": "high",
        "canvass_order": 1,
        "recommended_action": "visit first; highest sign ask potential",
        "caveats": [
          "Do not place signs without property-owner permission.",
          "Avoid sightline obstruction.",
          "Respect election-sign bylaw setbacks and safety rules.",
          "Corner-lot estimate is for planning only, not a precise household count."
        ],
        "daily_priority_score": 130,
        "priority_reason": "two+ higher-order roads; multiple street-front exposures",
        "route_bucket": "highest visibility corner",
        "global_rank": 17,
        "daily_tier": "S",
        "suggested_day": "Day 2"
      }
    },
    {
      "type": "Feature",
      "geometry": {
        "type": "Point",
        "coordinates": [
          -80.9270151,
          44.5637568
        ]
      },
      "properties": {
        "node_id": "-80927015:44563757",
        "lat": 44.5637568,
        "lon": -80.9270151,
        "connected_way_names": [
          "7th Street East",
          "9th Avenue East"
        ],
        "connected_highway_tags": [
          "residential",
          "unclassified",
          "primary"
        ],
        "degree_merged": 2,
        "intersection_priority": "A",
        "visibility_score": 100,
        "sign_value": "high",
        "canvass_order": 1,
        "recommended_action": "visit first; highest sign ask potential",
        "caveats": [
          "Do not place signs without property-owner permission.",
          "Avoid sightline obstruction.",
          "Respect election-sign bylaw setbacks and safety rules.",
          "Corner-lot estimate is for planning only, not a precise household count."
        ],
        "daily_priority_score": 130,
        "priority_reason": "higher-order to neighbourhood connector; multiple street-front exposures",
        "route_bucket": "highest visibility corner",
        "global_rank": 18,
        "daily_tier": "S",
        "suggested_day": "Day 2"
      }
    },
    {
      "type": "Feature",
      "geometry": {
        "type": "Point",
        "coordinates": [
          -80.9274605,
          44.5656475
        ]
      },
      "properties": {
        "node_id": "-80927460:44565648",
        "lat": 44.5656475,
        "lon": -80.9274605,
        "connected_way_names": [
          "8th Street East",
          "9th Avenue East"
        ],
        "connected_highway_tags": [
          "secondary",
          "tertiary",
          "primary"
        ],
        "degree_merged": 2,
        "intersection_priority": "A",
        "visibility_score": 100,
        "sign_value": "high",
        "canvass_order": 1,
        "recommended_action": "visit first; highest sign ask potential",
        "caveats": [
          "Do not place signs without property-owner permission.",
          "Avoid sightline obstruction.",
          "Respect election-sign bylaw setbacks and safety rules.",
          "Corner-lot estimate is for planning only, not a precise household count."
        ],
        "daily_priority_score": 130,
        "priority_reason": "two+ higher-order roads; multiple street-front exposures",
        "route_bucket": "highest visibility corner",
        "global_rank": 19,
        "daily_tier": "S",
        "suggested_day": "Day 2"
      }
    },
    {
      "type": "Feature",
      "geometry": {
        "type": "Point",
        "coordinates": [
          -80.9276148,
          44.5720207
        ]
      },
      "properties": {
        "node_id": "-80927615:44572021",
        "lat": 44.5720207,
        "lon": -80.9276148,
        "connected_way_names": [
          "15th Street A East",
          "9th Avenue East"
        ],
        "connected_highway_tags": [
          "residential",
          "primary"
        ],
        "degree_merged": 2,
        "intersection_priority": "A",
        "visibility_score": 100,
        "sign_value": "high",
        "canvass_order": 1,
        "recommended_action": "visit first; highest sign ask potential",
        "caveats": [
          "Do not place signs without property-owner permission.",
          "Avoid sightline obstruction.",
          "Respect election-sign bylaw setbacks and safety rules.",
          "Corner-lot estimate is for planning only, not a precise household count."
        ],
        "daily_priority_score": 130,
        "priority_reason": "higher-order to neighbourhood connector; multiple street-front exposures",
        "route_bucket": "highest visibility corner",
        "global_rank": 20,
        "daily_tier": "S",
        "suggested_day": "Day 2"
      }
    },
    {
      "type": "Feature",
      "geometry": {
        "type": "Point",
        "coordinates": [
          -80.9276413,
          44.5663963
        ]
      },
      "properties": {
        "node_id": "-80927641:44566396",
        "lat": 44.5663963,
        "lon": -80.9276413,
        "connected_way_names": [
          "9th Avenue East",
          "8th Street A East"
        ],
        "connected_highway_tags": [
          "primary",
          "residential"
        ],
        "degree_merged": 2,
        "intersection_priority": "A",
        "visibility_score": 100,
        "sign_value": "high",
        "canvass_order": 2,
        "recommended_action": "visit early; good sign ask potential",
        "caveats": [
          "Do not place signs without property-owner permission.",
          "Avoid sightline obstruction.",
          "Respect election-sign bylaw setbacks and safety rules.",
          "Corner-lot estimate is for planning only, not a precise household count."
        ],
        "daily_priority_score": 130,
        "priority_reason": "higher-order to neighbourhood connector; multiple street-front exposures",
        "route_bucket": "highest visibility corner",
        "global_rank": 21,
        "daily_tier": "A",
        "suggested_day": "Day 2"
      }
    },
    {
      "type": "Feature",
      "geometry": {
        "type": "Point",
        "coordinates": [
          -80.9279175,
          44.5675405
        ]
      },
      "properties": {
        "node_id": "-80927918:44567541",
        "lat": 44.5675405,
        "lon": -80.9279175,
        "connected_way_names": [
          "9th Street East",
          "9th Avenue East"
        ],
        "connected_highway_tags": [
          "residential",
          "primary"
        ],
        "degree_merged": 2,
        "intersection_priority": "A",
        "visibility_score": 100,
        "sign_value": "high",
        "canvass_order": 2,
        "recommended_action": "visit early; good sign ask potential",
        "caveats": [
          "Do not place signs without property-owner permission.",
          "Avoid sightline obstruction.",
          "Respect election-sign bylaw setbacks and safety rules.",
          "Corner-lot estimate is for planning only, not a precise household count."
        ],
        "daily_priority_score": 130,
        "priority_reason": "higher-order to neighbourhood connector; multiple street-front exposures",
        "route_bucket": "highest visibility corner",
        "global_rank": 22,
        "daily_tier": "A",
        "suggested_day": "Day 2"
      }
    },
    {
      "type": "Feature",
      "geometry": {
        "type": "Point",
        "coordinates": [
          -80.9282813,
          44.5694244
        ]
      },
      "properties": {
        "node_id": "-80928281:44569424",
        "lat": 44.5694244,
        "lon": -80.9282813,
        "connected_way_names": [
          "10th Street East",
          "9th Avenue East",
          "9th Street East"
        ],
        "connected_highway_tags": [
          "primary",
          "tertiary"
        ],
        "degree_merged": 3,
        "intersection_priority": "A",
        "visibility_score": 100,
        "sign_value": "high",
        "canvass_order": 2,
        "recommended_action": "visit early; good sign ask potential",
        "caveats": [
          "Do not place signs without property-owner permission.",
          "Avoid sightline obstruction.",
          "Respect election-sign bylaw setbacks and safety rules.",
          "Corner-lot estimate is for planning only, not a precise household count."
        ],
        "daily_priority_score": 130,
        "priority_reason": "two+ higher-order roads; multiple street-front exposures",
        "route_bucket": "highest visibility corner",
        "global_rank": 23,
        "daily_tier": "A",
        "suggested_day": "Day 2"
      }
    },
    {
      "type": "Feature",
      "geometry": {
        "type": "Point",
        "coordinates": [
          -80.9283005,
          44.56952
        ]
      },
      "properties": {
        "node_id": "-80928301:44569520",
        "lat": 44.56952,
        "lon": -80.9283005,
        "connected_way_names": [
          "9th Avenue East",
          "10th Street East",
          "9th Street East"
        ],
        "connected_highway_tags": [
          "primary",
          "tertiary"
        ],
        "degree_merged": 3,
        "intersection_priority": "A",
        "visibility_score": 100,
        "sign_value": "high",
        "canvass_order": 2,
        "recommended_action": "visit early; good sign ask potential",
        "caveats": [
          "Do not place signs without property-owner permission.",
          "Avoid sightline obstruction.",
          "Respect election-sign bylaw setbacks and safety rules.",
          "Corner-lot estimate is for planning only, not a precise household count."
        ],
        "daily_priority_score": 130,
        "priority_reason": "two+ higher-order roads; multiple street-front exposures",
        "route_bucket": "highest visibility corner",
        "global_rank": 24,
        "daily_tier": "A",
        "suggested_day": "Day 2"
      }
    },
    {
      "type": "Feature",
      "geometry": {
        "type": "Point",
        "coordinates": [
          -80.9284441,
          44.569964
        ]
      },
      "properties": {
        "node_id": "-80928444:44569964",
        "lat": 44.569964,
        "lon": -80.9284441,
        "connected_way_names": [
          "15th Street East",
          "9th Avenue East"
        ],
        "connected_highway_tags": [
          "residential",
          "primary"
        ],
        "degree_merged": 2,
        "intersection_priority": "A",
        "visibility_score": 100,
        "sign_value": "high",
        "canvass_order": 2,
        "recommended_action": "visit early; good sign ask potential",
        "caveats": [
          "Do not place signs without property-owner permission.",
          "Avoid sightline obstruction.",
          "Respect election-sign bylaw setbacks and safety rules.",
          "Corner-lot estimate is for planning only, not a precise household count."
        ],
        "daily_priority_score": 130,
        "priority_reason": "higher-order to neighbourhood connector; multiple street-front exposures",
        "route_bucket": "highest visibility corner",
        "global_rank": 25,
        "daily_tier": "A",
        "suggested_day": "Day 2"
      }
    },
    {
      "type": "Feature",
      "geometry": {
        "type": "Point",
        "coordinates": [
          -80.930454,
          44.5692488
        ]
      },
      "properties": {
        "node_id": "-80930454:44569249",
        "lat": 44.5692488,
        "lon": -80.930454,
        "connected_way_names": [
          "8th Avenue East",
          "10th Street East"
        ],
        "connected_highway_tags": [
          "residential",
          "primary"
        ],
        "degree_merged": 2,
        "intersection_priority": "A",
        "visibility_score": 100,
        "sign_value": "high",
        "canvass_order": 2,
        "recommended_action": "visit early; good sign ask potential",
        "caveats": [
          "Do not place signs without property-owner permission.",
          "Avoid sightline obstruction.",
          "Respect election-sign bylaw setbacks and safety rules.",
          "Corner-lot estimate is for planning only, not a precise household count."
        ],
        "daily_priority_score": 130,
        "priority_reason": "higher-order to neighbourhood connector; multiple street-front exposures",
        "route_bucket": "highest visibility corner",
        "global_rank": 26,
        "daily_tier": "A",
        "suggested_day": "Day 2"
      }
    },
    {
      "type": "Feature",
      "geometry": {
        "type": "Point",
        "coordinates": [
          -80.931194,
          44.5691719
        ]
      },
      "properties": {
        "node_id": "-80931194:44569172",
        "lat": 44.5691719,
        "lon": -80.931194,
        "connected_way_names": [
          "8th Avenue East",
          "10th Street East"
        ],
        "connected_highway_tags": [
          "residential",
          "primary"
        ],
        "degree_merged": 2,
        "intersection_priority": "A",
        "visibility_score": 100,
        "sign_value": "high",
        "canvass_order": 2,
        "recommended_action": "visit early; good sign ask potential",
        "caveats": [
          "Do not place signs without property-owner permission.",
          "Avoid sightline obstruction.",
          "Respect election-sign bylaw setbacks and safety rules.",
          "Corner-lot estimate is for planning only, not a precise household count."
        ],
        "daily_priority_score": 130,
        "priority_reason": "higher-order to neighbourhood connector; multiple street-front exposures",
        "route_bucket": "highest visibility corner",
        "global_rank": 27,
        "daily_tier": "A",
        "suggested_day": "Day 2"
      }
    },
    {
      "type": "Feature",
      "geometry": {
        "type": "Point",
        "coordinates": [
          -80.9330716,
          44.5689099
        ]
      },
      "properties": {
        "node_id": "-80933072:44568910",
        "lat": 44.5689099,
        "lon": -80.9330716,
        "connected_way_names": [
          "7th Avenue East",
          "10th Street East"
        ],
        "connected_highway_tags": [
          "residential",
          "primary"
        ],
        "degree_merged": 2,
        "intersection_priority": "A",
        "visibility_score": 100,
        "sign_value": "high",
        "canvass_order": 2,
        "recommended_action": "visit early; good sign ask potential",
        "caveats": [
          "Do not place signs without property-owner permission.",
          "Avoid sightline obstruction.",
          "Respect election-sign bylaw setbacks and safety rules.",
          "Corner-lot estimate is for planning only, not a precise household count."
        ],
        "daily_priority_score": 130,
        "priority_reason": "higher-order to neighbourhood connector; multiple street-front exposures",
        "route_bucket": "highest visibility corner",
        "global_rank": 28,
        "daily_tier": "A",
        "suggested_day": "Day 2"
      }
    },
    {
      "type": "Feature",
      "geometry": {
        "type": "Point",
        "coordinates": [
          -80.9330927,
          44.5690054
        ]
      },
      "properties": {
        "node_id": "-80933093:44569005",
        "lat": 44.5690054,
        "lon": -80.9330927,
        "connected_way_names": [
          "7th Avenue East",
          "10th Street East"
        ],
        "connected_highway_tags": [
          "residential",
          "primary"
        ],
        "degree_merged": 2,
        "intersection_priority": "A",
        "visibility_score": 100,
        "sign_value": "high",
        "canvass_order": 2,
        "recommended_action": "visit early; good sign ask potential",
        "caveats": [
          "Do not place signs without property-owner permission.",
          "Avoid sightline obstruction.",
          "Respect election-sign bylaw setbacks and safety rules.",
          "Corner-lot estimate is for planning only, not a precise household count."
        ],
        "daily_priority_score": 130,
        "priority_reason": "higher-order to neighbourhood connector; multiple street-front exposures",
        "route_bucket": "highest visibility corner",
        "global_rank": 29,
        "daily_tier": "A",
        "suggested_day": "Day 2"
      }
    },
    {
      "type": "Feature",
      "geometry": {
        "type": "Point",
        "coordinates": [
          -80.9344327,
          44.5688037
        ]
      },
      "properties": {
        "node_id": "-80934433:44568804",
        "lat": 44.5688037,
        "lon": -80.9344327,
        "connected_way_names": [
          "10th Street East",
          "6th Avenue East"
        ],
        "connected_highway_tags": [
          "primary",
          "residential"
        ],
        "degree_merged": 2,
        "intersection_priority": "A",
        "visibility_score": 100,
        "sign_value": "high",
        "canvass_order": 2,
        "recommended_action": "visit early; good sign ask potential",
        "caveats": [
          "Do not place signs without property-owner permission.",
          "Avoid sightline obstruction.",
          "Respect election-sign bylaw setbacks and safety rules.",
          "Corner-lot estimate is for planning only, not a precise household count."
        ],
        "daily_priority_score": 130,
        "priority_reason": "higher-order to neighbourhood connector; multiple street-front exposures",
        "route_bucket": "highest visibility corner",
        "global_rank": 30,
        "daily_tier": "A",
        "suggested_day": "Day 2"
      }
    },
    {
      "type": "Feature",
      "geometry": {
        "type": "Point",
        "coordinates": [
          -80.9347409,
          44.5783659
        ]
      },
      "properties": {
        "node_id": "-80934741:44578366",
        "lat": 44.5783659,
        "lon": -80.9347409,
        "connected_way_names": [
          "3rd Avenue East",
          "18th Street East",
          "4th Avenue East"
        ],
        "connected_highway_tags": [
          "secondary",
          "unclassified",
          "residential"
        ],
        "degree_merged": 3,
        "intersection_priority": "A",
        "visibility_score": 100,
        "sign_value": "high",
        "canvass_order": 2,
        "recommended_action": "visit early; good sign ask potential",
        "caveats": [
          "Do not place signs without property-owner permission.",
          "Avoid sightline obstruction.",
          "Respect election-sign bylaw setbacks and safety rules.",
          "Corner-lot estimate is for planning only, not a precise household count."
        ],
        "daily_priority_score": 130,
        "priority_reason": "higher-order to neighbourhood connector; multiple street-front exposures",
        "route_bucket": "highest visibility corner",
        "global_rank": 31,
        "daily_tier": "A",
        "suggested_day": "Day 3"
      }
    },
    {
      "type": "Feature",
      "geometry": {
        "type": "Point",
        "coordinates": [
          -80.9377238,
          44.5683714
        ]
      },
      "properties": {
        "node_id": "-80937724:44568371",
        "lat": 44.5683714,
        "lon": -80.9377238,
        "connected_way_names": [
          "5th Avenue East",
          "10th Street East"
        ],
        "connected_highway_tags": [
          "residential",
          "primary"
        ],
        "degree_merged": 2,
        "intersection_priority": "A",
        "visibility_score": 100,
        "sign_value": "high",
        "canvass_order": 2,
        "recommended_action": "visit early; good sign ask potential",
        "caveats": [
          "Do not place signs without property-owner permission.",
          "Avoid sightline obstruction.",
          "Respect election-sign bylaw setbacks and safety rules.",
          "Corner-lot estimate is for planning only, not a precise household count."
        ],
        "daily_priority_score": 130,
        "priority_reason": "higher-order to neighbourhood connector; multiple street-front exposures",
        "route_bucket": "highest visibility corner",
        "global_rank": 32,
        "daily_tier": "A",
        "suggested_day": "Day 3"
      }
    },
    {
      "type": "Feature",
      "geometry": {
        "type": "Point",
        "coordinates": [
          -80.939556,
          44.5681479
        ]
      },
      "properties": {
        "node_id": "-80939556:44568148",
        "lat": 44.5681479,
        "lon": -80.939556,
        "connected_way_names": [
          "4th Avenue East",
          "10th Street East"
        ],
        "connected_highway_tags": [
          "residential",
          "primary"
        ],
        "degree_merged": 2,
        "intersection_priority": "A",
        "visibility_score": 100,
        "sign_value": "high",
        "canvass_order": 2,
        "recommended_action": "visit early; good sign ask potential",
        "caveats": [
          "Do not place signs without property-owner permission.",
          "Avoid sightline obstruction.",
          "Respect election-sign bylaw setbacks and safety rules.",
          "Corner-lot estimate is for planning only, not a precise household count."
        ],
        "daily_priority_score": 130,
        "priority_reason": "higher-order to neighbourhood connector; multiple street-front exposures",
        "route_bucket": "highest visibility corner",
        "global_rank": 33,
        "daily_tier": "A",
        "suggested_day": "Day 3"
      }
    },
    {
      "type": "Feature",
      "geometry": {
        "type": "Point",
        "coordinates": [
          -80.9403345,
          44.5697259
        ]
      },
      "properties": {
        "node_id": "-80940335:44569726",
        "lat": 44.5697259,
        "lon": -80.9403345,
        "connected_way_names": [
          "11th Street East",
          "3rd Avenue East"
        ],
        "connected_highway_tags": [
          "residential",
          "secondary",
          "unclassified"
        ],
        "degree_merged": 2,
        "intersection_priority": "A",
        "visibility_score": 100,
        "sign_value": "high",
        "canvass_order": 2,
        "recommended_action": "visit early; good sign ask potential",
        "caveats": [
          "Do not place signs without property-owner permission.",
          "Avoid sightline obstruction.",
          "Respect election-sign bylaw setbacks and safety rules.",
          "Corner-lot estimate is for planning only, not a precise household count."
        ],
        "daily_priority_score": 130,
        "priority_reason": "higher-order to neighbourhood connector; multiple street-front exposures",
        "route_bucket": "highest visibility corner",
        "global_rank": 34,
        "daily_tier": "A",
        "suggested_day": "Day 3"
      }
    },
    {
      "type": "Feature",
      "geometry": {
        "type": "Point",
        "coordinates": [
          -80.9409075,
          44.5462749
        ]
      },
      "properties": {
        "node_id": "-80940907:44546275",
        "lat": 44.5462749,
        "lon": -80.9409075,
        "connected_way_names": [
          "2nd Avenue SE",
          "1st Street SW",
          "2nd Avenue East"
        ],
        "connected_highway_tags": [
          "secondary",
          "tertiary"
        ],
        "degree_merged": 3,
        "intersection_priority": "A",
        "visibility_score": 100,
        "sign_value": "high",
        "canvass_order": 2,
        "recommended_action": "visit early; good sign ask potential",
        "caveats": [
          "Do not place signs without property-owner permission.",
          "Avoid sightline obstruction.",
          "Respect election-sign bylaw setbacks and safety rules.",
          "Corner-lot estimate is for planning only, not a precise household count."
        ],
        "daily_priority_score": 130,
        "priority_reason": "two+ higher-order roads; multiple street-front exposures",
        "route_bucket": "highest visibility corner",
        "global_rank": 35,
        "daily_tier": "A",
        "suggested_day": "Day 3"
      }
    },
    {
      "type": "Feature",
      "geometry": {
        "type": "Point",
        "coordinates": [
          -80.9409664,
          44.5660518
        ]
      },
      "properties": {
        "node_id": "-80940966:44566052",
        "lat": 44.5660518,
        "lon": -80.9409664,
        "connected_way_names": [
          "9th Street East",
          "3rd Avenue East"
        ],
        "connected_highway_tags": [
          "tertiary",
          "unclassified",
          "secondary"
        ],
        "degree_merged": 2,
        "intersection_priority": "A",
        "visibility_score": 100,
        "sign_value": "high",
        "canvass_order": 2,
        "recommended_action": "visit early; good sign ask potential",
        "caveats": [
          "Do not place signs without property-owner permission.",
          "Avoid sightline obstruction.",
          "Respect election-sign bylaw setbacks and safety rules.",
          "Corner-lot estimate is for planning only, not a precise household count."
        ],
        "daily_priority_score": 130,
        "priority_reason": "two+ higher-order roads; multiple street-front exposures",
        "route_bucket": "highest visibility corner",
        "global_rank": 36,
        "daily_tier": "A",
        "suggested_day": "Day 3"
      }
    },
    {
      "type": "Feature",
      "geometry": {
        "type": "Point",
        "coordinates": [
          -80.9414077,
          44.5679303
        ]
      },
      "properties": {
        "node_id": "-80941408:44567930",
        "lat": 44.5679303,
        "lon": -80.9414077,
        "connected_way_names": [
          "3rd Avenue East",
          "10th Street East"
        ],
        "connected_highway_tags": [
          "secondary",
          "primary"
        ],
        "degree_merged": 2,
        "intersection_priority": "A",
        "visibility_score": 100,
        "sign_value": "high",
        "canvass_order": 2,
        "recommended_action": "visit early; good sign ask potential",
        "caveats": [
          "Do not place signs without property-owner permission.",
          "Avoid sightline obstruction.",
          "Respect election-sign bylaw setbacks and safety rules.",
          "Corner-lot estimate is for planning only, not a precise household count."
        ],
        "daily_priority_score": 130,
        "priority_reason": "two+ higher-order roads; multiple street-front exposures",
        "route_bucket": "highest visibility corner",
        "global_rank": 37,
        "daily_tier": "A",
        "suggested_day": "Day 3"
      }
    },
    {
      "type": "Feature",
      "geometry": {
        "type": "Point",
        "coordinates": [
          -80.941538,
          44.5601464
        ]
      },
      "properties": {
        "node_id": "-80941538:44560146",
        "lat": 44.5601464,
        "lon": -80.941538,
        "connected_way_names": [
          "6th Street East",
          "2nd Avenue East",
          "5th Street A East"
        ],
        "connected_highway_tags": [
          "secondary",
          "tertiary",
          "residential"
        ],
        "degree_merged": 3,
        "intersection_priority": "A",
        "visibility_score": 100,
        "sign_value": "high",
        "canvass_order": 2,
        "recommended_action": "visit early; good sign ask potential",
        "caveats": [
          "Do not place signs without property-owner permission.",
          "Avoid sightline obstruction.",
          "Respect election-sign bylaw setbacks and safety rules.",
          "Corner-lot estimate is for planning only, not a precise household count."
        ],
        "daily_priority_score": 130,
        "priority_reason": "two+ higher-order roads; multiple street-front exposures",
        "route_bucket": "highest visibility corner",
        "global_rank": 38,
        "daily_tier": "A",
        "suggested_day": "Day 3"
      }
    },
    {
      "type": "Feature",
      "geometry": {
        "type": "Point",
        "coordinates": [
          -80.9432324,
          44.5677225
        ]
      },
      "properties": {
        "node_id": "-80943232:44567723",
        "lat": 44.5677225,
        "lon": -80.9432324,
        "connected_way_names": [
          "2nd Avenue East",
          "10th Street East"
        ],
        "connected_highway_tags": [
          "unclassified",
          "tertiary",
          "primary"
        ],
        "degree_merged": 2,
        "intersection_priority": "A",
        "visibility_score": 100,
        "sign_value": "high",
        "canvass_order": 2,
        "recommended_action": "visit early; good sign ask potential",
        "caveats": [
          "Do not place signs without property-owner permission.",
          "Avoid sightline obstruction.",
          "Respect election-sign bylaw setbacks and safety rules.",
          "Corner-lot estimate is for planning only, not a precise household count."
        ],
        "daily_priority_score": 130,
        "priority_reason": "two+ higher-order roads; multiple street-front exposures",
        "route_bucket": "highest visibility corner",
        "global_rank": 39,
        "daily_tier": "A",
        "suggested_day": "Day 3"
      }
    },
    {
      "type": "Feature",
      "geometry": {
        "type": "Point",
        "coordinates": [
          -80.943931,
          44.5676543
        ]
      },
      "properties": {
        "node_id": "-80943931:44567654",
        "lat": 44.5676543,
        "lon": -80.943931,
        "connected_way_names": [
          "1st Avenue East",
          "10th Street East",
          "10th Street West"
        ],
        "connected_highway_tags": [
          "unclassified",
          "primary"
        ],
        "degree_merged": 3,
        "intersection_priority": "A",
        "visibility_score": 100,
        "sign_value": "high",
        "canvass_order": 2,
        "recommended_action": "visit early; good sign ask potential",
        "caveats": [
          "Do not place signs without property-owner permission.",
          "Avoid sightline obstruction.",
          "Respect election-sign bylaw setbacks and safety rules.",
          "Corner-lot estimate is for planning only, not a precise household count."
        ],
        "daily_priority_score": 130,
        "priority_reason": "higher-order to neighbourhood connector; multiple street-front exposures",
        "route_bucket": "highest visibility corner",
        "global_rank": 40,
        "daily_tier": "A",
        "suggested_day": "Day 3"
      }
    },
    {
      "type": "Feature",
      "geometry": {
        "type": "Point",
        "coordinates": [
          -80.9445738,
          44.567585
        ]
      },
      "properties": {
        "node_id": "-80944574:44567585",
        "lat": 44.567585,
        "lon": -80.9445738,
        "connected_way_names": [
          "1st Avenue West",
          "10th Street West"
        ],
        "connected_highway_tags": [
          "unclassified",
          "primary"
        ],
        "degree_merged": 2,
        "intersection_priority": "A",
        "visibility_score": 100,
        "sign_value": "high",
        "canvass_order": 2,
        "recommended_action": "visit early; good sign ask potential",
        "caveats": [
          "Do not place signs without property-owner permission.",
          "Avoid sightline obstruction.",
          "Respect election-sign bylaw setbacks and safety rules.",
          "Corner-lot estimate is for planning only, not a precise household count."
        ],
        "daily_priority_score": 130,
        "priority_reason": "higher-order to neighbourhood connector; multiple street-front exposures",
        "route_bucket": "highest visibility corner",
        "global_rank": 41,
        "daily_tier": "A",
        "suggested_day": "Day 3"
      }
    },
    {
      "type": "Feature",
      "geometry": {
        "type": "Point",
        "coordinates": [
          -80.9461314,
          44.5674013
        ]
      },
      "properties": {
        "node_id": "-80946131:44567401",
        "lat": 44.5674013,
        "lon": -80.9461314,
        "connected_way_names": [
          "2nd Avenue West",
          "10th Street West"
        ],
        "connected_highway_tags": [
          "tertiary",
          "secondary",
          "primary"
        ],
        "degree_merged": 2,
        "intersection_priority": "A",
        "visibility_score": 100,
        "sign_value": "high",
        "canvass_order": 2,
        "recommended_action": "visit early; good sign ask potential",
        "caveats": [
          "Do not place signs without property-owner permission.",
          "Avoid sightline obstruction.",
          "Respect election-sign bylaw setbacks and safety rules.",
          "Corner-lot estimate is for planning only, not a precise household count."
        ],
        "daily_priority_score": 130,
        "priority_reason": "two+ higher-order roads; multiple street-front exposures",
        "route_bucket": "highest visibility corner",
        "global_rank": 42,
        "daily_tier": "A",
        "suggested_day": "Day 3"
      }
    },
    {
      "type": "Feature",
      "geometry": {
        "type": "Point",
        "coordinates": [
          -80.947472,
          44.5733744
        ]
      },
      "properties": {
        "node_id": "-80947472:44573374",
        "lat": 44.5733744,
        "lon": -80.947472,
        "connected_way_names": [
          "Eddy Sargeant Parkway",
          "2nd Avenue West",
          "14th Street West"
        ],
        "connected_highway_tags": [
          "secondary",
          "residential",
          "tertiary"
        ],
        "degree_merged": 3,
        "intersection_priority": "A",
        "visibility_score": 100,
        "sign_value": "high",
        "canvass_order": 2,
        "recommended_action": "visit early; good sign ask potential",
        "caveats": [
          "Do not place signs without property-owner permission.",
          "Avoid sightline obstruction.",
          "Respect election-sign bylaw setbacks and safety rules.",
          "Corner-lot estimate is for planning only, not a precise household count."
        ],
        "daily_priority_score": 130,
        "priority_reason": "two+ higher-order roads; multiple street-front exposures",
        "route_bucket": "highest visibility corner",
        "global_rank": 43,
        "daily_tier": "A",
        "suggested_day": "Day 3"
      }
    },
    {
      "type": "Feature",
      "geometry": {
        "type": "Point",
        "coordinates": [
          -80.9477944,
          44.5672177
        ]
      },
      "properties": {
        "node_id": "-80947794:44567218",
        "lat": 44.5672177,
        "lon": -80.9477944,
        "connected_way_names": [
          "3rd Avenue West",
          "10th Street West"
        ],
        "connected_highway_tags": [
          "residential",
          "primary"
        ],
        "degree_merged": 2,
        "intersection_priority": "A",
        "visibility_score": 100,
        "sign_value": "high",
        "canvass_order": 2,
        "recommended_action": "visit early; good sign ask potential",
        "caveats": [
          "Do not place signs without property-owner permission.",
          "Avoid sightline obstruction.",
          "Respect election-sign bylaw setbacks and safety rules.",
          "Corner-lot estimate is for planning only, not a precise household count."
        ],
        "daily_priority_score": 130,
        "priority_reason": "higher-order to neighbourhood connector; multiple street-front exposures",
        "route_bucket": "highest visibility corner",
        "global_rank": 44,
        "daily_tier": "A",
        "suggested_day": "Day 3"
      }
    },
    {
      "type": "Feature",
      "geometry": {
        "type": "Point",
        "coordinates": [
          -80.9494409,
          44.5670305
        ]
      },
      "properties": {
        "node_id": "-80949441:44567031",
        "lat": 44.5670305,
        "lon": -80.9494409,
        "connected_way_names": [
          "4th Avenue West",
          "10th Street West"
        ],
        "connected_highway_tags": [
          "residential",
          "tertiary",
          "primary"
        ],
        "degree_merged": 2,
        "intersection_priority": "A",
        "visibility_score": 100,
        "sign_value": "high",
        "canvass_order": 2,
        "recommended_action": "visit early; good sign ask potential",
        "caveats": [
          "Do not place signs without property-owner permission.",
          "Avoid sightline obstruction.",
          "Respect election-sign bylaw setbacks and safety rules.",
          "Corner-lot estimate is for planning only, not a precise household count."
        ],
        "daily_priority_score": 130,
        "priority_reason": "two+ higher-order roads; multiple street-front exposures",
        "route_bucket": "highest visibility corner",
        "global_rank": 45,
        "daily_tier": "A",
        "suggested_day": "Day 3"
      }
    },
    {
      "type": "Feature",
      "geometry": {
        "type": "Point",
        "coordinates": [
          -80.9535993,
          44.5670324
        ]
      },
      "properties": {
        "node_id": "-80953599:44567032",
        "lat": 44.5670324,
        "lon": -80.9535993,
        "connected_way_names": [
          "10th Street West",
          "6th Avenue West"
        ],
        "connected_highway_tags": [
          "primary",
          "residential"
        ],
        "degree_merged": 2,
        "intersection_priority": "A",
        "visibility_score": 100,
        "sign_value": "high",
        "canvass_order": 2,
        "recommended_action": "visit early; good sign ask potential",
        "caveats": [
          "Do not place signs without property-owner permission.",
          "Avoid sightline obstruction.",
          "Respect election-sign bylaw setbacks and safety rules.",
          "Corner-lot estimate is for planning only, not a precise household count."
        ],
        "daily_priority_score": 130,
        "priority_reason": "higher-order to neighbourhood connector; multiple street-front exposures",
        "route_bucket": "highest visibility corner",
        "global_rank": 46,
        "daily_tier": "A",
        "suggested_day": "Day 4"
      }
    },
    {
      "type": "Feature",
      "geometry": {
        "type": "Point",
        "coordinates": [
          -80.9573662,
          44.5666666
        ]
      },
      "properties": {
        "node_id": "-80957366:44566667",
        "lat": 44.5666666,
        "lon": -80.9573662,
        "connected_way_names": [
          "10th Street West",
          "7th Avenue West"
        ],
        "connected_highway_tags": [
          "primary",
          "residential",
          "unclassified"
        ],
        "degree_merged": 2,
        "intersection_priority": "A",
        "visibility_score": 100,
        "sign_value": "high",
        "canvass_order": 2,
        "recommended_action": "visit early; good sign ask potential",
        "caveats": [
          "Do not place signs without property-owner permission.",
          "Avoid sightline obstruction.",
          "Respect election-sign bylaw setbacks and safety rules.",
          "Corner-lot estimate is for planning only, not a precise household count."
        ],
        "daily_priority_score": 130,
        "priority_reason": "higher-order to neighbourhood connector; multiple street-front exposures",
        "route_bucket": "highest visibility corner",
        "global_rank": 47,
        "daily_tier": "A",
        "suggested_day": "Day 4"
      }
    },
    {
      "type": "Feature",
      "geometry": {
        "type": "Point",
        "coordinates": [
          -80.9595858,
          44.5664077
        ]
      },
      "properties": {
        "node_id": "-80959586:44566408",
        "lat": 44.5664077,
        "lon": -80.9595858,
        "connected_way_names": [
          "10th Street West",
          "8th Avenue West"
        ],
        "connected_highway_tags": [
          "primary",
          "tertiary"
        ],
        "degree_merged": 2,
        "intersection_priority": "A",
        "visibility_score": 100,
        "sign_value": "high",
        "canvass_order": 2,
        "recommended_action": "visit early; good sign ask potential",
        "caveats": [
          "Do not place signs without property-owner permission.",
          "Avoid sightline obstruction.",
          "Respect election-sign bylaw setbacks and safety rules.",
          "Corner-lot estimate is for planning only, not a precise household count."
        ],
        "daily_priority_score": 130,
        "priority_reason": "two+ higher-order roads; multiple street-front exposures",
        "route_bucket": "highest visibility corner",
        "global_rank": 48,
        "daily_tier": "A",
        "suggested_day": "Day 4"
      }
    },
    {
      "type": "Feature",
      "geometry": {
        "type": "Point",
        "coordinates": [
          -80.9180844,
          44.5817581
        ]
      },
      "properties": {
        "node_id": "-80918084:44581758",
        "lat": 44.5817581,
        "lon": -80.9180844,
        "connected_way_names": [
          "20th Street East",
          "23rd Street East",
          "16th Avenue East"
        ],
        "connected_highway_tags": [
          "tertiary",
          "unclassified"
        ],
        "degree_merged": 3,
        "intersection_priority": "A",
        "visibility_score": 100,
        "sign_value": "high",
        "canvass_order": 2,
        "recommended_action": "visit early; good sign ask potential",
        "caveats": [
          "Do not place signs without property-owner permission.",
          "Avoid sightline obstruction.",
          "Respect election-sign bylaw setbacks and safety rules.",
          "Corner-lot estimate is for planning only, not a precise household count."
        ],
        "daily_priority_score": 130,
        "priority_reason": "higher-order to neighbourhood connector; multiple street-front exposures",
        "route_bucket": "highest visibility corner",
        "global_rank": 49,
        "daily_tier": "A",
        "suggested_day": "Day 4"
      }
    },
    {
      "type": "Feature",
      "geometry": {
        "type": "Point",
        "coordinates": [
          -80.9438049,
          44.5657066
        ]
      },
      "properties": {
        "node_id": "-80943805:44565707",
        "lat": 44.5657066,
        "lon": -80.9438049,
        "connected_way_names": [
          "1st Avenue East",
          "9th Street East",
          "9th Street W"
        ],
        "connected_highway_tags": [
          "unclassified",
          "tertiary"
        ],
        "degree_merged": 3,
        "intersection_priority": "A",
        "visibility_score": 100,
        "sign_value": "high",
        "canvass_order": 2,
        "recommended_action": "visit early; good sign ask potential",
        "caveats": [
          "Do not place signs without property-owner permission.",
          "Avoid sightline obstruction.",
          "Respect election-sign bylaw setbacks and safety rules.",
          "Corner-lot estimate is for planning only, not a precise household count."
        ],
        "daily_priority_score": 130,
        "priority_reason": "higher-order to neighbourhood connector; multiple street-front exposures",
        "route_bucket": "highest visibility corner",
        "global_rank": 50,
        "daily_tier": "A",
        "suggested_day": "Day 4"
      }
    },
    {
      "type": "Feature",
      "geometry": {
        "type": "Point",
        "coordinates": [
          -80.9446594,
          44.5458807
        ]
      },
      "properties": {
        "node_id": "-80944659:44545881",
        "lat": 44.5458807,
        "lon": -80.9446594,
        "connected_way_names": [
          "4th Avenue SW",
          "4th Avenue West",
          "1st Street SW"
        ],
        "connected_highway_tags": [
          "residential",
          "tertiary"
        ],
        "degree_merged": 3,
        "intersection_priority": "A",
        "visibility_score": 100,
        "sign_value": "high",
        "canvass_order": 2,
        "recommended_action": "visit early; good sign ask potential",
        "caveats": [
          "Do not place signs without property-owner permission.",
          "Avoid sightline obstruction.",
          "Respect election-sign bylaw setbacks and safety rules.",
          "Corner-lot estimate is for planning only, not a precise household count."
        ],
        "daily_priority_score": 130,
        "priority_reason": "higher-order to neighbourhood connector; multiple street-front exposures",
        "route_bucket": "highest visibility corner",
        "global_rank": 51,
        "daily_tier": "A",
        "suggested_day": "Day 4"
      }
    },
    {
      "type": "Feature",
      "geometry": {
        "type": "Point",
        "coordinates": [
          -80.9454095,
          44.5582165
        ]
      },
      "properties": {
        "node_id": "-80945409:44558217",
        "lat": 44.5582165,
        "lon": -80.9454095,
        "connected_way_names": [
          "6th Street West",
          "Moores Hill",
          "2nd Avenue West"
        ],
        "connected_highway_tags": [
          "tertiary",
          "residential"
        ],
        "degree_merged": 3,
        "intersection_priority": "A",
        "visibility_score": 100,
        "sign_value": "high",
        "canvass_order": 2,
        "recommended_action": "visit early; good sign ask potential",
        "caveats": [
          "Do not place signs without property-owner permission.",
          "Avoid sightline obstruction.",
          "Respect election-sign bylaw setbacks and safety rules.",
          "Corner-lot estimate is for planning only, not a precise household count."
        ],
        "daily_priority_score": 130,
        "priority_reason": "higher-order to neighbourhood connector; multiple street-front exposures",
        "route_bucket": "highest visibility corner",
        "global_rank": 52,
        "daily_tier": "A",
        "suggested_day": "Day 4"
      }
    },
    {
      "type": "Feature",
      "geometry": {
        "type": "Point",
        "coordinates": [
          -80.9463955,
          44.5534956
        ]
      },
      "properties": {
        "node_id": "-80946395:44553496",
        "lat": 44.5534956,
        "lon": -80.9463955,
        "connected_way_names": [
          "4th Avenue West",
          "3rd Street West",
          "4th Avenue W"
        ],
        "connected_highway_tags": [
          "tertiary",
          "residential"
        ],
        "degree_merged": 3,
        "intersection_priority": "A",
        "visibility_score": 100,
        "sign_value": "high",
        "canvass_order": 2,
        "recommended_action": "visit early; good sign ask potential",
        "caveats": [
          "Do not place signs without property-owner permission.",
          "Avoid sightline obstruction.",
          "Respect election-sign bylaw setbacks and safety rules.",
          "Corner-lot estimate is for planning only, not a precise household count."
        ],
        "daily_priority_score": 130,
        "priority_reason": "higher-order to neighbourhood connector; multiple street-front exposures",
        "route_bucket": "highest visibility corner",
        "global_rank": 53,
        "daily_tier": "A",
        "suggested_day": "Day 4"
      }
    },
    {
      "type": "Feature",
      "geometry": {
        "type": "Point",
        "coordinates": [
          -80.9464288,
          44.5536419
        ]
      },
      "properties": {
        "node_id": "-80946429:44553642",
        "lat": 44.5536419,
        "lon": -80.9464288,
        "connected_way_names": [
          "4th Avenue West",
          "Beattie Street",
          "4th Avenue W"
        ],
        "connected_highway_tags": [
          "tertiary",
          "residential"
        ],
        "degree_merged": 3,
        "intersection_priority": "A",
        "visibility_score": 100,
        "sign_value": "high",
        "canvass_order": 2,
        "recommended_action": "visit early; good sign ask potential",
        "caveats": [
          "Do not place signs without property-owner permission.",
          "Avoid sightline obstruction.",
          "Respect election-sign bylaw setbacks and safety rules.",
          "Corner-lot estimate is for planning only, not a precise household count."
        ],
        "daily_priority_score": 130,
        "priority_reason": "higher-order to neighbourhood connector; multiple street-front exposures",
        "route_bucket": "highest visibility corner",
        "global_rank": 54,
        "daily_tier": "A",
        "suggested_day": "Day 4"
      }
    },
    {
      "type": "Feature",
      "geometry": {
        "type": "Point",
        "coordinates": [
          -80.9514271,
          44.5748871
        ]
      },
      "properties": {
        "node_id": "-80951427:44574887",
        "lat": 44.5748871,
        "lon": -80.9514271,
        "connected_way_names": [
          "3rd Avenue West",
          "4th Avenue West",
          "15th Street West"
        ],
        "connected_highway_tags": [
          "residential",
          "tertiary"
        ],
        "degree_merged": 3,
        "intersection_priority": "A",
        "visibility_score": 100,
        "sign_value": "high",
        "canvass_order": 2,
        "recommended_action": "visit early; good sign ask potential",
        "caveats": [
          "Do not place signs without property-owner permission.",
          "Avoid sightline obstruction.",
          "Respect election-sign bylaw setbacks and safety rules.",
          "Corner-lot estimate is for planning only, not a precise household count."
        ],
        "daily_priority_score": 130,
        "priority_reason": "higher-order to neighbourhood connector; multiple street-front exposures",
        "route_bucket": "highest visibility corner",
        "global_rank": 55,
        "daily_tier": "A",
        "suggested_day": "Day 4"
      }
    },
    {
      "type": "Feature",
      "geometry": {
        "type": "Point",
        "coordinates": [
          -80.9145964,
          44.5671551
        ]
      },
      "properties": {
        "node_id": "-80914596:44567155",
        "lat": 44.5671551,
        "lon": -80.9145964,
        "connected_way_names": [
          "8th Street East",
          "16th Avenue East"
        ],
        "connected_highway_tags": [
          "secondary",
          "tertiary"
        ],
        "degree_merged": 2,
        "intersection_priority": "A",
        "visibility_score": 98,
        "sign_value": "high",
        "canvass_order": 2,
        "recommended_action": "visit early; good sign ask potential",
        "caveats": [
          "Do not place signs without property-owner permission.",
          "Avoid sightline obstruction.",
          "Respect election-sign bylaw setbacks and safety rules.",
          "Corner-lot estimate is for planning only, not a precise household count."
        ],
        "daily_priority_score": 130,
        "priority_reason": "two+ higher-order roads; multiple street-front exposures",
        "route_bucket": "highest visibility corner",
        "global_rank": 56,
        "daily_tier": "A",
        "suggested_day": "Day 4"
      }
    },
    {
      "type": "Feature",
      "geometry": {
        "type": "Point",
        "coordinates": [
          -80.9238849,
          44.5929614
        ]
      },
      "properties": {
        "node_id": "-80923885:44592961",
        "lat": 44.5929614,
        "lon": -80.9238849,
        "connected_way_names": [
          "East Bay Shore Road",
          "3rd Avenue East"
        ],
        "connected_highway_tags": [
          "secondary",
          "tertiary"
        ],
        "degree_merged": 2,
        "intersection_priority": "A",
        "visibility_score": 98,
        "sign_value": "high",
        "canvass_order": 2,
        "recommended_action": "visit early; good sign ask potential",
        "caveats": [
          "Do not place signs without property-owner permission.",
          "Avoid sightline obstruction.",
          "Respect election-sign bylaw setbacks and safety rules.",
          "Corner-lot estimate is for planning only, not a precise household count."
        ],
        "daily_priority_score": 130,
        "priority_reason": "two+ higher-order roads; multiple street-front exposures",
        "route_bucket": "highest visibility corner",
        "global_rank": 57,
        "daily_tier": "A",
        "suggested_day": "Day 4"
      }
    },
    {
      "type": "Feature",
      "geometry": {
        "type": "Point",
        "coordinates": [
          -80.9405331,
          44.564163
        ]
      },
      "properties": {
        "node_id": "-80940533:44564163",
        "lat": 44.564163,
        "lon": -80.9405331,
        "connected_way_names": [
          "8th Street East",
          "3rd Avenue East"
        ],
        "connected_highway_tags": [
          "tertiary",
          "secondary"
        ],
        "degree_merged": 2,
        "intersection_priority": "A",
        "visibility_score": 98,
        "sign_value": "high",
        "canvass_order": 2,
        "recommended_action": "visit early; good sign ask potential",
        "caveats": [
          "Do not place signs without property-owner permission.",
          "Avoid sightline obstruction.",
          "Respect election-sign bylaw setbacks and safety rules.",
          "Corner-lot estimate is for planning only, not a precise household count."
        ],
        "daily_priority_score": 130,
        "priority_reason": "two+ higher-order roads; multiple street-front exposures",
        "route_bucket": "highest visibility corner",
        "global_rank": 58,
        "daily_tier": "A",
        "suggested_day": "Day 4"
      }
    },
    {
      "type": "Feature",
      "geometry": {
        "type": "Point",
        "coordinates": [
          -80.9476309,
          44.5798895
        ]
      },
      "properties": {
        "node_id": "-80947631:44579890",
        "lat": 44.5798895,
        "lon": -80.9476309,
        "connected_way_names": [
          "Eddy Sargeant Parkway",
          "19th Street West"
        ],
        "connected_highway_tags": [
          "secondary",
          "tertiary"
        ],
        "degree_merged": 2,
        "intersection_priority": "A",
        "visibility_score": 98,
        "sign_value": "high",
        "canvass_order": 2,
        "recommended_action": "visit early; good sign ask potential",
        "caveats": [
          "Do not place signs without property-owner permission.",
          "Avoid sightline obstruction.",
          "Respect election-sign bylaw setbacks and safety rules.",
          "Corner-lot estimate is for planning only, not a precise household count."
        ],
        "daily_priority_score": 130,
        "priority_reason": "two+ higher-order roads; multiple street-front exposures",
        "route_bucket": "highest visibility corner",
        "global_rank": 59,
        "daily_tier": "A",
        "suggested_day": "Day 4"
      }
    },
    {
      "type": "Feature",
      "geometry": {
        "type": "Point",
        "coordinates": [
          -80.8935286,
          44.5695638
        ]
      },
      "properties": {
        "node_id": "-80893529:44569564",
        "lat": 44.5695638,
        "lon": -80.8935286,
        "connected_way_names": [
          "28th Avenue East",
          "8th Street East"
        ],
        "connected_highway_tags": [
          "secondary",
          "unclassified"
        ],
        "degree_merged": 2,
        "intersection_priority": "A",
        "visibility_score": 98,
        "sign_value": "high",
        "canvass_order": 2,
        "recommended_action": "visit early; good sign ask potential",
        "caveats": [
          "Do not place signs without property-owner permission.",
          "Avoid sightline obstruction.",
          "Respect election-sign bylaw setbacks and safety rules.",
          "Corner-lot estimate is for planning only, not a precise household count."
        ],
        "daily_priority_score": 128,
        "priority_reason": "higher-order to neighbourhood connector; multiple street-front exposures",
        "route_bucket": "highest visibility corner",
        "global_rank": 60,
        "daily_tier": "A",
        "suggested_day": "Day 4"
      }
    },
    {
      "type": "Feature",
      "geometry": {
        "type": "Point",
        "coordinates": [
          -80.8947282,
          44.5749112
        ]
      },
      "properties": {
        "node_id": "-80894728:44574911",
        "lat": 44.5749112,
        "lon": -80.8947282,
        "connected_way_names": [
          "28th Avenue East",
          "15th Street East"
        ],
        "connected_highway_tags": [
          "secondary",
          "residential"
        ],
        "degree_merged": 2,
        "intersection_priority": "A",
        "visibility_score": 98,
        "sign_value": "high",
        "canvass_order": 2,
        "recommended_action": "visit early; good sign ask potential",
        "caveats": [
          "Do not place signs without property-owner permission.",
          "Avoid sightline obstruction.",
          "Respect election-sign bylaw setbacks and safety rules.",
          "Corner-lot estimate is for planning only, not a precise household count."
        ],
        "daily_priority_score": 128,
        "priority_reason": "higher-order to neighbourhood connector; multiple street-front exposures",
        "route_bucket": "highest visibility corner",
        "global_rank": 61,
        "daily_tier": "A",
        "suggested_day": "Day 5"
      }
    },
    {
      "type": "Feature",
      "geometry": {
        "type": "Point",
        "coordinates": [
          -80.9228918,
          44.5661762
        ]
      },
      "properties": {
        "node_id": "-80922892:44566176",
        "lat": 44.5661762,
        "lon": -80.9228918,
        "connected_way_names": [
          "8th Street East",
          "11th Avenue East"
        ],
        "connected_highway_tags": [
          "secondary",
          "residential"
        ],
        "degree_merged": 2,
        "intersection_priority": "A",
        "visibility_score": 98,
        "sign_value": "high",
        "canvass_order": 2,
        "recommended_action": "visit early; good sign ask potential",
        "caveats": [
          "Do not place signs without property-owner permission.",
          "Avoid sightline obstruction.",
          "Respect election-sign bylaw setbacks and safety rules.",
          "Corner-lot estimate is for planning only, not a precise household count."
        ],
        "daily_priority_score": 128,
        "priority_reason": "higher-order to neighbourhood connector; multiple street-front exposures",
        "route_bucket": "highest visibility corner",
        "global_rank": 62,
        "daily_tier": "A",
        "suggested_day": "Day 5"
      }
    },
    {
      "type": "Feature",
      "geometry": {
        "type": "Point",
        "coordinates": [
          -80.9237231,
          44.5948788
        ]
      },
      "properties": {
        "node_id": "-80923723:44594879",
        "lat": 44.5948788,
        "lon": -80.9237231,
        "connected_way_names": [
          "28th Street East",
          "East Bay Shore Road"
        ],
        "connected_highway_tags": [
          "unclassified",
          "secondary"
        ],
        "degree_merged": 2,
        "intersection_priority": "A",
        "visibility_score": 98,
        "sign_value": "high",
        "canvass_order": 2,
        "recommended_action": "visit early; good sign ask potential",
        "caveats": [
          "Do not place signs without property-owner permission.",
          "Avoid sightline obstruction.",
          "Respect election-sign bylaw setbacks and safety rules.",
          "Corner-lot estimate is for planning only, not a precise household count."
        ],
        "daily_priority_score": 128,
        "priority_reason": "higher-order to neighbourhood connector; multiple street-front exposures",
        "route_bucket": "highest visibility corner",
        "global_rank": 63,
        "daily_tier": "A",
        "suggested_day": "Day 5"
      }
    },
    {
      "type": "Feature",
      "geometry": {
        "type": "Point",
        "coordinates": [
          -80.9241573,
          44.5660351
        ]
      },
      "properties": {
        "node_id": "-80924157:44566035",
        "lat": 44.5660351,
        "lon": -80.9241573,
        "connected_way_names": [
          "10th Avenue East",
          "8th Street East"
        ],
        "connected_highway_tags": [
          "residential",
          "secondary"
        ],
        "degree_merged": 2,
        "intersection_priority": "A",
        "visibility_score": 98,
        "sign_value": "high",
        "canvass_order": 2,
        "recommended_action": "visit early; good sign ask potential",
        "caveats": [
          "Do not place signs without property-owner permission.",
          "Avoid sightline obstruction.",
          "Respect election-sign bylaw setbacks and safety rules.",
          "Corner-lot estimate is for planning only, not a precise household count."
        ],
        "daily_priority_score": 128,
        "priority_reason": "higher-order to neighbourhood connector; multiple street-front exposures",
        "route_bucket": "highest visibility corner",
        "global_rank": 64,
        "daily_tier": "A",
        "suggested_day": "Day 5"
      }
    },
    {
      "type": "Feature",
      "geometry": {
        "type": "Point",
        "coordinates": [
          -80.9250387,
          44.5659396
        ]
      },
      "properties": {
        "node_id": "-80925039:44565940",
        "lat": 44.5659396,
        "lon": -80.9250387,
        "connected_way_names": [
          "9th Avenue A East",
          "8th Street East"
        ],
        "connected_highway_tags": [
          "residential",
          "secondary"
        ],
        "degree_merged": 2,
        "intersection_priority": "A",
        "visibility_score": 98,
        "sign_value": "high",
        "canvass_order": 2,
        "recommended_action": "visit early; good sign ask potential",
        "caveats": [
          "Do not place signs without property-owner permission.",
          "Avoid sightline obstruction.",
          "Respect election-sign bylaw setbacks and safety rules.",
          "Corner-lot estimate is for planning only, not a precise household count."
        ],
        "daily_priority_score": 128,
        "priority_reason": "higher-order to neighbourhood connector; multiple street-front exposures",
        "route_bucket": "highest visibility corner",
        "global_rank": 65,
        "daily_tier": "A",
        "suggested_day": "Day 5"
      }
    },
    {
      "type": "Feature",
      "geometry": {
        "type": "Point",
        "coordinates": [
          -80.928704,
          44.5616259
        ]
      },
      "properties": {
        "node_id": "-80928704:44561626",
        "lat": 44.5616259,
        "lon": -80.928704,
        "connected_way_names": [
          "6th Street East",
          "8th Avenue East"
        ],
        "connected_highway_tags": [
          "residential",
          "secondary"
        ],
        "degree_merged": 2,
        "intersection_priority": "A",
        "visibility_score": 98,
        "sign_value": "high",
        "canvass_order": 2,
        "recommended_action": "visit early; good sign ask potential",
        "caveats": [
          "Do not place signs without property-owner permission.",
          "Avoid sightline obstruction.",
          "Respect election-sign bylaw setbacks and safety rules.",
          "Corner-lot estimate is for planning only, not a precise household count."
        ],
        "daily_priority_score": 128,
        "priority_reason": "higher-order to neighbourhood connector; multiple street-front exposures",
        "route_bucket": "highest visibility corner",
        "global_rank": 66,
        "daily_tier": "A",
        "suggested_day": "Day 5"
      }
    },
    {
      "type": "Feature",
      "geometry": {
        "type": "Point",
        "coordinates": [
          -80.9313762,
          44.5613089
        ]
      },
      "properties": {
        "node_id": "-80931376:44561309",
        "lat": 44.5613089,
        "lon": -80.9313762,
        "connected_way_names": [
          "6th Street East",
          "7th Avenue East"
        ],
        "connected_highway_tags": [
          "secondary",
          "residential"
        ],
        "degree_merged": 2,
        "intersection_priority": "A",
        "visibility_score": 98,
        "sign_value": "high",
        "canvass_order": 2,
        "recommended_action": "visit early; good sign ask potential",
        "caveats": [
          "Do not place signs without property-owner permission.",
          "Avoid sightline obstruction.",
          "Respect election-sign bylaw setbacks and safety rules.",
          "Corner-lot estimate is for planning only, not a precise household count."
        ],
        "daily_priority_score": 128,
        "priority_reason": "higher-order to neighbourhood connector; multiple street-front exposures",
        "route_bucket": "highest visibility corner",
        "global_rank": 67,
        "daily_tier": "A",
        "suggested_day": "Day 5"
      }
    },
    {
      "type": "Feature",
      "geometry": {
        "type": "Point",
        "coordinates": [
          -80.9318757,
          44.5612497
        ]
      },
      "properties": {
        "node_id": "-80931876:44561250",
        "lat": 44.5612497,
        "lon": -80.9318757,
        "connected_way_names": [
          "6th Street East",
          "7th Avenue East"
        ],
        "connected_highway_tags": [
          "secondary",
          "residential"
        ],
        "degree_merged": 2,
        "intersection_priority": "A",
        "visibility_score": 98,
        "sign_value": "high",
        "canvass_order": 2,
        "recommended_action": "visit early; good sign ask potential",
        "caveats": [
          "Do not place signs without property-owner permission.",
          "Avoid sightline obstruction.",
          "Respect election-sign bylaw setbacks and safety rules.",
          "Corner-lot estimate is for planning only, not a precise household count."
        ],
        "daily_priority_score": 128,
        "priority_reason": "higher-order to neighbourhood connector; multiple street-front exposures",
        "route_bucket": "highest visibility corner",
        "global_rank": 68,
        "daily_tier": "A",
        "suggested_day": "Day 5"
      }
    },
    {
      "type": "Feature",
      "geometry": {
        "type": "Point",
        "coordinates": [
          -80.9356887,
          44.5767357
        ]
      },
      "properties": {
        "node_id": "-80935689:44576736",
        "lat": 44.5767357,
        "lon": -80.9356887,
        "connected_way_names": [
          "3rd Avenue East",
          "17th Street East"
        ],
        "connected_highway_tags": [
          "secondary",
          "residential"
        ],
        "degree_merged": 2,
        "intersection_priority": "A",
        "visibility_score": 98,
        "sign_value": "high",
        "canvass_order": 2,
        "recommended_action": "visit early; good sign ask potential",
        "caveats": [
          "Do not place signs without property-owner permission.",
          "Avoid sightline obstruction.",
          "Respect election-sign bylaw setbacks and safety rules.",
          "Corner-lot estimate is for planning only, not a precise household count."
        ],
        "daily_priority_score": 128,
        "priority_reason": "higher-order to neighbourhood connector; multiple street-front exposures",
        "route_bucket": "highest visibility corner",
        "global_rank": 69,
        "daily_tier": "A",
        "suggested_day": "Day 5"
      }
    },
    {
      "type": "Feature",
      "geometry": {
        "type": "Point",
        "coordinates": [
          -80.9361079,
          44.5760962
        ]
      },
      "properties": {
        "node_id": "-80936108:44576096",
        "lat": 44.5760962,
        "lon": -80.9361079,
        "connected_way_names": [
          "16th Street East",
          "3rd Avenue East"
        ],
        "connected_highway_tags": [
          "residential",
          "secondary"
        ],
        "degree_merged": 2,
        "intersection_priority": "A",
        "visibility_score": 98,
        "sign_value": "high",
        "canvass_order": 2,
        "recommended_action": "visit early; good sign ask potential",
        "caveats": [
          "Do not place signs without property-owner permission.",
          "Avoid sightline obstruction.",
          "Respect election-sign bylaw setbacks and safety rules.",
          "Corner-lot estimate is for planning only, not a precise household count."
        ],
        "daily_priority_score": 128,
        "priority_reason": "higher-order to neighbourhood connector; multiple street-front exposures",
        "route_bucket": "highest visibility corner",
        "global_rank": 70,
        "daily_tier": "A",
        "suggested_day": "Day 5"
      }
    },
    {
      "type": "Feature",
      "geometry": {
        "type": "Point",
        "coordinates": [
          -80.9364281,
          44.5756127
        ]
      },
      "properties": {
        "node_id": "-80936428:44575613",
        "lat": 44.5756127,
        "lon": -80.9364281,
        "connected_way_names": [
          "3rd Avenue East",
          "15th Street East"
        ],
        "connected_highway_tags": [
          "secondary",
          "residential"
        ],
        "degree_merged": 2,
        "intersection_priority": "A",
        "visibility_score": 98,
        "sign_value": "high",
        "canvass_order": 3,
        "recommended_action": "visit when nearby; flyer first",
        "caveats": [
          "Do not place signs without property-owner permission.",
          "Avoid sightline obstruction.",
          "Respect election-sign bylaw setbacks and safety rules.",
          "Corner-lot estimate is for planning only, not a precise household count."
        ],
        "daily_priority_score": 128,
        "priority_reason": "higher-order to neighbourhood connector; multiple street-front exposures",
        "route_bucket": "highest visibility corner",
        "global_rank": 71,
        "daily_tier": "B",
        "suggested_day": "Day 5"
      }
    },
    {
      "type": "Feature",
      "geometry": {
        "type": "Point",
        "coordinates": [
          -80.9368684,
          44.5606842
        ]
      },
      "properties": {
        "node_id": "-80936868:44560684",
        "lat": 44.5606842,
        "lon": -80.9368684,
        "connected_way_names": [
          "6th Street East",
          "5th Avenue East"
        ],
        "connected_highway_tags": [
          "secondary",
          "residential"
        ],
        "degree_merged": 2,
        "intersection_priority": "A",
        "visibility_score": 98,
        "sign_value": "high",
        "canvass_order": 3,
        "recommended_action": "visit when nearby; flyer first",
        "caveats": [
          "Do not place signs without property-owner permission.",
          "Avoid sightline obstruction.",
          "Respect election-sign bylaw setbacks and safety rules.",
          "Corner-lot estimate is for planning only, not a precise household count."
        ],
        "daily_priority_score": 128,
        "priority_reason": "higher-order to neighbourhood connector; multiple street-front exposures",
        "route_bucket": "highest visibility corner",
        "global_rank": 72,
        "daily_tier": "B",
        "suggested_day": "Day 5"
      }
    },
    {
      "type": "Feature",
      "geometry": {
        "type": "Point",
        "coordinates": [
          -80.9369175,
          44.574897
        ]
      },
      "properties": {
        "node_id": "-80936918:44574897",
        "lat": 44.574897,
        "lon": -80.9369175,
        "connected_way_names": [
          "14th Street East",
          "3rd Avenue East"
        ],
        "connected_highway_tags": [
          "residential",
          "secondary"
        ],
        "degree_merged": 2,
        "intersection_priority": "A",
        "visibility_score": 98,
        "sign_value": "high",
        "canvass_order": 3,
        "recommended_action": "visit when nearby; flyer first",
        "caveats": [
          "Do not place signs without property-owner permission.",
          "Avoid sightline obstruction.",
          "Respect election-sign bylaw setbacks and safety rules.",
          "Corner-lot estimate is for planning only, not a precise household count."
        ],
        "daily_priority_score": 128,
        "priority_reason": "higher-order to neighbourhood connector; multiple street-front exposures",
        "route_bucket": "highest visibility corner",
        "global_rank": 73,
        "daily_tier": "B",
        "suggested_day": "Day 5"
      }
    },
    {
      "type": "Feature",
      "geometry": {
        "type": "Point",
        "coordinates": [
          -80.9378634,
          44.5605728
        ]
      },
      "properties": {
        "node_id": "-80937863:44560573",
        "lat": 44.5605728,
        "lon": -80.9378634,
        "connected_way_names": [
          "6th Street East",
          "4th Avenue East"
        ],
        "connected_highway_tags": [
          "secondary",
          "residential"
        ],
        "degree_merged": 2,
        "intersection_priority": "A",
        "visibility_score": 98,
        "sign_value": "high",
        "canvass_order": 3,
        "recommended_action": "visit when nearby; flyer first",
        "caveats": [
          "Do not place signs without property-owner permission.",
          "Avoid sightline obstruction.",
          "Respect election-sign bylaw setbacks and safety rules.",
          "Corner-lot estimate is for planning only, not a precise household count."
        ],
        "daily_priority_score": 128,
        "priority_reason": "higher-order to neighbourhood connector; multiple street-front exposures",
        "route_bucket": "highest visibility corner",
        "global_rank": 74,
        "daily_tier": "B",
        "suggested_day": "Day 5"
      }
    },
    {
      "type": "Feature",
      "geometry": {
        "type": "Point",
        "coordinates": [
          -80.9380969,
          44.5731642
        ]
      },
      "properties": {
        "node_id": "-80938097:44573164",
        "lat": 44.5731642,
        "lon": -80.9380969,
        "connected_way_names": [
          "13th Street East",
          "3rd Avenue East"
        ],
        "connected_highway_tags": [
          "residential",
          "secondary"
        ],
        "degree_merged": 2,
        "intersection_priority": "A",
        "visibility_score": 98,
        "sign_value": "high",
        "canvass_order": 3,
        "recommended_action": "visit when nearby; flyer first",
        "caveats": [
          "Do not place signs without property-owner permission.",
          "Avoid sightline obstruction.",
          "Respect election-sign bylaw setbacks and safety rules.",
          "Corner-lot estimate is for planning only, not a precise household count."
        ],
        "daily_priority_score": 128,
        "priority_reason": "higher-order to neighbourhood connector; multiple street-front exposures",
        "route_bucket": "highest visibility corner",
        "global_rank": 75,
        "daily_tier": "B",
        "suggested_day": "Day 5"
      }
    },
    {
      "type": "Feature",
      "geometry": {
        "type": "Point",
        "coordinates": [
          -80.9391965,
          44.5714636
        ]
      },
      "properties": {
        "node_id": "-80939196:44571464",
        "lat": 44.5714636,
        "lon": -80.9391965,
        "connected_way_names": [
          "12th Street East",
          "3rd Avenue East"
        ],
        "connected_highway_tags": [
          "residential",
          "secondary"
        ],
        "degree_merged": 2,
        "intersection_priority": "A",
        "visibility_score": 98,
        "sign_value": "high",
        "canvass_order": 3,
        "recommended_action": "visit when nearby; flyer first",
        "caveats": [
          "Do not place signs without property-owner permission.",
          "Avoid sightline obstruction.",
          "Respect election-sign bylaw setbacks and safety rules.",
          "Corner-lot estimate is for planning only, not a precise household count."
        ],
        "daily_priority_score": 128,
        "priority_reason": "higher-order to neighbourhood connector; multiple street-front exposures",
        "route_bucket": "highest visibility corner",
        "global_rank": 76,
        "daily_tier": "B",
        "suggested_day": "Day 6"
      }
    },
    {
      "type": "Feature",
      "geometry": {
        "type": "Point",
        "coordinates": [
          -80.9395937,
          44.5514773
        ]
      },
      "properties": {
        "node_id": "-80939594:44551477",
        "lat": 44.5514773,
        "lon": -80.9395937,
        "connected_way_names": [
          "1st Street East",
          "2nd Avenue East"
        ],
        "connected_highway_tags": [
          "residential",
          "secondary"
        ],
        "degree_merged": 2,
        "intersection_priority": "A",
        "visibility_score": 98,
        "sign_value": "high",
        "canvass_order": 3,
        "recommended_action": "visit when nearby; flyer first",
        "caveats": [
          "Do not place signs without property-owner permission.",
          "Avoid sightline obstruction.",
          "Respect election-sign bylaw setbacks and safety rules.",
          "Corner-lot estimate is for planning only, not a precise household count."
        ],
        "daily_priority_score": 128,
        "priority_reason": "higher-order to neighbourhood connector; multiple street-front exposures",
        "route_bucket": "highest visibility corner",
        "global_rank": 77,
        "daily_tier": "B",
        "suggested_day": "Day 6"
      }
    },
    {
      "type": "Feature",
      "geometry": {
        "type": "Point",
        "coordinates": [
          -80.9396227,
          44.5515929
        ]
      },
      "properties": {
        "node_id": "-80939623:44551593",
        "lat": 44.5515929,
        "lon": -80.9396227,
        "connected_way_names": [
          "1st Street West",
          "2nd Avenue East"
        ],
        "connected_highway_tags": [
          "residential",
          "secondary"
        ],
        "degree_merged": 2,
        "intersection_priority": "A",
        "visibility_score": 98,
        "sign_value": "high",
        "canvass_order": 3,
        "recommended_action": "visit when nearby; flyer first",
        "caveats": [
          "Do not place signs without property-owner permission.",
          "Avoid sightline obstruction.",
          "Respect election-sign bylaw setbacks and safety rules.",
          "Corner-lot estimate is for planning only, not a precise household count."
        ],
        "daily_priority_score": 128,
        "priority_reason": "higher-order to neighbourhood connector; multiple street-front exposures",
        "route_bucket": "highest visibility corner",
        "global_rank": 78,
        "daily_tier": "B",
        "suggested_day": "Day 6"
      }
    },
    {
      "type": "Feature",
      "geometry": {
        "type": "Point",
        "coordinates": [
          -80.9396889,
          44.5603665
        ]
      },
      "properties": {
        "node_id": "-80939689:44560367",
        "lat": 44.5603665,
        "lon": -80.9396889,
        "connected_way_names": [
          "3rd Avenue East",
          "6th Street East"
        ],
        "connected_highway_tags": [
          "secondary",
          "residential"
        ],
        "degree_merged": 2,
        "intersection_priority": "A",
        "visibility_score": 98,
        "sign_value": "high",
        "canvass_order": 3,
        "recommended_action": "visit when nearby; flyer first",
        "caveats": [
          "Do not place signs without property-owner permission.",
          "Avoid sightline obstruction.",
          "Respect election-sign bylaw setbacks and safety rules.",
          "Corner-lot estimate is for planning only, not a precise household count."
        ],
        "daily_priority_score": 128,
        "priority_reason": "higher-order to neighbourhood connector; multiple street-front exposures",
        "route_bucket": "highest visibility corner",
        "global_rank": 79,
        "daily_tier": "B",
        "suggested_day": "Day 6"
      }
    },
    {
      "type": "Feature",
      "geometry": {
        "type": "Point",
        "coordinates": [
          -80.9397381,
          44.5521082
        ]
      },
      "properties": {
        "node_id": "-80939738:44552108",
        "lat": 44.5521082,
        "lon": -80.9397381,
        "connected_way_names": [
          "2nd Avenue East",
          "2nd Street West"
        ],
        "connected_highway_tags": [
          "secondary",
          "residential"
        ],
        "degree_merged": 2,
        "intersection_priority": "A",
        "visibility_score": 98,
        "sign_value": "high",
        "canvass_order": 3,
        "recommended_action": "visit when nearby; flyer first",
        "caveats": [
          "Do not place signs without property-owner permission.",
          "Avoid sightline obstruction.",
          "Respect election-sign bylaw setbacks and safety rules.",
          "Corner-lot estimate is for planning only, not a precise household count."
        ],
        "daily_priority_score": 128,
        "priority_reason": "higher-order to neighbourhood connector; multiple street-front exposures",
        "route_bucket": "highest visibility corner",
        "global_rank": 80,
        "daily_tier": "B",
        "suggested_day": "Day 6"
      }
    },
    {
      "type": "Feature",
      "geometry": {
        "type": "Point",
        "coordinates": [
          -80.9397668,
          44.5522245
        ]
      },
      "properties": {
        "node_id": "-80939767:44552225",
        "lat": 44.5522245,
        "lon": -80.9397668,
        "connected_way_names": [
          "2nd Avenue East",
          "2nd Street East"
        ],
        "connected_highway_tags": [
          "secondary",
          "residential"
        ],
        "degree_merged": 2,
        "intersection_priority": "A",
        "visibility_score": 98,
        "sign_value": "high",
        "canvass_order": 3,
        "recommended_action": "visit when nearby; flyer first",
        "caveats": [
          "Do not place signs without property-owner permission.",
          "Avoid sightline obstruction.",
          "Respect election-sign bylaw setbacks and safety rules.",
          "Corner-lot estimate is for planning only, not a precise household count."
        ],
        "daily_priority_score": 128,
        "priority_reason": "higher-order to neighbourhood connector; multiple street-front exposures",
        "route_bucket": "highest visibility corner",
        "global_rank": 81,
        "daily_tier": "B",
        "suggested_day": "Day 6"
      }
    },
    {
      "type": "Feature",
      "geometry": {
        "type": "Point",
        "coordinates": [
          -80.9401188,
          44.5622615
        ]
      },
      "properties": {
        "node_id": "-80940119:44562262",
        "lat": 44.5622615,
        "lon": -80.9401188,
        "connected_way_names": [
          "3rd Avenue East",
          "7th Street East"
        ],
        "connected_highway_tags": [
          "secondary",
          "residential"
        ],
        "degree_merged": 2,
        "intersection_priority": "A",
        "visibility_score": 98,
        "sign_value": "high",
        "canvass_order": 3,
        "recommended_action": "visit when nearby; flyer first",
        "caveats": [
          "Do not place signs without property-owner permission.",
          "Avoid sightline obstruction.",
          "Respect election-sign bylaw setbacks and safety rules.",
          "Corner-lot estimate is for planning only, not a precise household count."
        ],
        "daily_priority_score": 128,
        "priority_reason": "higher-order to neighbourhood connector; multiple street-front exposures",
        "route_bucket": "highest visibility corner",
        "global_rank": 82,
        "daily_tier": "B",
        "suggested_day": "Day 6"
      }
    },
    {
      "type": "Feature",
      "geometry": {
        "type": "Point",
        "coordinates": [
          -80.9402645,
          44.554335
        ]
      },
      "properties": {
        "node_id": "-80940264:44554335",
        "lat": 44.554335,
        "lon": -80.9402645,
        "connected_way_names": [
          "2nd Avenue East",
          "Beattie Street"
        ],
        "connected_highway_tags": [
          "secondary",
          "residential"
        ],
        "degree_merged": 2,
        "intersection_priority": "A",
        "visibility_score": 98,
        "sign_value": "high",
        "canvass_order": 3,
        "recommended_action": "visit when nearby; flyer first",
        "caveats": [
          "Do not place signs without property-owner permission.",
          "Avoid sightline obstruction.",
          "Respect election-sign bylaw setbacks and safety rules.",
          "Corner-lot estimate is for planning only, not a precise household count."
        ],
        "daily_priority_score": 128,
        "priority_reason": "higher-order to neighbourhood connector; multiple street-front exposures",
        "route_bucket": "highest visibility corner",
        "global_rank": 83,
        "daily_tier": "B",
        "suggested_day": "Day 6"
      }
    },
    {
      "type": "Feature",
      "geometry": {
        "type": "Point",
        "coordinates": [
          -80.9404115,
          44.5550534
        ]
      },
      "properties": {
        "node_id": "-80940411:44555053",
        "lat": 44.5550534,
        "lon": -80.9404115,
        "connected_way_names": [
          "3rd Street West",
          "2nd Avenue East"
        ],
        "connected_highway_tags": [
          "residential",
          "secondary"
        ],
        "degree_merged": 2,
        "intersection_priority": "A",
        "visibility_score": 98,
        "sign_value": "high",
        "canvass_order": 3,
        "recommended_action": "visit when nearby; flyer first",
        "caveats": [
          "Do not place signs without property-owner permission.",
          "Avoid sightline obstruction.",
          "Respect election-sign bylaw setbacks and safety rules.",
          "Corner-lot estimate is for planning only, not a precise household count."
        ],
        "daily_priority_score": 128,
        "priority_reason": "higher-order to neighbourhood connector; multiple street-front exposures",
        "route_bucket": "highest visibility corner",
        "global_rank": 84,
        "daily_tier": "B",
        "suggested_day": "Day 6"
      }
    },
    {
      "type": "Feature",
      "geometry": {
        "type": "Point",
        "coordinates": [
          -80.9406423,
          44.5561218
        ]
      },
      "properties": {
        "node_id": "-80940642:44556122",
        "lat": 44.5561218,
        "lon": -80.9406423,
        "connected_way_names": [
          "2nd Avenue East",
          "2nd Avenue West"
        ],
        "connected_highway_tags": [
          "secondary",
          "residential"
        ],
        "degree_merged": 2,
        "intersection_priority": "A",
        "visibility_score": 98,
        "sign_value": "high",
        "canvass_order": 3,
        "recommended_action": "visit when nearby; flyer first",
        "caveats": [
          "Do not place signs without property-owner permission.",
          "Avoid sightline obstruction.",
          "Respect election-sign bylaw setbacks and safety rules.",
          "Corner-lot estimate is for planning only, not a precise household count."
        ],
        "daily_priority_score": 128,
        "priority_reason": "higher-order to neighbourhood connector; multiple street-front exposures",
        "route_bucket": "highest visibility corner",
        "global_rank": 85,
        "daily_tier": "B",
        "suggested_day": "Day 6"
      }
    },
    {
      "type": "Feature",
      "geometry": {
        "type": "Point",
        "coordinates": [
          -80.9407346,
          44.5565501
        ]
      },
      "properties": {
        "node_id": "-80940735:44556550",
        "lat": 44.5565501,
        "lon": -80.9407346,
        "connected_way_names": [
          "2nd Avenue East",
          "4th Street East"
        ],
        "connected_highway_tags": [
          "secondary",
          "residential"
        ],
        "degree_merged": 2,
        "intersection_priority": "A",
        "visibility_score": 98,
        "sign_value": "high",
        "canvass_order": 3,
        "recommended_action": "visit when nearby; flyer first",
        "caveats": [
          "Do not place signs without property-owner permission.",
          "Avoid sightline obstruction.",
          "Respect election-sign bylaw setbacks and safety rules.",
          "Corner-lot estimate is for planning only, not a precise household count."
        ],
        "daily_priority_score": 128,
        "priority_reason": "higher-order to neighbourhood connector; multiple street-front exposures",
        "route_bucket": "highest visibility corner",
        "global_rank": 86,
        "daily_tier": "B",
        "suggested_day": "Day 6"
      }
    },
    {
      "type": "Feature",
      "geometry": {
        "type": "Point",
        "coordinates": [
          -80.9408197,
          44.5569532
        ]
      },
      "properties": {
        "node_id": "-80940820:44556953",
        "lat": 44.5569532,
        "lon": -80.9408197,
        "connected_way_names": [
          "4th Street West",
          "2nd Avenue East"
        ],
        "connected_highway_tags": [
          "residential",
          "secondary"
        ],
        "degree_merged": 2,
        "intersection_priority": "A",
        "visibility_score": 98,
        "sign_value": "high",
        "canvass_order": 3,
        "recommended_action": "visit when nearby; flyer first",
        "caveats": [
          "Do not place signs without property-owner permission.",
          "Avoid sightline obstruction.",
          "Respect election-sign bylaw setbacks and safety rules.",
          "Corner-lot estimate is for planning only, not a precise household count."
        ],
        "daily_priority_score": 128,
        "priority_reason": "higher-order to neighbourhood connector; multiple street-front exposures",
        "route_bucket": "highest visibility corner",
        "global_rank": 87,
        "daily_tier": "B",
        "suggested_day": "Day 6"
      }
    },
    {
      "type": "Feature",
      "geometry": {
        "type": "Point",
        "coordinates": [
          -80.9409347,
          44.5574631
        ]
      },
      "properties": {
        "node_id": "-80940935:44557463",
        "lat": 44.5574631,
        "lon": -80.9409347,
        "connected_way_names": [
          "2nd Avenue East",
          "4th Street A East"
        ],
        "connected_highway_tags": [
          "secondary",
          "residential"
        ],
        "degree_merged": 2,
        "intersection_priority": "A",
        "visibility_score": 98,
        "sign_value": "high",
        "canvass_order": 3,
        "recommended_action": "visit when nearby; flyer first",
        "caveats": [
          "Do not place signs without property-owner permission.",
          "Avoid sightline obstruction.",
          "Respect election-sign bylaw setbacks and safety rules.",
          "Corner-lot estimate is for planning only, not a precise household count."
        ],
        "daily_priority_score": 128,
        "priority_reason": "higher-order to neighbourhood connector; multiple street-front exposures",
        "route_bucket": "highest visibility corner",
        "global_rank": 88,
        "daily_tier": "B",
        "suggested_day": "Day 6"
      }
    },
    {
      "type": "Feature",
      "geometry": {
        "type": "Point",
        "coordinates": [
          -80.9410686,
          44.5580327
        ]
      },
      "properties": {
        "node_id": "-80941069:44558033",
        "lat": 44.5580327,
        "lon": -80.9410686,
        "connected_way_names": [
          "2nd Avenue East",
          "4th Street B East"
        ],
        "connected_highway_tags": [
          "secondary",
          "residential"
        ],
        "degree_merged": 2,
        "intersection_priority": "A",
        "visibility_score": 98,
        "sign_value": "high",
        "canvass_order": 3,
        "recommended_action": "visit when nearby; flyer first",
        "caveats": [
          "Do not place signs without property-owner permission.",
          "Avoid sightline obstruction.",
          "Respect election-sign bylaw setbacks and safety rules.",
          "Corner-lot estimate is for planning only, not a precise household count."
        ],
        "daily_priority_score": 128,
        "priority_reason": "higher-order to neighbourhood connector; multiple street-front exposures",
        "route_bucket": "highest visibility corner",
        "global_rank": 89,
        "daily_tier": "B",
        "suggested_day": "Day 6"
      }
    },
    {
      "type": "Feature",
      "geometry": {
        "type": "Point",
        "coordinates": [
          -80.9411061,
          44.5582225
        ]
      },
      "properties": {
        "node_id": "-80941106:44558223",
        "lat": 44.5582225,
        "lon": -80.9411061,
        "connected_way_names": [
          "2nd Avenue East",
          "5th Street East"
        ],
        "connected_highway_tags": [
          "secondary",
          "residential"
        ],
        "degree_merged": 2,
        "intersection_priority": "A",
        "visibility_score": 98,
        "sign_value": "high",
        "canvass_order": 3,
        "recommended_action": "visit when nearby; flyer first",
        "caveats": [
          "Do not place signs without property-owner permission.",
          "Avoid sightline obstruction.",
          "Respect election-sign bylaw setbacks and safety rules.",
          "Corner-lot estimate is for planning only, not a precise household count."
        ],
        "daily_priority_score": 128,
        "priority_reason": "higher-order to neighbourhood connector; multiple street-front exposures",
        "route_bucket": "highest visibility corner",
        "global_rank": 90,
        "daily_tier": "B",
        "suggested_day": "Day 6"
      }
    },
    {
      "type": "Feature",
      "geometry": {
        "type": "Point",
        "coordinates": [
          -80.9412797,
          44.5589127
        ]
      },
      "properties": {
        "node_id": "-80941280:44558913",
        "lat": 44.5589127,
        "lon": -80.9412797,
        "connected_way_names": [
          "2nd Avenue East",
          "5th Street East"
        ],
        "connected_highway_tags": [
          "secondary",
          "residential"
        ],
        "degree_merged": 2,
        "intersection_priority": "A",
        "visibility_score": 98,
        "sign_value": "high",
        "canvass_order": 3,
        "recommended_action": "visit when nearby; flyer first",
        "caveats": [
          "Do not place signs without property-owner permission.",
          "Avoid sightline obstruction.",
          "Respect election-sign bylaw setbacks and safety rules.",
          "Corner-lot estimate is for planning only, not a precise household count."
        ],
        "daily_priority_score": 128,
        "priority_reason": "higher-order to neighbourhood connector; multiple street-front exposures",
        "route_bucket": "highest visibility corner",
        "global_rank": 91,
        "daily_tier": "B",
        "suggested_day": "Day 7"
      }
    },
    {
      "type": "Feature",
      "geometry": {
        "type": "Point",
        "coordinates": [
          -80.9444635,
          44.5930002
        ]
      },
      "properties": {
        "node_id": "-80944463:44593000",
        "lat": 44.5930002,
        "lon": -80.9444635,
        "connected_way_names": [
          "3rd Avenue West",
          "29th Street West"
        ],
        "connected_highway_tags": [
          "secondary",
          "residential"
        ],
        "degree_merged": 2,
        "intersection_priority": "A",
        "visibility_score": 98,
        "sign_value": "high",
        "canvass_order": 3,
        "recommended_action": "visit when nearby; flyer first",
        "caveats": [
          "Do not place signs without property-owner permission.",
          "Avoid sightline obstruction.",
          "Respect election-sign bylaw setbacks and safety rules.",
          "Corner-lot estimate is for planning only, not a precise household count."
        ],
        "daily_priority_score": 128,
        "priority_reason": "higher-order to neighbourhood connector; multiple street-front exposures",
        "route_bucket": "highest visibility corner",
        "global_rank": 92,
        "daily_tier": "B",
        "suggested_day": "Day 7"
      }
    },
    {
      "type": "Feature",
      "geometry": {
        "type": "Point",
        "coordinates": [
          -80.9448553,
          44.591731
        ]
      },
      "properties": {
        "node_id": "-80944855:44591731",
        "lat": 44.591731,
        "lon": -80.9448553,
        "connected_way_names": [
          "3rd Avenue West",
          "28th Street West"
        ],
        "connected_highway_tags": [
          "secondary",
          "residential"
        ],
        "degree_merged": 2,
        "intersection_priority": "A",
        "visibility_score": 98,
        "sign_value": "high",
        "canvass_order": 3,
        "recommended_action": "visit when nearby; flyer first",
        "caveats": [
          "Do not place signs without property-owner permission.",
          "Avoid sightline obstruction.",
          "Respect election-sign bylaw setbacks and safety rules.",
          "Corner-lot estimate is for planning only, not a precise household count."
        ],
        "daily_priority_score": 128,
        "priority_reason": "higher-order to neighbourhood connector; multiple street-front exposures",
        "route_bucket": "highest visibility corner",
        "global_rank": 93,
        "daily_tier": "B",
        "suggested_day": "Day 7"
      }
    },
    {
      "type": "Feature",
      "geometry": {
        "type": "Point",
        "coordinates": [
          -80.9451555,
          44.5905382
        ]
      },
      "properties": {
        "node_id": "-80945155:44590538",
        "lat": 44.5905382,
        "lon": -80.9451555,
        "connected_way_names": [
          "3rd Avenue West",
          "27th Street West"
        ],
        "connected_highway_tags": [
          "secondary",
          "residential"
        ],
        "degree_merged": 2,
        "intersection_priority": "A",
        "visibility_score": 98,
        "sign_value": "high",
        "canvass_order": 3,
        "recommended_action": "visit when nearby; flyer first",
        "caveats": [
          "Do not place signs without property-owner permission.",
          "Avoid sightline obstruction.",
          "Respect election-sign bylaw setbacks and safety rules.",
          "Corner-lot estimate is for planning only, not a precise household count."
        ],
        "daily_priority_score": 128,
        "priority_reason": "higher-order to neighbourhood connector; multiple street-front exposures",
        "route_bucket": "highest visibility corner",
        "global_rank": 94,
        "daily_tier": "B",
        "suggested_day": "Day 7"
      }
    },
    {
      "type": "Feature",
      "geometry": {
        "type": "Point",
        "coordinates": [
          -80.9455464,
          44.5892892
        ]
      },
      "properties": {
        "node_id": "-80945546:44589289",
        "lat": 44.5892892,
        "lon": -80.9455464,
        "connected_way_names": [
          "26th Street West",
          "3rd Avenue West"
        ],
        "connected_highway_tags": [
          "residential",
          "secondary"
        ],
        "degree_merged": 2,
        "intersection_priority": "A",
        "visibility_score": 98,
        "sign_value": "high",
        "canvass_order": 3,
        "recommended_action": "visit when nearby; flyer first",
        "caveats": [
          "Do not place signs without property-owner permission.",
          "Avoid sightline obstruction.",
          "Respect election-sign bylaw setbacks and safety rules.",
          "Corner-lot estimate is for planning only, not a precise household count."
        ],
        "daily_priority_score": 128,
        "priority_reason": "higher-order to neighbourhood connector; multiple street-front exposures",
        "route_bucket": "highest visibility corner",
        "global_rank": 95,
        "daily_tier": "B",
        "suggested_day": "Day 7"
      }
    },
    {
      "type": "Feature",
      "geometry": {
        "type": "Point",
        "coordinates": [
          -80.946375,
          44.5868503
        ]
      },
      "properties": {
        "node_id": "-80946375:44586850",
        "lat": 44.5868503,
        "lon": -80.946375,
        "connected_way_names": [
          "3rd Avenue West",
          "24th Street West"
        ],
        "connected_highway_tags": [
          "secondary",
          "residential"
        ],
        "degree_merged": 2,
        "intersection_priority": "A",
        "visibility_score": 98,
        "sign_value": "high",
        "canvass_order": 3,
        "recommended_action": "visit when nearby; flyer first",
        "caveats": [
          "Do not place signs without property-owner permission.",
          "Avoid sightline obstruction.",
          "Respect election-sign bylaw setbacks and safety rules.",
          "Corner-lot estimate is for planning only, not a precise household count."
        ],
        "daily_priority_score": 128,
        "priority_reason": "higher-order to neighbourhood connector; multiple street-front exposures",
        "route_bucket": "highest visibility corner",
        "global_rank": 96,
        "daily_tier": "B",
        "suggested_day": "Day 7"
      }
    },
    {
      "type": "Feature",
      "geometry": {
        "type": "Point",
        "coordinates": [
          -80.9465261,
          44.5691994
        ]
      },
      "properties": {
        "node_id": "-80946526:44569199",
        "lat": 44.5691994,
        "lon": -80.9465261,
        "connected_way_names": [
          "11th Street West",
          "2nd Avenue West"
        ],
        "connected_highway_tags": [
          "residential",
          "secondary"
        ],
        "degree_merged": 2,
        "intersection_priority": "A",
        "visibility_score": 98,
        "sign_value": "high",
        "canvass_order": 3,
        "recommended_action": "visit when nearby; flyer first",
        "caveats": [
          "Do not place signs without property-owner permission.",
          "Avoid sightline obstruction.",
          "Respect election-sign bylaw setbacks and safety rules.",
          "Corner-lot estimate is for planning only, not a precise household count."
        ],
        "daily_priority_score": 128,
        "priority_reason": "higher-order to neighbourhood connector; multiple street-front exposures",
        "route_bucket": "highest visibility corner",
        "global_rank": 97,
        "daily_tier": "B",
        "suggested_day": "Day 7"
      }
    },
    {
      "type": "Feature",
      "geometry": {
        "type": "Point",
        "coordinates": [
          -80.9469588,
          44.5849177
        ]
      },
      "properties": {
        "node_id": "-80946959:44584918",
        "lat": 44.5849177,
        "lon": -80.9469588,
        "connected_way_names": [
          "3rd Avenue West",
          "23rd Street West"
        ],
        "connected_highway_tags": [
          "secondary",
          "residential"
        ],
        "degree_merged": 2,
        "intersection_priority": "A",
        "visibility_score": 98,
        "sign_value": "high",
        "canvass_order": 3,
        "recommended_action": "visit when nearby; flyer first",
        "caveats": [
          "Do not place signs without property-owner permission.",
          "Avoid sightline obstruction.",
          "Respect election-sign bylaw setbacks and safety rules.",
          "Corner-lot estimate is for planning only, not a precise household count."
        ],
        "daily_priority_score": 128,
        "priority_reason": "higher-order to neighbourhood connector; multiple street-front exposures",
        "route_bucket": "highest visibility corner",
        "global_rank": 98,
        "daily_tier": "B",
        "suggested_day": "Day 7"
      }
    },
    {
      "type": "Feature",
      "geometry": {
        "type": "Point",
        "coordinates": [
          -80.9470603,
          44.5715629
        ]
      },
      "properties": {
        "node_id": "-80947060:44571563",
        "lat": 44.5715629,
        "lon": -80.9470603,
        "connected_way_names": [
          "12th Street West",
          "2nd Avenue West"
        ],
        "connected_highway_tags": [
          "residential",
          "secondary"
        ],
        "degree_merged": 2,
        "intersection_priority": "A",
        "visibility_score": 98,
        "sign_value": "high",
        "canvass_order": 3,
        "recommended_action": "visit when nearby; flyer first",
        "caveats": [
          "Do not place signs without property-owner permission.",
          "Avoid sightline obstruction.",
          "Respect election-sign bylaw setbacks and safety rules.",
          "Corner-lot estimate is for planning only, not a precise household count."
        ],
        "daily_priority_score": 128,
        "priority_reason": "higher-order to neighbourhood connector; multiple street-front exposures",
        "route_bucket": "highest visibility corner",
        "global_rank": 99,
        "daily_tier": "B",
        "suggested_day": "Day 7"
      }
    },
    {
      "type": "Feature",
      "geometry": {
        "type": "Point",
        "coordinates": [
          -80.9472496,
          44.5724453
        ]
      },
      "properties": {
        "node_id": "-80947250:44572445",
        "lat": 44.5724453,
        "lon": -80.9472496,
        "connected_way_names": [
          "13th Street West",
          "2nd Avenue West"
        ],
        "connected_highway_tags": [
          "residential",
          "secondary"
        ],
        "degree_merged": 2,
        "intersection_priority": "A",
        "visibility_score": 98,
        "sign_value": "high",
        "canvass_order": 3,
        "recommended_action": "visit when nearby; flyer first",
        "caveats": [
          "Do not place signs without property-owner permission.",
          "Avoid sightline obstruction.",
          "Respect election-sign bylaw setbacks and safety rules.",
          "Corner-lot estimate is for planning only, not a precise household count."
        ],
        "daily_priority_score": 128,
        "priority_reason": "higher-order to neighbourhood connector; multiple street-front exposures",
        "route_bucket": "highest visibility corner",
        "global_rank": 100,
        "daily_tier": "B",
        "suggested_day": "Day 7"
      }
    },
    {
      "type": "Feature",
      "geometry": {
        "type": "Point",
        "coordinates": [
          -80.9472892,
          44.5726143
        ]
      },
      "properties": {
        "node_id": "-80947289:44572614",
        "lat": 44.5726143,
        "lon": -80.9472892,
        "connected_way_names": [
          "13th Street West",
          "2nd Avenue West"
        ],
        "connected_highway_tags": [
          "residential",
          "secondary"
        ],
        "degree_merged": 2,
        "intersection_priority": "A",
        "visibility_score": 98,
        "sign_value": "high",
        "canvass_order": 3,
        "recommended_action": "visit when nearby; flyer first",
        "caveats": [
          "Do not place signs without property-owner permission.",
          "Avoid sightline obstruction.",
          "Respect election-sign bylaw setbacks and safety rules.",
          "Corner-lot estimate is for planning only, not a precise household count."
        ],
        "daily_priority_score": 128,
        "priority_reason": "higher-order to neighbourhood connector; multiple street-front exposures",
        "route_bucket": "highest visibility corner",
        "global_rank": 101,
        "daily_tier": "B",
        "suggested_day": "Day 7"
      }
    },
    {
      "type": "Feature",
      "geometry": {
        "type": "Point",
        "coordinates": [
          -80.9479728,
          44.5811043
        ]
      },
      "properties": {
        "node_id": "-80947973:44581104",
        "lat": 44.5811043,
        "lon": -80.9479728,
        "connected_way_names": [
          "20th Street West",
          "Eddy Sargeant Parkway"
        ],
        "connected_highway_tags": [
          "residential",
          "secondary"
        ],
        "degree_merged": 2,
        "intersection_priority": "A",
        "visibility_score": 98,
        "sign_value": "high",
        "canvass_order": 3,
        "recommended_action": "visit when nearby; flyer first",
        "caveats": [
          "Do not place signs without property-owner permission.",
          "Avoid sightline obstruction.",
          "Respect election-sign bylaw setbacks and safety rules.",
          "Corner-lot estimate is for planning only, not a precise household count."
        ],
        "daily_priority_score": 128,
        "priority_reason": "higher-order to neighbourhood connector; multiple street-front exposures",
        "route_bucket": "highest visibility corner",
        "global_rank": 102,
        "daily_tier": "B",
        "suggested_day": "Day 7"
      }
    },
    {
      "type": "Feature",
      "geometry": {
        "type": "Point",
        "coordinates": [
          -80.9210727,
          44.5702728
        ]
      },
      "properties": {
        "node_id": "-80921073:44570273",
        "lat": 44.5702728,
        "lon": -80.9210727,
        "connected_way_names": [
          "Lamson Crescent",
          "10th Street East"
        ],
        "connected_highway_tags": [
          "residential",
          "tertiary"
        ],
        "degree_merged": 3,
        "intersection_priority": "A",
        "visibility_score": 96,
        "sign_value": "high",
        "canvass_order": 3,
        "recommended_action": "visit when nearby; flyer first",
        "caveats": [
          "Do not place signs without property-owner permission.",
          "Avoid sightline obstruction.",
          "Respect election-sign bylaw setbacks and safety rules.",
          "Corner-lot estimate is for planning only, not a precise household count."
        ],
        "daily_priority_score": 126,
        "priority_reason": "higher-order to neighbourhood connector; multiple street-front exposures",
        "route_bucket": "highest visibility corner",
        "global_rank": 103,
        "daily_tier": "B",
        "suggested_day": "Day 7"
      }
    },
    {
      "type": "Feature",
      "geometry": {
        "type": "Point",
        "coordinates": [
          -80.9195133,
          44.5907467
        ]
      },
      "properties": {
        "node_id": "-80919513:44590747",
        "lat": 44.5907467,
        "lon": -80.9195133,
        "connected_way_names": [
          "9th Avenue East",
          "26th Street East"
        ],
        "connected_highway_tags": [
          "tertiary",
          "unclassified",
          "residential"
        ],
        "degree_merged": 2,
        "intersection_priority": "A",
        "visibility_score": 89,
        "sign_value": "high",
        "canvass_order": 3,
        "recommended_action": "visit when nearby; flyer first",
        "caveats": [
          "Do not place signs without property-owner permission.",
          "Avoid sightline obstruction.",
          "Respect election-sign bylaw setbacks and safety rules.",
          "Corner-lot estimate is for planning only, not a precise household count."
        ],
        "daily_priority_score": 119,
        "priority_reason": "higher-order to neighbourhood connector; multiple street-front exposures",
        "route_bucket": "highest visibility corner",
        "global_rank": 104,
        "daily_tier": "B",
        "suggested_day": "Day 7"
      }
    },
    {
      "type": "Feature",
      "geometry": {
        "type": "Point",
        "coordinates": [
          -80.8955987,
          44.5786216
        ]
      },
      "properties": {
        "node_id": "-80895599:44578622",
        "lat": 44.5786216,
        "lon": -80.8955987,
        "connected_way_names": [
          "28th Avenue East",
          "17th Street East"
        ],
        "connected_highway_tags": [
          "tertiary",
          "residential"
        ],
        "degree_merged": 2,
        "intersection_priority": "B",
        "visibility_score": 86,
        "sign_value": "high",
        "canvass_order": 3,
        "recommended_action": "visit when nearby; flyer first",
        "caveats": [
          "Do not place signs without property-owner permission.",
          "Avoid sightline obstruction.",
          "Respect election-sign bylaw setbacks and safety rules.",
          "Corner-lot estimate is for planning only, not a precise household count."
        ],
        "daily_priority_score": 116,
        "priority_reason": "higher-order to neighbourhood connector; multiple street-front exposures",
        "route_bucket": "highest visibility corner",
        "global_rank": 105,
        "daily_tier": "B",
        "suggested_day": "Day 7"
      }
    },
    {
      "type": "Feature",
      "geometry": {
        "type": "Point",
        "coordinates": [
          -80.8960981,
          44.5806887
        ]
      },
      "properties": {
        "node_id": "-80896098:44580689",
        "lat": 44.5806887,
        "lon": -80.8960981,
        "connected_way_names": [
          "28th Avenue East",
          "18th Street East"
        ],
        "connected_highway_tags": [
          "tertiary",
          "residential"
        ],
        "degree_merged": 2,
        "intersection_priority": "B",
        "visibility_score": 86,
        "sign_value": "high",
        "canvass_order": 3,
        "recommended_action": "visit when nearby; flyer first",
        "caveats": [
          "Do not place signs without property-owner permission.",
          "Avoid sightline obstruction.",
          "Respect election-sign bylaw setbacks and safety rules.",
          "Corner-lot estimate is for planning only, not a precise household count."
        ],
        "daily_priority_score": 116,
        "priority_reason": "higher-order to neighbourhood connector; multiple street-front exposures",
        "route_bucket": "highest visibility corner",
        "global_rank": 106,
        "daily_tier": "B",
        "suggested_day": "Day 8"
      }
    },
    {
      "type": "Feature",
      "geometry": {
        "type": "Point",
        "coordinates": [
          -80.8969331,
          44.5841448
        ]
      },
      "properties": {
        "node_id": "-80896933:44584145",
        "lat": 44.5841448,
        "lon": -80.8969331,
        "connected_way_names": [
          "20th Street East",
          "28th Avenue East"
        ],
        "connected_highway_tags": [
          "tertiary",
          "unclassified"
        ],
        "degree_merged": 2,
        "intersection_priority": "B",
        "visibility_score": 86,
        "sign_value": "high",
        "canvass_order": 3,
        "recommended_action": "visit when nearby; flyer first",
        "caveats": [
          "Do not place signs without property-owner permission.",
          "Avoid sightline obstruction.",
          "Respect election-sign bylaw setbacks and safety rules.",
          "Corner-lot estimate is for planning only, not a precise household count."
        ],
        "daily_priority_score": 116,
        "priority_reason": "higher-order to neighbourhood connector; multiple street-front exposures",
        "route_bucket": "highest visibility corner",
        "global_rank": 107,
        "daily_tier": "B",
        "suggested_day": "Day 8"
      }
    },
    {
      "type": "Feature",
      "geometry": {
        "type": "Point",
        "coordinates": [
          -80.9078247,
          44.5829213
        ]
      },
      "properties": {
        "node_id": "-80907825:44582921",
        "lat": 44.5829213,
        "lon": -80.9078247,
        "connected_way_names": [
          "23rd Street East",
          "20th Street East"
        ],
        "connected_highway_tags": [
          "unclassified",
          "tertiary"
        ],
        "degree_merged": 2,
        "intersection_priority": "B",
        "visibility_score": 86,
        "sign_value": "high",
        "canvass_order": 3,
        "recommended_action": "visit when nearby; flyer first",
        "caveats": [
          "Do not place signs without property-owner permission.",
          "Avoid sightline obstruction.",
          "Respect election-sign bylaw setbacks and safety rules.",
          "Corner-lot estimate is for planning only, not a precise household count."
        ],
        "daily_priority_score": 116,
        "priority_reason": "higher-order to neighbourhood connector; multiple street-front exposures",
        "route_bucket": "highest visibility corner",
        "global_rank": 108,
        "daily_tier": "B",
        "suggested_day": "Day 8"
      }
    },
    {
      "type": "Feature",
      "geometry": {
        "type": "Point",
        "coordinates": [
          -80.9160637,
          44.573609
        ]
      },
      "properties": {
        "node_id": "-80916064:44573609",
        "lat": 44.573609,
        "lon": -80.9160637,
        "connected_way_names": [
          "16th Avenue East",
          "14th Street East"
        ],
        "connected_highway_tags": [
          "tertiary",
          "residential"
        ],
        "degree_merged": 2,
        "intersection_priority": "B",
        "visibility_score": 86,
        "sign_value": "high",
        "canvass_order": 3,
        "recommended_action": "visit when nearby; flyer first",
        "caveats": [
          "Do not place signs without property-owner permission.",
          "Avoid sightline obstruction.",
          "Respect election-sign bylaw setbacks and safety rules.",
          "Corner-lot estimate is for planning only, not a precise household count."
        ],
        "daily_priority_score": 116,
        "priority_reason": "higher-order to neighbourhood connector; multiple street-front exposures",
        "route_bucket": "highest visibility corner",
        "global_rank": 109,
        "daily_tier": "B",
        "suggested_day": "Day 8"
      }
    },
    {
      "type": "Feature",
      "geometry": {
        "type": "Point",
        "coordinates": [
          -80.9166626,
          44.5761289
        ]
      },
      "properties": {
        "node_id": "-80916663:44576129",
        "lat": 44.5761289,
        "lon": -80.9166626,
        "connected_way_names": [
          "17th Street East",
          "16th Avenue East"
        ],
        "connected_highway_tags": [
          "unclassified",
          "tertiary"
        ],
        "degree_merged": 2,
        "intersection_priority": "B",
        "visibility_score": 86,
        "sign_value": "high",
        "canvass_order": 3,
        "recommended_action": "visit when nearby; flyer first",
        "caveats": [
          "Do not place signs without property-owner permission.",
          "Avoid sightline obstruction.",
          "Respect election-sign bylaw setbacks and safety rules.",
          "Corner-lot estimate is for planning only, not a precise household count."
        ],
        "daily_priority_score": 116,
        "priority_reason": "higher-order to neighbourhood connector; multiple street-front exposures",
        "route_bucket": "highest visibility corner",
        "global_rank": 110,
        "daily_tier": "B",
        "suggested_day": "Day 8"
      }
    },
    {
      "type": "Feature",
      "geometry": {
        "type": "Point",
        "coordinates": [
          -80.9183895,
          44.5936957
        ]
      },
      "properties": {
        "node_id": "-80918389:44593696",
        "lat": 44.5936957,
        "lon": -80.9183895,
        "connected_way_names": [
          "28th Street East",
          "9th Avenue East"
        ],
        "connected_highway_tags": [
          "tertiary",
          "residential"
        ],
        "degree_merged": 2,
        "intersection_priority": "B",
        "visibility_score": 86,
        "sign_value": "high",
        "canvass_order": 3,
        "recommended_action": "visit when nearby; flyer first",
        "caveats": [
          "Do not place signs without property-owner permission.",
          "Avoid sightline obstruction.",
          "Respect election-sign bylaw setbacks and safety rules.",
          "Corner-lot estimate is for planning only, not a precise household count."
        ],
        "daily_priority_score": 116,
        "priority_reason": "higher-order to neighbourhood connector; multiple street-front exposures",
        "route_bucket": "highest visibility corner",
        "global_rank": 111,
        "daily_tier": "B",
        "suggested_day": "Day 8"
      }
    },
    {
      "type": "Feature",
      "geometry": {
        "type": "Point",
        "coordinates": [
          -80.9186702,
          44.5929491
        ]
      },
      "properties": {
        "node_id": "-80918670:44592949",
        "lat": 44.5929491,
        "lon": -80.9186702,
        "connected_way_names": [
          "27th Street East",
          "9th Avenue East"
        ],
        "connected_highway_tags": [
          "residential",
          "tertiary"
        ],
        "degree_merged": 2,
        "intersection_priority": "B",
        "visibility_score": 86,
        "sign_value": "high",
        "canvass_order": 3,
        "recommended_action": "visit when nearby; flyer first",
        "caveats": [
          "Do not place signs without property-owner permission.",
          "Avoid sightline obstruction.",
          "Respect election-sign bylaw setbacks and safety rules.",
          "Corner-lot estimate is for planning only, not a precise household count."
        ],
        "daily_priority_score": 116,
        "priority_reason": "higher-order to neighbourhood connector; multiple street-front exposures",
        "route_bucket": "highest visibility corner",
        "global_rank": 112,
        "daily_tier": "B",
        "suggested_day": "Day 8"
      }
    },
    {
      "type": "Feature",
      "geometry": {
        "type": "Point",
        "coordinates": [
          -80.9198014,
          44.5899929
        ]
      },
      "properties": {
        "node_id": "-80919801:44589993",
        "lat": 44.5899929,
        "lon": -80.9198014,
        "connected_way_names": [
          "9th Avenue East",
          "25th Street A East"
        ],
        "connected_highway_tags": [
          "tertiary",
          "residential"
        ],
        "degree_merged": 2,
        "intersection_priority": "B",
        "visibility_score": 86,
        "sign_value": "high",
        "canvass_order": 3,
        "recommended_action": "visit when nearby; flyer first",
        "caveats": [
          "Do not place signs without property-owner permission.",
          "Avoid sightline obstruction.",
          "Respect election-sign bylaw setbacks and safety rules.",
          "Corner-lot estimate is for planning only, not a precise household count."
        ],
        "daily_priority_score": 116,
        "priority_reason": "higher-order to neighbourhood connector; multiple street-front exposures",
        "route_bucket": "highest visibility corner",
        "global_rank": 113,
        "daily_tier": "B",
        "suggested_day": "Day 8"
      }
    },
    {
      "type": "Feature",
      "geometry": {
        "type": "Point",
        "coordinates": [
          -80.920273,
          44.5888098
        ]
      },
      "properties": {
        "node_id": "-80920273:44588810",
        "lat": 44.5888098,
        "lon": -80.920273,
        "connected_way_names": [
          "9th Avenue East",
          "25th Street East"
        ],
        "connected_highway_tags": [
          "tertiary",
          "residential"
        ],
        "degree_merged": 2,
        "intersection_priority": "B",
        "visibility_score": 86,
        "sign_value": "high",
        "canvass_order": 3,
        "recommended_action": "visit when nearby; flyer first",
        "caveats": [
          "Do not place signs without property-owner permission.",
          "Avoid sightline obstruction.",
          "Respect election-sign bylaw setbacks and safety rules.",
          "Corner-lot estimate is for planning only, not a precise household count."
        ],
        "daily_priority_score": 116,
        "priority_reason": "higher-order to neighbourhood connector; multiple street-front exposures",
        "route_bucket": "highest visibility corner",
        "global_rank": 114,
        "daily_tier": "B",
        "suggested_day": "Day 8"
      }
    },
    {
      "type": "Feature",
      "geometry": {
        "type": "Point",
        "coordinates": [
          -80.9210433,
          44.5868175
        ]
      },
      "properties": {
        "node_id": "-80921043:44586818",
        "lat": 44.5868175,
        "lon": -80.9210433,
        "connected_way_names": [
          "9th Avenue East",
          "23rd Street A East"
        ],
        "connected_highway_tags": [
          "tertiary",
          "residential"
        ],
        "degree_merged": 2,
        "intersection_priority": "B",
        "visibility_score": 86,
        "sign_value": "high",
        "canvass_order": 3,
        "recommended_action": "visit when nearby; flyer first",
        "caveats": [
          "Do not place signs without property-owner permission.",
          "Avoid sightline obstruction.",
          "Respect election-sign bylaw setbacks and safety rules.",
          "Corner-lot estimate is for planning only, not a precise household count."
        ],
        "daily_priority_score": 116,
        "priority_reason": "higher-order to neighbourhood connector; multiple street-front exposures",
        "route_bucket": "highest visibility corner",
        "global_rank": 115,
        "daily_tier": "B",
        "suggested_day": "Day 8"
      }
    },
    {
      "type": "Feature",
      "geometry": {
        "type": "Point",
        "coordinates": [
          -80.9212955,
          44.586184
        ]
      },
      "properties": {
        "node_id": "-80921295:44586184",
        "lat": 44.586184,
        "lon": -80.9212955,
        "connected_way_names": [
          "9th Avenue East",
          "23rd Street East"
        ],
        "connected_highway_tags": [
          "tertiary",
          "residential"
        ],
        "degree_merged": 2,
        "intersection_priority": "B",
        "visibility_score": 86,
        "sign_value": "high",
        "canvass_order": 3,
        "recommended_action": "visit when nearby; flyer first",
        "caveats": [
          "Do not place signs without property-owner permission.",
          "Avoid sightline obstruction.",
          "Respect election-sign bylaw setbacks and safety rules.",
          "Corner-lot estimate is for planning only, not a precise household count."
        ],
        "daily_priority_score": 116,
        "priority_reason": "higher-order to neighbourhood connector; multiple street-front exposures",
        "route_bucket": "highest visibility corner",
        "global_rank": 116,
        "daily_tier": "B",
        "suggested_day": "Day 8"
      }
    },
    {
      "type": "Feature",
      "geometry": {
        "type": "Point",
        "coordinates": [
          -80.9214771,
          44.5856883
        ]
      },
      "properties": {
        "node_id": "-80921477:44585688",
        "lat": 44.5856883,
        "lon": -80.9214771,
        "connected_way_names": [
          "9th Avenue East",
          "22nd Street B East"
        ],
        "connected_highway_tags": [
          "tertiary",
          "residential"
        ],
        "degree_merged": 2,
        "intersection_priority": "B",
        "visibility_score": 86,
        "sign_value": "high",
        "canvass_order": 3,
        "recommended_action": "visit when nearby; flyer first",
        "caveats": [
          "Do not place signs without property-owner permission.",
          "Avoid sightline obstruction.",
          "Respect election-sign bylaw setbacks and safety rules.",
          "Corner-lot estimate is for planning only, not a precise household count."
        ],
        "daily_priority_score": 116,
        "priority_reason": "higher-order to neighbourhood connector; multiple street-front exposures",
        "route_bucket": "highest visibility corner",
        "global_rank": 117,
        "daily_tier": "B",
        "suggested_day": "Day 8"
      }
    },
    {
      "type": "Feature",
      "geometry": {
        "type": "Point",
        "coordinates": [
          -80.9216864,
          44.5851166
        ]
      },
      "properties": {
        "node_id": "-80921686:44585117",
        "lat": 44.5851166,
        "lon": -80.9216864,
        "connected_way_names": [
          "9th Avenue East",
          "22nd Street A East"
        ],
        "connected_highway_tags": [
          "tertiary",
          "residential"
        ],
        "degree_merged": 2,
        "intersection_priority": "B",
        "visibility_score": 86,
        "sign_value": "high",
        "canvass_order": 3,
        "recommended_action": "visit when nearby; flyer first",
        "caveats": [
          "Do not place signs without property-owner permission.",
          "Avoid sightline obstruction.",
          "Respect election-sign bylaw setbacks and safety rules.",
          "Corner-lot estimate is for planning only, not a precise household count."
        ],
        "daily_priority_score": 116,
        "priority_reason": "higher-order to neighbourhood connector; multiple street-front exposures",
        "route_bucket": "highest visibility corner",
        "global_rank": 118,
        "daily_tier": "B",
        "suggested_day": "Day 8"
      }
    },
    {
      "type": "Feature",
      "geometry": {
        "type": "Point",
        "coordinates": [
          -80.9218954,
          44.5845459
        ]
      },
      "properties": {
        "node_id": "-80921895:44584546",
        "lat": 44.5845459,
        "lon": -80.9218954,
        "connected_way_names": [
          "9th Avenue East",
          "22nd Street East"
        ],
        "connected_highway_tags": [
          "tertiary",
          "residential"
        ],
        "degree_merged": 2,
        "intersection_priority": "B",
        "visibility_score": 86,
        "sign_value": "high",
        "canvass_order": 3,
        "recommended_action": "visit when nearby; flyer first",
        "caveats": [
          "Do not place signs without property-owner permission.",
          "Avoid sightline obstruction.",
          "Respect election-sign bylaw setbacks and safety rules.",
          "Corner-lot estimate is for planning only, not a precise household count."
        ],
        "daily_priority_score": 116,
        "priority_reason": "higher-order to neighbourhood connector; multiple street-front exposures",
        "route_bucket": "highest visibility corner",
        "global_rank": 119,
        "daily_tier": "B",
        "suggested_day": "Day 8"
      }
    },
    {
      "type": "Feature",
      "geometry": {
        "type": "Point",
        "coordinates": [
          -80.9219405,
          44.5844227
        ]
      },
      "properties": {
        "node_id": "-80921941:44584423",
        "lat": 44.5844227,
        "lon": -80.9219405,
        "connected_way_names": [
          "Bayfield",
          "9th Avenue East"
        ],
        "connected_highway_tags": [
          "residential",
          "tertiary"
        ],
        "degree_merged": 2,
        "intersection_priority": "B",
        "visibility_score": 86,
        "sign_value": "high",
        "canvass_order": 3,
        "recommended_action": "visit when nearby; flyer first",
        "caveats": [
          "Do not place signs without property-owner permission.",
          "Avoid sightline obstruction.",
          "Respect election-sign bylaw setbacks and safety rules.",
          "Corner-lot estimate is for planning only, not a precise household count."
        ],
        "daily_priority_score": 116,
        "priority_reason": "higher-order to neighbourhood connector; multiple street-front exposures",
        "route_bucket": "highest visibility corner",
        "global_rank": 120,
        "daily_tier": "B",
        "suggested_day": "Day 8"
      }
    },
    {
      "type": "Feature",
      "geometry": {
        "type": "Point",
        "coordinates": [
          -80.9219473,
          44.5701835
        ]
      },
      "properties": {
        "node_id": "-80921947:44570184",
        "lat": 44.5701835,
        "lon": -80.9219473,
        "connected_way_names": [
          "Lamson Crescent",
          "10th Street East"
        ],
        "connected_highway_tags": [
          "residential",
          "tertiary"
        ],
        "degree_merged": 2,
        "intersection_priority": "B",
        "visibility_score": 86,
        "sign_value": "high",
        "canvass_order": 3,
        "recommended_action": "visit when nearby; flyer first",
        "caveats": [
          "Do not place signs without property-owner permission.",
          "Avoid sightline obstruction.",
          "Respect election-sign bylaw setbacks and safety rules.",
          "Corner-lot estimate is for planning only, not a precise household count."
        ],
        "daily_priority_score": 116,
        "priority_reason": "higher-order to neighbourhood connector; multiple street-front exposures",
        "route_bucket": "highest visibility corner",
        "global_rank": 121,
        "daily_tier": "B",
        "suggested_day": "Day 9"
      }
    },
    {
      "type": "Feature",
      "geometry": {
        "type": "Point",
        "coordinates": [
          -80.9226593,
          44.5832964
        ]
      },
      "properties": {
        "node_id": "-80922659:44583296",
        "lat": 44.5832964,
        "lon": -80.9226593,
        "connected_way_names": [
          "9th Avenue East",
          "Bayfield"
        ],
        "connected_highway_tags": [
          "tertiary",
          "residential"
        ],
        "degree_merged": 2,
        "intersection_priority": "B",
        "visibility_score": 86,
        "sign_value": "high",
        "canvass_order": 3,
        "recommended_action": "visit when nearby; flyer first",
        "caveats": [
          "Do not place signs without property-owner permission.",
          "Avoid sightline obstruction.",
          "Respect election-sign bylaw setbacks and safety rules.",
          "Corner-lot estimate is for planning only, not a precise household count."
        ],
        "daily_priority_score": 116,
        "priority_reason": "higher-order to neighbourhood connector; multiple street-front exposures",
        "route_bucket": "highest visibility corner",
        "global_rank": 122,
        "daily_tier": "B",
        "suggested_day": "Day 9"
      }
    },
    {
      "type": "Feature",
      "geometry": {
        "type": "Point",
        "coordinates": [
          -80.923802,
          44.5699752
        ]
      },
      "properties": {
        "node_id": "-80923802:44569975",
        "lat": 44.5699752,
        "lon": -80.923802,
        "connected_way_names": [
          "11th Avenue East",
          "10th Street East"
        ],
        "connected_highway_tags": [
          "residential",
          "tertiary"
        ],
        "degree_merged": 2,
        "intersection_priority": "B",
        "visibility_score": 86,
        "sign_value": "high",
        "canvass_order": 3,
        "recommended_action": "visit when nearby; flyer first",
        "caveats": [
          "Do not place signs without property-owner permission.",
          "Avoid sightline obstruction.",
          "Respect election-sign bylaw setbacks and safety rules.",
          "Corner-lot estimate is for planning only, not a precise household count."
        ],
        "daily_priority_score": 116,
        "priority_reason": "higher-order to neighbourhood connector; multiple street-front exposures",
        "route_bucket": "highest visibility corner",
        "global_rank": 123,
        "daily_tier": "B",
        "suggested_day": "Day 9"
      }
    },
    {
      "type": "Feature",
      "geometry": {
        "type": "Point",
        "coordinates": [
          -80.9240659,
          44.5813356
        ]
      },
      "properties": {
        "node_id": "-80924066:44581336",
        "lat": 44.5813356,
        "lon": -80.9240659,
        "connected_way_names": [
          "20th Street East",
          "9th Avenue East"
        ],
        "connected_highway_tags": [
          "tertiary",
          "residential"
        ],
        "degree_merged": 2,
        "intersection_priority": "B",
        "visibility_score": 86,
        "sign_value": "high",
        "canvass_order": 3,
        "recommended_action": "visit when nearby; flyer first",
        "caveats": [
          "Do not place signs without property-owner permission.",
          "Avoid sightline obstruction.",
          "Respect election-sign bylaw setbacks and safety rules.",
          "Corner-lot estimate is for planning only, not a precise household count."
        ],
        "daily_priority_score": 116,
        "priority_reason": "higher-order to neighbourhood connector; multiple street-front exposures",
        "route_bucket": "highest visibility corner",
        "global_rank": 124,
        "daily_tier": "B",
        "suggested_day": "Day 9"
      }
    },
    {
      "type": "Feature",
      "geometry": {
        "type": "Point",
        "coordinates": [
          -80.9247576,
          44.5794761
        ]
      },
      "properties": {
        "node_id": "-80924758:44579476",
        "lat": 44.5794761,
        "lon": -80.9247576,
        "connected_way_names": [
          "9th Avenue East",
          "19th Street East"
        ],
        "connected_highway_tags": [
          "tertiary",
          "residential"
        ],
        "degree_merged": 2,
        "intersection_priority": "B",
        "visibility_score": 86,
        "sign_value": "high",
        "canvass_order": 3,
        "recommended_action": "visit when nearby; flyer first",
        "caveats": [
          "Do not place signs without property-owner permission.",
          "Avoid sightline obstruction.",
          "Respect election-sign bylaw setbacks and safety rules.",
          "Corner-lot estimate is for planning only, not a precise household count."
        ],
        "daily_priority_score": 116,
        "priority_reason": "higher-order to neighbourhood connector; multiple street-front exposures",
        "route_bucket": "highest visibility corner",
        "global_rank": 125,
        "daily_tier": "B",
        "suggested_day": "Day 9"
      }
    },
    {
      "type": "Feature",
      "geometry": {
        "type": "Point",
        "coordinates": [
          -80.9250872,
          44.5698361
        ]
      },
      "properties": {
        "node_id": "-80925087:44569836",
        "lat": 44.5698361,
        "lon": -80.9250872,
        "connected_way_names": [
          "10th Avenue East",
          "10th Street East"
        ],
        "connected_highway_tags": [
          "residential",
          "tertiary"
        ],
        "degree_merged": 2,
        "intersection_priority": "B",
        "visibility_score": 86,
        "sign_value": "high",
        "canvass_order": 3,
        "recommended_action": "visit when nearby; flyer first",
        "caveats": [
          "Do not place signs without property-owner permission.",
          "Avoid sightline obstruction.",
          "Respect election-sign bylaw setbacks and safety rules.",
          "Corner-lot estimate is for planning only, not a precise household count."
        ],
        "daily_priority_score": 116,
        "priority_reason": "higher-order to neighbourhood connector; multiple street-front exposures",
        "route_bucket": "highest visibility corner",
        "global_rank": 126,
        "daily_tier": "B",
        "suggested_day": "Day 9"
      }
    },
    {
      "type": "Feature",
      "geometry": {
        "type": "Point",
        "coordinates": [
          -80.925478,
          44.577571
        ]
      },
      "properties": {
        "node_id": "-80925478:44577571",
        "lat": 44.577571,
        "lon": -80.925478,
        "connected_way_names": [
          "9th Avenue East",
          "18th Street East"
        ],
        "connected_highway_tags": [
          "tertiary",
          "residential"
        ],
        "degree_merged": 2,
        "intersection_priority": "B",
        "visibility_score": 86,
        "sign_value": "high",
        "canvass_order": 3,
        "recommended_action": "visit when nearby; flyer first",
        "caveats": [
          "Do not place signs without property-owner permission.",
          "Avoid sightline obstruction.",
          "Respect election-sign bylaw setbacks and safety rules.",
          "Corner-lot estimate is for planning only, not a precise household count."
        ],
        "daily_priority_score": 116,
        "priority_reason": "higher-order to neighbourhood connector; multiple street-front exposures",
        "route_bucket": "highest visibility corner",
        "global_rank": 127,
        "daily_tier": "B",
        "suggested_day": "Day 9"
      }
    },
    {
      "type": "Feature",
      "geometry": {
        "type": "Point",
        "coordinates": [
          -80.9261945,
          44.5757034
        ]
      },
      "properties": {
        "node_id": "-80926194:44575703",
        "lat": 44.5757034,
        "lon": -80.9261945,
        "connected_way_names": [
          "9th Avenue East",
          "17th Street East"
        ],
        "connected_highway_tags": [
          "tertiary",
          "residential"
        ],
        "degree_merged": 2,
        "intersection_priority": "B",
        "visibility_score": 86,
        "sign_value": "high",
        "canvass_order": 3,
        "recommended_action": "visit when nearby; flyer first",
        "caveats": [
          "Do not place signs without property-owner permission.",
          "Avoid sightline obstruction.",
          "Respect election-sign bylaw setbacks and safety rules.",
          "Corner-lot estimate is for planning only, not a precise household count."
        ],
        "daily_priority_score": 116,
        "priority_reason": "higher-order to neighbourhood connector; multiple street-front exposures",
        "route_bucket": "highest visibility corner",
        "global_rank": 128,
        "daily_tier": "B",
        "suggested_day": "Day 9"
      }
    },
    {
      "type": "Feature",
      "geometry": {
        "type": "Point",
        "coordinates": [
          -80.9266144,
          44.5696584
        ]
      },
      "properties": {
        "node_id": "-80926614:44569658",
        "lat": 44.5696584,
        "lon": -80.9266144,
        "connected_way_names": [
          "10th Avenue East",
          "10th Street East"
        ],
        "connected_highway_tags": [
          "residential",
          "tertiary"
        ],
        "degree_merged": 2,
        "intersection_priority": "B",
        "visibility_score": 86,
        "sign_value": "high",
        "canvass_order": 3,
        "recommended_action": "visit when nearby; flyer first",
        "caveats": [
          "Do not place signs without property-owner permission.",
          "Avoid sightline obstruction.",
          "Respect election-sign bylaw setbacks and safety rules.",
          "Corner-lot estimate is for planning only, not a precise household count."
        ],
        "daily_priority_score": 116,
        "priority_reason": "higher-order to neighbourhood connector; multiple street-front exposures",
        "route_bucket": "highest visibility corner",
        "global_rank": 129,
        "daily_tier": "B",
        "suggested_day": "Day 9"
      }
    },
    {
      "type": "Feature",
      "geometry": {
        "type": "Point",
        "coordinates": [
          -80.9295841,
          44.5654174
        ]
      },
      "properties": {
        "node_id": "-80929584:44565417",
        "lat": 44.5654174,
        "lon": -80.9295841,
        "connected_way_names": [
          "8th Street East",
          "8th Avenue East"
        ],
        "connected_highway_tags": [
          "tertiary",
          "residential"
        ],
        "degree_merged": 2,
        "intersection_priority": "B",
        "visibility_score": 86,
        "sign_value": "high",
        "canvass_order": 3,
        "recommended_action": "visit when nearby; flyer first",
        "caveats": [
          "Do not place signs without property-owner permission.",
          "Avoid sightline obstruction.",
          "Respect election-sign bylaw setbacks and safety rules.",
          "Corner-lot estimate is for planning only, not a precise household count."
        ],
        "daily_priority_score": 116,
        "priority_reason": "higher-order to neighbourhood connector; multiple street-front exposures",
        "route_bucket": "highest visibility corner",
        "global_rank": 130,
        "daily_tier": "B",
        "suggested_day": "Day 9"
      }
    },
    {
      "type": "Feature",
      "geometry": {
        "type": "Point",
        "coordinates": [
          -80.9322289,
          44.5651292
        ]
      },
      "properties": {
        "node_id": "-80932229:44565129",
        "lat": 44.5651292,
        "lon": -80.9322289,
        "connected_way_names": [
          "7th Avenue East",
          "8th Street East"
        ],
        "connected_highway_tags": [
          "residential",
          "tertiary"
        ],
        "degree_merged": 2,
        "intersection_priority": "B",
        "visibility_score": 86,
        "sign_value": "high",
        "canvass_order": 3,
        "recommended_action": "visit when nearby; flyer first",
        "caveats": [
          "Do not place signs without property-owner permission.",
          "Avoid sightline obstruction.",
          "Respect election-sign bylaw setbacks and safety rules.",
          "Corner-lot estimate is for planning only, not a precise household count."
        ],
        "daily_priority_score": 116,
        "priority_reason": "higher-order to neighbourhood connector; multiple street-front exposures",
        "route_bucket": "highest visibility corner",
        "global_rank": 131,
        "daily_tier": "B",
        "suggested_day": "Day 9"
      }
    },
    {
      "type": "Feature",
      "geometry": {
        "type": "Point",
        "coordinates": [
          -80.9368619,
          44.56457
        ]
      },
      "properties": {
        "node_id": "-80936862:44564570",
        "lat": 44.56457,
        "lon": -80.9368619,
        "connected_way_names": [
          "8th Street East",
          "5th Avenue East"
        ],
        "connected_highway_tags": [
          "tertiary",
          "residential"
        ],
        "degree_merged": 2,
        "intersection_priority": "B",
        "visibility_score": 86,
        "sign_value": "high",
        "canvass_order": 3,
        "recommended_action": "visit when nearby; flyer first",
        "caveats": [
          "Do not place signs without property-owner permission.",
          "Avoid sightline obstruction.",
          "Respect election-sign bylaw setbacks and safety rules.",
          "Corner-lot estimate is for planning only, not a precise household count."
        ],
        "daily_priority_score": 116,
        "priority_reason": "higher-order to neighbourhood connector; multiple street-front exposures",
        "route_bucket": "highest visibility corner",
        "global_rank": 132,
        "daily_tier": "B",
        "suggested_day": "Day 9"
      }
    },
    {
      "type": "Feature",
      "geometry": {
        "type": "Point",
        "coordinates": [
          -80.9387006,
          44.5643679
        ]
      },
      "properties": {
        "node_id": "-80938701:44564368",
        "lat": 44.5643679,
        "lon": -80.9387006,
        "connected_way_names": [
          "8th Street East",
          "4th Avenue East"
        ],
        "connected_highway_tags": [
          "tertiary",
          "residential"
        ],
        "degree_merged": 2,
        "intersection_priority": "B",
        "visibility_score": 86,
        "sign_value": "high",
        "canvass_order": 3,
        "recommended_action": "visit when nearby; flyer first",
        "caveats": [
          "Do not place signs without property-owner permission.",
          "Avoid sightline obstruction.",
          "Respect election-sign bylaw setbacks and safety rules.",
          "Corner-lot estimate is for planning only, not a precise household count."
        ],
        "daily_priority_score": 116,
        "priority_reason": "higher-order to neighbourhood connector; multiple street-front exposures",
        "route_bucket": "highest visibility corner",
        "global_rank": 133,
        "daily_tier": "B",
        "suggested_day": "Day 9"
      }
    },
    {
      "type": "Feature",
      "geometry": {
        "type": "Point",
        "coordinates": [
          -80.9419718,
          44.5620464
        ]
      },
      "properties": {
        "node_id": "-80941972:44562046",
        "lat": 44.5620464,
        "lon": -80.9419718,
        "connected_way_names": [
          "2nd Avenue East",
          "7th Street East"
        ],
        "connected_highway_tags": [
          "tertiary",
          "residential"
        ],
        "degree_merged": 2,
        "intersection_priority": "B",
        "visibility_score": 86,
        "sign_value": "high",
        "canvass_order": 3,
        "recommended_action": "visit when nearby; flyer first",
        "caveats": [
          "Do not place signs without property-owner permission.",
          "Avoid sightline obstruction.",
          "Respect election-sign bylaw setbacks and safety rules.",
          "Corner-lot estimate is for planning only, not a precise household count."
        ],
        "daily_priority_score": 116,
        "priority_reason": "higher-order to neighbourhood connector; multiple street-front exposures",
        "route_bucket": "highest visibility corner",
        "global_rank": 134,
        "daily_tier": "B",
        "suggested_day": "Day 9"
      }
    },
    {
      "type": "Feature",
      "geometry": {
        "type": "Point",
        "coordinates": [
          -80.9438144,
          44.5637849
        ]
      },
      "properties": {
        "node_id": "-80943814:44563785",
        "lat": 44.5637849,
        "lon": -80.9438144,
        "connected_way_names": [
          "8th Street East",
          "1st Avenue East"
        ],
        "connected_highway_tags": [
          "tertiary",
          "unclassified"
        ],
        "degree_merged": 2,
        "intersection_priority": "B",
        "visibility_score": 86,
        "sign_value": "high",
        "canvass_order": 3,
        "recommended_action": "visit when nearby; flyer first",
        "caveats": [
          "Do not place signs without property-owner permission.",
          "Avoid sightline obstruction.",
          "Respect election-sign bylaw setbacks and safety rules.",
          "Corner-lot estimate is for planning only, not a precise household count."
        ],
        "daily_priority_score": 116,
        "priority_reason": "higher-order to neighbourhood connector; multiple street-front exposures",
        "route_bucket": "highest visibility corner",
        "global_rank": 135,
        "daily_tier": "B",
        "suggested_day": "Day 9"
      }
    },
    {
      "type": "Feature",
      "geometry": {
        "type": "Point",
        "coordinates": [
          -80.94458,
          44.560148
        ]
      },
      "properties": {
        "node_id": "-80944580:44560148",
        "lat": 44.560148,
        "lon": -80.94458,
        "connected_way_names": [
          "2nd Avenue West",
          "6th Street West"
        ],
        "connected_highway_tags": [
          "tertiary",
          "residential"
        ],
        "degree_merged": 2,
        "intersection_priority": "B",
        "visibility_score": 86,
        "sign_value": "high",
        "canvass_order": 3,
        "recommended_action": "visit when nearby; flyer first",
        "caveats": [
          "Do not place signs without property-owner permission.",
          "Avoid sightline obstruction.",
          "Respect election-sign bylaw setbacks and safety rules.",
          "Corner-lot estimate is for planning only, not a precise household count."
        ],
        "daily_priority_score": 116,
        "priority_reason": "higher-order to neighbourhood connector; multiple street-front exposures",
        "route_bucket": "highest visibility corner",
        "global_rank": 136,
        "daily_tier": "B",
        "suggested_day": "Day 10"
      }
    },
    {
      "type": "Feature",
      "geometry": {
        "type": "Point",
        "coordinates": [
          -80.9447054,
          44.565613
        ]
      },
      "properties": {
        "node_id": "-80944705:44565613",
        "lat": 44.565613,
        "lon": -80.9447054,
        "connected_way_names": [
          "1st Avenue West",
          "9th Street West"
        ],
        "connected_highway_tags": [
          "unclassified",
          "tertiary"
        ],
        "degree_merged": 2,
        "intersection_priority": "B",
        "visibility_score": 86,
        "sign_value": "high",
        "canvass_order": 3,
        "recommended_action": "visit when nearby; flyer first",
        "caveats": [
          "Do not place signs without property-owner permission.",
          "Avoid sightline obstruction.",
          "Respect election-sign bylaw setbacks and safety rules.",
          "Corner-lot estimate is for planning only, not a precise household count."
        ],
        "daily_priority_score": 116,
        "priority_reason": "higher-order to neighbourhood connector; multiple street-front exposures",
        "route_bucket": "highest visibility corner",
        "global_rank": 137,
        "daily_tier": "B",
        "suggested_day": "Day 10"
      }
    },
    {
      "type": "Feature",
      "geometry": {
        "type": "Point",
        "coordinates": [
          -80.9448026,
          44.5636784
        ]
      },
      "properties": {
        "node_id": "-80944803:44563678",
        "lat": 44.5636784,
        "lon": -80.9448026,
        "connected_way_names": [
          "8th Street West",
          "1st Avenue West"
        ],
        "connected_highway_tags": [
          "tertiary",
          "unclassified"
        ],
        "degree_merged": 2,
        "intersection_priority": "B",
        "visibility_score": 86,
        "sign_value": "high",
        "canvass_order": 3,
        "recommended_action": "visit when nearby; flyer first",
        "caveats": [
          "Do not place signs without property-owner permission.",
          "Avoid sightline obstruction.",
          "Respect election-sign bylaw setbacks and safety rules.",
          "Corner-lot estimate is for planning only, not a precise household count."
        ],
        "daily_priority_score": 116,
        "priority_reason": "higher-order to neighbourhood connector; multiple street-front exposures",
        "route_bucket": "highest visibility corner",
        "global_rank": 138,
        "daily_tier": "B",
        "suggested_day": "Day 10"
      }
    },
    {
      "type": "Feature",
      "geometry": {
        "type": "Point",
        "coordinates": [
          -80.9448554,
          44.561717
        ]
      },
      "properties": {
        "node_id": "-80944855:44561717",
        "lat": 44.561717,
        "lon": -80.9448554,
        "connected_way_names": [
          "2nd Avenue West",
          "7th Street West"
        ],
        "connected_highway_tags": [
          "tertiary",
          "residential"
        ],
        "degree_merged": 2,
        "intersection_priority": "B",
        "visibility_score": 86,
        "sign_value": "high",
        "canvass_order": 3,
        "recommended_action": "visit when nearby; flyer first",
        "caveats": [
          "Do not place signs without property-owner permission.",
          "Avoid sightline obstruction.",
          "Respect election-sign bylaw setbacks and safety rules.",
          "Corner-lot estimate is for planning only, not a precise household count."
        ],
        "daily_priority_score": 116,
        "priority_reason": "higher-order to neighbourhood connector; multiple street-front exposures",
        "route_bucket": "highest visibility corner",
        "global_rank": 139,
        "daily_tier": "B",
        "suggested_day": "Day 10"
      }
    },
    {
      "type": "Feature",
      "geometry": {
        "type": "Point",
        "coordinates": [
          -80.9451566,
          44.5480221
        ]
      },
      "properties": {
        "node_id": "-80945157:44548022",
        "lat": 44.5480221,
        "lon": -80.9451566,
        "connected_way_names": [
          "4th Avenue West",
          "6th Avenue West"
        ],
        "connected_highway_tags": [
          "tertiary",
          "residential"
        ],
        "degree_merged": 2,
        "intersection_priority": "B",
        "visibility_score": 86,
        "sign_value": "high",
        "canvass_order": 3,
        "recommended_action": "visit when nearby; flyer first",
        "caveats": [
          "Do not place signs without property-owner permission.",
          "Avoid sightline obstruction.",
          "Respect election-sign bylaw setbacks and safety rules.",
          "Corner-lot estimate is for planning only, not a precise household count."
        ],
        "daily_priority_score": 116,
        "priority_reason": "higher-order to neighbourhood connector; multiple street-front exposures",
        "route_bucket": "highest visibility corner",
        "global_rank": 140,
        "daily_tier": "B",
        "suggested_day": "Day 10"
      }
    },
    {
      "type": "Feature",
      "geometry": {
        "type": "Point",
        "coordinates": [
          -80.9452645,
          44.563623
        ]
      },
      "properties": {
        "node_id": "-80945264:44563623",
        "lat": 44.563623,
        "lon": -80.9452645,
        "connected_way_names": [
          "8th Street West",
          "2nd Avenue West"
        ],
        "connected_highway_tags": [
          "tertiary",
          "residential"
        ],
        "degree_merged": 2,
        "intersection_priority": "B",
        "visibility_score": 86,
        "sign_value": "high",
        "canvass_order": 3,
        "recommended_action": "visit when nearby; flyer first",
        "caveats": [
          "Do not place signs without property-owner permission.",
          "Avoid sightline obstruction.",
          "Respect election-sign bylaw setbacks and safety rules.",
          "Corner-lot estimate is for planning only, not a precise household count."
        ],
        "daily_priority_score": 116,
        "priority_reason": "higher-order to neighbourhood connector; multiple street-front exposures",
        "route_bucket": "highest visibility corner",
        "global_rank": 141,
        "daily_tier": "B",
        "suggested_day": "Day 10"
      }
    },
    {
      "type": "Feature",
      "geometry": {
        "type": "Point",
        "coordinates": [
          -80.9453404,
          44.5595078
        ]
      },
      "properties": {
        "node_id": "-80945340:44559508",
        "lat": 44.5595078,
        "lon": -80.9453404,
        "connected_way_names": [
          "2nd Avenue West",
          "6th Street West"
        ],
        "connected_highway_tags": [
          "tertiary",
          "residential"
        ],
        "degree_merged": 2,
        "intersection_priority": "B",
        "visibility_score": 86,
        "sign_value": "high",
        "canvass_order": 3,
        "recommended_action": "visit when nearby; flyer first",
        "caveats": [
          "Do not place signs without property-owner permission.",
          "Avoid sightline obstruction.",
          "Respect election-sign bylaw setbacks and safety rules.",
          "Corner-lot estimate is for planning only, not a precise household count."
        ],
        "daily_priority_score": 116,
        "priority_reason": "higher-order to neighbourhood connector; multiple street-front exposures",
        "route_bucket": "highest visibility corner",
        "global_rank": 142,
        "daily_tier": "B",
        "suggested_day": "Day 10"
      }
    },
    {
      "type": "Feature",
      "geometry": {
        "type": "Point",
        "coordinates": [
          -80.9453584,
          44.5489514
        ]
      },
      "properties": {
        "node_id": "-80945358:44548951",
        "lat": 44.5489514,
        "lon": -80.9453584,
        "connected_way_names": [
          "1st Street West",
          "4th Avenue West"
        ],
        "connected_highway_tags": [
          "residential",
          "tertiary"
        ],
        "degree_merged": 2,
        "intersection_priority": "B",
        "visibility_score": 86,
        "sign_value": "high",
        "canvass_order": 3,
        "recommended_action": "visit when nearby; flyer first",
        "caveats": [
          "Do not place signs without property-owner permission.",
          "Avoid sightline obstruction.",
          "Respect election-sign bylaw setbacks and safety rules.",
          "Corner-lot estimate is for planning only, not a precise household count."
        ],
        "daily_priority_score": 116,
        "priority_reason": "higher-order to neighbourhood connector; multiple street-front exposures",
        "route_bucket": "highest visibility corner",
        "global_rank": 143,
        "daily_tier": "B",
        "suggested_day": "Day 10"
      }
    },
    {
      "type": "Feature",
      "geometry": {
        "type": "Point",
        "coordinates": [
          -80.9455705,
          44.5498806
        ]
      },
      "properties": {
        "node_id": "-80945570:44549881",
        "lat": 44.5498806,
        "lon": -80.9455705,
        "connected_way_names": [
          "4th Avenue West",
          "1st Street West"
        ],
        "connected_highway_tags": [
          "tertiary",
          "residential"
        ],
        "degree_merged": 2,
        "intersection_priority": "B",
        "visibility_score": 86,
        "sign_value": "high",
        "canvass_order": 3,
        "recommended_action": "visit when nearby; flyer first",
        "caveats": [
          "Do not place signs without property-owner permission.",
          "Avoid sightline obstruction.",
          "Respect election-sign bylaw setbacks and safety rules.",
          "Corner-lot estimate is for planning only, not a precise household count."
        ],
        "daily_priority_score": 116,
        "priority_reason": "higher-order to neighbourhood connector; multiple street-front exposures",
        "route_bucket": "highest visibility corner",
        "global_rank": 144,
        "daily_tier": "B",
        "suggested_day": "Day 10"
      }
    },
    {
      "type": "Feature",
      "geometry": {
        "type": "Point",
        "coordinates": [
          -80.9459654,
          44.5516111
        ]
      },
      "properties": {
        "node_id": "-80945965:44551611",
        "lat": 44.5516111,
        "lon": -80.9459654,
        "connected_way_names": [
          "4th Avenue West",
          "2nd Street West"
        ],
        "connected_highway_tags": [
          "tertiary",
          "residential"
        ],
        "degree_merged": 2,
        "intersection_priority": "B",
        "visibility_score": 86,
        "sign_value": "high",
        "canvass_order": 3,
        "recommended_action": "visit when nearby; flyer first",
        "caveats": [
          "Do not place signs without property-owner permission.",
          "Avoid sightline obstruction.",
          "Respect election-sign bylaw setbacks and safety rules.",
          "Corner-lot estimate is for planning only, not a precise household count."
        ],
        "daily_priority_score": 116,
        "priority_reason": "higher-order to neighbourhood connector; multiple street-front exposures",
        "route_bucket": "highest visibility corner",
        "global_rank": 145,
        "daily_tier": "B",
        "suggested_day": "Day 10"
      }
    },
    {
      "type": "Feature",
      "geometry": {
        "type": "Point",
        "coordinates": [
          -80.946734,
          44.5550075
        ]
      },
      "properties": {
        "node_id": "-80946734:44555008",
        "lat": 44.5550075,
        "lon": -80.946734,
        "connected_way_names": [
          "4th Avenue West",
          "3rd Street A West"
        ],
        "connected_highway_tags": [
          "tertiary",
          "residential"
        ],
        "degree_merged": 2,
        "intersection_priority": "B",
        "visibility_score": 86,
        "sign_value": "high",
        "canvass_order": 3,
        "recommended_action": "visit when nearby; flyer first",
        "caveats": [
          "Do not place signs without property-owner permission.",
          "Avoid sightline obstruction.",
          "Respect election-sign bylaw setbacks and safety rules.",
          "Corner-lot estimate is for planning only, not a precise household count."
        ],
        "daily_priority_score": 116,
        "priority_reason": "higher-order to neighbourhood connector; multiple street-front exposures",
        "route_bucket": "highest visibility corner",
        "global_rank": 146,
        "daily_tier": "B",
        "suggested_day": "Day 10"
      }
    },
    {
      "type": "Feature",
      "geometry": {
        "type": "Point",
        "coordinates": [
          -80.9468814,
          44.5556666
        ]
      },
      "properties": {
        "node_id": "-80946881:44555667",
        "lat": 44.5556666,
        "lon": -80.9468814,
        "connected_way_names": [
          "4th Avenue West",
          "4th Street West"
        ],
        "connected_highway_tags": [
          "tertiary",
          "residential"
        ],
        "degree_merged": 2,
        "intersection_priority": "B",
        "visibility_score": 86,
        "sign_value": "high",
        "canvass_order": 3,
        "recommended_action": "visit when nearby; flyer first",
        "caveats": [
          "Do not place signs without property-owner permission.",
          "Avoid sightline obstruction.",
          "Respect election-sign bylaw setbacks and safety rules.",
          "Corner-lot estimate is for planning only, not a precise household count."
        ],
        "daily_priority_score": 116,
        "priority_reason": "higher-order to neighbourhood connector; multiple street-front exposures",
        "route_bucket": "highest visibility corner",
        "global_rank": 147,
        "daily_tier": "B",
        "suggested_day": "Day 10"
      }
    },
    {
      "type": "Feature",
      "geometry": {
        "type": "Point",
        "coordinates": [
          -80.9471733,
          44.5569728
        ]
      },
      "properties": {
        "node_id": "-80947173:44556973",
        "lat": 44.5569728,
        "lon": -80.9471733,
        "connected_way_names": [
          "4th Avenue West",
          "Moores Hill"
        ],
        "connected_highway_tags": [
          "tertiary",
          "residential"
        ],
        "degree_merged": 2,
        "intersection_priority": "B",
        "visibility_score": 86,
        "sign_value": "high",
        "canvass_order": 3,
        "recommended_action": "visit when nearby; flyer first",
        "caveats": [
          "Do not place signs without property-owner permission.",
          "Avoid sightline obstruction.",
          "Respect election-sign bylaw setbacks and safety rules.",
          "Corner-lot estimate is for planning only, not a precise household count."
        ],
        "daily_priority_score": 116,
        "priority_reason": "higher-order to neighbourhood connector; multiple street-front exposures",
        "route_bucket": "highest visibility corner",
        "global_rank": 148,
        "daily_tier": "B",
        "suggested_day": "Day 10"
      }
    },
    {
      "type": "Feature",
      "geometry": {
        "type": "Point",
        "coordinates": [
          -80.9473522,
          44.5653142
        ]
      },
      "properties": {
        "node_id": "-80947352:44565314",
        "lat": 44.5653142,
        "lon": -80.9473522,
        "connected_way_names": [
          "3rd Avenue West",
          "9th Street West"
        ],
        "connected_highway_tags": [
          "residential",
          "tertiary"
        ],
        "degree_merged": 2,
        "intersection_priority": "B",
        "visibility_score": 86,
        "sign_value": "high",
        "canvass_order": 3,
        "recommended_action": "visit when nearby; flyer first",
        "caveats": [
          "Do not place signs without property-owner permission.",
          "Avoid sightline obstruction.",
          "Respect election-sign bylaw setbacks and safety rules.",
          "Corner-lot estimate is for planning only, not a precise household count."
        ],
        "daily_priority_score": 116,
        "priority_reason": "higher-order to neighbourhood connector; multiple street-front exposures",
        "route_bucket": "highest visibility corner",
        "global_rank": 149,
        "daily_tier": "B",
        "suggested_day": "Day 10"
      }
    },
    {
      "type": "Feature",
      "geometry": {
        "type": "Point",
        "coordinates": [
          -80.9484767,
          44.5851589
        ]
      },
      "properties": {
        "node_id": "-80948477:44585159",
        "lat": 44.5851589,
        "lon": -80.9484767,
        "connected_way_names": [
          "4th Avenue West",
          "23rd Street West"
        ],
        "connected_highway_tags": [
          "tertiary",
          "residential"
        ],
        "degree_merged": 2,
        "intersection_priority": "B",
        "visibility_score": 86,
        "sign_value": "high",
        "canvass_order": 3,
        "recommended_action": "visit when nearby; flyer first",
        "caveats": [
          "Do not place signs without property-owner permission.",
          "Avoid sightline obstruction.",
          "Respect election-sign bylaw setbacks and safety rules.",
          "Corner-lot estimate is for planning only, not a precise household count."
        ],
        "daily_priority_score": 116,
        "priority_reason": "higher-order to neighbourhood connector; multiple street-front exposures",
        "route_bucket": "highest visibility corner",
        "global_rank": 150,
        "daily_tier": "B",
        "suggested_day": "Day 10"
      }
    },
    {
      "type": "Feature",
      "geometry": {
        "type": "Point",
        "coordinates": [
          -80.9486128,
          44.5799595
        ]
      },
      "properties": {
        "node_id": "-80948613:44579960",
        "lat": 44.5799595,
        "lon": -80.9486128,
        "connected_way_names": [
          "19th Street West",
          "3rd Avenue West"
        ],
        "connected_highway_tags": [
          "tertiary",
          "residential"
        ],
        "degree_merged": 2,
        "intersection_priority": "B",
        "visibility_score": 86,
        "sign_value": "high",
        "canvass_order": 3,
        "recommended_action": "visit when nearby; flyer first",
        "caveats": [
          "Do not place signs without property-owner permission.",
          "Avoid sightline obstruction.",
          "Respect election-sign bylaw setbacks and safety rules.",
          "Corner-lot estimate is for planning only, not a precise household count."
        ],
        "daily_priority_score": 116,
        "priority_reason": "higher-order to neighbourhood connector; multiple street-front exposures",
        "route_bucket": "highest visibility corner",
        "global_rank": 151,
        "daily_tier": "B",
        "suggested_day": "Day 11"
      }
    },
    {
      "type": "Feature",
      "geometry": {
        "type": "Point",
        "coordinates": [
          -80.9488788,
          44.5839239
        ]
      },
      "properties": {
        "node_id": "-80948879:44583924",
        "lat": 44.5839239,
        "lon": -80.9488788,
        "connected_way_names": [
          "22nd Street West",
          "4th Avenue West"
        ],
        "connected_highway_tags": [
          "residential",
          "tertiary"
        ],
        "degree_merged": 2,
        "intersection_priority": "B",
        "visibility_score": 86,
        "sign_value": "high",
        "canvass_order": 3,
        "recommended_action": "visit when nearby; flyer first",
        "caveats": [
          "Do not place signs without property-owner permission.",
          "Avoid sightline obstruction.",
          "Respect election-sign bylaw setbacks and safety rules.",
          "Corner-lot estimate is for planning only, not a precise household count."
        ],
        "daily_priority_score": 116,
        "priority_reason": "higher-order to neighbourhood connector; multiple street-front exposures",
        "route_bucket": "highest visibility corner",
        "global_rank": 152,
        "daily_tier": "B",
        "suggested_day": "Day 11"
      }
    },
    {
      "type": "Feature",
      "geometry": {
        "type": "Point",
        "coordinates": [
          -80.9492588,
          44.5826593
        ]
      },
      "properties": {
        "node_id": "-80949259:44582659",
        "lat": 44.5826593,
        "lon": -80.9492588,
        "connected_way_names": [
          "4th Avenue West",
          "21st Street West"
        ],
        "connected_highway_tags": [
          "tertiary",
          "residential"
        ],
        "degree_merged": 2,
        "intersection_priority": "B",
        "visibility_score": 86,
        "sign_value": "high",
        "canvass_order": 3,
        "recommended_action": "visit when nearby; flyer first",
        "caveats": [
          "Do not place signs without property-owner permission.",
          "Avoid sightline obstruction.",
          "Respect election-sign bylaw setbacks and safety rules.",
          "Corner-lot estimate is for planning only, not a precise household count."
        ],
        "daily_priority_score": 116,
        "priority_reason": "higher-order to neighbourhood connector; multiple street-front exposures",
        "route_bucket": "highest visibility corner",
        "global_rank": 153,
        "daily_tier": "B",
        "suggested_day": "Day 11"
      }
    },
    {
      "type": "Feature",
      "geometry": {
        "type": "Point",
        "coordinates": [
          -80.9493363,
          44.5873338
        ]
      },
      "properties": {
        "node_id": "-80949336:44587334",
        "lat": 44.5873338,
        "lon": -80.9493363,
        "connected_way_names": [
          "24th Street West",
          "5th Avenue West"
        ],
        "connected_highway_tags": [
          "tertiary",
          "residential"
        ],
        "degree_merged": 2,
        "intersection_priority": "B",
        "visibility_score": 86,
        "sign_value": "high",
        "canvass_order": 3,
        "recommended_action": "visit when nearby; flyer first",
        "caveats": [
          "Do not place signs without property-owner permission.",
          "Avoid sightline obstruction.",
          "Respect election-sign bylaw setbacks and safety rules.",
          "Corner-lot estimate is for planning only, not a precise household count."
        ],
        "daily_priority_score": 116,
        "priority_reason": "higher-order to neighbourhood connector; multiple street-front exposures",
        "route_bucket": "highest visibility corner",
        "global_rank": 154,
        "daily_tier": "B",
        "suggested_day": "Day 11"
      }
    },
    {
      "type": "Feature",
      "geometry": {
        "type": "Point",
        "coordinates": [
          -80.9496629,
          44.5814687
        ]
      },
      "properties": {
        "node_id": "-80949663:44581469",
        "lat": 44.5814687,
        "lon": -80.9496629,
        "connected_way_names": [
          "4th Avenue West",
          "20th Street West"
        ],
        "connected_highway_tags": [
          "tertiary",
          "residential"
        ],
        "degree_merged": 2,
        "intersection_priority": "B",
        "visibility_score": 86,
        "sign_value": "high",
        "canvass_order": 3,
        "recommended_action": "visit when nearby; flyer first",
        "caveats": [
          "Do not place signs without property-owner permission.",
          "Avoid sightline obstruction.",
          "Respect election-sign bylaw setbacks and safety rules.",
          "Corner-lot estimate is for planning only, not a precise household count."
        ],
        "daily_priority_score": 116,
        "priority_reason": "higher-order to neighbourhood connector; multiple street-front exposures",
        "route_bucket": "highest visibility corner",
        "global_rank": 155,
        "daily_tier": "B",
        "suggested_day": "Day 11"
      }
    },
    {
      "type": "Feature",
      "geometry": {
        "type": "Point",
        "coordinates": [
          -80.9498729,
          44.568817
        ]
      },
      "properties": {
        "node_id": "-80949873:44568817",
        "lat": 44.568817,
        "lon": -80.9498729,
        "connected_way_names": [
          "11th Street West",
          "4th Avenue West"
        ],
        "connected_highway_tags": [
          "residential",
          "tertiary"
        ],
        "degree_merged": 2,
        "intersection_priority": "B",
        "visibility_score": 86,
        "sign_value": "high",
        "canvass_order": 3,
        "recommended_action": "visit when nearby; flyer first",
        "caveats": [
          "Do not place signs without property-owner permission.",
          "Avoid sightline obstruction.",
          "Respect election-sign bylaw setbacks and safety rules.",
          "Corner-lot estimate is for planning only, not a precise household count."
        ],
        "daily_priority_score": 116,
        "priority_reason": "higher-order to neighbourhood connector; multiple street-front exposures",
        "route_bucket": "highest visibility corner",
        "global_rank": 156,
        "daily_tier": "B",
        "suggested_day": "Day 11"
      }
    },
    {
      "type": "Feature",
      "geometry": {
        "type": "Point",
        "coordinates": [
          -80.9500564,
          44.5802003
        ]
      },
      "properties": {
        "node_id": "-80950056:44580200",
        "lat": 44.5802003,
        "lon": -80.9500564,
        "connected_way_names": [
          "4th Avenue West",
          "19th Street West"
        ],
        "connected_highway_tags": [
          "tertiary",
          "residential"
        ],
        "degree_merged": 2,
        "intersection_priority": "B",
        "visibility_score": 86,
        "sign_value": "high",
        "canvass_order": 3,
        "recommended_action": "visit when nearby; flyer first",
        "caveats": [
          "Do not place signs without property-owner permission.",
          "Avoid sightline obstruction.",
          "Respect election-sign bylaw setbacks and safety rules.",
          "Corner-lot estimate is for planning only, not a precise household count."
        ],
        "daily_priority_score": 116,
        "priority_reason": "higher-order to neighbourhood connector; multiple street-front exposures",
        "route_bucket": "highest visibility corner",
        "global_rank": 157,
        "daily_tier": "B",
        "suggested_day": "Day 11"
      }
    },
    {
      "type": "Feature",
      "geometry": {
        "type": "Point",
        "coordinates": [
          -80.9500676,
          44.5696571
        ]
      },
      "properties": {
        "node_id": "-80950068:44569657",
        "lat": 44.5696571,
        "lon": -80.9500676,
        "connected_way_names": [
          "4th Avenue West",
          "11th Street A West"
        ],
        "connected_highway_tags": [
          "tertiary",
          "residential"
        ],
        "degree_merged": 2,
        "intersection_priority": "B",
        "visibility_score": 86,
        "sign_value": "high",
        "canvass_order": 3,
        "recommended_action": "visit when nearby; flyer first",
        "caveats": [
          "Do not place signs without property-owner permission.",
          "Avoid sightline obstruction.",
          "Respect election-sign bylaw setbacks and safety rules.",
          "Corner-lot estimate is for planning only, not a precise household count."
        ],
        "daily_priority_score": 116,
        "priority_reason": "higher-order to neighbourhood connector; multiple street-front exposures",
        "route_bucket": "highest visibility corner",
        "global_rank": 158,
        "daily_tier": "B",
        "suggested_day": "Day 11"
      }
    },
    {
      "type": "Feature",
      "geometry": {
        "type": "Point",
        "coordinates": [
          -80.9502174,
          44.5702928
        ]
      },
      "properties": {
        "node_id": "-80950217:44570293",
        "lat": 44.5702928,
        "lon": -80.9502174,
        "connected_way_names": [
          "4th Avenue West",
          "11th Street B West"
        ],
        "connected_highway_tags": [
          "tertiary",
          "residential"
        ],
        "degree_merged": 2,
        "intersection_priority": "B",
        "visibility_score": 86,
        "sign_value": "high",
        "canvass_order": 3,
        "recommended_action": "visit when nearby; flyer first",
        "caveats": [
          "Do not place signs without property-owner permission.",
          "Avoid sightline obstruction.",
          "Respect election-sign bylaw setbacks and safety rules.",
          "Corner-lot estimate is for planning only, not a precise household count."
        ],
        "daily_priority_score": 116,
        "priority_reason": "higher-order to neighbourhood connector; multiple street-front exposures",
        "route_bucket": "highest visibility corner",
        "global_rank": 159,
        "daily_tier": "B",
        "suggested_day": "Day 11"
      }
    },
    {
      "type": "Feature",
      "geometry": {
        "type": "Point",
        "coordinates": [
          -80.9504124,
          44.5711538
        ]
      },
      "properties": {
        "node_id": "-80950412:44571154",
        "lat": 44.5711538,
        "lon": -80.9504124,
        "connected_way_names": [
          "4th Avenue West",
          "12th Street West"
        ],
        "connected_highway_tags": [
          "tertiary",
          "residential"
        ],
        "degree_merged": 2,
        "intersection_priority": "B",
        "visibility_score": 86,
        "sign_value": "high",
        "canvass_order": 3,
        "recommended_action": "visit when nearby; flyer first",
        "caveats": [
          "Do not place signs without property-owner permission.",
          "Avoid sightline obstruction.",
          "Respect election-sign bylaw setbacks and safety rules.",
          "Corner-lot estimate is for planning only, not a precise household count."
        ],
        "daily_priority_score": 116,
        "priority_reason": "higher-order to neighbourhood connector; multiple street-front exposures",
        "route_bucket": "highest visibility corner",
        "global_rank": 160,
        "daily_tier": "B",
        "suggested_day": "Day 11"
      }
    },
    {
      "type": "Feature",
      "geometry": {
        "type": "Point",
        "coordinates": [
          -80.9504425,
          44.57898
        ]
      },
      "properties": {
        "node_id": "-80950442:44578980",
        "lat": 44.57898,
        "lon": -80.9504425,
        "connected_way_names": [
          "18th Street West",
          "4th Avenue West"
        ],
        "connected_highway_tags": [
          "residential",
          "tertiary"
        ],
        "degree_merged": 2,
        "intersection_priority": "B",
        "visibility_score": 86,
        "sign_value": "high",
        "canvass_order": 3,
        "recommended_action": "visit when nearby; flyer first",
        "caveats": [
          "Do not place signs without property-owner permission.",
          "Avoid sightline obstruction.",
          "Respect election-sign bylaw setbacks and safety rules.",
          "Corner-lot estimate is for planning only, not a precise household count."
        ],
        "daily_priority_score": 116,
        "priority_reason": "higher-order to neighbourhood connector; multiple street-front exposures",
        "route_bucket": "highest visibility corner",
        "global_rank": 161,
        "daily_tier": "B",
        "suggested_day": "Day 11"
      }
    },
    {
      "type": "Feature",
      "geometry": {
        "type": "Point",
        "coordinates": [
          -80.9506088,
          44.5720588
        ]
      },
      "properties": {
        "node_id": "-80950609:44572059",
        "lat": 44.5720588,
        "lon": -80.9506088,
        "connected_way_names": [
          "13th Street West",
          "4th Avenue West"
        ],
        "connected_highway_tags": [
          "residential",
          "tertiary"
        ],
        "degree_merged": 2,
        "intersection_priority": "B",
        "visibility_score": 86,
        "sign_value": "high",
        "canvass_order": 3,
        "recommended_action": "visit when nearby; flyer first",
        "caveats": [
          "Do not place signs without property-owner permission.",
          "Avoid sightline obstruction.",
          "Respect election-sign bylaw setbacks and safety rules.",
          "Corner-lot estimate is for planning only, not a precise household count."
        ],
        "daily_priority_score": 116,
        "priority_reason": "higher-order to neighbourhood connector; multiple street-front exposures",
        "route_bucket": "highest visibility corner",
        "global_rank": 162,
        "daily_tier": "B",
        "suggested_day": "Day 11"
      }
    },
    {
      "type": "Feature",
      "geometry": {
        "type": "Point",
        "coordinates": [
          -80.9507927,
          44.5875718
        ]
      },
      "properties": {
        "node_id": "-80950793:44587572",
        "lat": 44.5875718,
        "lon": -80.9507927,
        "connected_way_names": [
          "24th Street West",
          "6th Avenue West"
        ],
        "connected_highway_tags": [
          "tertiary",
          "residential"
        ],
        "degree_merged": 2,
        "intersection_priority": "B",
        "visibility_score": 86,
        "sign_value": "high",
        "canvass_order": 3,
        "recommended_action": "visit when nearby; flyer first",
        "caveats": [
          "Do not place signs without property-owner permission.",
          "Avoid sightline obstruction.",
          "Respect election-sign bylaw setbacks and safety rules.",
          "Corner-lot estimate is for planning only, not a precise household count."
        ],
        "daily_priority_score": 116,
        "priority_reason": "higher-order to neighbourhood connector; multiple street-front exposures",
        "route_bucket": "highest visibility corner",
        "global_rank": 163,
        "daily_tier": "B",
        "suggested_day": "Day 11"
      }
    },
    {
      "type": "Feature",
      "geometry": {
        "type": "Point",
        "coordinates": [
          -80.9508459,
          44.5731268
        ]
      },
      "properties": {
        "node_id": "-80950846:44573127",
        "lat": 44.5731268,
        "lon": -80.9508459,
        "connected_way_names": [
          "4th Avenue West",
          "13th Street A West"
        ],
        "connected_highway_tags": [
          "tertiary",
          "residential"
        ],
        "degree_merged": 2,
        "intersection_priority": "B",
        "visibility_score": 86,
        "sign_value": "high",
        "canvass_order": 3,
        "recommended_action": "visit when nearby; flyer first",
        "caveats": [
          "Do not place signs without property-owner permission.",
          "Avoid sightline obstruction.",
          "Respect election-sign bylaw setbacks and safety rules.",
          "Corner-lot estimate is for planning only, not a precise household count."
        ],
        "daily_priority_score": 116,
        "priority_reason": "higher-order to neighbourhood connector; multiple street-front exposures",
        "route_bucket": "highest visibility corner",
        "global_rank": 164,
        "daily_tier": "B",
        "suggested_day": "Day 11"
      }
    },
    {
      "type": "Feature",
      "geometry": {
        "type": "Point",
        "coordinates": [
          -80.950879,
          44.5777442
        ]
      },
      "properties": {
        "node_id": "-80950879:44577744",
        "lat": 44.5777442,
        "lon": -80.950879,
        "connected_way_names": [
          "4th Avenue West",
          "17th Street West"
        ],
        "connected_highway_tags": [
          "tertiary",
          "residential"
        ],
        "degree_merged": 2,
        "intersection_priority": "B",
        "visibility_score": 86,
        "sign_value": "high",
        "canvass_order": 3,
        "recommended_action": "visit when nearby; flyer first",
        "caveats": [
          "Do not place signs without property-owner permission.",
          "Avoid sightline obstruction.",
          "Respect election-sign bylaw setbacks and safety rules.",
          "Corner-lot estimate is for planning only, not a precise household count."
        ],
        "daily_priority_score": 116,
        "priority_reason": "higher-order to neighbourhood connector; multiple street-front exposures",
        "route_bucket": "highest visibility corner",
        "global_rank": 165,
        "daily_tier": "B",
        "suggested_day": "Day 11"
      }
    },
    {
      "type": "Feature",
      "geometry": {
        "type": "Point",
        "coordinates": [
          -80.9510379,
          44.5648838
        ]
      },
      "properties": {
        "node_id": "-80951038:44564884",
        "lat": 44.5648838,
        "lon": -80.9510379,
        "connected_way_names": [
          "9th Street West",
          "5th Avenue West"
        ],
        "connected_highway_tags": [
          "tertiary",
          "residential"
        ],
        "degree_merged": 2,
        "intersection_priority": "B",
        "visibility_score": 86,
        "sign_value": "high",
        "canvass_order": 3,
        "recommended_action": "visit when nearby; flyer first",
        "caveats": [
          "Do not place signs without property-owner permission.",
          "Avoid sightline obstruction.",
          "Respect election-sign bylaw setbacks and safety rules.",
          "Corner-lot estimate is for planning only, not a precise household count."
        ],
        "daily_priority_score": 116,
        "priority_reason": "higher-order to neighbourhood connector; multiple street-front exposures",
        "route_bucket": "highest visibility corner",
        "global_rank": 166,
        "daily_tier": "B",
        "suggested_day": "Day 12"
      }
    },
    {
      "type": "Feature",
      "geometry": {
        "type": "Point",
        "coordinates": [
          -80.9512984,
          44.5764973
        ]
      },
      "properties": {
        "node_id": "-80951298:44576497",
        "lat": 44.5764973,
        "lon": -80.9512984,
        "connected_way_names": [
          "4th Avenue West",
          "16th Street West"
        ],
        "connected_highway_tags": [
          "tertiary",
          "residential"
        ],
        "degree_merged": 2,
        "intersection_priority": "B",
        "visibility_score": 86,
        "sign_value": "high",
        "canvass_order": 3,
        "recommended_action": "visit when nearby; flyer first",
        "caveats": [
          "Do not place signs without property-owner permission.",
          "Avoid sightline obstruction.",
          "Respect election-sign bylaw setbacks and safety rules.",
          "Corner-lot estimate is for planning only, not a precise household count."
        ],
        "daily_priority_score": 116,
        "priority_reason": "higher-order to neighbourhood connector; multiple street-front exposures",
        "route_bucket": "highest visibility corner",
        "global_rank": 167,
        "daily_tier": "B",
        "suggested_day": "Day 12"
      }
    },
    {
      "type": "Feature",
      "geometry": {
        "type": "Point",
        "coordinates": [
          -80.9528439,
          44.5739028
        ]
      },
      "properties": {
        "node_id": "-80952844:44573903",
        "lat": 44.5739028,
        "lon": -80.9528439,
        "connected_way_names": [
          "Alpha Street",
          "14th Street West"
        ],
        "connected_highway_tags": [
          "tertiary",
          "residential"
        ],
        "degree_merged": 2,
        "intersection_priority": "B",
        "visibility_score": 86,
        "sign_value": "high",
        "canvass_order": 3,
        "recommended_action": "visit when nearby; flyer first",
        "caveats": [
          "Do not place signs without property-owner permission.",
          "Avoid sightline obstruction.",
          "Respect election-sign bylaw setbacks and safety rules.",
          "Corner-lot estimate is for planning only, not a precise household count."
        ],
        "daily_priority_score": 116,
        "priority_reason": "higher-order to neighbourhood connector; multiple street-front exposures",
        "route_bucket": "highest visibility corner",
        "global_rank": 168,
        "daily_tier": "B",
        "suggested_day": "Day 12"
      }
    },
    {
      "type": "Feature",
      "geometry": {
        "type": "Point",
        "coordinates": [
          -80.9530555,
          44.5646551
        ]
      },
      "properties": {
        "node_id": "-80953056:44564655",
        "lat": 44.5646551,
        "lon": -80.9530555,
        "connected_way_names": [
          "9th Street West",
          "6th Avenue West"
        ],
        "connected_highway_tags": [
          "tertiary",
          "residential"
        ],
        "degree_merged": 2,
        "intersection_priority": "B",
        "visibility_score": 86,
        "sign_value": "high",
        "canvass_order": 3,
        "recommended_action": "visit when nearby; flyer first",
        "caveats": [
          "Do not place signs without property-owner permission.",
          "Avoid sightline obstruction.",
          "Respect election-sign bylaw setbacks and safety rules.",
          "Corner-lot estimate is for planning only, not a precise household count."
        ],
        "daily_priority_score": 116,
        "priority_reason": "higher-order to neighbourhood connector; multiple street-front exposures",
        "route_bucket": "highest visibility corner",
        "global_rank": 169,
        "daily_tier": "B",
        "suggested_day": "Day 12"
      }
    },
    {
      "type": "Feature",
      "geometry": {
        "type": "Point",
        "coordinates": [
          -80.9541581,
          44.5728107
        ]
      },
      "properties": {
        "node_id": "-80954158:44572811",
        "lat": 44.5728107,
        "lon": -80.9541581,
        "connected_way_names": [
          "13th Street A West",
          "Alpha Street"
        ],
        "connected_highway_tags": [
          "residential",
          "tertiary"
        ],
        "degree_merged": 2,
        "intersection_priority": "B",
        "visibility_score": 86,
        "sign_value": "high",
        "canvass_order": 3,
        "recommended_action": "visit when nearby; flyer first",
        "caveats": [
          "Do not place signs without property-owner permission.",
          "Avoid sightline obstruction.",
          "Respect election-sign bylaw setbacks and safety rules.",
          "Corner-lot estimate is for planning only, not a precise household count."
        ],
        "daily_priority_score": 116,
        "priority_reason": "higher-order to neighbourhood connector; multiple street-front exposures",
        "route_bucket": "highest visibility corner",
        "global_rank": 170,
        "daily_tier": "B",
        "suggested_day": "Day 12"
      }
    },
    {
      "type": "Feature",
      "geometry": {
        "type": "Point",
        "coordinates": [
          -80.9547795,
          44.5722866
        ]
      },
      "properties": {
        "node_id": "-80954779:44572287",
        "lat": 44.5722866,
        "lon": -80.9547795,
        "connected_way_names": [
          "Alpha Street",
          "6th Avenue West"
        ],
        "connected_highway_tags": [
          "tertiary",
          "residential"
        ],
        "degree_merged": 2,
        "intersection_priority": "B",
        "visibility_score": 86,
        "sign_value": "high",
        "canvass_order": 4,
        "recommended_action": "flyer-only / later saturation",
        "caveats": [
          "Do not place signs without property-owner permission.",
          "Avoid sightline obstruction.",
          "Respect election-sign bylaw setbacks and safety rules.",
          "Corner-lot estimate is for planning only, not a precise household count."
        ],
        "daily_priority_score": 116,
        "priority_reason": "higher-order to neighbourhood connector; multiple street-front exposures",
        "route_bucket": "highest visibility corner",
        "global_rank": 171,
        "daily_tier": "C",
        "suggested_day": "Day 12"
      }
    },
    {
      "type": "Feature",
      "geometry": {
        "type": "Point",
        "coordinates": [
          -80.9549775,
          44.5644454
        ]
      },
      "properties": {
        "node_id": "-80954977:44564445",
        "lat": 44.5644454,
        "lon": -80.9549775,
        "connected_way_names": [
          "9th Street West",
          "7th Avenue West"
        ],
        "connected_highway_tags": [
          "tertiary",
          "residential"
        ],
        "degree_merged": 2,
        "intersection_priority": "B",
        "visibility_score": 86,
        "sign_value": "high",
        "canvass_order": 4,
        "recommended_action": "flyer-only / later saturation",
        "caveats": [
          "Do not place signs without property-owner permission.",
          "Avoid sightline obstruction.",
          "Respect election-sign bylaw setbacks and safety rules.",
          "Corner-lot estimate is for planning only, not a precise household count."
        ],
        "daily_priority_score": 116,
        "priority_reason": "higher-order to neighbourhood connector; multiple street-front exposures",
        "route_bucket": "highest visibility corner",
        "global_rank": 172,
        "daily_tier": "C",
        "suggested_day": "Day 12"
      }
    },
    {
      "type": "Feature",
      "geometry": {
        "type": "Point",
        "coordinates": [
          -80.9556665,
          44.5715844
        ]
      },
      "properties": {
        "node_id": "-80955667:44571584",
        "lat": 44.5715844,
        "lon": -80.9556665,
        "connected_way_names": [
          "6th Avenue West",
          "Alpha Street"
        ],
        "connected_highway_tags": [
          "residential",
          "tertiary"
        ],
        "degree_merged": 2,
        "intersection_priority": "B",
        "visibility_score": 86,
        "sign_value": "high",
        "canvass_order": 4,
        "recommended_action": "flyer-only / later saturation",
        "caveats": [
          "Do not place signs without property-owner permission.",
          "Avoid sightline obstruction.",
          "Respect election-sign bylaw setbacks and safety rules.",
          "Corner-lot estimate is for planning only, not a precise household count."
        ],
        "daily_priority_score": 116,
        "priority_reason": "higher-order to neighbourhood connector; multiple street-front exposures",
        "route_bucket": "highest visibility corner",
        "global_rank": 173,
        "daily_tier": "C",
        "suggested_day": "Day 12"
      }
    },
    {
      "type": "Feature",
      "geometry": {
        "type": "Point",
        "coordinates": [
          -80.957245,
          44.5702568
        ]
      },
      "properties": {
        "node_id": "-80957245:44570257",
        "lat": 44.5702568,
        "lon": -80.957245,
        "connected_way_names": [
          "Alpha Street",
          "7th Avenue A West"
        ],
        "connected_highway_tags": [
          "tertiary",
          "residential"
        ],
        "degree_merged": 2,
        "intersection_priority": "B",
        "visibility_score": 86,
        "sign_value": "high",
        "canvass_order": 4,
        "recommended_action": "flyer-only / later saturation",
        "caveats": [
          "Do not place signs without property-owner permission.",
          "Avoid sightline obstruction.",
          "Respect election-sign bylaw setbacks and safety rules.",
          "Corner-lot estimate is for planning only, not a precise household count."
        ],
        "daily_priority_score": 116,
        "priority_reason": "higher-order to neighbourhood connector; multiple street-front exposures",
        "route_bucket": "highest visibility corner",
        "global_rank": 174,
        "daily_tier": "C",
        "suggested_day": "Day 12"
      }
    },
    {
      "type": "Feature",
      "geometry": {
        "type": "Point",
        "coordinates": [
          -80.9577543,
          44.5698223
        ]
      },
      "properties": {
        "node_id": "-80957754:44569822",
        "lat": 44.5698223,
        "lon": -80.9577543,
        "connected_way_names": [
          "12th Street West",
          "Alpha Street"
        ],
        "connected_highway_tags": [
          "residential",
          "tertiary"
        ],
        "degree_merged": 2,
        "intersection_priority": "B",
        "visibility_score": 86,
        "sign_value": "high",
        "canvass_order": 4,
        "recommended_action": "flyer-only / later saturation",
        "caveats": [
          "Do not place signs without property-owner permission.",
          "Avoid sightline obstruction.",
          "Respect election-sign bylaw setbacks and safety rules.",
          "Corner-lot estimate is for planning only, not a precise household count."
        ],
        "daily_priority_score": 116,
        "priority_reason": "higher-order to neighbourhood connector; multiple street-front exposures",
        "route_bucket": "highest visibility corner",
        "global_rank": 175,
        "daily_tier": "C",
        "suggested_day": "Day 12"
      }
    },
    {
      "type": "Feature",
      "geometry": {
        "type": "Point",
        "coordinates": [
          -80.9578791,
          44.5697158
        ]
      },
      "properties": {
        "node_id": "-80957879:44569716",
        "lat": 44.5697158,
        "lon": -80.9578791,
        "connected_way_names": [
          "Alpha Street",
          "8th Avenue West"
        ],
        "connected_highway_tags": [
          "tertiary",
          "residential"
        ],
        "degree_merged": 2,
        "intersection_priority": "B",
        "visibility_score": 86,
        "sign_value": "high",
        "canvass_order": 4,
        "recommended_action": "flyer-only / later saturation",
        "caveats": [
          "Do not place signs without property-owner permission.",
          "Avoid sightline obstruction.",
          "Respect election-sign bylaw setbacks and safety rules.",
          "Corner-lot estimate is for planning only, not a precise household count."
        ],
        "daily_priority_score": 116,
        "priority_reason": "higher-order to neighbourhood connector; multiple street-front exposures",
        "route_bucket": "highest visibility corner",
        "global_rank": 176,
        "daily_tier": "C",
        "suggested_day": "Day 12"
      }
    },
    {
      "type": "Feature",
      "geometry": {
        "type": "Point",
        "coordinates": [
          -80.9597354,
          44.5681552
        ]
      },
      "properties": {
        "node_id": "-80959735:44568155",
        "lat": 44.5681552,
        "lon": -80.9597354,
        "connected_way_names": [
          "9th Avenue W",
          "Alpha Street"
        ],
        "connected_highway_tags": [
          "residential",
          "tertiary"
        ],
        "degree_merged": 2,
        "intersection_priority": "B",
        "visibility_score": 86,
        "sign_value": "high",
        "canvass_order": 4,
        "recommended_action": "flyer-only / later saturation",
        "caveats": [
          "Do not place signs without property-owner permission.",
          "Avoid sightline obstruction.",
          "Respect election-sign bylaw setbacks and safety rules.",
          "Corner-lot estimate is for planning only, not a precise household count."
        ],
        "daily_priority_score": 116,
        "priority_reason": "higher-order to neighbourhood connector; multiple street-front exposures",
        "route_bucket": "highest visibility corner",
        "global_rank": 177,
        "daily_tier": "C",
        "suggested_day": "Day 12"
      }
    },
    {
      "type": "Feature",
      "geometry": {
        "type": "Point",
        "coordinates": [
          -80.9602819,
          44.5676762
        ]
      },
      "properties": {
        "node_id": "-80960282:44567676",
        "lat": 44.5676762,
        "lon": -80.9602819,
        "connected_way_names": [
          "Alpha Street",
          "11th Street West"
        ],
        "connected_highway_tags": [
          "tertiary",
          "residential"
        ],
        "degree_merged": 2,
        "intersection_priority": "B",
        "visibility_score": 86,
        "sign_value": "high",
        "canvass_order": 4,
        "recommended_action": "flyer-only / later saturation",
        "caveats": [
          "Do not place signs without property-owner permission.",
          "Avoid sightline obstruction.",
          "Respect election-sign bylaw setbacks and safety rules.",
          "Corner-lot estimate is for planning only, not a precise household count."
        ],
        "daily_priority_score": 116,
        "priority_reason": "higher-order to neighbourhood connector; multiple street-front exposures",
        "route_bucket": "highest visibility corner",
        "global_rank": 178,
        "daily_tier": "C",
        "suggested_day": "Day 12"
      }
    },
    {
      "type": "Feature",
      "geometry": {
        "type": "Point",
        "coordinates": [
          -80.9284175,
          44.5694102
        ]
      },
      "properties": {
        "node_id": "-80928417:44569410",
        "lat": 44.5694102,
        "lon": -80.9284175,
        "connected_way_names": [
          "10th Street East",
          "9th Avenue East"
        ],
        "connected_highway_tags": [
          "primary"
        ],
        "degree_merged": 2,
        "intersection_priority": "A",
        "visibility_score": 100,
        "sign_value": "high",
        "canvass_order": 4,
        "recommended_action": "flyer-only / later saturation",
        "caveats": [
          "Do not place signs without property-owner permission.",
          "Avoid sightline obstruction.",
          "Respect election-sign bylaw setbacks and safety rules.",
          "Corner-lot estimate is for planning only, not a precise household count."
        ],
        "daily_priority_score": 110,
        "priority_reason": "multiple street-front exposures",
        "route_bucket": "highest visibility corner",
        "global_rank": 179,
        "daily_tier": "C",
        "suggested_day": "Day 12"
      }
    },
    {
      "type": "Feature",
      "geometry": {
        "type": "Point",
        "coordinates": [
          -80.9284395,
          44.5695046
        ]
      },
      "properties": {
        "node_id": "-80928439:44569505",
        "lat": 44.5695046,
        "lon": -80.9284395,
        "connected_way_names": [
          "10th Street East",
          "9th Avenue East"
        ],
        "connected_highway_tags": [
          "primary"
        ],
        "degree_merged": 2,
        "intersection_priority": "A",
        "visibility_score": 100,
        "sign_value": "high",
        "canvass_order": 4,
        "recommended_action": "flyer-only / later saturation",
        "caveats": [
          "Do not place signs without property-owner permission.",
          "Avoid sightline obstruction.",
          "Respect election-sign bylaw setbacks and safety rules.",
          "Corner-lot estimate is for planning only, not a precise household count."
        ],
        "daily_priority_score": 110,
        "priority_reason": "multiple street-front exposures",
        "route_bucket": "highest visibility corner",
        "global_rank": 180,
        "daily_tier": "C",
        "suggested_day": "Day 12"
      }
    },
    {
      "type": "Feature",
      "geometry": {
        "type": "Point",
        "coordinates": [
          -80.9134758,
          44.6084104
        ]
      },
      "properties": {
        "node_id": "-80913476:44608410",
        "lat": 44.6084104,
        "lon": -80.9134758,
        "connected_way_names": [
          "East Bayshore Road",
          "Grey Road 15"
        ],
        "connected_highway_tags": [
          "secondary"
        ],
        "degree_merged": 2,
        "intersection_priority": "A",
        "visibility_score": 95,
        "sign_value": "high",
        "canvass_order": 4,
        "recommended_action": "flyer-only / later saturation",
        "caveats": [
          "Do not place signs without property-owner permission.",
          "Avoid sightline obstruction.",
          "Respect election-sign bylaw setbacks and safety rules.",
          "Corner-lot estimate is for planning only, not a precise household count."
        ],
        "daily_priority_score": 105,
        "priority_reason": "multiple street-front exposures",
        "route_bucket": "highest visibility corner",
        "global_rank": 181,
        "daily_tier": "C",
        "suggested_day": "Day 13"
      }
    },
    {
      "type": "Feature",
      "geometry": {
        "type": "Point",
        "coordinates": [
          -80.924141,
          44.592252
        ]
      },
      "properties": {
        "node_id": "-80924141:44592252",
        "lat": 44.592252,
        "lon": -80.924141,
        "connected_way_names": [
          "East Bay Shore Road",
          "3rd Avenue East"
        ],
        "connected_highway_tags": [
          "secondary"
        ],
        "degree_merged": 2,
        "intersection_priority": "A",
        "visibility_score": 95,
        "sign_value": "high",
        "canvass_order": 4,
        "recommended_action": "flyer-only / later saturation",
        "caveats": [
          "Do not place signs without property-owner permission.",
          "Avoid sightline obstruction.",
          "Respect election-sign bylaw setbacks and safety rules.",
          "Corner-lot estimate is for planning only, not a precise household count."
        ],
        "daily_priority_score": 105,
        "priority_reason": "multiple street-front exposures",
        "route_bucket": "highest visibility corner",
        "global_rank": 182,
        "daily_tier": "C",
        "suggested_day": "Day 13"
      }
    },
    {
      "type": "Feature",
      "geometry": {
        "type": "Point",
        "coordinates": [
          -80.9472745,
          44.5835319
        ]
      },
      "properties": {
        "node_id": "-80947275:44583532",
        "lat": 44.5835319,
        "lon": -80.9472745,
        "connected_way_names": [
          "3rd Avenue West",
          "Eddy Sargeant Parkway"
        ],
        "connected_highway_tags": [
          "secondary"
        ],
        "degree_merged": 2,
        "intersection_priority": "A",
        "visibility_score": 95,
        "sign_value": "high",
        "canvass_order": 4,
        "recommended_action": "flyer-only / later saturation",
        "caveats": [
          "Do not place signs without property-owner permission.",
          "Avoid sightline obstruction.",
          "Respect election-sign bylaw setbacks and safety rules.",
          "Corner-lot estimate is for planning only, not a precise household count."
        ],
        "daily_priority_score": 105,
        "priority_reason": "multiple street-front exposures",
        "route_bucket": "highest visibility corner",
        "global_rank": 183,
        "daily_tier": "C",
        "suggested_day": "Day 13"
      }
    },
    {
      "type": "Feature",
      "geometry": {
        "type": "Point",
        "coordinates": [
          -80.9154099,
          44.570903
        ]
      },
      "properties": {
        "node_id": "-80915410:44570903",
        "lat": 44.570903,
        "lon": -80.9154099,
        "connected_way_names": [
          "16th Avenue East",
          "18th Avenue East"
        ],
        "connected_highway_tags": [
          "tertiary"
        ],
        "degree_merged": 3,
        "intersection_priority": "A",
        "visibility_score": 93,
        "sign_value": "high",
        "canvass_order": 4,
        "recommended_action": "flyer-only / later saturation",
        "caveats": [
          "Do not place signs without property-owner permission.",
          "Avoid sightline obstruction.",
          "Respect election-sign bylaw setbacks and safety rules.",
          "Corner-lot estimate is for planning only, not a precise household count."
        ],
        "daily_priority_score": 103,
        "priority_reason": "multiple street-front exposures",
        "route_bucket": "highest visibility corner",
        "global_rank": 184,
        "daily_tier": "C",
        "suggested_day": "Day 13"
      }
    },
    {
      "type": "Feature",
      "geometry": {
        "type": "Point",
        "coordinates": [
          -80.9204901,
          44.594081
        ]
      },
      "properties": {
        "node_id": "-80920490:44594081",
        "lat": 44.594081,
        "lon": -80.9204901,
        "connected_way_names": [
          "3rd Avenue East",
          "28th Street East"
        ],
        "connected_highway_tags": [
          "tertiary"
        ],
        "degree_merged": 2,
        "intersection_priority": "B",
        "visibility_score": 83,
        "sign_value": "high",
        "canvass_order": 4,
        "recommended_action": "flyer-only / later saturation",
        "caveats": [
          "Do not place signs without property-owner permission.",
          "Avoid sightline obstruction.",
          "Respect election-sign bylaw setbacks and safety rules.",
          "Corner-lot estimate is for planning only, not a precise household count."
        ],
        "daily_priority_score": 93,
        "priority_reason": "multiple street-front exposures",
        "route_bucket": "highest visibility corner",
        "global_rank": 185,
        "daily_tier": "C",
        "suggested_day": "Day 13"
      }
    },
    {
      "type": "Feature",
      "geometry": {
        "type": "Point",
        "coordinates": [
          -80.9424071,
          44.5639429
        ]
      },
      "properties": {
        "node_id": "-80942407:44563943",
        "lat": 44.5639429,
        "lon": -80.9424071,
        "connected_way_names": [
          "2nd Avenue East",
          "8th Street East"
        ],
        "connected_highway_tags": [
          "tertiary"
        ],
        "degree_merged": 2,
        "intersection_priority": "B",
        "visibility_score": 83,
        "sign_value": "high",
        "canvass_order": 4,
        "recommended_action": "flyer-only / later saturation",
        "caveats": [
          "Do not place signs without property-owner permission.",
          "Avoid sightline obstruction.",
          "Respect election-sign bylaw setbacks and safety rules.",
          "Corner-lot estimate is for planning only, not a precise household count."
        ],
        "daily_priority_score": 93,
        "priority_reason": "multiple street-front exposures",
        "route_bucket": "highest visibility corner",
        "global_rank": 186,
        "daily_tier": "C",
        "suggested_day": "Day 13"
      }
    },
    {
      "type": "Feature",
      "geometry": {
        "type": "Point",
        "coordinates": [
          -80.9428321,
          44.5658331
        ]
      },
      "properties": {
        "node_id": "-80942832:44565833",
        "lat": 44.5658331,
        "lon": -80.9428321,
        "connected_way_names": [
          "9th Street East",
          "2nd Avenue East"
        ],
        "connected_highway_tags": [
          "tertiary"
        ],
        "degree_merged": 2,
        "intersection_priority": "B",
        "visibility_score": 83,
        "sign_value": "high",
        "canvass_order": 4,
        "recommended_action": "flyer-only / later saturation",
        "caveats": [
          "Do not place signs without property-owner permission.",
          "Avoid sightline obstruction.",
          "Respect election-sign bylaw setbacks and safety rules.",
          "Corner-lot estimate is for planning only, not a precise household count."
        ],
        "daily_priority_score": 93,
        "priority_reason": "multiple street-front exposures",
        "route_bucket": "highest visibility corner",
        "global_rank": 187,
        "daily_tier": "C",
        "suggested_day": "Day 13"
      }
    },
    {
      "type": "Feature",
      "geometry": {
        "type": "Point",
        "coordinates": [
          -80.9441008,
          44.5637536
        ]
      },
      "properties": {
        "node_id": "-80944101:44563754",
        "lat": 44.5637536,
        "lon": -80.9441008,
        "connected_way_names": [
          "8th Street East",
          "8th Street West"
        ],
        "connected_highway_tags": [
          "tertiary"
        ],
        "degree_merged": 2,
        "intersection_priority": "B",
        "visibility_score": 83,
        "sign_value": "high",
        "canvass_order": 4,
        "recommended_action": "flyer-only / later saturation",
        "caveats": [
          "Do not place signs without property-owner permission.",
          "Avoid sightline obstruction.",
          "Respect election-sign bylaw setbacks and safety rules.",
          "Corner-lot estimate is for planning only, not a precise household count."
        ],
        "daily_priority_score": 93,
        "priority_reason": "multiple street-front exposures",
        "route_bucket": "highest visibility corner",
        "global_rank": 188,
        "daily_tier": "C",
        "suggested_day": "Day 13"
      }
    },
    {
      "type": "Feature",
      "geometry": {
        "type": "Point",
        "coordinates": [
          -80.9441792,
          44.5656706
        ]
      },
      "properties": {
        "node_id": "-80944179:44565671",
        "lat": 44.5656706,
        "lon": -80.9441792,
        "connected_way_names": [
          "9th Street West",
          "9th Street W"
        ],
        "connected_highway_tags": [
          "tertiary"
        ],
        "degree_merged": 2,
        "intersection_priority": "B",
        "visibility_score": 83,
        "sign_value": "high",
        "canvass_order": 4,
        "recommended_action": "flyer-only / later saturation",
        "caveats": [
          "Do not place signs without property-owner permission.",
          "Avoid sightline obstruction.",
          "Respect election-sign bylaw setbacks and safety rules.",
          "Corner-lot estimate is for planning only, not a precise household count."
        ],
        "daily_priority_score": 93,
        "priority_reason": "multiple street-front exposures",
        "route_bucket": "highest visibility corner",
        "global_rank": 189,
        "daily_tier": "C",
        "suggested_day": "Day 13"
      }
    },
    {
      "type": "Feature",
      "geometry": {
        "type": "Point",
        "coordinates": [
          -80.9457016,
          44.5654965
        ]
      },
      "properties": {
        "node_id": "-80945702:44565497",
        "lat": 44.5654965,
        "lon": -80.9457016,
        "connected_way_names": [
          "9th Street West",
          "2nd Avenue West"
        ],
        "connected_highway_tags": [
          "tertiary"
        ],
        "degree_merged": 2,
        "intersection_priority": "B",
        "visibility_score": 83,
        "sign_value": "high",
        "canvass_order": 4,
        "recommended_action": "flyer-only / later saturation",
        "caveats": [
          "Do not place signs without property-owner permission.",
          "Avoid sightline obstruction.",
          "Respect election-sign bylaw setbacks and safety rules.",
          "Corner-lot estimate is for planning only, not a precise household count."
        ],
        "daily_priority_score": 93,
        "priority_reason": "multiple street-front exposures",
        "route_bucket": "highest visibility corner",
        "global_rank": 190,
        "daily_tier": "C",
        "suggested_day": "Day 13"
      }
    },
    {
      "type": "Feature",
      "geometry": {
        "type": "Point",
        "coordinates": [
          -80.9479534,
          44.5870219
        ]
      },
      "properties": {
        "node_id": "-80947953:44587022",
        "lat": 44.5870219,
        "lon": -80.9479534,
        "connected_way_names": [
          "4th Avenue West",
          "24th Street West"
        ],
        "connected_highway_tags": [
          "tertiary"
        ],
        "degree_merged": 2,
        "intersection_priority": "B",
        "visibility_score": 83,
        "sign_value": "high",
        "canvass_order": 4,
        "recommended_action": "flyer-only / later saturation",
        "caveats": [
          "Do not place signs without property-owner permission.",
          "Avoid sightline obstruction.",
          "Respect election-sign bylaw setbacks and safety rules.",
          "Corner-lot estimate is for planning only, not a precise household count."
        ],
        "daily_priority_score": 93,
        "priority_reason": "multiple street-front exposures",
        "route_bucket": "highest visibility corner",
        "global_rank": 191,
        "daily_tier": "C",
        "suggested_day": "Day 13"
      }
    },
    {
      "type": "Feature",
      "geometry": {
        "type": "Point",
        "coordinates": [
          -80.9510693,
          44.5740922
        ]
      },
      "properties": {
        "node_id": "-80951069:44574092",
        "lat": 44.5740922,
        "lon": -80.9510693,
        "connected_way_names": [
          "4th Avenue West",
          "14th Street West"
        ],
        "connected_highway_tags": [
          "tertiary"
        ],
        "degree_merged": 2,
        "intersection_priority": "B",
        "visibility_score": 83,
        "sign_value": "high",
        "canvass_order": 4,
        "recommended_action": "flyer-only / later saturation",
        "caveats": [
          "Do not place signs without property-owner permission.",
          "Avoid sightline obstruction.",
          "Respect election-sign bylaw setbacks and safety rules.",
          "Corner-lot estimate is for planning only, not a precise household count."
        ],
        "daily_priority_score": 93,
        "priority_reason": "multiple street-front exposures",
        "route_bucket": "highest visibility corner",
        "global_rank": 192,
        "daily_tier": "C",
        "suggested_day": "Day 13"
      }
    },
    {
      "type": "Feature",
      "geometry": {
        "type": "Point",
        "coordinates": [
          -80.9590099,
          44.5640312
        ]
      },
      "properties": {
        "node_id": "-80959010:44564031",
        "lat": 44.5640312,
        "lon": -80.9590099,
        "connected_way_names": [
          "9th Street West",
          "8th Avenue West"
        ],
        "connected_highway_tags": [
          "tertiary"
        ],
        "degree_merged": 2,
        "intersection_priority": "B",
        "visibility_score": 83,
        "sign_value": "high",
        "canvass_order": 4,
        "recommended_action": "flyer-only / later saturation",
        "caveats": [
          "Do not place signs without property-owner permission.",
          "Avoid sightline obstruction.",
          "Respect election-sign bylaw setbacks and safety rules.",
          "Corner-lot estimate is for planning only, not a precise household count."
        ],
        "daily_priority_score": 93,
        "priority_reason": "multiple street-front exposures",
        "route_bucket": "highest visibility corner",
        "global_rank": 193,
        "daily_tier": "C",
        "suggested_day": "Day 13"
      }
    },
    {
      "type": "Feature",
      "geometry": {
        "type": "Point",
        "coordinates": [
          -80.8918694,
          44.5621827
        ]
      },
      "properties": {
        "node_id": "-80891869:44562183",
        "lat": 44.5621827,
        "lon": -80.8918694,
        "connected_way_names": [
          "28th Avenue East",
          "10th Concession South",
          "Superior Street"
        ],
        "connected_highway_tags": [
          "unclassified",
          "residential"
        ],
        "degree_merged": 3,
        "intersection_priority": "B",
        "visibility_score": 78,
        "sign_value": "high",
        "canvass_order": 4,
        "recommended_action": "flyer-only / later saturation",
        "caveats": [
          "Do not place signs without property-owner permission.",
          "Avoid sightline obstruction.",
          "Respect election-sign bylaw setbacks and safety rules.",
          "Corner-lot estimate is for planning only, not a precise household count."
        ],
        "daily_priority_score": 58,
        "priority_reason": "multiple street-front exposures; mostly local-street exposure",
        "route_bucket": "neighbourhood connector corner",
        "global_rank": 194,
        "daily_tier": "C",
        "suggested_day": "Day 13"
      }
    },
    {
      "type": "Feature",
      "geometry": {
        "type": "Point",
        "coordinates": [
          -80.8989781,
          44.5931224
        ]
      },
      "properties": {
        "node_id": "-80898978:44593122",
        "lat": 44.5931224,
        "lon": -80.8989781,
        "connected_way_names": [
          "28th Avenue East",
          "21 Sideroad",
          "26th Street East"
        ],
        "connected_highway_tags": [
          "unclassified"
        ],
        "degree_merged": 3,
        "intersection_priority": "C",
        "visibility_score": 75,
        "sign_value": "medium",
        "canvass_order": 4,
        "recommended_action": "flyer-only / later saturation",
        "caveats": [
          "Do not place signs without property-owner permission.",
          "Avoid sightline obstruction.",
          "Respect election-sign bylaw setbacks and safety rules.",
          "Corner-lot estimate is for planning only, not a precise household count."
        ],
        "daily_priority_score": 55,
        "priority_reason": "multiple street-front exposures; mostly local-street exposure",
        "route_bucket": "neighbourhood connector corner",
        "global_rank": 195,
        "daily_tier": "C",
        "suggested_day": "Day 13"
      }
    },
    {
      "type": "Feature",
      "geometry": {
        "type": "Point",
        "coordinates": [
          -80.9419503,
          44.5723955
        ]
      },
      "properties": {
        "node_id": "-80941950:44572396",
        "lat": 44.5723955,
        "lon": -80.9419503,
        "connected_way_names": [
          "12th Street East",
          "1st Avenue East",
          "13th Street East"
        ],
        "connected_highway_tags": [
          "unclassified"
        ],
        "degree_merged": 3,
        "intersection_priority": "C",
        "visibility_score": 75,
        "sign_value": "medium",
        "canvass_order": 4,
        "recommended_action": "flyer-only / later saturation",
        "caveats": [
          "Do not place signs without property-owner permission.",
          "Avoid sightline obstruction.",
          "Respect election-sign bylaw setbacks and safety rules.",
          "Corner-lot estimate is for planning only, not a precise household count."
        ],
        "daily_priority_score": 55,
        "priority_reason": "multiple street-front exposures; mostly local-street exposure",
        "route_bucket": "neighbourhood connector corner",
        "global_rank": 196,
        "daily_tier": "C",
        "suggested_day": "Day 14"
      }
    },
    {
      "type": "Feature",
      "geometry": {
        "type": "Point",
        "coordinates": [
          -80.9205523,
          44.5928508
        ]
      },
      "properties": {
        "node_id": "-80920552:44592851",
        "lat": 44.5928508,
        "lon": -80.9205523,
        "connected_way_names": [
          "7th Avenue East",
          "27th Street East",
          "8th Avenue A East"
        ],
        "connected_highway_tags": [
          "residential"
        ],
        "degree_merged": 3,
        "intersection_priority": "C",
        "visibility_score": 75,
        "sign_value": "medium",
        "canvass_order": 4,
        "recommended_action": "flyer-only / later saturation",
        "caveats": [
          "Do not place signs without property-owner permission.",
          "Avoid sightline obstruction.",
          "Respect election-sign bylaw setbacks and safety rules.",
          "Corner-lot estimate is for planning only, not a precise household count."
        ],
        "daily_priority_score": 55,
        "priority_reason": "multiple street-front exposures; mostly local-street exposure",
        "route_bucket": "neighbourhood connector corner",
        "global_rank": 197,
        "daily_tier": "C",
        "suggested_day": "Day 14"
      }
    },
    {
      "type": "Feature",
      "geometry": {
        "type": "Point",
        "coordinates": [
          -80.9258572,
          44.5713024
        ]
      },
      "properties": {
        "node_id": "-80925857:44571302",
        "lat": 44.5713024,
        "lon": -80.9258572,
        "connected_way_names": [
          "10th Avenue East",
          "12th Street East",
          "15th a Street East"
        ],
        "connected_highway_tags": [
          "residential"
        ],
        "degree_merged": 3,
        "intersection_priority": "C",
        "visibility_score": 75,
        "sign_value": "medium",
        "canvass_order": 4,
        "recommended_action": "flyer-only / later saturation",
        "caveats": [
          "Do not place signs without property-owner permission.",
          "Avoid sightline obstruction.",
          "Respect election-sign bylaw setbacks and safety rules.",
          "Corner-lot estimate is for planning only, not a precise household count."
        ],
        "daily_priority_score": 55,
        "priority_reason": "multiple street-front exposures; mostly local-street exposure",
        "route_bucket": "neighbourhood connector corner",
        "global_rank": 198,
        "daily_tier": "C",
        "suggested_day": "Day 14"
      }
    },
    {
      "type": "Feature",
      "geometry": {
        "type": "Point",
        "coordinates": [
          -80.9261606,
          44.5717345
        ]
      },
      "properties": {
        "node_id": "-80926161:44571735",
        "lat": 44.5717345,
        "lon": -80.9261606,
        "connected_way_names": [
          "15th Street A East",
          "15th a Street East",
          "15th Street B East"
        ],
        "connected_highway_tags": [
          "residential"
        ],
        "degree_merged": 3,
        "intersection_priority": "C",
        "visibility_score": 75,
        "sign_value": "medium",
        "canvass_order": 4,
        "recommended_action": "flyer-only / later saturation",
        "caveats": [
          "Do not place signs without property-owner permission.",
          "Avoid sightline obstruction.",
          "Respect election-sign bylaw setbacks and safety rules.",
          "Corner-lot estimate is for planning only, not a precise household count."
        ],
        "daily_priority_score": 55,
        "priority_reason": "multiple street-front exposures; mostly local-street exposure",
        "route_bucket": "neighbourhood connector corner",
        "global_rank": 199,
        "daily_tier": "C",
        "suggested_day": "Day 14"
      }
    },
    {
      "type": "Feature",
      "geometry": {
        "type": "Point",
        "coordinates": [
          -80.942972,
          44.5587864
        ]
      },
      "properties": {
        "node_id": "-80942972:44558786",
        "lat": 44.5587864,
        "lon": -80.942972,
        "connected_way_names": [
          "5th Street East",
          "5th Street A East",
          "Sydenham Crescent"
        ],
        "connected_highway_tags": [
          "residential"
        ],
        "degree_merged": 3,
        "intersection_priority": "C",
        "visibility_score": 75,
        "sign_value": "medium",
        "canvass_order": 4,
        "recommended_action": "flyer-only / later saturation",
        "caveats": [
          "Do not place signs without property-owner permission.",
          "Avoid sightline obstruction.",
          "Respect election-sign bylaw setbacks and safety rules.",
          "Corner-lot estimate is for planning only, not a precise household count."
        ],
        "daily_priority_score": 55,
        "priority_reason": "multiple street-front exposures; mostly local-street exposure",
        "route_bucket": "neighbourhood connector corner",
        "global_rank": 200,
        "daily_tier": "C",
        "suggested_day": "Day 14"
      }
    },
    {
      "type": "Feature",
      "geometry": {
        "type": "Point",
        "coordinates": [
          -80.9499438,
          44.5573309
        ]
      },
      "properties": {
        "node_id": "-80949944:44557331",
        "lat": 44.5573309,
        "lon": -80.9499438,
        "connected_way_names": [
          "4th Street A West",
          "5th Street West",
          "5th Avenue West"
        ],
        "connected_highway_tags": [
          "residential"
        ],
        "degree_merged": 3,
        "intersection_priority": "C",
        "visibility_score": 75,
        "sign_value": "medium",
        "canvass_order": 4,
        "recommended_action": "flyer-only / later saturation",
        "caveats": [
          "Do not place signs without property-owner permission.",
          "Avoid sightline obstruction.",
          "Respect election-sign bylaw setbacks and safety rules.",
          "Corner-lot estimate is for planning only, not a precise household count."
        ],
        "daily_priority_score": 55,
        "priority_reason": "multiple street-front exposures; mostly local-street exposure",
        "route_bucket": "neighbourhood connector corner",
        "global_rank": 201,
        "daily_tier": "C",
        "suggested_day": "Day 14"
      }
    },
    {
      "type": "Feature",
      "geometry": {
        "type": "Point",
        "coordinates": [
          -80.9528444,
          44.5718107
        ]
      },
      "properties": {
        "node_id": "-80952844:44571811",
        "lat": 44.5718107,
        "lon": -80.9528444,
        "connected_way_names": [
          "5th Avenue W",
          "13th Street West",
          "5th Avenue West"
        ],
        "connected_highway_tags": [
          "residential"
        ],
        "degree_merged": 3,
        "intersection_priority": "C",
        "visibility_score": 75,
        "sign_value": "medium",
        "canvass_order": 4,
        "recommended_action": "flyer-only / later saturation",
        "caveats": [
          "Do not place signs without property-owner permission.",
          "Avoid sightline obstruction.",
          "Respect election-sign bylaw setbacks and safety rules.",
          "Corner-lot estimate is for planning only, not a precise household count."
        ],
        "daily_priority_score": 55,
        "priority_reason": "multiple street-front exposures; mostly local-street exposure",
        "route_bucket": "neighbourhood connector corner",
        "global_rank": 202,
        "daily_tier": "C",
        "suggested_day": "Day 14"
      }
    },
    {
      "type": "Feature",
      "geometry": {
        "type": "Point",
        "coordinates": [
          -80.9229337,
          44.5725338
        ]
      },
      "properties": {
        "node_id": "-80922934:44572534",
        "lat": 44.5725338,
        "lon": -80.9229337,
        "connected_way_names": [
          "15th Street B East",
          "12th Avenue East"
        ],
        "connected_highway_tags": [
          "residential",
          "unclassified"
        ],
        "degree_merged": 2,
        "intersection_priority": "D",
        "visibility_score": 62,
        "sign_value": "medium",
        "canvass_order": 4,
        "recommended_action": "flyer-only / later saturation",
        "caveats": [
          "Do not place signs without property-owner permission.",
          "Avoid sightline obstruction.",
          "Respect election-sign bylaw setbacks and safety rules.",
          "Corner-lot estimate is for planning only, not a precise household count."
        ],
        "daily_priority_score": 17,
        "priority_reason": "multiple street-front exposures; mostly local-street exposure",
        "route_bucket": "local residential corner",
        "global_rank": 203,
        "daily_tier": "C",
        "suggested_day": "Day 14"
      }
    },
    {
      "type": "Feature",
      "geometry": {
        "type": "Point",
        "coordinates": [
          -80.9368861,
          44.5771308
        ]
      },
      "properties": {
        "node_id": "-80936886:44577131",
        "lat": 44.5771308,
        "lon": -80.9368861,
        "connected_way_names": [
          "17th Street East",
          "2nd Avenue East"
        ],
        "connected_highway_tags": [
          "unclassified",
          "residential"
        ],
        "degree_merged": 2,
        "intersection_priority": "D",
        "visibility_score": 62,
        "sign_value": "medium",
        "canvass_order": 4,
        "recommended_action": "flyer-only / later saturation",
        "caveats": [
          "Do not place signs without property-owner permission.",
          "Avoid sightline obstruction.",
          "Respect election-sign bylaw setbacks and safety rules.",
          "Corner-lot estimate is for planning only, not a precise household count."
        ],
        "daily_priority_score": 17,
        "priority_reason": "multiple street-front exposures; mostly local-street exposure",
        "route_bucket": "local residential corner",
        "global_rank": 204,
        "daily_tier": "C",
        "suggested_day": "Day 14"
      }
    },
    {
      "type": "Feature",
      "geometry": {
        "type": "Point",
        "coordinates": [
          -80.9383087,
          44.575334
        ]
      },
      "properties": {
        "node_id": "-80938309:44575334",
        "lat": 44.575334,
        "lon": -80.9383087,
        "connected_way_names": [
          "14th Street East",
          "2nd Avenue East"
        ],
        "connected_highway_tags": [
          "residential",
          "unclassified"
        ],
        "degree_merged": 2,
        "intersection_priority": "D",
        "visibility_score": 62,
        "sign_value": "medium",
        "canvass_order": 4,
        "recommended_action": "flyer-only / later saturation",
        "caveats": [
          "Do not place signs without property-owner permission.",
          "Avoid sightline obstruction.",
          "Respect election-sign bylaw setbacks and safety rules.",
          "Corner-lot estimate is for planning only, not a precise household count."
        ],
        "daily_priority_score": 17,
        "priority_reason": "multiple street-front exposures; mostly local-street exposure",
        "route_bucket": "local residential corner",
        "global_rank": 205,
        "daily_tier": "C",
        "suggested_day": "Day 14"
      }
    },
    {
      "type": "Feature",
      "geometry": {
        "type": "Point",
        "coordinates": [
          -80.939131,
          44.5662627
        ]
      },
      "properties": {
        "node_id": "-80939131:44566263",
        "lat": 44.5662627,
        "lon": -80.939131,
        "connected_way_names": [
          "9th Street East",
          "4th Avenue East"
        ],
        "connected_highway_tags": [
          "unclassified",
          "residential"
        ],
        "degree_merged": 2,
        "intersection_priority": "D",
        "visibility_score": 62,
        "sign_value": "medium",
        "canvass_order": 4,
        "recommended_action": "flyer-only / later saturation",
        "caveats": [
          "Do not place signs without property-owner permission.",
          "Avoid sightline obstruction.",
          "Respect election-sign bylaw setbacks and safety rules.",
          "Corner-lot estimate is for planning only, not a precise household count."
        ],
        "daily_priority_score": 17,
        "priority_reason": "multiple street-front exposures; mostly local-street exposure",
        "route_bucket": "local residential corner",
        "global_rank": 206,
        "daily_tier": "C",
        "suggested_day": "Day 14"
      }
    },
    {
      "type": "Feature",
      "geometry": {
        "type": "Point",
        "coordinates": [
          -80.9394315,
          44.5736151
        ]
      },
      "properties": {
        "node_id": "-80939431:44573615",
        "lat": 44.5736151,
        "lon": -80.9394315,
        "connected_way_names": [
          "13th Street East",
          "2nd Avenue East"
        ],
        "connected_highway_tags": [
          "residential",
          "unclassified"
        ],
        "degree_merged": 2,
        "intersection_priority": "D",
        "visibility_score": 62,
        "sign_value": "medium",
        "canvass_order": 4,
        "recommended_action": "flyer-only / later saturation",
        "caveats": [
          "Do not place signs without property-owner permission.",
          "Avoid sightline obstruction.",
          "Respect election-sign bylaw setbacks and safety rules.",
          "Corner-lot estimate is for planning only, not a precise household count."
        ],
        "daily_priority_score": 17,
        "priority_reason": "multiple street-front exposures; mostly local-street exposure",
        "route_bucket": "local residential corner",
        "global_rank": 207,
        "daily_tier": "C",
        "suggested_day": "Day 14"
      }
    },
    {
      "type": "Feature",
      "geometry": {
        "type": "Point",
        "coordinates": [
          -80.9405663,
          44.5719278
        ]
      },
      "properties": {
        "node_id": "-80940566:44571928",
        "lat": 44.5719278,
        "lon": -80.9405663,
        "connected_way_names": [
          "12th Street East",
          "2nd Avenue East"
        ],
        "connected_highway_tags": [
          "unclassified",
          "residential"
        ],
        "degree_merged": 2,
        "intersection_priority": "D",
        "visibility_score": 62,
        "sign_value": "medium",
        "canvass_order": 4,
        "recommended_action": "flyer-only / later saturation",
        "caveats": [
          "Do not place signs without property-owner permission.",
          "Avoid sightline obstruction.",
          "Respect election-sign bylaw setbacks and safety rules.",
          "Corner-lot estimate is for planning only, not a precise household count."
        ],
        "daily_priority_score": 17,
        "priority_reason": "multiple street-front exposures; mostly local-street exposure",
        "route_bucket": "local residential corner",
        "global_rank": 208,
        "daily_tier": "C",
        "suggested_day": "Day 14"
      }
    },
    {
      "type": "Feature",
      "geometry": {
        "type": "Point",
        "coordinates": [
          -80.9429745,
          44.5619827
        ]
      },
      "properties": {
        "node_id": "-80942975:44561983",
        "lat": 44.5619827,
        "lon": -80.9429745,
        "connected_way_names": [
          "1st Avenue East",
          "7th Street East"
        ],
        "connected_highway_tags": [
          "unclassified",
          "residential"
        ],
        "degree_merged": 2,
        "intersection_priority": "D",
        "visibility_score": 62,
        "sign_value": "medium",
        "canvass_order": 4,
        "recommended_action": "flyer-only / later saturation",
        "caveats": [
          "Do not place signs without property-owner permission.",
          "Avoid sightline obstruction.",
          "Respect election-sign bylaw setbacks and safety rules.",
          "Corner-lot estimate is for planning only, not a precise household count."
        ],
        "daily_priority_score": 17,
        "priority_reason": "multiple street-front exposures; mostly local-street exposure",
        "route_bucket": "local residential corner",
        "global_rank": 209,
        "daily_tier": "C",
        "suggested_day": "Day 14"
      }
    },
    {
      "type": "Feature",
      "geometry": {
        "type": "Point",
        "coordinates": [
          -80.9446818,
          44.5694241
        ]
      },
      "properties": {
        "node_id": "-80944682:44569424",
        "lat": 44.5694241,
        "lon": -80.9446818,
        "connected_way_names": [
          "1st Avenue West",
          "11th Street West"
        ],
        "connected_highway_tags": [
          "unclassified",
          "residential"
        ],
        "degree_merged": 2,
        "intersection_priority": "D",
        "visibility_score": 62,
        "sign_value": "medium",
        "canvass_order": 4,
        "recommended_action": "flyer-only / later saturation",
        "caveats": [
          "Do not place signs without property-owner permission.",
          "Avoid sightline obstruction.",
          "Respect election-sign bylaw setbacks and safety rules.",
          "Corner-lot estimate is for planning only, not a precise household count."
        ],
        "daily_priority_score": 17,
        "priority_reason": "multiple street-front exposures; mostly local-street exposure",
        "route_bucket": "local residential corner",
        "global_rank": 210,
        "daily_tier": "C",
        "suggested_day": "Day 14"
      }
    },
    {
      "type": "Feature",
      "geometry": {
        "type": "Point",
        "coordinates": [
          -80.9452274,
          44.5717565
        ]
      },
      "properties": {
        "node_id": "-80945227:44571757",
        "lat": 44.5717565,
        "lon": -80.9452274,
        "connected_way_names": [
          "1st Avenue West",
          "12th Street West"
        ],
        "connected_highway_tags": [
          "residential",
          "unclassified"
        ],
        "degree_merged": 2,
        "intersection_priority": "D",
        "visibility_score": 62,
        "sign_value": "medium",
        "canvass_order": 4,
        "recommended_action": "flyer-only / later saturation",
        "caveats": [
          "Do not place signs without property-owner permission.",
          "Avoid sightline obstruction.",
          "Respect election-sign bylaw setbacks and safety rules.",
          "Corner-lot estimate is for planning only, not a precise household count."
        ],
        "daily_priority_score": 17,
        "priority_reason": "multiple street-front exposures; mostly local-street exposure",
        "route_bucket": "local residential corner",
        "global_rank": 211,
        "daily_tier": "C",
        "suggested_day": "Day 15"
      }
    },
    {
      "type": "Feature",
      "geometry": {
        "type": "Point",
        "coordinates": [
          -80.9454954,
          44.5730397
        ]
      },
      "properties": {
        "node_id": "-80945495:44573040",
        "lat": 44.5730397,
        "lon": -80.9454954,
        "connected_way_names": [
          "1st Avenue West",
          "14th Street West"
        ],
        "connected_highway_tags": [
          "residential",
          "unclassified"
        ],
        "degree_merged": 2,
        "intersection_priority": "D",
        "visibility_score": 62,
        "sign_value": "medium",
        "canvass_order": 4,
        "recommended_action": "flyer-only / later saturation",
        "caveats": [
          "Do not place signs without property-owner permission.",
          "Avoid sightline obstruction.",
          "Respect election-sign bylaw setbacks and safety rules.",
          "Corner-lot estimate is for planning only, not a precise household count."
        ],
        "daily_priority_score": 17,
        "priority_reason": "multiple street-front exposures; mostly local-street exposure",
        "route_bucket": "local residential corner",
        "global_rank": 212,
        "daily_tier": "C",
        "suggested_day": "Day 15"
      }
    },
    {
      "type": "Feature",
      "geometry": {
        "type": "Point",
        "coordinates": [
          -80.9008574,
          44.6013669
        ]
      },
      "properties": {
        "node_id": "-80900857:44601367",
        "lat": 44.6013669,
        "lon": -80.9008574,
        "connected_way_names": [
          "28th Avenue East",
          "28th Avenue East / Tom Thomson Trail"
        ],
        "connected_highway_tags": [
          "unclassified"
        ],
        "degree_merged": 2,
        "intersection_priority": "D",
        "visibility_score": 59,
        "sign_value": "medium",
        "canvass_order": 4,
        "recommended_action": "flyer-only / later saturation",
        "caveats": [
          "Do not place signs without property-owner permission.",
          "Avoid sightline obstruction.",
          "Respect election-sign bylaw setbacks and safety rules.",
          "Corner-lot estimate is for planning only, not a precise household count."
        ],
        "daily_priority_score": 14,
        "priority_reason": "multiple street-front exposures; mostly local-street exposure",
        "route_bucket": "local residential corner",
        "global_rank": 213,
        "daily_tier": "C",
        "suggested_day": "Day 15"
      }
    },
    {
      "type": "Feature",
      "geometry": {
        "type": "Point",
        "coordinates": [
          -80.9008673,
          44.6014104
        ]
      },
      "properties": {
        "node_id": "-80900867:44601410",
        "lat": 44.6014104,
        "lon": -80.9008673,
        "connected_way_names": [
          "32nd Street East",
          "28th Avenue East / Tom Thomson Trail"
        ],
        "connected_highway_tags": [
          "unclassified"
        ],
        "degree_merged": 2,
        "intersection_priority": "D",
        "visibility_score": 59,
        "sign_value": "medium",
        "canvass_order": 4,
        "recommended_action": "flyer-only / later saturation",
        "caveats": [
          "Do not place signs without property-owner permission.",
          "Avoid sightline obstruction.",
          "Respect election-sign bylaw setbacks and safety rules.",
          "Corner-lot estimate is for planning only, not a precise household count."
        ],
        "daily_priority_score": 14,
        "priority_reason": "multiple street-front exposures; mostly local-street exposure",
        "route_bucket": "local residential corner",
        "global_rank": 214,
        "daily_tier": "C",
        "suggested_day": "Day 15"
      }
    },
    {
      "type": "Feature",
      "geometry": {
        "type": "Point",
        "coordinates": [
          -80.9079905,
          44.5771198
        ]
      },
      "properties": {
        "node_id": "-80907990:44577120",
        "lat": 44.5771198,
        "lon": -80.9079905,
        "connected_way_names": [
          "17th Street East",
          "20th Avenue East"
        ],
        "connected_highway_tags": [
          "unclassified"
        ],
        "degree_merged": 2,
        "intersection_priority": "D",
        "visibility_score": 59,
        "sign_value": "medium",
        "canvass_order": 4,
        "recommended_action": "flyer-only / later saturation",
        "caveats": [
          "Do not place signs without property-owner permission.",
          "Avoid sightline obstruction.",
          "Respect election-sign bylaw setbacks and safety rules.",
          "Corner-lot estimate is for planning only, not a precise household count."
        ],
        "daily_priority_score": 14,
        "priority_reason": "multiple street-front exposures; mostly local-street exposure",
        "route_bucket": "local residential corner",
        "global_rank": 215,
        "daily_tier": "C",
        "suggested_day": "Day 15"
      }
    },
    {
      "type": "Feature",
      "geometry": {
        "type": "Point",
        "coordinates": [
          -80.9133834,
          44.5765036
        ]
      },
      "properties": {
        "node_id": "-80913383:44576504",
        "lat": 44.5765036,
        "lon": -80.9133834,
        "connected_way_names": [
          "17th Street East",
          "18th Avenue East"
        ],
        "connected_highway_tags": [
          "unclassified"
        ],
        "degree_merged": 2,
        "intersection_priority": "D",
        "visibility_score": 59,
        "sign_value": "medium",
        "canvass_order": 4,
        "recommended_action": "flyer-only / later saturation",
        "caveats": [
          "Do not place signs without property-owner permission.",
          "Avoid sightline obstruction.",
          "Respect election-sign bylaw setbacks and safety rules.",
          "Corner-lot estimate is for planning only, not a precise household count."
        ],
        "daily_priority_score": 14,
        "priority_reason": "multiple street-front exposures; mostly local-street exposure",
        "route_bucket": "local residential corner",
        "global_rank": 216,
        "daily_tier": "C",
        "suggested_day": "Day 15"
      }
    },
    {
      "type": "Feature",
      "geometry": {
        "type": "Point",
        "coordinates": [
          -80.9138698,
          44.5866884
        ]
      },
      "properties": {
        "node_id": "-80913870:44586688",
        "lat": 44.5866884,
        "lon": -80.9138698,
        "connected_way_names": [
          "23rd Street East",
          "18th Avenue East"
        ],
        "connected_highway_tags": [
          "unclassified"
        ],
        "degree_merged": 2,
        "intersection_priority": "D",
        "visibility_score": 59,
        "sign_value": "medium",
        "canvass_order": 4,
        "recommended_action": "flyer-only / later saturation",
        "caveats": [
          "Do not place signs without property-owner permission.",
          "Avoid sightline obstruction.",
          "Respect election-sign bylaw setbacks and safety rules.",
          "Corner-lot estimate is for planning only, not a precise household count."
        ],
        "daily_priority_score": 14,
        "priority_reason": "multiple street-front exposures; mostly local-street exposure",
        "route_bucket": "local residential corner",
        "global_rank": 217,
        "daily_tier": "C",
        "suggested_day": "Day 15"
      }
    },
    {
      "type": "Feature",
      "geometry": {
        "type": "Point",
        "coordinates": [
          -80.9156234,
          44.6008555
        ]
      },
      "properties": {
        "node_id": "-80915623:44600856",
        "lat": 44.6008555,
        "lon": -80.9156234,
        "connected_way_names": [
          "9th Avenue East",
          "32nd Street East"
        ],
        "connected_highway_tags": [
          "unclassified"
        ],
        "degree_merged": 2,
        "intersection_priority": "D",
        "visibility_score": 59,
        "sign_value": "medium",
        "canvass_order": 4,
        "recommended_action": "flyer-only / later saturation",
        "caveats": [
          "Do not place signs without property-owner permission.",
          "Avoid sightline obstruction.",
          "Respect election-sign bylaw setbacks and safety rules.",
          "Corner-lot estimate is for planning only, not a precise household count."
        ],
        "daily_priority_score": 14,
        "priority_reason": "multiple street-front exposures; mostly local-street exposure",
        "route_bucket": "local residential corner",
        "global_rank": 218,
        "daily_tier": "C",
        "suggested_day": "Day 15"
      }
    },
    {
      "type": "Feature",
      "geometry": {
        "type": "Point",
        "coordinates": [
          -80.9161077,
          44.5996028
        ]
      },
      "properties": {
        "node_id": "-80916108:44599603",
        "lat": 44.5996028,
        "lon": -80.9161077,
        "connected_way_names": [
          "9th Avenue East",
          "32nd Street East"
        ],
        "connected_highway_tags": [
          "unclassified"
        ],
        "degree_merged": 2,
        "intersection_priority": "D",
        "visibility_score": 59,
        "sign_value": "medium",
        "canvass_order": 4,
        "recommended_action": "flyer-only / later saturation",
        "caveats": [
          "Do not place signs without property-owner permission.",
          "Avoid sightline obstruction.",
          "Respect election-sign bylaw setbacks and safety rules.",
          "Corner-lot estimate is for planning only, not a precise household count."
        ],
        "daily_priority_score": 14,
        "priority_reason": "multiple street-front exposures; mostly local-street exposure",
        "route_bucket": "local residential corner",
        "global_rank": 219,
        "daily_tier": "C",
        "suggested_day": "Day 15"
      }
    },
    {
      "type": "Feature",
      "geometry": {
        "type": "Point",
        "coordinates": [
          -80.9353075,
          44.5785462
        ]
      },
      "properties": {
        "node_id": "-80935307:44578546",
        "lat": 44.5785462,
        "lon": -80.9353075,
        "connected_way_names": [
          "18th Street East",
          "2nd Avenue East"
        ],
        "connected_highway_tags": [
          "unclassified"
        ],
        "degree_merged": 2,
        "intersection_priority": "D",
        "visibility_score": 59,
        "sign_value": "medium",
        "canvass_order": 4,
        "recommended_action": "flyer-only / later saturation",
        "caveats": [
          "Do not place signs without property-owner permission.",
          "Avoid sightline obstruction.",
          "Respect election-sign bylaw setbacks and safety rules.",
          "Corner-lot estimate is for planning only, not a precise household count."
        ],
        "daily_priority_score": 14,
        "priority_reason": "multiple street-front exposures; mostly local-street exposure",
        "route_bucket": "local residential corner",
        "global_rank": 220,
        "daily_tier": "C",
        "suggested_day": "Day 15"
      }
    },
    {
      "type": "Feature",
      "geometry": {
        "type": "Point",
        "coordinates": [
          -80.9398296,
          44.5730069
        ]
      },
      "properties": {
        "node_id": "-80939830:44573007",
        "lat": 44.5730069,
        "lon": -80.9398296,
        "connected_way_names": [
          "2nd Avenue East",
          "2nd Avenue E R"
        ],
        "connected_highway_tags": [
          "unclassified"
        ],
        "degree_merged": 2,
        "intersection_priority": "D",
        "visibility_score": 59,
        "sign_value": "medium",
        "canvass_order": 4,
        "recommended_action": "flyer-only / later saturation",
        "caveats": [
          "Do not place signs without property-owner permission.",
          "Avoid sightline obstruction.",
          "Respect election-sign bylaw setbacks and safety rules.",
          "Corner-lot estimate is for planning only, not a precise household count."
        ],
        "daily_priority_score": 14,
        "priority_reason": "multiple street-front exposures; mostly local-street exposure",
        "route_bucket": "local residential corner",
        "global_rank": 221,
        "daily_tier": "C",
        "suggested_day": "Day 15"
      }
    },
    {
      "type": "Feature",
      "geometry": {
        "type": "Point",
        "coordinates": [
          -80.9417067,
          44.5701963
        ]
      },
      "properties": {
        "node_id": "-80941707:44570196",
        "lat": 44.5701963,
        "lon": -80.9417067,
        "connected_way_names": [
          "11th Street East",
          "2nd Avenue East"
        ],
        "connected_highway_tags": [
          "unclassified"
        ],
        "degree_merged": 2,
        "intersection_priority": "D",
        "visibility_score": 59,
        "sign_value": "medium",
        "canvass_order": 4,
        "recommended_action": "flyer-only / later saturation",
        "caveats": [
          "Do not place signs without property-owner permission.",
          "Avoid sightline obstruction.",
          "Respect election-sign bylaw setbacks and safety rules.",
          "Corner-lot estimate is for planning only, not a precise household count."
        ],
        "daily_priority_score": 14,
        "priority_reason": "multiple street-front exposures; mostly local-street exposure",
        "route_bucket": "local residential corner",
        "global_rank": 222,
        "daily_tier": "C",
        "suggested_day": "Day 15"
      }
    },
    {
      "type": "Feature",
      "geometry": {
        "type": "Point",
        "coordinates": [
          -80.9430539,
          44.5708039
        ]
      },
      "properties": {
        "node_id": "-80943054:44570804",
        "lat": 44.5708039,
        "lon": -80.9430539,
        "connected_way_names": [
          "1st Avenue East",
          "17th Street East"
        ],
        "connected_highway_tags": [
          "unclassified"
        ],
        "degree_merged": 2,
        "intersection_priority": "D",
        "visibility_score": 59,
        "sign_value": "medium",
        "canvass_order": 4,
        "recommended_action": "flyer-only / later saturation",
        "caveats": [
          "Do not place signs without property-owner permission.",
          "Avoid sightline obstruction.",
          "Respect election-sign bylaw setbacks and safety rules.",
          "Corner-lot estimate is for planning only, not a precise household count."
        ],
        "daily_priority_score": 14,
        "priority_reason": "multiple street-front exposures; mostly local-street exposure",
        "route_bucket": "local residential corner",
        "global_rank": 223,
        "daily_tier": "C",
        "suggested_day": "Day 15"
      }
    },
    {
      "type": "Feature",
      "geometry": {
        "type": "Point",
        "coordinates": [
          -80.9431319,
          44.5706907
        ]
      },
      "properties": {
        "node_id": "-80943132:44570691",
        "lat": 44.5706907,
        "lon": -80.9431319,
        "connected_way_names": [
          "1st Avenue East",
          "11th Street East"
        ],
        "connected_highway_tags": [
          "unclassified"
        ],
        "degree_merged": 2,
        "intersection_priority": "D",
        "visibility_score": 59,
        "sign_value": "medium",
        "canvass_order": 4,
        "recommended_action": "flyer-only / later saturation",
        "caveats": [
          "Do not place signs without property-owner permission.",
          "Avoid sightline obstruction.",
          "Respect election-sign bylaw setbacks and safety rules.",
          "Corner-lot estimate is for planning only, not a precise household count."
        ],
        "daily_priority_score": 14,
        "priority_reason": "multiple street-front exposures; mostly local-street exposure",
        "route_bucket": "local residential corner",
        "global_rank": 224,
        "daily_tier": "C",
        "suggested_day": "Day 15"
      }
    },
    {
      "type": "Feature",
      "geometry": {
        "type": "Point",
        "coordinates": [
          -80.8974786,
          44.5745958
        ]
      },
      "properties": {
        "node_id": "-80897479:44574596",
        "lat": 44.5745958,
        "lon": -80.8974786,
        "connected_way_names": [
          "15th Street East",
          "27th Avenue East"
        ],
        "connected_highway_tags": [
          "residential"
        ],
        "degree_merged": 2,
        "intersection_priority": "D",
        "visibility_score": 59,
        "sign_value": "medium",
        "canvass_order": 4,
        "recommended_action": "flyer-only / later saturation",
        "caveats": [
          "Do not place signs without property-owner permission.",
          "Avoid sightline obstruction.",
          "Respect election-sign bylaw setbacks and safety rules.",
          "Corner-lot estimate is for planning only, not a precise household count."
        ],
        "daily_priority_score": 14,
        "priority_reason": "multiple street-front exposures; mostly local-street exposure",
        "route_bucket": "local residential corner",
        "global_rank": 225,
        "daily_tier": "C",
        "suggested_day": "Day 15"
      }
    },
    {
      "type": "Feature",
      "geometry": {
        "type": "Point",
        "coordinates": [
          -80.8980339,
          44.578251
        ]
      },
      "properties": {
        "node_id": "-80898034:44578251",
        "lat": 44.578251,
        "lon": -80.8980339,
        "connected_way_names": [
          "27th Avenue East",
          "17th Street East"
        ],
        "connected_highway_tags": [
          "residential"
        ],
        "degree_merged": 2,
        "intersection_priority": "D",
        "visibility_score": 59,
        "sign_value": "medium",
        "canvass_order": 4,
        "recommended_action": "flyer-only / later saturation",
        "caveats": [
          "Do not place signs without property-owner permission.",
          "Avoid sightline obstruction.",
          "Respect election-sign bylaw setbacks and safety rules.",
          "Corner-lot estimate is for planning only, not a precise household count."
        ],
        "daily_priority_score": 14,
        "priority_reason": "multiple street-front exposures; mostly local-street exposure",
        "route_bucket": "local residential corner",
        "global_rank": 226,
        "daily_tier": "C",
        "suggested_day": "Day 16"
      }
    },
    {
      "type": "Feature",
      "geometry": {
        "type": "Point",
        "coordinates": [
          -80.8985517,
          44.5803439
        ]
      },
      "properties": {
        "node_id": "-80898552:44580344",
        "lat": 44.5803439,
        "lon": -80.8985517,
        "connected_way_names": [
          "18th Street East",
          "27th Avenue East"
        ],
        "connected_highway_tags": [
          "residential"
        ],
        "degree_merged": 2,
        "intersection_priority": "D",
        "visibility_score": 59,
        "sign_value": "medium",
        "canvass_order": 4,
        "recommended_action": "flyer-only / later saturation",
        "caveats": [
          "Do not place signs without property-owner permission.",
          "Avoid sightline obstruction.",
          "Respect election-sign bylaw setbacks and safety rules.",
          "Corner-lot estimate is for planning only, not a precise household count."
        ],
        "daily_priority_score": 14,
        "priority_reason": "multiple street-front exposures; mostly local-street exposure",
        "route_bucket": "local residential corner",
        "global_rank": 227,
        "daily_tier": "C",
        "suggested_day": "Day 16"
      }
    },
    {
      "type": "Feature",
      "geometry": {
        "type": "Point",
        "coordinates": [
          -80.9188471,
          44.5725521
        ]
      },
      "properties": {
        "node_id": "-80918847:44572552",
        "lat": 44.5725521,
        "lon": -80.9188471,
        "connected_way_names": [
          "14th Street East",
          "15th Avenue East"
        ],
        "connected_highway_tags": [
          "residential"
        ],
        "degree_merged": 2,
        "intersection_priority": "D",
        "visibility_score": 59,
        "sign_value": "medium",
        "canvass_order": 4,
        "recommended_action": "flyer-only / later saturation",
        "caveats": [
          "Do not place signs without property-owner permission.",
          "Avoid sightline obstruction.",
          "Respect election-sign bylaw setbacks and safety rules.",
          "Corner-lot estimate is for planning only, not a precise household count."
        ],
        "daily_priority_score": 14,
        "priority_reason": "multiple street-front exposures; mostly local-street exposure",
        "route_bucket": "local residential corner",
        "global_rank": 228,
        "daily_tier": "C",
        "suggested_day": "Day 16"
      }
    },
    {
      "type": "Feature",
      "geometry": {
        "type": "Point",
        "coordinates": [
          -80.9192655,
          44.57098
        ]
      },
      "properties": {
        "node_id": "-80919265:44570980",
        "lat": 44.57098,
        "lon": -80.9192655,
        "connected_way_names": [
          "14th Ave A East",
          "11th Street East"
        ],
        "connected_highway_tags": [
          "residential"
        ],
        "degree_merged": 2,
        "intersection_priority": "D",
        "visibility_score": 59,
        "sign_value": "medium",
        "canvass_order": 4,
        "recommended_action": "flyer-only / later saturation",
        "caveats": [
          "Do not place signs without property-owner permission.",
          "Avoid sightline obstruction.",
          "Respect election-sign bylaw setbacks and safety rules.",
          "Corner-lot estimate is for planning only, not a precise household count."
        ],
        "daily_priority_score": 14,
        "priority_reason": "multiple street-front exposures; mostly local-street exposure",
        "route_bucket": "local residential corner",
        "global_rank": 229,
        "daily_tier": "C",
        "suggested_day": "Day 16"
      }
    },
    {
      "type": "Feature",
      "geometry": {
        "type": "Point",
        "coordinates": [
          -80.9196118,
          44.5723346
        ]
      },
      "properties": {
        "node_id": "-80919612:44572335",
        "lat": 44.5723346,
        "lon": -80.9196118,
        "connected_way_names": [
          "14th Street East",
          "14th Ave A East"
        ],
        "connected_highway_tags": [
          "residential"
        ],
        "degree_merged": 2,
        "intersection_priority": "D",
        "visibility_score": 59,
        "sign_value": "medium",
        "canvass_order": 4,
        "recommended_action": "flyer-only / later saturation",
        "caveats": [
          "Do not place signs without property-owner permission.",
          "Avoid sightline obstruction.",
          "Respect election-sign bylaw setbacks and safety rules.",
          "Corner-lot estimate is for planning only, not a precise household count."
        ],
        "daily_priority_score": 14,
        "priority_reason": "multiple street-front exposures; mostly local-street exposure",
        "route_bucket": "local residential corner",
        "global_rank": 230,
        "daily_tier": "C",
        "suggested_day": "Day 16"
      }
    },
    {
      "type": "Feature",
      "geometry": {
        "type": "Point",
        "coordinates": [
          -80.9204675,
          44.5909311
        ]
      },
      "properties": {
        "node_id": "-80920467:44590931",
        "lat": 44.5909311,
        "lon": -80.9204675,
        "connected_way_names": [
          "26th Street East",
          "8th Avenue A East"
        ],
        "connected_highway_tags": [
          "residential"
        ],
        "degree_merged": 2,
        "intersection_priority": "D",
        "visibility_score": 59,
        "sign_value": "medium",
        "canvass_order": 4,
        "recommended_action": "flyer-only / later saturation",
        "caveats": [
          "Do not place signs without property-owner permission.",
          "Avoid sightline obstruction.",
          "Respect election-sign bylaw setbacks and safety rules.",
          "Corner-lot estimate is for planning only, not a precise household count."
        ],
        "daily_priority_score": 14,
        "priority_reason": "multiple street-front exposures; mostly local-street exposure",
        "route_bucket": "local residential corner",
        "global_rank": 231,
        "daily_tier": "C",
        "suggested_day": "Day 16"
      }
    },
    {
      "type": "Feature",
      "geometry": {
        "type": "Point",
        "coordinates": [
          -80.920469,
          44.5722499
        ]
      },
      "properties": {
        "node_id": "-80920469:44572250",
        "lat": 44.5722499,
        "lon": -80.920469,
        "connected_way_names": [
          "14th Avenue East",
          "14th Street East"
        ],
        "connected_highway_tags": [
          "residential"
        ],
        "degree_merged": 2,
        "intersection_priority": "D",
        "visibility_score": 59,
        "sign_value": "medium",
        "canvass_order": 4,
        "recommended_action": "flyer-only / later saturation",
        "caveats": [
          "Do not place signs without property-owner permission.",
          "Avoid sightline obstruction.",
          "Respect election-sign bylaw setbacks and safety rules.",
          "Corner-lot estimate is for planning only, not a precise household count."
        ],
        "daily_priority_score": 14,
        "priority_reason": "multiple street-front exposures; mostly local-street exposure",
        "route_bucket": "local residential corner",
        "global_rank": 232,
        "daily_tier": "C",
        "suggested_day": "Day 16"
      }
    },
    {
      "type": "Feature",
      "geometry": {
        "type": "Point",
        "coordinates": [
          -80.9205869,
          44.5844285
        ]
      },
      "properties": {
        "node_id": "-80920587:44584429",
        "lat": 44.5844285,
        "lon": -80.9205869,
        "connected_way_names": [
          "10th Avenue East",
          "22nd Street East"
        ],
        "connected_highway_tags": [
          "residential"
        ],
        "degree_merged": 2,
        "intersection_priority": "D",
        "visibility_score": 59,
        "sign_value": "medium",
        "canvass_order": 4,
        "recommended_action": "flyer-only / later saturation",
        "caveats": [
          "Do not place signs without property-owner permission.",
          "Avoid sightline obstruction.",
          "Respect election-sign bylaw setbacks and safety rules.",
          "Corner-lot estimate is for planning only, not a precise household count."
        ],
        "daily_priority_score": 14,
        "priority_reason": "multiple street-front exposures; mostly local-street exposure",
        "route_bucket": "local residential corner",
        "global_rank": 233,
        "daily_tier": "C",
        "suggested_day": "Day 16"
      }
    },
    {
      "type": "Feature",
      "geometry": {
        "type": "Point",
        "coordinates": [
          -80.9206017,
          44.5728058
        ]
      },
      "properties": {
        "node_id": "-80920602:44572806",
        "lat": 44.5728058,
        "lon": -80.9206017,
        "connected_way_names": [
          "15th Street B East",
          "14th Avenue East"
        ],
        "connected_highway_tags": [
          "residential"
        ],
        "degree_merged": 2,
        "intersection_priority": "D",
        "visibility_score": 59,
        "sign_value": "medium",
        "canvass_order": 4,
        "recommended_action": "flyer-only / later saturation",
        "caveats": [
          "Do not place signs without property-owner permission.",
          "Avoid sightline obstruction.",
          "Respect election-sign bylaw setbacks and safety rules.",
          "Corner-lot estimate is for planning only, not a precise household count."
        ],
        "daily_priority_score": 14,
        "priority_reason": "multiple street-front exposures; mostly local-street exposure",
        "route_bucket": "local residential corner",
        "global_rank": 234,
        "daily_tier": "C",
        "suggested_day": "Day 16"
      }
    },
    {
      "type": "Feature",
      "geometry": {
        "type": "Point",
        "coordinates": [
          -80.920712,
          44.5849665
        ]
      },
      "properties": {
        "node_id": "-80920712:44584967",
        "lat": 44.5849665,
        "lon": -80.920712,
        "connected_way_names": [
          "22nd Street A East",
          "10th Avenue East"
        ],
        "connected_highway_tags": [
          "residential"
        ],
        "degree_merged": 2,
        "intersection_priority": "D",
        "visibility_score": 59,
        "sign_value": "medium",
        "canvass_order": 4,
        "recommended_action": "flyer-only / later saturation",
        "caveats": [
          "Do not place signs without property-owner permission.",
          "Avoid sightline obstruction.",
          "Respect election-sign bylaw setbacks and safety rules.",
          "Corner-lot estimate is for planning only, not a precise household count."
        ],
        "daily_priority_score": 14,
        "priority_reason": "multiple street-front exposures; mostly local-street exposure",
        "route_bucket": "local residential corner",
        "global_rank": 235,
        "daily_tier": "C",
        "suggested_day": "Day 16"
      }
    },
    {
      "type": "Feature",
      "geometry": {
        "type": "Point",
        "coordinates": [
          -80.9207377,
          44.5901638
        ]
      },
      "properties": {
        "node_id": "-80920738:44590164",
        "lat": 44.5901638,
        "lon": -80.9207377,
        "connected_way_names": [
          "25th Street A East",
          "8th Avenue A East"
        ],
        "connected_highway_tags": [
          "residential"
        ],
        "degree_merged": 2,
        "intersection_priority": "D",
        "visibility_score": 59,
        "sign_value": "medium",
        "canvass_order": 4,
        "recommended_action": "flyer-only / later saturation",
        "caveats": [
          "Do not place signs without property-owner permission.",
          "Avoid sightline obstruction.",
          "Respect election-sign bylaw setbacks and safety rules.",
          "Corner-lot estimate is for planning only, not a precise household count."
        ],
        "daily_priority_score": 14,
        "priority_reason": "multiple street-front exposures; mostly local-street exposure",
        "route_bucket": "local residential corner",
        "global_rank": 236,
        "daily_tier": "C",
        "suggested_day": "Day 16"
      }
    },
    {
      "type": "Feature",
      "geometry": {
        "type": "Point",
        "coordinates": [
          -80.9208606,
          44.5856415
        ]
      },
      "properties": {
        "node_id": "-80920861:44585642",
        "lat": 44.5856415,
        "lon": -80.9208606,
        "connected_way_names": [
          "22nd Street B East",
          "10th Avenue East"
        ],
        "connected_highway_tags": [
          "residential"
        ],
        "degree_merged": 2,
        "intersection_priority": "D",
        "visibility_score": 59,
        "sign_value": "medium",
        "canvass_order": 4,
        "recommended_action": "flyer-only / later saturation",
        "caveats": [
          "Do not place signs without property-owner permission.",
          "Avoid sightline obstruction.",
          "Respect election-sign bylaw setbacks and safety rules.",
          "Corner-lot estimate is for planning only, not a precise household count."
        ],
        "daily_priority_score": 14,
        "priority_reason": "multiple street-front exposures; mostly local-street exposure",
        "route_bucket": "local residential corner",
        "global_rank": 237,
        "daily_tier": "C",
        "suggested_day": "Day 16"
      }
    },
    {
      "type": "Feature",
      "geometry": {
        "type": "Point",
        "coordinates": [
          -80.9209665,
          44.5698872
        ]
      },
      "properties": {
        "node_id": "-80920967:44569887",
        "lat": 44.5698872,
        "lon": -80.9209665,
        "connected_way_names": [
          "Lamson Crescent",
          "Lila Road"
        ],
        "connected_highway_tags": [
          "residential"
        ],
        "degree_merged": 2,
        "intersection_priority": "D",
        "visibility_score": 59,
        "sign_value": "medium",
        "canvass_order": 4,
        "recommended_action": "flyer-only / later saturation",
        "caveats": [
          "Do not place signs without property-owner permission.",
          "Avoid sightline obstruction.",
          "Respect election-sign bylaw setbacks and safety rules.",
          "Corner-lot estimate is for planning only, not a precise household count."
        ],
        "daily_priority_score": 14,
        "priority_reason": "multiple street-front exposures; mostly local-street exposure",
        "route_bucket": "local residential corner",
        "global_rank": 238,
        "daily_tier": "C",
        "suggested_day": "Day 16"
      }
    },
    {
      "type": "Feature",
      "geometry": {
        "type": "Point",
        "coordinates": [
          -80.9212371,
          44.5889974
        ]
      },
      "properties": {
        "node_id": "-80921237:44588997",
        "lat": 44.5889974,
        "lon": -80.9212371,
        "connected_way_names": [
          "25th Street East",
          "8th Avenue A East"
        ],
        "connected_highway_tags": [
          "residential"
        ],
        "degree_merged": 2,
        "intersection_priority": "D",
        "visibility_score": 59,
        "sign_value": "medium",
        "canvass_order": 4,
        "recommended_action": "flyer-only / later saturation",
        "caveats": [
          "Do not place signs without property-owner permission.",
          "Avoid sightline obstruction.",
          "Respect election-sign bylaw setbacks and safety rules.",
          "Corner-lot estimate is for planning only, not a precise household count."
        ],
        "daily_priority_score": 14,
        "priority_reason": "multiple street-front exposures; mostly local-street exposure",
        "route_bucket": "local residential corner",
        "global_rank": 239,
        "daily_tier": "C",
        "suggested_day": "Day 16"
      }
    },
    {
      "type": "Feature",
      "geometry": {
        "type": "Point",
        "coordinates": [
          -80.9212446,
          44.5689686
        ]
      },
      "properties": {
        "node_id": "-80921245:44568969",
        "lat": 44.5689686,
        "lon": -80.9212446,
        "connected_way_names": [
          "Laurie Crescent",
          "Lamson Crescent"
        ],
        "connected_highway_tags": [
          "residential"
        ],
        "degree_merged": 2,
        "intersection_priority": "D",
        "visibility_score": 59,
        "sign_value": "medium",
        "canvass_order": 4,
        "recommended_action": "flyer-only / later saturation",
        "caveats": [
          "Do not place signs without property-owner permission.",
          "Avoid sightline obstruction.",
          "Respect election-sign bylaw setbacks and safety rules.",
          "Corner-lot estimate is for planning only, not a precise household count."
        ],
        "daily_priority_score": 14,
        "priority_reason": "multiple street-front exposures; mostly local-street exposure",
        "route_bucket": "local residential corner",
        "global_rank": 240,
        "daily_tier": "C",
        "suggested_day": "Day 16"
      }
    },
    {
      "type": "Feature",
      "geometry": {
        "type": "Point",
        "coordinates": [
          -80.9213742,
          44.5708493
        ]
      },
      "properties": {
        "node_id": "-80921374:44570849",
        "lat": 44.5708493,
        "lon": -80.9213742,
        "connected_way_names": [
          "13th Avenue East",
          "11th Street East"
        ],
        "connected_highway_tags": [
          "residential"
        ],
        "degree_merged": 2,
        "intersection_priority": "D",
        "visibility_score": 59,
        "sign_value": "medium",
        "canvass_order": 4,
        "recommended_action": "flyer-only / later saturation",
        "caveats": [
          "Do not place signs without property-owner permission.",
          "Avoid sightline obstruction.",
          "Respect election-sign bylaw setbacks and safety rules.",
          "Corner-lot estimate is for planning only, not a precise household count."
        ],
        "daily_priority_score": 14,
        "priority_reason": "multiple street-front exposures; mostly local-street exposure",
        "route_bucket": "local residential corner",
        "global_rank": 241,
        "daily_tier": "C",
        "suggested_day": "Day 17"
      }
    },
    {
      "type": "Feature",
      "geometry": {
        "type": "Point",
        "coordinates": [
          -80.9216543,
          44.5921556
        ]
      },
      "properties": {
        "node_id": "-80921654:44592156",
        "lat": 44.5921556,
        "lon": -80.9216543,
        "connected_way_names": [
          "7th Avenue East",
          "8th Avenue East"
        ],
        "connected_highway_tags": [
          "residential"
        ],
        "degree_merged": 2,
        "intersection_priority": "D",
        "visibility_score": 59,
        "sign_value": "medium",
        "canvass_order": 4,
        "recommended_action": "flyer-only / later saturation",
        "caveats": [
          "Do not place signs without property-owner permission.",
          "Avoid sightline obstruction.",
          "Respect election-sign bylaw setbacks and safety rules.",
          "Corner-lot estimate is for planning only, not a precise household count."
        ],
        "daily_priority_score": 14,
        "priority_reason": "multiple street-front exposures; mostly local-street exposure",
        "route_bucket": "local residential corner",
        "global_rank": 242,
        "daily_tier": "C",
        "suggested_day": "Day 17"
      }
    },
    {
      "type": "Feature",
      "geometry": {
        "type": "Point",
        "coordinates": [
          -80.9216634,
          44.5689331
        ]
      },
      "properties": {
        "node_id": "-80921663:44568933",
        "lat": 44.5689331,
        "lon": -80.9216634,
        "connected_way_names": [
          "Lamson Crescent",
          "Laurie Crescent"
        ],
        "connected_highway_tags": [
          "residential"
        ],
        "degree_merged": 2,
        "intersection_priority": "D",
        "visibility_score": 59,
        "sign_value": "medium",
        "canvass_order": 4,
        "recommended_action": "flyer-only / later saturation",
        "caveats": [
          "Do not place signs without property-owner permission.",
          "Avoid sightline obstruction.",
          "Respect election-sign bylaw setbacks and safety rules.",
          "Corner-lot estimate is for planning only, not a precise household count."
        ],
        "daily_priority_score": 14,
        "priority_reason": "multiple street-front exposures; mostly local-street exposure",
        "route_bucket": "local residential corner",
        "global_rank": 243,
        "daily_tier": "C",
        "suggested_day": "Day 17"
      }
    },
    {
      "type": "Feature",
      "geometry": {
        "type": "Point",
        "coordinates": [
          -80.9218125,
          44.5726771
        ]
      },
      "properties": {
        "node_id": "-80921812:44572677",
        "lat": 44.5726771,
        "lon": -80.9218125,
        "connected_way_names": [
          "15th Street B East",
          "13th Avenue East"
        ],
        "connected_highway_tags": [
          "residential"
        ],
        "degree_merged": 2,
        "intersection_priority": "D",
        "visibility_score": 59,
        "sign_value": "medium",
        "canvass_order": 4,
        "recommended_action": "flyer-only / later saturation",
        "caveats": [
          "Do not place signs without property-owner permission.",
          "Avoid sightline obstruction.",
          "Respect election-sign bylaw setbacks and safety rules.",
          "Corner-lot estimate is for planning only, not a precise household count."
        ],
        "daily_priority_score": 14,
        "priority_reason": "multiple street-front exposures; mostly local-street exposure",
        "route_bucket": "local residential corner",
        "global_rank": 244,
        "daily_tier": "C",
        "suggested_day": "Day 17"
      }
    },
    {
      "type": "Feature",
      "geometry": {
        "type": "Point",
        "coordinates": [
          -80.9218317,
          44.5697865
        ]
      },
      "properties": {
        "node_id": "-80921832:44569787",
        "lat": 44.5697865,
        "lon": -80.9218317,
        "connected_way_names": [
          "Lamson Crescent",
          "Lila Road"
        ],
        "connected_highway_tags": [
          "residential"
        ],
        "degree_merged": 2,
        "intersection_priority": "D",
        "visibility_score": 59,
        "sign_value": "medium",
        "canvass_order": 4,
        "recommended_action": "flyer-only / later saturation",
        "caveats": [
          "Do not place signs without property-owner permission.",
          "Avoid sightline obstruction.",
          "Respect election-sign bylaw setbacks and safety rules.",
          "Corner-lot estimate is for planning only, not a precise household count."
        ],
        "daily_priority_score": 14,
        "priority_reason": "multiple street-front exposures; mostly local-street exposure",
        "route_bucket": "local residential corner",
        "global_rank": 245,
        "daily_tier": "C",
        "suggested_day": "Day 17"
      }
    },
    {
      "type": "Feature",
      "geometry": {
        "type": "Point",
        "coordinates": [
          -80.9220172,
          44.5899379
        ]
      },
      "properties": {
        "node_id": "-80922017:44589938",
        "lat": 44.5899379,
        "lon": -80.9220172,
        "connected_way_names": [
          "7th Avenue East",
          "8th Avenue East"
        ],
        "connected_highway_tags": [
          "residential"
        ],
        "degree_merged": 2,
        "intersection_priority": "D",
        "visibility_score": 59,
        "sign_value": "medium",
        "canvass_order": 4,
        "recommended_action": "flyer-only / later saturation",
        "caveats": [
          "Do not place signs without property-owner permission.",
          "Avoid sightline obstruction.",
          "Respect election-sign bylaw setbacks and safety rules.",
          "Corner-lot estimate is for planning only, not a precise household count."
        ],
        "daily_priority_score": 14,
        "priority_reason": "multiple street-front exposures; mostly local-street exposure",
        "route_bucket": "local residential corner",
        "global_rank": 246,
        "daily_tier": "C",
        "suggested_day": "Day 17"
      }
    },
    {
      "type": "Feature",
      "geometry": {
        "type": "Point",
        "coordinates": [
          -80.9222932,
          44.5892028
        ]
      },
      "properties": {
        "node_id": "-80922293:44589203",
        "lat": 44.5892028,
        "lon": -80.9222932,
        "connected_way_names": [
          "25th Street East",
          "8th Avenue East"
        ],
        "connected_highway_tags": [
          "residential"
        ],
        "degree_merged": 2,
        "intersection_priority": "D",
        "visibility_score": 59,
        "sign_value": "medium",
        "canvass_order": 4,
        "recommended_action": "flyer-only / later saturation",
        "caveats": [
          "Do not place signs without property-owner permission.",
          "Avoid sightline obstruction.",
          "Respect election-sign bylaw setbacks and safety rules.",
          "Corner-lot estimate is for planning only, not a precise household count."
        ],
        "daily_priority_score": 14,
        "priority_reason": "multiple street-front exposures; mostly local-street exposure",
        "route_bucket": "local residential corner",
        "global_rank": 247,
        "daily_tier": "C",
        "suggested_day": "Day 17"
      }
    },
    {
      "type": "Feature",
      "geometry": {
        "type": "Point",
        "coordinates": [
          -80.9224197,
          44.570733
        ]
      },
      "properties": {
        "node_id": "-80922420:44570733",
        "lat": 44.570733,
        "lon": -80.9224197,
        "connected_way_names": [
          "11th Street East",
          "12th Avenue East"
        ],
        "connected_highway_tags": [
          "residential"
        ],
        "degree_merged": 2,
        "intersection_priority": "D",
        "visibility_score": 59,
        "sign_value": "medium",
        "canvass_order": 4,
        "recommended_action": "flyer-only / later saturation",
        "caveats": [
          "Do not place signs without property-owner permission.",
          "Avoid sightline obstruction.",
          "Respect election-sign bylaw setbacks and safety rules.",
          "Corner-lot estimate is for planning only, not a precise household count."
        ],
        "daily_priority_score": 14,
        "priority_reason": "multiple street-front exposures; mostly local-street exposure",
        "route_bucket": "local residential corner",
        "global_rank": 248,
        "daily_tier": "C",
        "suggested_day": "Day 17"
      }
    },
    {
      "type": "Feature",
      "geometry": {
        "type": "Point",
        "coordinates": [
          -80.9226702,
          44.5717324
        ]
      },
      "properties": {
        "node_id": "-80922670:44571732",
        "lat": 44.5717324,
        "lon": -80.9226702,
        "connected_way_names": [
          "12th Street East",
          "12th Avenue East"
        ],
        "connected_highway_tags": [
          "residential"
        ],
        "degree_merged": 2,
        "intersection_priority": "D",
        "visibility_score": 59,
        "sign_value": "medium",
        "canvass_order": 4,
        "recommended_action": "flyer-only / later saturation",
        "caveats": [
          "Do not place signs without property-owner permission.",
          "Avoid sightline obstruction.",
          "Respect election-sign bylaw setbacks and safety rules.",
          "Corner-lot estimate is for planning only, not a precise household count."
        ],
        "daily_priority_score": 14,
        "priority_reason": "multiple street-front exposures; mostly local-street exposure",
        "route_bucket": "local residential corner",
        "global_rank": 249,
        "daily_tier": "C",
        "suggested_day": "Day 17"
      }
    },
    {
      "type": "Feature",
      "geometry": {
        "type": "Point",
        "coordinates": [
          -80.923734,
          44.5866658
        ]
      },
      "properties": {
        "node_id": "-80923734:44586666",
        "lat": 44.5866658,
        "lon": -80.923734,
        "connected_way_names": [
          "8th Avenue East",
          "23rd Street East"
        ],
        "connected_highway_tags": [
          "residential"
        ],
        "degree_merged": 2,
        "intersection_priority": "D",
        "visibility_score": 59,
        "sign_value": "medium",
        "canvass_order": 4,
        "recommended_action": "flyer-only / later saturation",
        "caveats": [
          "Do not place signs without property-owner permission.",
          "Avoid sightline obstruction.",
          "Respect election-sign bylaw setbacks and safety rules.",
          "Corner-lot estimate is for planning only, not a precise household count."
        ],
        "daily_priority_score": 14,
        "priority_reason": "multiple street-front exposures; mostly local-street exposure",
        "route_bucket": "local residential corner",
        "global_rank": 250,
        "daily_tier": "C",
        "suggested_day": "Day 17"
      }
    },
    {
      "type": "Feature",
      "geometry": {
        "type": "Point",
        "coordinates": [
          -80.9239687,
          44.570797
        ]
      },
      "properties": {
        "node_id": "-80923969:44570797",
        "lat": 44.570797,
        "lon": -80.9239687,
        "connected_way_names": [
          "11th Street East",
          "11th Avenue East"
        ],
        "connected_highway_tags": [
          "residential"
        ],
        "degree_merged": 2,
        "intersection_priority": "D",
        "visibility_score": 59,
        "sign_value": "medium",
        "canvass_order": 4,
        "recommended_action": "flyer-only / later saturation",
        "caveats": [
          "Do not place signs without property-owner permission.",
          "Avoid sightline obstruction.",
          "Respect election-sign bylaw setbacks and safety rules.",
          "Corner-lot estimate is for planning only, not a precise household count."
        ],
        "daily_priority_score": 14,
        "priority_reason": "multiple street-front exposures; mostly local-street exposure",
        "route_bucket": "local residential corner",
        "global_rank": 251,
        "daily_tier": "C",
        "suggested_day": "Day 17"
      }
    },
    {
      "type": "Feature",
      "geometry": {
        "type": "Point",
        "coordinates": [
          -80.9241314,
          44.5715714
        ]
      },
      "properties": {
        "node_id": "-80924131:44571571",
        "lat": 44.5715714,
        "lon": -80.9241314,
        "connected_way_names": [
          "12th Street East",
          "11th Avenue East"
        ],
        "connected_highway_tags": [
          "residential"
        ],
        "degree_merged": 2,
        "intersection_priority": "D",
        "visibility_score": 59,
        "sign_value": "medium",
        "canvass_order": 4,
        "recommended_action": "flyer-only / later saturation",
        "caveats": [
          "Do not place signs without property-owner permission.",
          "Avoid sightline obstruction.",
          "Respect election-sign bylaw setbacks and safety rules.",
          "Corner-lot estimate is for planning only, not a precise household count."
        ],
        "daily_priority_score": 14,
        "priority_reason": "multiple street-front exposures; mostly local-street exposure",
        "route_bucket": "local residential corner",
        "global_rank": 252,
        "daily_tier": "C",
        "suggested_day": "Day 17"
      }
    },
    {
      "type": "Feature",
      "geometry": {
        "type": "Point",
        "coordinates": [
          -80.9246245,
          44.5844872
        ]
      },
      "properties": {
        "node_id": "-80924624:44584487",
        "lat": 44.5844872,
        "lon": -80.9246245,
        "connected_way_names": [
          "8th Avenue East",
          "21st Street A East"
        ],
        "connected_highway_tags": [
          "residential"
        ],
        "degree_merged": 2,
        "intersection_priority": "D",
        "visibility_score": 59,
        "sign_value": "medium",
        "canvass_order": 4,
        "recommended_action": "flyer-only / later saturation",
        "caveats": [
          "Do not place signs without property-owner permission.",
          "Avoid sightline obstruction.",
          "Respect election-sign bylaw setbacks and safety rules.",
          "Corner-lot estimate is for planning only, not a precise household count."
        ],
        "daily_priority_score": 14,
        "priority_reason": "multiple street-front exposures; mostly local-street exposure",
        "route_bucket": "local residential corner",
        "global_rank": 253,
        "daily_tier": "C",
        "suggested_day": "Day 17"
      }
    },
    {
      "type": "Feature",
      "geometry": {
        "type": "Point",
        "coordinates": [
          -80.9250229,
          44.5835004
        ]
      },
      "properties": {
        "node_id": "-80925023:44583500",
        "lat": 44.5835004,
        "lon": -80.9250229,
        "connected_way_names": [
          "8th Avenue East",
          "21st Street East"
        ],
        "connected_highway_tags": [
          "residential"
        ],
        "degree_merged": 2,
        "intersection_priority": "D",
        "visibility_score": 59,
        "sign_value": "medium",
        "canvass_order": 4,
        "recommended_action": "flyer-only / later saturation",
        "caveats": [
          "Do not place signs without property-owner permission.",
          "Avoid sightline obstruction.",
          "Respect election-sign bylaw setbacks and safety rules.",
          "Corner-lot estimate is for planning only, not a precise household count."
        ],
        "daily_priority_score": 14,
        "priority_reason": "multiple street-front exposures; mostly local-street exposure",
        "route_bucket": "local residential corner",
        "global_rank": 254,
        "daily_tier": "C",
        "suggested_day": "Day 17"
      }
    },
    {
      "type": "Feature",
      "geometry": {
        "type": "Point",
        "coordinates": [
          -80.9257256,
          44.5816436
        ]
      },
      "properties": {
        "node_id": "-80925726:44581644",
        "lat": 44.5816436,
        "lon": -80.9257256,
        "connected_way_names": [
          "8th Avenue East",
          "20th Street East"
        ],
        "connected_highway_tags": [
          "residential"
        ],
        "degree_merged": 2,
        "intersection_priority": "D",
        "visibility_score": 59,
        "sign_value": "medium",
        "canvass_order": 4,
        "recommended_action": "flyer-only / later saturation",
        "caveats": [
          "Do not place signs without property-owner permission.",
          "Avoid sightline obstruction.",
          "Respect election-sign bylaw setbacks and safety rules.",
          "Corner-lot estimate is for planning only, not a precise household count."
        ],
        "daily_priority_score": 14,
        "priority_reason": "multiple street-front exposures; mostly local-street exposure",
        "route_bucket": "local residential corner",
        "global_rank": 255,
        "daily_tier": "C",
        "suggested_day": "Day 17"
      }
    },
    {
      "type": "Feature",
      "geometry": {
        "type": "Point",
        "coordinates": [
          -80.9257267,
          44.5677893
        ]
      },
      "properties": {
        "node_id": "-80925727:44567789",
        "lat": 44.5677893,
        "lon": -80.9257267,
        "connected_way_names": [
          "9th Avenue A East",
          "9th Street East"
        ],
        "connected_highway_tags": [
          "residential"
        ],
        "degree_merged": 2,
        "intersection_priority": "D",
        "visibility_score": 59,
        "sign_value": "medium",
        "canvass_order": 4,
        "recommended_action": "flyer-only / later saturation",
        "caveats": [
          "Do not place signs without property-owner permission.",
          "Avoid sightline obstruction.",
          "Respect election-sign bylaw setbacks and safety rules.",
          "Corner-lot estimate is for planning only, not a precise household count."
        ],
        "daily_priority_score": 14,
        "priority_reason": "multiple street-front exposures; mostly local-street exposure",
        "route_bucket": "local residential corner",
        "global_rank": 256,
        "daily_tier": "C",
        "suggested_day": "Day 18"
      }
    },
    {
      "type": "Feature",
      "geometry": {
        "type": "Point",
        "coordinates": [
          -80.9264137,
          44.5798248
        ]
      },
      "properties": {
        "node_id": "-80926414:44579825",
        "lat": 44.5798248,
        "lon": -80.9264137,
        "connected_way_names": [
          "8th Avenue East",
          "19th Street East"
        ],
        "connected_highway_tags": [
          "residential"
        ],
        "degree_merged": 2,
        "intersection_priority": "D",
        "visibility_score": 59,
        "sign_value": "medium",
        "canvass_order": 4,
        "recommended_action": "flyer-only / later saturation",
        "caveats": [
          "Do not place signs without property-owner permission.",
          "Avoid sightline obstruction.",
          "Respect election-sign bylaw setbacks and safety rules.",
          "Corner-lot estimate is for planning only, not a precise household count."
        ],
        "daily_priority_score": 14,
        "priority_reason": "multiple street-front exposures; mostly local-street exposure",
        "route_bucket": "local residential corner",
        "global_rank": 257,
        "daily_tier": "C",
        "suggested_day": "Day 18"
      }
    },
    {
      "type": "Feature",
      "geometry": {
        "type": "Point",
        "coordinates": [
          -80.9264247,
          44.5706906
        ]
      },
      "properties": {
        "node_id": "-80926425:44570691",
        "lat": 44.5706906,
        "lon": -80.9264247,
        "connected_way_names": [
          "10th Avenue East",
          "11th Street East"
        ],
        "connected_highway_tags": [
          "residential"
        ],
        "degree_merged": 2,
        "intersection_priority": "D",
        "visibility_score": 59,
        "sign_value": "medium",
        "canvass_order": 4,
        "recommended_action": "flyer-only / later saturation",
        "caveats": [
          "Do not place signs without property-owner permission.",
          "Avoid sightline obstruction.",
          "Respect election-sign bylaw setbacks and safety rules.",
          "Corner-lot estimate is for planning only, not a precise household count."
        ],
        "daily_priority_score": 14,
        "priority_reason": "multiple street-front exposures; mostly local-street exposure",
        "route_bucket": "local residential corner",
        "global_rank": 258,
        "daily_tier": "C",
        "suggested_day": "Day 18"
      }
    },
    {
      "type": "Feature",
      "geometry": {
        "type": "Point",
        "coordinates": [
          -80.9266601,
          44.5838075
        ]
      },
      "properties": {
        "node_id": "-80926660:44583808",
        "lat": 44.5838075,
        "lon": -80.9266601,
        "connected_way_names": [
          "7th Avenue East",
          "21st Street East"
        ],
        "connected_highway_tags": [
          "residential"
        ],
        "degree_merged": 2,
        "intersection_priority": "D",
        "visibility_score": 59,
        "sign_value": "medium",
        "canvass_order": 4,
        "recommended_action": "flyer-only / later saturation",
        "caveats": [
          "Do not place signs without property-owner permission.",
          "Avoid sightline obstruction.",
          "Respect election-sign bylaw setbacks and safety rules.",
          "Corner-lot estimate is for planning only, not a precise household count."
        ],
        "daily_priority_score": 14,
        "priority_reason": "multiple street-front exposures; mostly local-street exposure",
        "route_bucket": "local residential corner",
        "global_rank": 259,
        "daily_tier": "C",
        "suggested_day": "Day 18"
      }
    },
    {
      "type": "Feature",
      "geometry": {
        "type": "Point",
        "coordinates": [
          -80.9271856,
          44.5779133
        ]
      },
      "properties": {
        "node_id": "-80927186:44577913",
        "lat": 44.5779133,
        "lon": -80.9271856,
        "connected_way_names": [
          "8th Avenue East",
          "18th Street East"
        ],
        "connected_highway_tags": [
          "residential"
        ],
        "degree_merged": 2,
        "intersection_priority": "D",
        "visibility_score": 59,
        "sign_value": "medium",
        "canvass_order": 4,
        "recommended_action": "flyer-only / later saturation",
        "caveats": [
          "Do not place signs without property-owner permission.",
          "Avoid sightline obstruction.",
          "Respect election-sign bylaw setbacks and safety rules.",
          "Corner-lot estimate is for planning only, not a precise household count."
        ],
        "daily_priority_score": 14,
        "priority_reason": "multiple street-front exposures; mostly local-street exposure",
        "route_bucket": "local residential corner",
        "global_rank": 260,
        "daily_tier": "C",
        "suggested_day": "Day 18"
      }
    },
    {
      "type": "Feature",
      "geometry": {
        "type": "Point",
        "coordinates": [
          -80.9274222,
          44.5819917
        ]
      },
      "properties": {
        "node_id": "-80927422:44581992",
        "lat": 44.5819917,
        "lon": -80.9274222,
        "connected_way_names": [
          "7th Avenue East",
          "20th Street East"
        ],
        "connected_highway_tags": [
          "residential"
        ],
        "degree_merged": 2,
        "intersection_priority": "D",
        "visibility_score": 59,
        "sign_value": "medium",
        "canvass_order": 4,
        "recommended_action": "flyer-only / later saturation",
        "caveats": [
          "Do not place signs without property-owner permission.",
          "Avoid sightline obstruction.",
          "Respect election-sign bylaw setbacks and safety rules.",
          "Corner-lot estimate is for planning only, not a precise household count."
        ],
        "daily_priority_score": 14,
        "priority_reason": "multiple street-front exposures; mostly local-street exposure",
        "route_bucket": "local residential corner",
        "global_rank": 261,
        "daily_tier": "C",
        "suggested_day": "Day 18"
      }
    },
    {
      "type": "Feature",
      "geometry": {
        "type": "Point",
        "coordinates": [
          -80.9274858,
          44.5579706
        ]
      },
      "properties": {
        "node_id": "-80927486:44557971",
        "lat": 44.5579706,
        "lon": -80.9274858,
        "connected_way_names": [
          "8th Avenue A East",
          "4th Street East"
        ],
        "connected_highway_tags": [
          "residential"
        ],
        "degree_merged": 2,
        "intersection_priority": "D",
        "visibility_score": 59,
        "sign_value": "medium",
        "canvass_order": 4,
        "recommended_action": "flyer-only / later saturation",
        "caveats": [
          "Do not place signs without property-owner permission.",
          "Avoid sightline obstruction.",
          "Respect election-sign bylaw setbacks and safety rules.",
          "Corner-lot estimate is for planning only, not a precise household count."
        ],
        "daily_priority_score": 14,
        "priority_reason": "multiple street-front exposures; mostly local-street exposure",
        "route_bucket": "local residential corner",
        "global_rank": 262,
        "daily_tier": "C",
        "suggested_day": "Day 18"
      }
    },
    {
      "type": "Feature",
      "geometry": {
        "type": "Point",
        "coordinates": [
          -80.9279044,
          44.5760298
        ]
      },
      "properties": {
        "node_id": "-80927904:44576030",
        "lat": 44.5760298,
        "lon": -80.9279044,
        "connected_way_names": [
          "8th Avenue East",
          "17th Street East"
        ],
        "connected_highway_tags": [
          "residential"
        ],
        "degree_merged": 2,
        "intersection_priority": "D",
        "visibility_score": 59,
        "sign_value": "medium",
        "canvass_order": 4,
        "recommended_action": "flyer-only / later saturation",
        "caveats": [
          "Do not place signs without property-owner permission.",
          "Avoid sightline obstruction.",
          "Respect election-sign bylaw setbacks and safety rules.",
          "Corner-lot estimate is for planning only, not a precise household count."
        ],
        "daily_priority_score": 14,
        "priority_reason": "multiple street-front exposures; mostly local-street exposure",
        "route_bucket": "local residential corner",
        "global_rank": 263,
        "daily_tier": "C",
        "suggested_day": "Day 18"
      }
    },
    {
      "type": "Feature",
      "geometry": {
        "type": "Point",
        "coordinates": [
          -80.9281272,
          44.5801546
        ]
      },
      "properties": {
        "node_id": "-80928127:44580155",
        "lat": 44.5801546,
        "lon": -80.9281272,
        "connected_way_names": [
          "7th Avenue East",
          "19th Street East"
        ],
        "connected_highway_tags": [
          "residential"
        ],
        "degree_merged": 2,
        "intersection_priority": "D",
        "visibility_score": 59,
        "sign_value": "medium",
        "canvass_order": 4,
        "recommended_action": "flyer-only / later saturation",
        "caveats": [
          "Do not place signs without property-owner permission.",
          "Avoid sightline obstruction.",
          "Respect election-sign bylaw setbacks and safety rules.",
          "Corner-lot estimate is for planning only, not a precise household count."
        ],
        "daily_priority_score": 14,
        "priority_reason": "multiple street-front exposures; mostly local-street exposure",
        "route_bucket": "local residential corner",
        "global_rank": 264,
        "daily_tier": "C",
        "suggested_day": "Day 18"
      }
    },
    {
      "type": "Feature",
      "geometry": {
        "type": "Point",
        "coordinates": [
          -80.9285823,
          44.5741973
        ]
      },
      "properties": {
        "node_id": "-80928582:44574197",
        "lat": 44.5741973,
        "lon": -80.9285823,
        "connected_way_names": [
          "16th Street East",
          "8th Avenue East"
        ],
        "connected_highway_tags": [
          "residential"
        ],
        "degree_merged": 2,
        "intersection_priority": "D",
        "visibility_score": 59,
        "sign_value": "medium",
        "canvass_order": 4,
        "recommended_action": "flyer-only / later saturation",
        "caveats": [
          "Do not place signs without property-owner permission.",
          "Avoid sightline obstruction.",
          "Respect election-sign bylaw setbacks and safety rules.",
          "Corner-lot estimate is for planning only, not a precise household count."
        ],
        "daily_priority_score": 14,
        "priority_reason": "multiple street-front exposures; mostly local-street exposure",
        "route_bucket": "local residential corner",
        "global_rank": 265,
        "daily_tier": "C",
        "suggested_day": "Day 18"
      }
    },
    {
      "type": "Feature",
      "geometry": {
        "type": "Point",
        "coordinates": [
          -80.928621,
          44.5578396
        ]
      },
      "properties": {
        "node_id": "-80928621:44557840",
        "lat": 44.5578396,
        "lon": -80.928621,
        "connected_way_names": [
          "4th Street East",
          "8th Avenue A East"
        ],
        "connected_highway_tags": [
          "residential"
        ],
        "degree_merged": 2,
        "intersection_priority": "D",
        "visibility_score": 59,
        "sign_value": "medium",
        "canvass_order": 4,
        "recommended_action": "flyer-only / later saturation",
        "caveats": [
          "Do not place signs without property-owner permission.",
          "Avoid sightline obstruction.",
          "Respect election-sign bylaw setbacks and safety rules.",
          "Corner-lot estimate is for planning only, not a precise household count."
        ],
        "daily_priority_score": 14,
        "priority_reason": "multiple street-front exposures; mostly local-street exposure",
        "route_bucket": "local residential corner",
        "global_rank": 266,
        "daily_tier": "C",
        "suggested_day": "Day 18"
      }
    },
    {
      "type": "Feature",
      "geometry": {
        "type": "Point",
        "coordinates": [
          -80.9286479,
          44.5549374
        ]
      },
      "properties": {
        "node_id": "-80928648:44554937",
        "lat": 44.5549374,
        "lon": -80.9286479,
        "connected_way_names": [
          "2nd Street A East",
          "8th Avenue A East"
        ],
        "connected_highway_tags": [
          "residential"
        ],
        "degree_merged": 2,
        "intersection_priority": "D",
        "visibility_score": 59,
        "sign_value": "medium",
        "canvass_order": 4,
        "recommended_action": "flyer-only / later saturation",
        "caveats": [
          "Do not place signs without property-owner permission.",
          "Avoid sightline obstruction.",
          "Respect election-sign bylaw setbacks and safety rules.",
          "Corner-lot estimate is for planning only, not a precise household count."
        ],
        "daily_priority_score": 14,
        "priority_reason": "multiple street-front exposures; mostly local-street exposure",
        "route_bucket": "local residential corner",
        "global_rank": 267,
        "daily_tier": "C",
        "suggested_day": "Day 18"
      }
    },
    {
      "type": "Feature",
      "geometry": {
        "type": "Point",
        "coordinates": [
          -80.9288476,
          44.5782704
        ]
      },
      "properties": {
        "node_id": "-80928848:44578270",
        "lat": 44.5782704,
        "lon": -80.9288476,
        "connected_way_names": [
          "18th Street East",
          "7th Avenue East"
        ],
        "connected_highway_tags": [
          "residential"
        ],
        "degree_merged": 2,
        "intersection_priority": "D",
        "visibility_score": 59,
        "sign_value": "medium",
        "canvass_order": 4,
        "recommended_action": "flyer-only / later saturation",
        "caveats": [
          "Do not place signs without property-owner permission.",
          "Avoid sightline obstruction.",
          "Respect election-sign bylaw setbacks and safety rules.",
          "Corner-lot estimate is for planning only, not a precise household count."
        ],
        "daily_priority_score": 14,
        "priority_reason": "multiple street-front exposures; mostly local-street exposure",
        "route_bucket": "local residential corner",
        "global_rank": 268,
        "daily_tier": "C",
        "suggested_day": "Day 18"
      }
    },
    {
      "type": "Feature",
      "geometry": {
        "type": "Point",
        "coordinates": [
          -80.9289339,
          44.5625553
        ]
      },
      "properties": {
        "node_id": "-80928934:44562555",
        "lat": 44.5625553,
        "lon": -80.9289339,
        "connected_way_names": [
          "6th Street A East",
          "8th Avenue East"
        ],
        "connected_highway_tags": [
          "residential"
        ],
        "degree_merged": 2,
        "intersection_priority": "D",
        "visibility_score": 59,
        "sign_value": "medium",
        "canvass_order": 4,
        "recommended_action": "flyer-only / later saturation",
        "caveats": [
          "Do not place signs without property-owner permission.",
          "Avoid sightline obstruction.",
          "Respect election-sign bylaw setbacks and safety rules.",
          "Corner-lot estimate is for planning only, not a precise household count."
        ],
        "daily_priority_score": 14,
        "priority_reason": "multiple street-front exposures; mostly local-street exposure",
        "route_bucket": "local residential corner",
        "global_rank": 269,
        "daily_tier": "C",
        "suggested_day": "Day 18"
      }
    },
    {
      "type": "Feature",
      "geometry": {
        "type": "Point",
        "coordinates": [
          -80.9290028,
          44.5673848
        ]
      },
      "properties": {
        "node_id": "-80929003:44567385",
        "lat": 44.5673848,
        "lon": -80.9290028,
        "connected_way_names": [
          "8th Avenue A East",
          "9th Street East"
        ],
        "connected_highway_tags": [
          "residential"
        ],
        "degree_merged": 2,
        "intersection_priority": "D",
        "visibility_score": 59,
        "sign_value": "medium",
        "canvass_order": 4,
        "recommended_action": "flyer-only / later saturation",
        "caveats": [
          "Do not place signs without property-owner permission.",
          "Avoid sightline obstruction.",
          "Respect election-sign bylaw setbacks and safety rules.",
          "Corner-lot estimate is for planning only, not a precise household count."
        ],
        "daily_priority_score": 14,
        "priority_reason": "multiple street-front exposures; mostly local-street exposure",
        "route_bucket": "local residential corner",
        "global_rank": 270,
        "daily_tier": "C",
        "suggested_day": "Day 18"
      }
    },
    {
      "type": "Feature",
      "geometry": {
        "type": "Point",
        "coordinates": [
          -80.9291522,
          44.5635204
        ]
      },
      "properties": {
        "node_id": "-80929152:44563520",
        "lat": 44.5635204,
        "lon": -80.9291522,
        "connected_way_names": [
          "7th Street East",
          "8th Avenue East"
        ],
        "connected_highway_tags": [
          "residential"
        ],
        "degree_merged": 2,
        "intersection_priority": "D",
        "visibility_score": 59,
        "sign_value": "medium",
        "canvass_order": 4,
        "recommended_action": "flyer-only / later saturation",
        "caveats": [
          "Do not place signs without property-owner permission.",
          "Avoid sightline obstruction.",
          "Respect election-sign bylaw setbacks and safety rules.",
          "Corner-lot estimate is for planning only, not a precise household count."
        ],
        "daily_priority_score": 14,
        "priority_reason": "multiple street-front exposures; mostly local-street exposure",
        "route_bucket": "local residential corner",
        "global_rank": 271,
        "daily_tier": "C",
        "suggested_day": "Day 19"
      }
    },
    {
      "type": "Feature",
      "geometry": {
        "type": "Point",
        "coordinates": [
          -80.9291574,
          44.5823349
        ]
      },
      "properties": {
        "node_id": "-80929157:44582335",
        "lat": 44.5823349,
        "lon": -80.9291574,
        "connected_way_names": [
          "6th Avenue East",
          "20th Street East"
        ],
        "connected_highway_tags": [
          "residential"
        ],
        "degree_merged": 2,
        "intersection_priority": "D",
        "visibility_score": 59,
        "sign_value": "medium",
        "canvass_order": 4,
        "recommended_action": "flyer-only / later saturation",
        "caveats": [
          "Do not place signs without property-owner permission.",
          "Avoid sightline obstruction.",
          "Respect election-sign bylaw setbacks and safety rules.",
          "Corner-lot estimate is for planning only, not a precise household count."
        ],
        "daily_priority_score": 14,
        "priority_reason": "multiple street-front exposures; mostly local-street exposure",
        "route_bucket": "local residential corner",
        "global_rank": 272,
        "daily_tier": "C",
        "suggested_day": "Day 19"
      }
    },
    {
      "type": "Feature",
      "geometry": {
        "type": "Point",
        "coordinates": [
          -80.9293124,
          44.5723466
        ]
      },
      "properties": {
        "node_id": "-80929312:44572347",
        "lat": 44.5723466,
        "lon": -80.9293124,
        "connected_way_names": [
          "8th Avenue East",
          "15th Street A East"
        ],
        "connected_highway_tags": [
          "residential"
        ],
        "degree_merged": 2,
        "intersection_priority": "D",
        "visibility_score": 59,
        "sign_value": "medium",
        "canvass_order": 4,
        "recommended_action": "flyer-only / later saturation",
        "caveats": [
          "Do not place signs without property-owner permission.",
          "Avoid sightline obstruction.",
          "Respect election-sign bylaw setbacks and safety rules.",
          "Corner-lot estimate is for planning only, not a precise household count."
        ],
        "daily_priority_score": 14,
        "priority_reason": "multiple street-front exposures; mostly local-street exposure",
        "route_bucket": "local residential corner",
        "global_rank": 273,
        "daily_tier": "C",
        "suggested_day": "Day 19"
      }
    },
    {
      "type": "Feature",
      "geometry": {
        "type": "Point",
        "coordinates": [
          -80.9293473,
          44.5643579
        ]
      },
      "properties": {
        "node_id": "-80929347:44564358",
        "lat": 44.5643579,
        "lon": -80.9293473,
        "connected_way_names": [
          "8th Avenue East",
          "7th Street A East"
        ],
        "connected_highway_tags": [
          "residential"
        ],
        "degree_merged": 2,
        "intersection_priority": "D",
        "visibility_score": 59,
        "sign_value": "medium",
        "canvass_order": 4,
        "recommended_action": "flyer-only / later saturation",
        "caveats": [
          "Do not place signs without property-owner permission.",
          "Avoid sightline obstruction.",
          "Respect election-sign bylaw setbacks and safety rules.",
          "Corner-lot estimate is for planning only, not a precise household count."
        ],
        "daily_priority_score": 14,
        "priority_reason": "multiple street-front exposures; mostly local-street exposure",
        "route_bucket": "local residential corner",
        "global_rank": 274,
        "daily_tier": "C",
        "suggested_day": "Day 19"
      }
    },
    {
      "type": "Feature",
      "geometry": {
        "type": "Point",
        "coordinates": [
          -80.9295792,
          44.5763735
        ]
      },
      "properties": {
        "node_id": "-80929579:44576374",
        "lat": 44.5763735,
        "lon": -80.9295792,
        "connected_way_names": [
          "17th Street East",
          "7th Avenue East"
        ],
        "connected_highway_tags": [
          "residential"
        ],
        "degree_merged": 2,
        "intersection_priority": "D",
        "visibility_score": 59,
        "sign_value": "medium",
        "canvass_order": 4,
        "recommended_action": "flyer-only / later saturation",
        "caveats": [
          "Do not place signs without property-owner permission.",
          "Avoid sightline obstruction.",
          "Respect election-sign bylaw setbacks and safety rules.",
          "Corner-lot estimate is for planning only, not a precise household count."
        ],
        "daily_priority_score": 14,
        "priority_reason": "multiple street-front exposures; mostly local-street exposure",
        "route_bucket": "local residential corner",
        "global_rank": 275,
        "daily_tier": "C",
        "suggested_day": "Day 19"
      }
    },
    {
      "type": "Feature",
      "geometry": {
        "type": "Point",
        "coordinates": [
          -80.92961,
          44.550607
        ]
      },
      "properties": {
        "node_id": "-80929610:44550607",
        "lat": 44.550607,
        "lon": -80.92961,
        "connected_way_names": [
          "7th Avenue East",
          "1st Street East"
        ],
        "connected_highway_tags": [
          "residential"
        ],
        "degree_merged": 2,
        "intersection_priority": "D",
        "visibility_score": 59,
        "sign_value": "medium",
        "canvass_order": 4,
        "recommended_action": "flyer-only / later saturation",
        "caveats": [
          "Do not place signs without property-owner permission.",
          "Avoid sightline obstruction.",
          "Respect election-sign bylaw setbacks and safety rules.",
          "Corner-lot estimate is for planning only, not a precise household count."
        ],
        "daily_priority_score": 14,
        "priority_reason": "multiple street-front exposures; mostly local-street exposure",
        "route_bucket": "local residential corner",
        "global_rank": 276,
        "daily_tier": "C",
        "suggested_day": "Day 19"
      }
    },
    {
      "type": "Feature",
      "geometry": {
        "type": "Point",
        "coordinates": [
          -80.9296353,
          44.5593506
        ]
      },
      "properties": {
        "node_id": "-80929635:44559351",
        "lat": 44.5593506,
        "lon": -80.9296353,
        "connected_way_names": [
          "8th Avenue A East",
          "8th Avenue East"
        ],
        "connected_highway_tags": [
          "residential"
        ],
        "degree_merged": 2,
        "intersection_priority": "D",
        "visibility_score": 59,
        "sign_value": "medium",
        "canvass_order": 4,
        "recommended_action": "flyer-only / later saturation",
        "caveats": [
          "Do not place signs without property-owner permission.",
          "Avoid sightline obstruction.",
          "Respect election-sign bylaw setbacks and safety rules.",
          "Corner-lot estimate is for planning only, not a precise household count."
        ],
        "daily_priority_score": 14,
        "priority_reason": "multiple street-front exposures; mostly local-street exposure",
        "route_bucket": "local residential corner",
        "global_rank": 277,
        "daily_tier": "C",
        "suggested_day": "Day 19"
      }
    },
    {
      "type": "Feature",
      "geometry": {
        "type": "Point",
        "coordinates": [
          -80.9297778,
          44.5600519
        ]
      },
      "properties": {
        "node_id": "-80929778:44560052",
        "lat": 44.5600519,
        "lon": -80.9297778,
        "connected_way_names": [
          "8th Avenue A East",
          "5th Street East"
        ],
        "connected_highway_tags": [
          "residential"
        ],
        "degree_merged": 2,
        "intersection_priority": "D",
        "visibility_score": 59,
        "sign_value": "medium",
        "canvass_order": 4,
        "recommended_action": "flyer-only / later saturation",
        "caveats": [
          "Do not place signs without property-owner permission.",
          "Avoid sightline obstruction.",
          "Respect election-sign bylaw setbacks and safety rules.",
          "Corner-lot estimate is for planning only, not a precise household count."
        ],
        "daily_priority_score": 14,
        "priority_reason": "multiple street-front exposures; mostly local-street exposure",
        "route_bucket": "local residential corner",
        "global_rank": 278,
        "daily_tier": "C",
        "suggested_day": "Day 19"
      }
    },
    {
      "type": "Feature",
      "geometry": {
        "type": "Point",
        "coordinates": [
          -80.9298423,
          44.5577143
        ]
      },
      "properties": {
        "node_id": "-80929842:44557714",
        "lat": 44.5577143,
        "lon": -80.9298423,
        "connected_way_names": [
          "4th Street East",
          "8th Avenue East"
        ],
        "connected_highway_tags": [
          "residential"
        ],
        "degree_merged": 2,
        "intersection_priority": "D",
        "visibility_score": 59,
        "sign_value": "medium",
        "canvass_order": 4,
        "recommended_action": "flyer-only / later saturation",
        "caveats": [
          "Do not place signs without property-owner permission.",
          "Avoid sightline obstruction.",
          "Respect election-sign bylaw setbacks and safety rules.",
          "Corner-lot estimate is for planning only, not a precise household count."
        ],
        "daily_priority_score": 14,
        "priority_reason": "multiple street-front exposures; mostly local-street exposure",
        "route_bucket": "local residential corner",
        "global_rank": 279,
        "daily_tier": "C",
        "suggested_day": "Day 19"
      }
    },
    {
      "type": "Feature",
      "geometry": {
        "type": "Point",
        "coordinates": [
          -80.9298839,
          44.5804978
        ]
      },
      "properties": {
        "node_id": "-80929884:44580498",
        "lat": 44.5804978,
        "lon": -80.9298839,
        "connected_way_names": [
          "6th Avenue East",
          "19th Street East"
        ],
        "connected_highway_tags": [
          "residential"
        ],
        "degree_merged": 2,
        "intersection_priority": "D",
        "visibility_score": 59,
        "sign_value": "medium",
        "canvass_order": 4,
        "recommended_action": "flyer-only / later saturation",
        "caveats": [
          "Do not place signs without property-owner permission.",
          "Avoid sightline obstruction.",
          "Respect election-sign bylaw setbacks and safety rules.",
          "Corner-lot estimate is for planning only, not a precise household count."
        ],
        "daily_priority_score": 14,
        "priority_reason": "multiple street-front exposures; mostly local-street exposure",
        "route_bucket": "local residential corner",
        "global_rank": 280,
        "daily_tier": "C",
        "suggested_day": "Day 19"
      }
    },
    {
      "type": "Feature",
      "geometry": {
        "type": "Point",
        "coordinates": [
          -80.9300312,
          44.5673111
        ]
      },
      "properties": {
        "node_id": "-80930031:44567311",
        "lat": 44.5673111,
        "lon": -80.9300312,
        "connected_way_names": [
          "8th Avenue East",
          "9th Street East"
        ],
        "connected_highway_tags": [
          "residential"
        ],
        "degree_merged": 2,
        "intersection_priority": "D",
        "visibility_score": 59,
        "sign_value": "medium",
        "canvass_order": 4,
        "recommended_action": "flyer-only / later saturation",
        "caveats": [
          "Do not place signs without property-owner permission.",
          "Avoid sightline obstruction.",
          "Respect election-sign bylaw setbacks and safety rules.",
          "Corner-lot estimate is for planning only, not a precise household count."
        ],
        "daily_priority_score": 14,
        "priority_reason": "multiple street-front exposures; mostly local-street exposure",
        "route_bucket": "local residential corner",
        "global_rank": 281,
        "daily_tier": "C",
        "suggested_day": "Day 19"
      }
    },
    {
      "type": "Feature",
      "geometry": {
        "type": "Point",
        "coordinates": [
          -80.930071,
          44.5533831
        ]
      },
      "properties": {
        "node_id": "-80930071:44553383",
        "lat": 44.5533831,
        "lon": -80.930071,
        "connected_way_names": [
          "7th Avenue East",
          "2nd Street East"
        ],
        "connected_highway_tags": [
          "residential"
        ],
        "degree_merged": 2,
        "intersection_priority": "D",
        "visibility_score": 59,
        "sign_value": "medium",
        "canvass_order": 4,
        "recommended_action": "flyer-only / later saturation",
        "caveats": [
          "Do not place signs without property-owner permission.",
          "Avoid sightline obstruction.",
          "Respect election-sign bylaw setbacks and safety rules.",
          "Corner-lot estimate is for planning only, not a precise household count."
        ],
        "daily_priority_score": 14,
        "priority_reason": "multiple street-front exposures; mostly local-street exposure",
        "route_bucket": "local residential corner",
        "global_rank": 282,
        "daily_tier": "C",
        "suggested_day": "Day 19"
      }
    },
    {
      "type": "Feature",
      "geometry": {
        "type": "Point",
        "coordinates": [
          -80.9300852,
          44.5585067
        ]
      },
      "properties": {
        "node_id": "-80930085:44558507",
        "lat": 44.5585067,
        "lon": -80.9300852,
        "connected_way_names": [
          "8th Avenue East",
          "8th Avenue A East"
        ],
        "connected_highway_tags": [
          "residential"
        ],
        "degree_merged": 2,
        "intersection_priority": "D",
        "visibility_score": 59,
        "sign_value": "medium",
        "canvass_order": 4,
        "recommended_action": "flyer-only / later saturation",
        "caveats": [
          "Do not place signs without property-owner permission.",
          "Avoid sightline obstruction.",
          "Respect election-sign bylaw setbacks and safety rules.",
          "Corner-lot estimate is for planning only, not a precise household count."
        ],
        "daily_priority_score": 14,
        "priority_reason": "multiple street-front exposures; mostly local-street exposure",
        "route_bucket": "local residential corner",
        "global_rank": 283,
        "daily_tier": "C",
        "suggested_day": "Day 19"
      }
    },
    {
      "type": "Feature",
      "geometry": {
        "type": "Point",
        "coordinates": [
          -80.9302653,
          44.5683576
        ]
      },
      "properties": {
        "node_id": "-80930265:44568358",
        "lat": 44.5683576,
        "lon": -80.9302653,
        "connected_way_names": [
          "8th Avenue East",
          "9th Street A East"
        ],
        "connected_highway_tags": [
          "residential"
        ],
        "degree_merged": 2,
        "intersection_priority": "D",
        "visibility_score": 59,
        "sign_value": "medium",
        "canvass_order": 4,
        "recommended_action": "flyer-only / later saturation",
        "caveats": [
          "Do not place signs without property-owner permission.",
          "Avoid sightline obstruction.",
          "Respect election-sign bylaw setbacks and safety rules.",
          "Corner-lot estimate is for planning only, not a precise household count."
        ],
        "daily_priority_score": 14,
        "priority_reason": "multiple street-front exposures; mostly local-street exposure",
        "route_bucket": "local residential corner",
        "global_rank": 284,
        "daily_tier": "C",
        "suggested_day": "Day 19"
      }
    },
    {
      "type": "Feature",
      "geometry": {
        "type": "Point",
        "coordinates": [
          -80.9302849,
          44.5745368
        ]
      },
      "properties": {
        "node_id": "-80930285:44574537",
        "lat": 44.5745368,
        "lon": -80.9302849,
        "connected_way_names": [
          "16th Street East",
          "7th Avenue East"
        ],
        "connected_highway_tags": [
          "residential"
        ],
        "degree_merged": 2,
        "intersection_priority": "D",
        "visibility_score": 59,
        "sign_value": "medium",
        "canvass_order": 4,
        "recommended_action": "flyer-only / later saturation",
        "caveats": [
          "Do not place signs without property-owner permission.",
          "Avoid sightline obstruction.",
          "Respect election-sign bylaw setbacks and safety rules.",
          "Corner-lot estimate is for planning only, not a precise household count."
        ],
        "daily_priority_score": 14,
        "priority_reason": "multiple street-front exposures; mostly local-street exposure",
        "route_bucket": "local residential corner",
        "global_rank": 285,
        "daily_tier": "C",
        "suggested_day": "Day 19"
      }
    },
    {
      "type": "Feature",
      "geometry": {
        "type": "Point",
        "coordinates": [
          -80.9302851,
          44.5794345
        ]
      },
      "properties": {
        "node_id": "-80930285:44579435",
        "lat": 44.5794345,
        "lon": -80.9302851,
        "connected_way_names": [
          "6th Avenue East",
          "18th Street A East"
        ],
        "connected_highway_tags": [
          "residential"
        ],
        "degree_merged": 2,
        "intersection_priority": "D",
        "visibility_score": 59,
        "sign_value": "medium",
        "canvass_order": 4,
        "recommended_action": "flyer-only / later saturation",
        "caveats": [
          "Do not place signs without property-owner permission.",
          "Avoid sightline obstruction.",
          "Respect election-sign bylaw setbacks and safety rules.",
          "Corner-lot estimate is for planning only, not a precise household count."
        ],
        "daily_priority_score": 14,
        "priority_reason": "multiple street-front exposures; mostly local-street exposure",
        "route_bucket": "local residential corner",
        "global_rank": 286,
        "daily_tier": "C",
        "suggested_day": "Day 20"
      }
    },
    {
      "type": "Feature",
      "geometry": {
        "type": "Point",
        "coordinates": [
          -80.9303044,
          44.5713341
        ]
      },
      "properties": {
        "node_id": "-80930304:44571334",
        "lat": 44.5713341,
        "lon": -80.9303044,
        "connected_way_names": [
          "15th Street East",
          "8th Avenue East"
        ],
        "connected_highway_tags": [
          "residential"
        ],
        "degree_merged": 2,
        "intersection_priority": "D",
        "visibility_score": 59,
        "sign_value": "medium",
        "canvass_order": 4,
        "recommended_action": "flyer-only / later saturation",
        "caveats": [
          "Do not place signs without property-owner permission.",
          "Avoid sightline obstruction.",
          "Respect election-sign bylaw setbacks and safety rules.",
          "Corner-lot estimate is for planning only, not a precise household count."
        ],
        "daily_priority_score": 14,
        "priority_reason": "multiple street-front exposures; mostly local-street exposure",
        "route_bucket": "local residential corner",
        "global_rank": 287,
        "daily_tier": "C",
        "suggested_day": "Day 20"
      }
    },
    {
      "type": "Feature",
      "geometry": {
        "type": "Point",
        "coordinates": [
          -80.9303795,
          44.5547568
        ]
      },
      "properties": {
        "node_id": "-80930379:44554757",
        "lat": 44.5547568,
        "lon": -80.9303795,
        "connected_way_names": [
          "7th Avenue East",
          "2nd Street A East"
        ],
        "connected_highway_tags": [
          "residential"
        ],
        "degree_merged": 2,
        "intersection_priority": "D",
        "visibility_score": 59,
        "sign_value": "medium",
        "canvass_order": 4,
        "recommended_action": "flyer-only / later saturation",
        "caveats": [
          "Do not place signs without property-owner permission.",
          "Avoid sightline obstruction.",
          "Respect election-sign bylaw setbacks and safety rules.",
          "Corner-lot estimate is for planning only, not a precise household count."
        ],
        "daily_priority_score": 14,
        "priority_reason": "multiple street-front exposures; mostly local-street exposure",
        "route_bucket": "local residential corner",
        "global_rank": 288,
        "daily_tier": "C",
        "suggested_day": "Day 20"
      }
    },
    {
      "type": "Feature",
      "geometry": {
        "type": "Point",
        "coordinates": [
          -80.9305759,
          44.5786032
        ]
      },
      "properties": {
        "node_id": "-80930576:44578603",
        "lat": 44.5786032,
        "lon": -80.9305759,
        "connected_way_names": [
          "6th Avenue East",
          "18th Street East"
        ],
        "connected_highway_tags": [
          "residential"
        ],
        "degree_merged": 2,
        "intersection_priority": "D",
        "visibility_score": 59,
        "sign_value": "medium",
        "canvass_order": 4,
        "recommended_action": "flyer-only / later saturation",
        "caveats": [
          "Do not place signs without property-owner permission.",
          "Avoid sightline obstruction.",
          "Respect election-sign bylaw setbacks and safety rules.",
          "Corner-lot estimate is for planning only, not a precise household count."
        ],
        "daily_priority_score": 14,
        "priority_reason": "multiple street-front exposures; mostly local-street exposure",
        "route_bucket": "local residential corner",
        "global_rank": 289,
        "daily_tier": "C",
        "suggested_day": "Day 20"
      }
    },
    {
      "type": "Feature",
      "geometry": {
        "type": "Point",
        "coordinates": [
          -80.9306453,
          44.5559338
        ]
      },
      "properties": {
        "node_id": "-80930645:44555934",
        "lat": 44.5559338,
        "lon": -80.9306453,
        "connected_way_names": [
          "7th Avenue East",
          "3rd Street East"
        ],
        "connected_highway_tags": [
          "residential"
        ],
        "degree_merged": 2,
        "intersection_priority": "D",
        "visibility_score": 59,
        "sign_value": "medium",
        "canvass_order": 4,
        "recommended_action": "flyer-only / later saturation",
        "caveats": [
          "Do not place signs without property-owner permission.",
          "Avoid sightline obstruction.",
          "Respect election-sign bylaw setbacks and safety rules.",
          "Corner-lot estimate is for planning only, not a precise household count."
        ],
        "daily_priority_score": 14,
        "priority_reason": "multiple street-front exposures; mostly local-street exposure",
        "route_bucket": "local residential corner",
        "global_rank": 290,
        "daily_tier": "C",
        "suggested_day": "Day 20"
      }
    },
    {
      "type": "Feature",
      "geometry": {
        "type": "Point",
        "coordinates": [
          -80.9308308,
          44.5826682
        ]
      },
      "properties": {
        "node_id": "-80930831:44582668",
        "lat": 44.5826682,
        "lon": -80.9308308,
        "connected_way_names": [
          "20th Street East",
          "5th Avenue East"
        ],
        "connected_highway_tags": [
          "residential"
        ],
        "degree_merged": 2,
        "intersection_priority": "D",
        "visibility_score": 59,
        "sign_value": "medium",
        "canvass_order": 4,
        "recommended_action": "flyer-only / later saturation",
        "caveats": [
          "Do not place signs without property-owner permission.",
          "Avoid sightline obstruction.",
          "Respect election-sign bylaw setbacks and safety rules.",
          "Corner-lot estimate is for planning only, not a precise household count."
        ],
        "daily_priority_score": 14,
        "priority_reason": "multiple street-front exposures; mostly local-street exposure",
        "route_bucket": "local residential corner",
        "global_rank": 291,
        "daily_tier": "C",
        "suggested_day": "Day 20"
      }
    },
    {
      "type": "Feature",
      "geometry": {
        "type": "Point",
        "coordinates": [
          -80.9310309,
          44.5575917
        ]
      },
      "properties": {
        "node_id": "-80931031:44557592",
        "lat": 44.5575917,
        "lon": -80.9310309,
        "connected_way_names": [
          "4th Street East",
          "7th Avenue East"
        ],
        "connected_highway_tags": [
          "residential"
        ],
        "degree_merged": 2,
        "intersection_priority": "D",
        "visibility_score": 59,
        "sign_value": "medium",
        "canvass_order": 4,
        "recommended_action": "flyer-only / later saturation",
        "caveats": [
          "Do not place signs without property-owner permission.",
          "Avoid sightline obstruction.",
          "Respect election-sign bylaw setbacks and safety rules.",
          "Corner-lot estimate is for planning only, not a precise household count."
        ],
        "daily_priority_score": 14,
        "priority_reason": "multiple street-front exposures; mostly local-street exposure",
        "route_bucket": "local residential corner",
        "global_rank": 292,
        "daily_tier": "C",
        "suggested_day": "Day 20"
      }
    },
    {
      "type": "Feature",
      "geometry": {
        "type": "Point",
        "coordinates": [
          -80.9312144,
          44.5583167
        ]
      },
      "properties": {
        "node_id": "-80931214:44558317",
        "lat": 44.5583167,
        "lon": -80.9312144,
        "connected_way_names": [
          "7th Avenue East",
          "4th Street A East"
        ],
        "connected_highway_tags": [
          "residential"
        ],
        "degree_merged": 2,
        "intersection_priority": "D",
        "visibility_score": 59,
        "sign_value": "medium",
        "canvass_order": 4,
        "recommended_action": "flyer-only / later saturation",
        "caveats": [
          "Do not place signs without property-owner permission.",
          "Avoid sightline obstruction.",
          "Respect election-sign bylaw setbacks and safety rules.",
          "Corner-lot estimate is for planning only, not a precise household count."
        ],
        "daily_priority_score": 14,
        "priority_reason": "multiple street-front exposures; mostly local-street exposure",
        "route_bucket": "local residential corner",
        "global_rank": 293,
        "daily_tier": "C",
        "suggested_day": "Day 20"
      }
    },
    {
      "type": "Feature",
      "geometry": {
        "type": "Point",
        "coordinates": [
          -80.9313087,
          44.5767131
        ]
      },
      "properties": {
        "node_id": "-80931309:44576713",
        "lat": 44.5767131,
        "lon": -80.9313087,
        "connected_way_names": [
          "6th Avenue East",
          "17th Street East"
        ],
        "connected_highway_tags": [
          "residential"
        ],
        "degree_merged": 2,
        "intersection_priority": "D",
        "visibility_score": 59,
        "sign_value": "medium",
        "canvass_order": 4,
        "recommended_action": "flyer-only / later saturation",
        "caveats": [
          "Do not place signs without property-owner permission.",
          "Avoid sightline obstruction.",
          "Respect election-sign bylaw setbacks and safety rules.",
          "Corner-lot estimate is for planning only, not a precise household count."
        ],
        "daily_priority_score": 14,
        "priority_reason": "multiple street-front exposures; mostly local-street exposure",
        "route_bucket": "local residential corner",
        "global_rank": 294,
        "daily_tier": "C",
        "suggested_day": "Day 20"
      }
    },
    {
      "type": "Feature",
      "geometry": {
        "type": "Point",
        "coordinates": [
          -80.9313812,
          44.5532405
        ]
      },
      "properties": {
        "node_id": "-80931381:44553241",
        "lat": 44.5532405,
        "lon": -80.9313812,
        "connected_way_names": [
          "6th Avenue East",
          "2nd Street East"
        ],
        "connected_highway_tags": [
          "residential"
        ],
        "degree_merged": 2,
        "intersection_priority": "D",
        "visibility_score": 59,
        "sign_value": "medium",
        "canvass_order": 4,
        "recommended_action": "flyer-only / later saturation",
        "caveats": [
          "Do not place signs without property-owner permission.",
          "Avoid sightline obstruction.",
          "Respect election-sign bylaw setbacks and safety rules.",
          "Corner-lot estimate is for planning only, not a precise household count."
        ],
        "daily_priority_score": 14,
        "priority_reason": "multiple street-front exposures; mostly local-street exposure",
        "route_bucket": "local residential corner",
        "global_rank": 295,
        "daily_tier": "C",
        "suggested_day": "Day 20"
      }
    },
    {
      "type": "Feature",
      "geometry": {
        "type": "Point",
        "coordinates": [
          -80.9315495,
          44.5598221
        ]
      },
      "properties": {
        "node_id": "-80931549:44559822",
        "lat": 44.5598221,
        "lon": -80.9315495,
        "connected_way_names": [
          "5th Street East",
          "7th Avenue East"
        ],
        "connected_highway_tags": [
          "residential"
        ],
        "degree_merged": 2,
        "intersection_priority": "D",
        "visibility_score": 59,
        "sign_value": "medium",
        "canvass_order": 4,
        "recommended_action": "flyer-only / later saturation",
        "caveats": [
          "Do not place signs without property-owner permission.",
          "Avoid sightline obstruction.",
          "Respect election-sign bylaw setbacks and safety rules.",
          "Corner-lot estimate is for planning only, not a precise household count."
        ],
        "daily_priority_score": 14,
        "priority_reason": "multiple street-front exposures; mostly local-street exposure",
        "route_bucket": "local residential corner",
        "global_rank": 296,
        "daily_tier": "C",
        "suggested_day": "Day 20"
      }
    },
    {
      "type": "Feature",
      "geometry": {
        "type": "Point",
        "coordinates": [
          -80.9315538,
          44.5808472
        ]
      },
      "properties": {
        "node_id": "-80931554:44580847",
        "lat": 44.5808472,
        "lon": -80.9315538,
        "connected_way_names": [
          "19th Street East",
          "5th Avenue East"
        ],
        "connected_highway_tags": [
          "residential"
        ],
        "degree_merged": 2,
        "intersection_priority": "D",
        "visibility_score": 59,
        "sign_value": "medium",
        "canvass_order": 4,
        "recommended_action": "flyer-only / later saturation",
        "caveats": [
          "Do not place signs without property-owner permission.",
          "Avoid sightline obstruction.",
          "Respect election-sign bylaw setbacks and safety rules.",
          "Corner-lot estimate is for planning only, not a precise household count."
        ],
        "daily_priority_score": 14,
        "priority_reason": "multiple street-front exposures; mostly local-street exposure",
        "route_bucket": "local residential corner",
        "global_rank": 297,
        "daily_tier": "C",
        "suggested_day": "Day 20"
      }
    },
    {
      "type": "Feature",
      "geometry": {
        "type": "Point",
        "coordinates": [
          -80.9315886,
          44.5622533
        ]
      },
      "properties": {
        "node_id": "-80931589:44562253",
        "lat": 44.5622533,
        "lon": -80.9315886,
        "connected_way_names": [
          "7th Avenue East",
          "6th Street A East"
        ],
        "connected_highway_tags": [
          "residential"
        ],
        "degree_merged": 2,
        "intersection_priority": "D",
        "visibility_score": 59,
        "sign_value": "medium",
        "canvass_order": 4,
        "recommended_action": "flyer-only / later saturation",
        "caveats": [
          "Do not place signs without property-owner permission.",
          "Avoid sightline obstruction.",
          "Respect election-sign bylaw setbacks and safety rules.",
          "Corner-lot estimate is for planning only, not a precise household count."
        ],
        "daily_priority_score": 14,
        "priority_reason": "multiple street-front exposures; mostly local-street exposure",
        "route_bucket": "local residential corner",
        "global_rank": 298,
        "daily_tier": "C",
        "suggested_day": "Day 20"
      }
    },
    {
      "type": "Feature",
      "geometry": {
        "type": "Point",
        "coordinates": [
          -80.931617,
          44.5601164
        ]
      },
      "properties": {
        "node_id": "-80931617:44560116",
        "lat": 44.5601164,
        "lon": -80.931617,
        "connected_way_names": [
          "7th Avenue East",
          "5th Street East"
        ],
        "connected_highway_tags": [
          "residential"
        ],
        "degree_merged": 2,
        "intersection_priority": "D",
        "visibility_score": 59,
        "sign_value": "medium",
        "canvass_order": 4,
        "recommended_action": "flyer-only / later saturation",
        "caveats": [
          "Do not place signs without property-owner permission.",
          "Avoid sightline obstruction.",
          "Respect election-sign bylaw setbacks and safety rules.",
          "Corner-lot estimate is for planning only, not a precise household count."
        ],
        "daily_priority_score": 14,
        "priority_reason": "multiple street-front exposures; mostly local-street exposure",
        "route_bucket": "local residential corner",
        "global_rank": 299,
        "daily_tier": "C",
        "suggested_day": "Day 20"
      }
    },
    {
      "type": "Feature",
      "geometry": {
        "type": "Point",
        "coordinates": [
          -80.9317055,
          44.5724235
        ]
      },
      "properties": {
        "node_id": "-80931706:44572424",
        "lat": 44.5724235,
        "lon": -80.9317055,
        "connected_way_names": [
          "15th Street East",
          "7th Avenue East"
        ],
        "connected_highway_tags": [
          "residential"
        ],
        "degree_merged": 2,
        "intersection_priority": "D",
        "visibility_score": 59,
        "sign_value": "medium",
        "canvass_order": 4,
        "recommended_action": "flyer-only / later saturation",
        "caveats": [
          "Do not place signs without property-owner permission.",
          "Avoid sightline obstruction.",
          "Respect election-sign bylaw setbacks and safety rules.",
          "Corner-lot estimate is for planning only, not a precise household count."
        ],
        "daily_priority_score": 14,
        "priority_reason": "multiple street-front exposures; mostly local-street exposure",
        "route_bucket": "local residential corner",
        "global_rank": 300,
        "daily_tier": "C",
        "suggested_day": "Day 20"
      }
    },
    {
      "type": "Feature",
      "geometry": {
        "type": "Point",
        "coordinates": [
          -80.9317908,
          44.5632082
        ]
      },
      "properties": {
        "node_id": "-80931791:44563208",
        "lat": 44.5632082,
        "lon": -80.9317908,
        "connected_way_names": [
          "7th Street East",
          "7th Avenue East"
        ],
        "connected_highway_tags": [
          "residential"
        ],
        "degree_merged": 2,
        "intersection_priority": "D",
        "visibility_score": 59,
        "sign_value": "medium",
        "canvass_order": 4,
        "recommended_action": "flyer-only / later saturation",
        "caveats": [
          "Do not place signs without property-owner permission.",
          "Avoid sightline obstruction.",
          "Respect election-sign bylaw setbacks and safety rules.",
          "Corner-lot estimate is for planning only, not a precise household count."
        ],
        "daily_priority_score": 14,
        "priority_reason": "multiple street-front exposures; mostly local-street exposure",
        "route_bucket": "local residential corner",
        "global_rank": 301,
        "daily_tier": "C",
        "suggested_day": "Day 21"
      }
    },
    {
      "type": "Feature",
      "geometry": {
        "type": "Point",
        "coordinates": [
          -80.9319746,
          44.5797606
        ]
      },
      "properties": {
        "node_id": "-80931975:44579761",
        "lat": 44.5797606,
        "lon": -80.9319746,
        "connected_way_names": [
          "5th Avenue East",
          "18th Street A East"
        ],
        "connected_highway_tags": [
          "residential"
        ],
        "degree_merged": 2,
        "intersection_priority": "D",
        "visibility_score": 59,
        "sign_value": "medium",
        "canvass_order": 4,
        "recommended_action": "flyer-only / later saturation",
        "caveats": [
          "Do not place signs without property-owner permission.",
          "Avoid sightline obstruction.",
          "Respect election-sign bylaw setbacks and safety rules.",
          "Corner-lot estimate is for planning only, not a precise household count."
        ],
        "daily_priority_score": 14,
        "priority_reason": "multiple street-front exposures; mostly local-street exposure",
        "route_bucket": "local residential corner",
        "global_rank": 302,
        "daily_tier": "C",
        "suggested_day": "Day 21"
      }
    },
    {
      "type": "Feature",
      "geometry": {
        "type": "Point",
        "coordinates": [
          -80.9319787,
          44.5640431
        ]
      },
      "properties": {
        "node_id": "-80931979:44564043",
        "lat": 44.5640431,
        "lon": -80.9319787,
        "connected_way_names": [
          "7th Avenue East",
          "7th Street A East"
        ],
        "connected_highway_tags": [
          "residential"
        ],
        "degree_merged": 2,
        "intersection_priority": "D",
        "visibility_score": 59,
        "sign_value": "medium",
        "canvass_order": 4,
        "recommended_action": "flyer-only / later saturation",
        "caveats": [
          "Do not place signs without property-owner permission.",
          "Avoid sightline obstruction.",
          "Respect election-sign bylaw setbacks and safety rules.",
          "Corner-lot estimate is for planning only, not a precise household count."
        ],
        "daily_priority_score": 14,
        "priority_reason": "multiple street-front exposures; mostly local-street exposure",
        "route_bucket": "local residential corner",
        "global_rank": 303,
        "daily_tier": "C",
        "suggested_day": "Day 21"
      }
    },
    {
      "type": "Feature",
      "geometry": {
        "type": "Point",
        "coordinates": [
          -80.9320258,
          44.5748895
        ]
      },
      "properties": {
        "node_id": "-80932026:44574890",
        "lat": 44.5748895,
        "lon": -80.9320258,
        "connected_way_names": [
          "16th Street East",
          "6th Avenue East"
        ],
        "connected_highway_tags": [
          "residential"
        ],
        "degree_merged": 2,
        "intersection_priority": "D",
        "visibility_score": 59,
        "sign_value": "medium",
        "canvass_order": 4,
        "recommended_action": "flyer-only / later saturation",
        "caveats": [
          "Do not place signs without property-owner permission.",
          "Avoid sightline obstruction.",
          "Respect election-sign bylaw setbacks and safety rules.",
          "Corner-lot estimate is for planning only, not a precise household count."
        ],
        "daily_priority_score": 14,
        "priority_reason": "multiple street-front exposures; mostly local-street exposure",
        "route_bucket": "local residential corner",
        "global_rank": 304,
        "daily_tier": "C",
        "suggested_day": "Day 21"
      }
    },
    {
      "type": "Feature",
      "geometry": {
        "type": "Point",
        "coordinates": [
          -80.9322385,
          44.5574594
        ]
      },
      "properties": {
        "node_id": "-80932238:44557459",
        "lat": 44.5574594,
        "lon": -80.9322385,
        "connected_way_names": [
          "4th Street East",
          "6th Avenue East"
        ],
        "connected_highway_tags": [
          "residential"
        ],
        "degree_merged": 2,
        "intersection_priority": "D",
        "visibility_score": 59,
        "sign_value": "medium",
        "canvass_order": 4,
        "recommended_action": "flyer-only / later saturation",
        "caveats": [
          "Do not place signs without property-owner permission.",
          "Avoid sightline obstruction.",
          "Respect election-sign bylaw setbacks and safety rules.",
          "Corner-lot estimate is for planning only, not a precise household count."
        ],
        "daily_priority_score": 14,
        "priority_reason": "multiple street-front exposures; mostly local-street exposure",
        "route_bucket": "local residential corner",
        "global_rank": 305,
        "daily_tier": "C",
        "suggested_day": "Day 21"
      }
    },
    {
      "type": "Feature",
      "geometry": {
        "type": "Point",
        "coordinates": [
          -80.9322874,
          44.578937
        ]
      },
      "properties": {
        "node_id": "-80932287:44578937",
        "lat": 44.578937,
        "lon": -80.9322874,
        "connected_way_names": [
          "5th Avenue East",
          "18th Street East"
        ],
        "connected_highway_tags": [
          "residential"
        ],
        "degree_merged": 2,
        "intersection_priority": "D",
        "visibility_score": 59,
        "sign_value": "medium",
        "canvass_order": 4,
        "recommended_action": "flyer-only / later saturation",
        "caveats": [
          "Do not place signs without property-owner permission.",
          "Avoid sightline obstruction.",
          "Respect election-sign bylaw setbacks and safety rules.",
          "Corner-lot estimate is for planning only, not a precise household count."
        ],
        "daily_priority_score": 14,
        "priority_reason": "multiple street-front exposures; mostly local-street exposure",
        "route_bucket": "local residential corner",
        "global_rank": 306,
        "daily_tier": "C",
        "suggested_day": "Day 21"
      }
    },
    {
      "type": "Feature",
      "geometry": {
        "type": "Point",
        "coordinates": [
          -80.9324238,
          44.5660792
        ]
      },
      "properties": {
        "node_id": "-80932424:44566079",
        "lat": 44.5660792,
        "lon": -80.9324238,
        "connected_way_names": [
          "7th Avenue East",
          "8th Street A East"
        ],
        "connected_highway_tags": [
          "residential"
        ],
        "degree_merged": 2,
        "intersection_priority": "D",
        "visibility_score": 59,
        "sign_value": "medium",
        "canvass_order": 4,
        "recommended_action": "flyer-only / later saturation",
        "caveats": [
          "Do not place signs without property-owner permission.",
          "Avoid sightline obstruction.",
          "Respect election-sign bylaw setbacks and safety rules.",
          "Corner-lot estimate is for planning only, not a precise household count."
        ],
        "daily_priority_score": 14,
        "priority_reason": "multiple street-front exposures; mostly local-street exposure",
        "route_bucket": "local residential corner",
        "global_rank": 307,
        "daily_tier": "C",
        "suggested_day": "Day 21"
      }
    },
    {
      "type": "Feature",
      "geometry": {
        "type": "Point",
        "coordinates": [
          -80.9326408,
          44.5670247
        ]
      },
      "properties": {
        "node_id": "-80932641:44567025",
        "lat": 44.5670247,
        "lon": -80.9326408,
        "connected_way_names": [
          "9th Street East",
          "7th Avenue East"
        ],
        "connected_highway_tags": [
          "residential"
        ],
        "degree_merged": 2,
        "intersection_priority": "D",
        "visibility_score": 59,
        "sign_value": "medium",
        "canvass_order": 4,
        "recommended_action": "flyer-only / later saturation",
        "caveats": [
          "Do not place signs without property-owner permission.",
          "Avoid sightline obstruction.",
          "Respect election-sign bylaw setbacks and safety rules.",
          "Corner-lot estimate is for planning only, not a precise household count."
        ],
        "daily_priority_score": 14,
        "priority_reason": "multiple street-front exposures; mostly local-street exposure",
        "route_bucket": "local residential corner",
        "global_rank": 308,
        "daily_tier": "C",
        "suggested_day": "Day 21"
      }
    },
    {
      "type": "Feature",
      "geometry": {
        "type": "Point",
        "coordinates": [
          -80.9328831,
          44.5508708
        ]
      },
      "properties": {
        "node_id": "-80932883:44550871",
        "lat": 44.5508708,
        "lon": -80.9328831,
        "connected_way_names": [
          "5th Avenue East",
          "1st Street East"
        ],
        "connected_highway_tags": [
          "residential"
        ],
        "degree_merged": 2,
        "intersection_priority": "D",
        "visibility_score": 59,
        "sign_value": "medium",
        "canvass_order": 4,
        "recommended_action": "flyer-only / later saturation",
        "caveats": [
          "Do not place signs without property-owner permission.",
          "Avoid sightline obstruction.",
          "Respect election-sign bylaw setbacks and safety rules.",
          "Corner-lot estimate is for planning only, not a precise household count."
        ],
        "daily_priority_score": 14,
        "priority_reason": "multiple street-front exposures; mostly local-street exposure",
        "route_bucket": "local residential corner",
        "global_rank": 309,
        "daily_tier": "C",
        "suggested_day": "Day 21"
      }
    },
    {
      "type": "Feature",
      "geometry": {
        "type": "Point",
        "coordinates": [
          -80.9328851,
          44.5680678
        ]
      },
      "properties": {
        "node_id": "-80932885:44568068",
        "lat": 44.5680678,
        "lon": -80.9328851,
        "connected_way_names": [
          "9th Street A East",
          "7th Avenue East"
        ],
        "connected_highway_tags": [
          "residential"
        ],
        "degree_merged": 2,
        "intersection_priority": "D",
        "visibility_score": 59,
        "sign_value": "medium",
        "canvass_order": 4,
        "recommended_action": "flyer-only / later saturation",
        "caveats": [
          "Do not place signs without property-owner permission.",
          "Avoid sightline obstruction.",
          "Respect election-sign bylaw setbacks and safety rules.",
          "Corner-lot estimate is for planning only, not a precise household count."
        ],
        "daily_priority_score": 14,
        "priority_reason": "multiple street-front exposures; mostly local-street exposure",
        "route_bucket": "local residential corner",
        "global_rank": 310,
        "daily_tier": "C",
        "suggested_day": "Day 21"
      }
    },
    {
      "type": "Feature",
      "geometry": {
        "type": "Point",
        "coordinates": [
          -80.9329863,
          44.5770479
        ]
      },
      "properties": {
        "node_id": "-80932986:44577048",
        "lat": 44.5770479,
        "lon": -80.9329863,
        "connected_way_names": [
          "5th Avenue East",
          "17th Street East"
        ],
        "connected_highway_tags": [
          "residential"
        ],
        "degree_merged": 2,
        "intersection_priority": "D",
        "visibility_score": 59,
        "sign_value": "medium",
        "canvass_order": 4,
        "recommended_action": "flyer-only / later saturation",
        "caveats": [
          "Do not place signs without property-owner permission.",
          "Avoid sightline obstruction.",
          "Respect election-sign bylaw setbacks and safety rules.",
          "Corner-lot estimate is for planning only, not a precise household count."
        ],
        "daily_priority_score": 14,
        "priority_reason": "multiple street-front exposures; mostly local-street exposure",
        "route_bucket": "local residential corner",
        "global_rank": 311,
        "daily_tier": "C",
        "suggested_day": "Day 21"
      }
    },
    {
      "type": "Feature",
      "geometry": {
        "type": "Point",
        "coordinates": [
          -80.9331033,
          44.5735352
        ]
      },
      "properties": {
        "node_id": "-80933103:44573535",
        "lat": 44.5735352,
        "lon": -80.9331033,
        "connected_way_names": [
          "15th Street East",
          "6th Avenue East"
        ],
        "connected_highway_tags": [
          "residential"
        ],
        "degree_merged": 2,
        "intersection_priority": "D",
        "visibility_score": 59,
        "sign_value": "medium",
        "canvass_order": 4,
        "recommended_action": "flyer-only / later saturation",
        "caveats": [
          "Do not place signs without property-owner permission.",
          "Avoid sightline obstruction.",
          "Respect election-sign bylaw setbacks and safety rules.",
          "Corner-lot estimate is for planning only, not a precise household count."
        ],
        "daily_priority_score": 14,
        "priority_reason": "multiple street-front exposures; mostly local-street exposure",
        "route_bucket": "local residential corner",
        "global_rank": 312,
        "daily_tier": "C",
        "suggested_day": "Day 21"
      }
    },
    {
      "type": "Feature",
      "geometry": {
        "type": "Point",
        "coordinates": [
          -80.9333094,
          44.5573421
        ]
      },
      "properties": {
        "node_id": "-80933309:44557342",
        "lat": 44.5573421,
        "lon": -80.9333094,
        "connected_way_names": [
          "4th Street East",
          "6th Avenue East"
        ],
        "connected_highway_tags": [
          "residential"
        ],
        "degree_merged": 2,
        "intersection_priority": "D",
        "visibility_score": 59,
        "sign_value": "medium",
        "canvass_order": 4,
        "recommended_action": "flyer-only / later saturation",
        "caveats": [
          "Do not place signs without property-owner permission.",
          "Avoid sightline obstruction.",
          "Respect election-sign bylaw setbacks and safety rules.",
          "Corner-lot estimate is for planning only, not a precise household count."
        ],
        "daily_priority_score": 14,
        "priority_reason": "multiple street-front exposures; mostly local-street exposure",
        "route_bucket": "local residential corner",
        "global_rank": 313,
        "daily_tier": "C",
        "suggested_day": "Day 21"
      }
    },
    {
      "type": "Feature",
      "geometry": {
        "type": "Point",
        "coordinates": [
          -80.9334821,
          44.5580621
        ]
      },
      "properties": {
        "node_id": "-80933482:44558062",
        "lat": 44.5580621,
        "lon": -80.9334821,
        "connected_way_names": [
          "6th Avenue East",
          "4th Street A East"
        ],
        "connected_highway_tags": [
          "residential"
        ],
        "degree_merged": 2,
        "intersection_priority": "D",
        "visibility_score": 59,
        "sign_value": "medium",
        "canvass_order": 4,
        "recommended_action": "flyer-only / later saturation",
        "caveats": [
          "Do not place signs without property-owner permission.",
          "Avoid sightline obstruction.",
          "Respect election-sign bylaw setbacks and safety rules.",
          "Corner-lot estimate is for planning only, not a precise household count."
        ],
        "daily_priority_score": 14,
        "priority_reason": "multiple street-front exposures; mostly local-street exposure",
        "route_bucket": "local residential corner",
        "global_rank": 314,
        "daily_tier": "C",
        "suggested_day": "Day 21"
      }
    },
    {
      "type": "Feature",
      "geometry": {
        "type": "Point",
        "coordinates": [
          -80.9336298,
          44.5752308
        ]
      },
      "properties": {
        "node_id": "-80933630:44575231",
        "lat": 44.5752308,
        "lon": -80.9336298,
        "connected_way_names": [
          "16th Street East",
          "5th Avenue East"
        ],
        "connected_highway_tags": [
          "residential"
        ],
        "degree_merged": 2,
        "intersection_priority": "D",
        "visibility_score": 59,
        "sign_value": "medium",
        "canvass_order": 4,
        "recommended_action": "flyer-only / later saturation",
        "caveats": [
          "Do not place signs without property-owner permission.",
          "Avoid sightline obstruction.",
          "Respect election-sign bylaw setbacks and safety rules.",
          "Corner-lot estimate is for planning only, not a precise household count."
        ],
        "daily_priority_score": 14,
        "priority_reason": "multiple street-front exposures; mostly local-street exposure",
        "route_bucket": "local residential corner",
        "global_rank": 315,
        "daily_tier": "C",
        "suggested_day": "Day 21"
      }
    },
    {
      "type": "Feature",
      "geometry": {
        "type": "Point",
        "coordinates": [
          -80.9338773,
          44.5594319
        ]
      },
      "properties": {
        "node_id": "-80933877:44559432",
        "lat": 44.5594319,
        "lon": -80.9338773,
        "connected_way_names": [
          "5th Street East",
          "6th Avenue East"
        ],
        "connected_highway_tags": [
          "residential"
        ],
        "degree_merged": 2,
        "intersection_priority": "D",
        "visibility_score": 59,
        "sign_value": "medium",
        "canvass_order": 4,
        "recommended_action": "flyer-only / later saturation",
        "caveats": [
          "Do not place signs without property-owner permission.",
          "Avoid sightline obstruction.",
          "Respect election-sign bylaw setbacks and safety rules.",
          "Corner-lot estimate is for planning only, not a precise household count."
        ],
        "daily_priority_score": 14,
        "priority_reason": "multiple street-front exposures; mostly local-street exposure",
        "route_bucket": "local residential corner",
        "global_rank": 316,
        "daily_tier": "C",
        "suggested_day": "Day 22"
      }
    },
    {
      "type": "Feature",
      "geometry": {
        "type": "Point",
        "coordinates": [
          -80.9339598,
          44.5668806
        ]
      },
      "properties": {
        "node_id": "-80933960:44566881",
        "lat": 44.5668806,
        "lon": -80.9339598,
        "connected_way_names": [
          "9th Street East",
          "6th Avenue East"
        ],
        "connected_highway_tags": [
          "residential"
        ],
        "degree_merged": 2,
        "intersection_priority": "D",
        "visibility_score": 59,
        "sign_value": "medium",
        "canvass_order": 4,
        "recommended_action": "flyer-only / later saturation",
        "caveats": [
          "Do not place signs without property-owner permission.",
          "Avoid sightline obstruction.",
          "Respect election-sign bylaw setbacks and safety rules.",
          "Corner-lot estimate is for planning only, not a precise household count."
        ],
        "daily_priority_score": 14,
        "priority_reason": "multiple street-front exposures; mostly local-street exposure",
        "route_bucket": "local residential corner",
        "global_rank": 317,
        "daily_tier": "C",
        "suggested_day": "Day 22"
      }
    },
    {
      "type": "Feature",
      "geometry": {
        "type": "Point",
        "coordinates": [
          -80.934644,
          44.5764197
        ]
      },
      "properties": {
        "node_id": "-80934644:44576420",
        "lat": 44.5764197,
        "lon": -80.934644,
        "connected_way_names": [
          "4th Avenue East",
          "17th Street East"
        ],
        "connected_highway_tags": [
          "residential"
        ],
        "degree_merged": 2,
        "intersection_priority": "D",
        "visibility_score": 59,
        "sign_value": "medium",
        "canvass_order": 4,
        "recommended_action": "flyer-only / later saturation",
        "caveats": [
          "Do not place signs without property-owner permission.",
          "Avoid sightline obstruction.",
          "Respect election-sign bylaw setbacks and safety rules.",
          "Corner-lot estimate is for planning only, not a precise household count."
        ],
        "daily_priority_score": 14,
        "priority_reason": "multiple street-front exposures; mostly local-street exposure",
        "route_bucket": "local residential corner",
        "global_rank": 318,
        "daily_tier": "C",
        "suggested_day": "Day 22"
      }
    },
    {
      "type": "Feature",
      "geometry": {
        "type": "Point",
        "coordinates": [
          -80.9349352,
          44.5756969
        ]
      },
      "properties": {
        "node_id": "-80934935:44575697",
        "lat": 44.5756969,
        "lon": -80.9349352,
        "connected_way_names": [
          "16th Street East",
          "4th Avenue East"
        ],
        "connected_highway_tags": [
          "residential"
        ],
        "degree_merged": 2,
        "intersection_priority": "D",
        "visibility_score": 59,
        "sign_value": "medium",
        "canvass_order": 4,
        "recommended_action": "flyer-only / later saturation",
        "caveats": [
          "Do not place signs without property-owner permission.",
          "Avoid sightline obstruction.",
          "Respect election-sign bylaw setbacks and safety rules.",
          "Corner-lot estimate is for planning only, not a precise household count."
        ],
        "daily_priority_score": 14,
        "priority_reason": "multiple street-front exposures; mostly local-street exposure",
        "route_bucket": "local residential corner",
        "global_rank": 319,
        "daily_tier": "C",
        "suggested_day": "Day 22"
      }
    },
    {
      "type": "Feature",
      "geometry": {
        "type": "Point",
        "coordinates": [
          -80.9350756,
          44.565836
        ]
      },
      "properties": {
        "node_id": "-80935076:44565836",
        "lat": 44.565836,
        "lon": -80.9350756,
        "connected_way_names": [
          "8th Avenue A East",
          "5th Avenue A East"
        ],
        "connected_highway_tags": [
          "residential"
        ],
        "degree_merged": 2,
        "intersection_priority": "D",
        "visibility_score": 59,
        "sign_value": "medium",
        "canvass_order": 4,
        "recommended_action": "flyer-only / later saturation",
        "caveats": [
          "Do not place signs without property-owner permission.",
          "Avoid sightline obstruction.",
          "Respect election-sign bylaw setbacks and safety rules.",
          "Corner-lot estimate is for planning only, not a precise household count."
        ],
        "daily_priority_score": 14,
        "priority_reason": "multiple street-front exposures; mostly local-street exposure",
        "route_bucket": "local residential corner",
        "global_rank": 320,
        "daily_tier": "C",
        "suggested_day": "Day 22"
      }
    },
    {
      "type": "Feature",
      "geometry": {
        "type": "Point",
        "coordinates": [
          -80.9351119,
          44.5751646
        ]
      },
      "properties": {
        "node_id": "-80935112:44575165",
        "lat": 44.5751646,
        "lon": -80.9351119,
        "connected_way_names": [
          "4th Avenue East",
          "15th Street East"
        ],
        "connected_highway_tags": [
          "residential"
        ],
        "degree_merged": 2,
        "intersection_priority": "D",
        "visibility_score": 59,
        "sign_value": "medium",
        "canvass_order": 4,
        "recommended_action": "flyer-only / later saturation",
        "caveats": [
          "Do not place signs without property-owner permission.",
          "Avoid sightline obstruction.",
          "Respect election-sign bylaw setbacks and safety rules.",
          "Corner-lot estimate is for planning only, not a precise household count."
        ],
        "daily_priority_score": 14,
        "priority_reason": "multiple street-front exposures; mostly local-street exposure",
        "route_bucket": "local residential corner",
        "global_rank": 321,
        "daily_tier": "C",
        "suggested_day": "Day 22"
      }
    },
    {
      "type": "Feature",
      "geometry": {
        "type": "Point",
        "coordinates": [
          -80.9352418,
          44.5667037
        ]
      },
      "properties": {
        "node_id": "-80935242:44566704",
        "lat": 44.5667037,
        "lon": -80.9352418,
        "connected_way_names": [
          "9th Street East",
          "5th Avenue A East"
        ],
        "connected_highway_tags": [
          "residential"
        ],
        "degree_merged": 2,
        "intersection_priority": "D",
        "visibility_score": 59,
        "sign_value": "medium",
        "canvass_order": 4,
        "recommended_action": "flyer-only / later saturation",
        "caveats": [
          "Do not place signs without property-owner permission.",
          "Avoid sightline obstruction.",
          "Respect election-sign bylaw setbacks and safety rules.",
          "Corner-lot estimate is for planning only, not a precise household count."
        ],
        "daily_priority_score": 14,
        "priority_reason": "multiple street-front exposures; mostly local-street exposure",
        "route_bucket": "local residential corner",
        "global_rank": 322,
        "daily_tier": "C",
        "suggested_day": "Day 22"
      }
    },
    {
      "type": "Feature",
      "geometry": {
        "type": "Point",
        "coordinates": [
          -80.9354763,
          44.5744238
        ]
      },
      "properties": {
        "node_id": "-80935476:44574424",
        "lat": 44.5744238,
        "lon": -80.9354763,
        "connected_way_names": [
          "4th Avenue East",
          "14th Street East"
        ],
        "connected_highway_tags": [
          "residential"
        ],
        "degree_merged": 2,
        "intersection_priority": "D",
        "visibility_score": 59,
        "sign_value": "medium",
        "canvass_order": 4,
        "recommended_action": "flyer-only / later saturation",
        "caveats": [
          "Do not place signs without property-owner permission.",
          "Avoid sightline obstruction.",
          "Respect election-sign bylaw setbacks and safety rules.",
          "Corner-lot estimate is for planning only, not a precise household count."
        ],
        "daily_priority_score": 14,
        "priority_reason": "multiple street-front exposures; mostly local-street exposure",
        "route_bucket": "local residential corner",
        "global_rank": 323,
        "daily_tier": "C",
        "suggested_day": "Day 22"
      }
    },
    {
      "type": "Feature",
      "geometry": {
        "type": "Point",
        "coordinates": [
          -80.9360161,
          44.5654069
        ]
      },
      "properties": {
        "node_id": "-80936016:44565407",
        "lat": 44.5654069,
        "lon": -80.9360161,
        "connected_way_names": [
          "5th Avenue A East",
          "8th Street A East"
        ],
        "connected_highway_tags": [
          "residential"
        ],
        "degree_merged": 2,
        "intersection_priority": "D",
        "visibility_score": 59,
        "sign_value": "medium",
        "canvass_order": 4,
        "recommended_action": "flyer-only / later saturation",
        "caveats": [
          "Do not place signs without property-owner permission.",
          "Avoid sightline obstruction.",
          "Respect election-sign bylaw setbacks and safety rules.",
          "Corner-lot estimate is for planning only, not a precise household count."
        ],
        "daily_priority_score": 14,
        "priority_reason": "multiple street-front exposures; mostly local-street exposure",
        "route_bucket": "local residential corner",
        "global_rank": 324,
        "daily_tier": "C",
        "suggested_day": "Day 22"
      }
    },
    {
      "type": "Feature",
      "geometry": {
        "type": "Point",
        "coordinates": [
          -80.9360365,
          44.5666155
        ]
      },
      "properties": {
        "node_id": "-80936036:44566616",
        "lat": 44.5666155,
        "lon": -80.9360365,
        "connected_way_names": [
          "9th Street East",
          "5th Avenue A East"
        ],
        "connected_highway_tags": [
          "residential"
        ],
        "degree_merged": 2,
        "intersection_priority": "D",
        "visibility_score": 59,
        "sign_value": "medium",
        "canvass_order": 4,
        "recommended_action": "flyer-only / later saturation",
        "caveats": [
          "Do not place signs without property-owner permission.",
          "Avoid sightline obstruction.",
          "Respect election-sign bylaw setbacks and safety rules.",
          "Corner-lot estimate is for planning only, not a precise household count."
        ],
        "daily_priority_score": 14,
        "priority_reason": "multiple street-front exposures; mostly local-street exposure",
        "route_bucket": "local residential corner",
        "global_rank": 325,
        "daily_tier": "C",
        "suggested_day": "Day 22"
      }
    },
    {
      "type": "Feature",
      "geometry": {
        "type": "Point",
        "coordinates": [
          -80.9360537,
          44.5656938
        ]
      },
      "properties": {
        "node_id": "-80936054:44565694",
        "lat": 44.5656938,
        "lon": -80.9360537,
        "connected_way_names": [
          "5th Avenue A East",
          "8th Avenue A East"
        ],
        "connected_highway_tags": [
          "residential"
        ],
        "degree_merged": 2,
        "intersection_priority": "D",
        "visibility_score": 59,
        "sign_value": "medium",
        "canvass_order": 4,
        "recommended_action": "flyer-only / later saturation",
        "caveats": [
          "Do not place signs without property-owner permission.",
          "Avoid sightline obstruction.",
          "Respect election-sign bylaw setbacks and safety rules.",
          "Corner-lot estimate is for planning only, not a precise household count."
        ],
        "daily_priority_score": 14,
        "priority_reason": "multiple street-front exposures; mostly local-street exposure",
        "route_bucket": "local residential corner",
        "global_rank": 326,
        "daily_tier": "C",
        "suggested_day": "Day 22"
      }
    },
    {
      "type": "Feature",
      "geometry": {
        "type": "Point",
        "coordinates": [
          -80.9362254,
          44.5569765
        ]
      },
      "properties": {
        "node_id": "-80936225:44556977",
        "lat": 44.5569765,
        "lon": -80.9362254,
        "connected_way_names": [
          "4th Street East",
          "5th Avenue East"
        ],
        "connected_highway_tags": [
          "residential"
        ],
        "degree_merged": 2,
        "intersection_priority": "D",
        "visibility_score": 59,
        "sign_value": "medium",
        "canvass_order": 4,
        "recommended_action": "flyer-only / later saturation",
        "caveats": [
          "Do not place signs without property-owner permission.",
          "Avoid sightline obstruction.",
          "Respect election-sign bylaw setbacks and safety rules.",
          "Corner-lot estimate is for planning only, not a precise household count."
        ],
        "daily_priority_score": 14,
        "priority_reason": "multiple street-front exposures; mostly local-street exposure",
        "route_bucket": "local residential corner",
        "global_rank": 327,
        "daily_tier": "C",
        "suggested_day": "Day 22"
      }
    },
    {
      "type": "Feature",
      "geometry": {
        "type": "Point",
        "coordinates": [
          -80.9364643,
          44.5627008
        ]
      },
      "properties": {
        "node_id": "-80936464:44562701",
        "lat": 44.5627008,
        "lon": -80.9364643,
        "connected_way_names": [
          "7th Street East",
          "5th Avenue East"
        ],
        "connected_highway_tags": [
          "residential"
        ],
        "degree_merged": 2,
        "intersection_priority": "D",
        "visibility_score": 59,
        "sign_value": "medium",
        "canvass_order": 4,
        "recommended_action": "flyer-only / later saturation",
        "caveats": [
          "Do not place signs without property-owner permission.",
          "Avoid sightline obstruction.",
          "Respect election-sign bylaw setbacks and safety rules.",
          "Corner-lot estimate is for planning only, not a precise household count."
        ],
        "daily_priority_score": 14,
        "priority_reason": "multiple street-front exposures; mostly local-street exposure",
        "route_bucket": "local residential corner",
        "global_rank": 328,
        "daily_tier": "C",
        "suggested_day": "Day 22"
      }
    },
    {
      "type": "Feature",
      "geometry": {
        "type": "Point",
        "coordinates": [
          -80.9364862,
          44.5680436
        ]
      },
      "properties": {
        "node_id": "-80936486:44568044",
        "lat": 44.5680436,
        "lon": -80.9364862,
        "connected_way_names": [
          "5th Avenue A East",
          "9th Street A East"
        ],
        "connected_highway_tags": [
          "residential"
        ],
        "degree_merged": 2,
        "intersection_priority": "D",
        "visibility_score": 59,
        "sign_value": "medium",
        "canvass_order": 4,
        "recommended_action": "flyer-only / later saturation",
        "caveats": [
          "Do not place signs without property-owner permission.",
          "Avoid sightline obstruction.",
          "Respect election-sign bylaw setbacks and safety rules.",
          "Corner-lot estimate is for planning only, not a precise household count."
        ],
        "daily_priority_score": 14,
        "priority_reason": "multiple street-front exposures; mostly local-street exposure",
        "route_bucket": "local residential corner",
        "global_rank": 329,
        "daily_tier": "C",
        "suggested_day": "Day 22"
      }
    },
    {
      "type": "Feature",
      "geometry": {
        "type": "Point",
        "coordinates": [
          -80.9366113,
          44.5726593
        ]
      },
      "properties": {
        "node_id": "-80936611:44572659",
        "lat": 44.5726593,
        "lon": -80.9366113,
        "connected_way_names": [
          "13th Street East",
          "4th Avenue East"
        ],
        "connected_highway_tags": [
          "residential"
        ],
        "degree_merged": 2,
        "intersection_priority": "D",
        "visibility_score": 59,
        "sign_value": "medium",
        "canvass_order": 4,
        "recommended_action": "flyer-only / later saturation",
        "caveats": [
          "Do not place signs without property-owner permission.",
          "Avoid sightline obstruction.",
          "Respect election-sign bylaw setbacks and safety rules.",
          "Corner-lot estimate is for planning only, not a precise household count."
        ],
        "daily_priority_score": 14,
        "priority_reason": "multiple street-front exposures; mostly local-street exposure",
        "route_bucket": "local residential corner",
        "global_rank": 330,
        "daily_tier": "C",
        "suggested_day": "Day 22"
      }
    },
    {
      "type": "Feature",
      "geometry": {
        "type": "Point",
        "coordinates": [
          -80.9366178,
          44.5587536
        ]
      },
      "properties": {
        "node_id": "-80936618:44558754",
        "lat": 44.5587536,
        "lon": -80.9366178,
        "connected_way_names": [
          "5th Avenue East",
          "5th Street East"
        ],
        "connected_highway_tags": [
          "residential"
        ],
        "degree_merged": 2,
        "intersection_priority": "D",
        "visibility_score": 59,
        "sign_value": "medium",
        "canvass_order": 4,
        "recommended_action": "flyer-only / later saturation",
        "caveats": [
          "Do not place signs without property-owner permission.",
          "Avoid sightline obstruction.",
          "Respect election-sign bylaw setbacks and safety rules.",
          "Corner-lot estimate is for planning only, not a precise household count."
        ],
        "daily_priority_score": 14,
        "priority_reason": "multiple street-front exposures; mostly local-street exposure",
        "route_bucket": "local residential corner",
        "global_rank": 331,
        "daily_tier": "C",
        "suggested_day": "Day 23"
      }
    },
    {
      "type": "Feature",
      "geometry": {
        "type": "Point",
        "coordinates": [
          -80.9370188,
          44.5652838
        ]
      },
      "properties": {
        "node_id": "-80937019:44565284",
        "lat": 44.5652838,
        "lon": -80.9370188,
        "connected_way_names": [
          "5th Avenue East",
          "8th Street A East"
        ],
        "connected_highway_tags": [
          "residential"
        ],
        "degree_merged": 2,
        "intersection_priority": "D",
        "visibility_score": 59,
        "sign_value": "medium",
        "canvass_order": 4,
        "recommended_action": "flyer-only / later saturation",
        "caveats": [
          "Do not place signs without property-owner permission.",
          "Avoid sightline obstruction.",
          "Respect election-sign bylaw setbacks and safety rules.",
          "Corner-lot estimate is for planning only, not a precise household count."
        ],
        "daily_priority_score": 14,
        "priority_reason": "multiple street-front exposures; mostly local-street exposure",
        "route_bucket": "local residential corner",
        "global_rank": 332,
        "daily_tier": "C",
        "suggested_day": "Day 23"
      }
    },
    {
      "type": "Feature",
      "geometry": {
        "type": "Point",
        "coordinates": [
          -80.9370439,
          44.5568959
        ]
      },
      "properties": {
        "node_id": "-80937044:44556896",
        "lat": 44.5568959,
        "lon": -80.9370439,
        "connected_way_names": [
          "4th Street East",
          "4th Avenue East"
        ],
        "connected_highway_tags": [
          "residential"
        ],
        "degree_merged": 2,
        "intersection_priority": "D",
        "visibility_score": 59,
        "sign_value": "medium",
        "canvass_order": 4,
        "recommended_action": "flyer-only / later saturation",
        "caveats": [
          "Do not place signs without property-owner permission.",
          "Avoid sightline obstruction.",
          "Respect election-sign bylaw setbacks and safety rules.",
          "Corner-lot estimate is for planning only, not a precise household count."
        ],
        "daily_priority_score": 14,
        "priority_reason": "multiple street-front exposures; mostly local-street exposure",
        "route_bucket": "local residential corner",
        "global_rank": 333,
        "daily_tier": "C",
        "suggested_day": "Day 23"
      }
    },
    {
      "type": "Feature",
      "geometry": {
        "type": "Point",
        "coordinates": [
          -80.9372834,
          44.5664771
        ]
      },
      "properties": {
        "node_id": "-80937283:44566477",
        "lat": 44.5664771,
        "lon": -80.9372834,
        "connected_way_names": [
          "5th Avenue East",
          "9th Street East"
        ],
        "connected_highway_tags": [
          "residential"
        ],
        "degree_merged": 2,
        "intersection_priority": "D",
        "visibility_score": 59,
        "sign_value": "medium",
        "canvass_order": 4,
        "recommended_action": "flyer-only / later saturation",
        "caveats": [
          "Do not place signs without property-owner permission.",
          "Avoid sightline obstruction.",
          "Respect election-sign bylaw setbacks and safety rules.",
          "Corner-lot estimate is for planning only, not a precise household count."
        ],
        "daily_priority_score": 14,
        "priority_reason": "multiple street-front exposures; mostly local-street exposure",
        "route_bucket": "local residential corner",
        "global_rank": 334,
        "daily_tier": "C",
        "suggested_day": "Day 23"
      }
    },
    {
      "type": "Feature",
      "geometry": {
        "type": "Point",
        "coordinates": [
          -80.9374183,
          44.5586679
        ]
      },
      "properties": {
        "node_id": "-80937418:44558668",
        "lat": 44.5586679,
        "lon": -80.9374183,
        "connected_way_names": [
          "5th Street East",
          "4th Avenue East"
        ],
        "connected_highway_tags": [
          "residential"
        ],
        "degree_merged": 2,
        "intersection_priority": "D",
        "visibility_score": 59,
        "sign_value": "medium",
        "canvass_order": 4,
        "recommended_action": "flyer-only / later saturation",
        "caveats": [
          "Do not place signs without property-owner permission.",
          "Avoid sightline obstruction.",
          "Respect election-sign bylaw setbacks and safety rules.",
          "Corner-lot estimate is for planning only, not a precise household count."
        ],
        "daily_priority_score": 14,
        "priority_reason": "multiple street-front exposures; mostly local-street exposure",
        "route_bucket": "local residential corner",
        "global_rank": 335,
        "daily_tier": "C",
        "suggested_day": "Day 23"
      }
    },
    {
      "type": "Feature",
      "geometry": {
        "type": "Point",
        "coordinates": [
          -80.9374859,
          44.5586602
        ]
      },
      "properties": {
        "node_id": "-80937486:44558660",
        "lat": 44.5586602,
        "lon": -80.9374859,
        "connected_way_names": [
          "5th Street East",
          "4th Avenue East"
        ],
        "connected_highway_tags": [
          "residential"
        ],
        "degree_merged": 2,
        "intersection_priority": "D",
        "visibility_score": 59,
        "sign_value": "medium",
        "canvass_order": 4,
        "recommended_action": "flyer-only / later saturation",
        "caveats": [
          "Do not place signs without property-owner permission.",
          "Avoid sightline obstruction.",
          "Respect election-sign bylaw setbacks and safety rules.",
          "Corner-lot estimate is for planning only, not a precise household count."
        ],
        "daily_priority_score": 14,
        "priority_reason": "multiple street-front exposures; mostly local-street exposure",
        "route_bucket": "local residential corner",
        "global_rank": 336,
        "daily_tier": "C",
        "suggested_day": "Day 23"
      }
    },
    {
      "type": "Feature",
      "geometry": {
        "type": "Point",
        "coordinates": [
          -80.9376261,
          44.5679549
        ]
      },
      "properties": {
        "node_id": "-80937626:44567955",
        "lat": 44.5679549,
        "lon": -80.9376261,
        "connected_way_names": [
          "5th Avenue East",
          "9th Street A East"
        ],
        "connected_highway_tags": [
          "residential"
        ],
        "degree_merged": 2,
        "intersection_priority": "D",
        "visibility_score": 59,
        "sign_value": "medium",
        "canvass_order": 4,
        "recommended_action": "flyer-only / later saturation",
        "caveats": [
          "Do not place signs without property-owner permission.",
          "Avoid sightline obstruction.",
          "Respect election-sign bylaw setbacks and safety rules.",
          "Corner-lot estimate is for planning only, not a precise household count."
        ],
        "daily_priority_score": 14,
        "priority_reason": "multiple street-front exposures; mostly local-street exposure",
        "route_bucket": "local residential corner",
        "global_rank": 337,
        "daily_tier": "C",
        "suggested_day": "Day 23"
      }
    },
    {
      "type": "Feature",
      "geometry": {
        "type": "Point",
        "coordinates": [
          -80.937729,
          44.5709653
        ]
      },
      "properties": {
        "node_id": "-80937729:44570965",
        "lat": 44.5709653,
        "lon": -80.937729,
        "connected_way_names": [
          "4th Avenue East",
          "12th Street East"
        ],
        "connected_highway_tags": [
          "residential"
        ],
        "degree_merged": 2,
        "intersection_priority": "D",
        "visibility_score": 59,
        "sign_value": "medium",
        "canvass_order": 4,
        "recommended_action": "flyer-only / later saturation",
        "caveats": [
          "Do not place signs without property-owner permission.",
          "Avoid sightline obstruction.",
          "Respect election-sign bylaw setbacks and safety rules.",
          "Corner-lot estimate is for planning only, not a precise household count."
        ],
        "daily_priority_score": 14,
        "priority_reason": "multiple street-front exposures; mostly local-street exposure",
        "route_bucket": "local residential corner",
        "global_rank": 338,
        "daily_tier": "C",
        "suggested_day": "Day 23"
      }
    },
    {
      "type": "Feature",
      "geometry": {
        "type": "Point",
        "coordinates": [
          -80.9382684,
          44.562473
        ]
      },
      "properties": {
        "node_id": "-80938268:44562473",
        "lat": 44.562473,
        "lon": -80.9382684,
        "connected_way_names": [
          "4th Avenue East",
          "7th Street East"
        ],
        "connected_highway_tags": [
          "residential"
        ],
        "degree_merged": 2,
        "intersection_priority": "D",
        "visibility_score": 59,
        "sign_value": "medium",
        "canvass_order": 4,
        "recommended_action": "flyer-only / later saturation",
        "caveats": [
          "Do not place signs without property-owner permission.",
          "Avoid sightline obstruction.",
          "Respect election-sign bylaw setbacks and safety rules.",
          "Corner-lot estimate is for planning only, not a precise household count."
        ],
        "daily_priority_score": 14,
        "priority_reason": "multiple street-front exposures; mostly local-street exposure",
        "route_bucket": "local residential corner",
        "global_rank": 339,
        "daily_tier": "C",
        "suggested_day": "Day 23"
      }
    },
    {
      "type": "Feature",
      "geometry": {
        "type": "Point",
        "coordinates": [
          -80.938768,
          44.5523371
        ]
      },
      "properties": {
        "node_id": "-80938768:44552337",
        "lat": 44.5523371,
        "lon": -80.938768,
        "connected_way_names": [
          "3rd Avenue East",
          "2nd Street East"
        ],
        "connected_highway_tags": [
          "residential"
        ],
        "degree_merged": 2,
        "intersection_priority": "D",
        "visibility_score": 59,
        "sign_value": "medium",
        "canvass_order": 4,
        "recommended_action": "flyer-only / later saturation",
        "caveats": [
          "Do not place signs without property-owner permission.",
          "Avoid sightline obstruction.",
          "Respect election-sign bylaw setbacks and safety rules.",
          "Corner-lot estimate is for planning only, not a precise household count."
        ],
        "daily_priority_score": 14,
        "priority_reason": "multiple street-front exposures; mostly local-street exposure",
        "route_bucket": "local residential corner",
        "global_rank": 340,
        "daily_tier": "C",
        "suggested_day": "Day 23"
      }
    },
    {
      "type": "Feature",
      "geometry": {
        "type": "Point",
        "coordinates": [
          -80.9388629,
          44.5692315
        ]
      },
      "properties": {
        "node_id": "-80938863:44569232",
        "lat": 44.5692315,
        "lon": -80.9388629,
        "connected_way_names": [
          "4th Avenue East",
          "11th Street East"
        ],
        "connected_highway_tags": [
          "residential"
        ],
        "degree_merged": 2,
        "intersection_priority": "D",
        "visibility_score": 59,
        "sign_value": "medium",
        "canvass_order": 4,
        "recommended_action": "flyer-only / later saturation",
        "caveats": [
          "Do not place signs without property-owner permission.",
          "Avoid sightline obstruction.",
          "Respect election-sign bylaw setbacks and safety rules.",
          "Corner-lot estimate is for planning only, not a precise household count."
        ],
        "daily_priority_score": 14,
        "priority_reason": "multiple street-front exposures; mostly local-street exposure",
        "route_bucket": "local residential corner",
        "global_rank": 341,
        "daily_tier": "C",
        "suggested_day": "Day 23"
      }
    },
    {
      "type": "Feature",
      "geometry": {
        "type": "Point",
        "coordinates": [
          -80.9393518,
          44.5587741
        ]
      },
      "properties": {
        "node_id": "-80939352:44558774",
        "lat": 44.5587741,
        "lon": -80.9393518,
        "connected_way_names": [
          "5th Street East",
          "3rd Avenue East"
        ],
        "connected_highway_tags": [
          "residential"
        ],
        "degree_merged": 2,
        "intersection_priority": "D",
        "visibility_score": 59,
        "sign_value": "medium",
        "canvass_order": 4,
        "recommended_action": "flyer-only / later saturation",
        "caveats": [
          "Do not place signs without property-owner permission.",
          "Avoid sightline obstruction.",
          "Respect election-sign bylaw setbacks and safety rules.",
          "Corner-lot estimate is for planning only, not a precise household count."
        ],
        "daily_priority_score": 14,
        "priority_reason": "multiple street-front exposures; mostly local-street exposure",
        "route_bucket": "local residential corner",
        "global_rank": 342,
        "daily_tier": "C",
        "suggested_day": "Day 23"
      }
    },
    {
      "type": "Feature",
      "geometry": {
        "type": "Point",
        "coordinates": [
          -80.939778,
          44.569539
        ]
      },
      "properties": {
        "node_id": "-80939778:44569539",
        "lat": 44.569539,
        "lon": -80.939778,
        "connected_way_names": [
          "11th Street East",
          "3rd Avenue A East"
        ],
        "connected_highway_tags": [
          "residential"
        ],
        "degree_merged": 2,
        "intersection_priority": "D",
        "visibility_score": 59,
        "sign_value": "medium",
        "canvass_order": 4,
        "recommended_action": "flyer-only / later saturation",
        "caveats": [
          "Do not place signs without property-owner permission.",
          "Avoid sightline obstruction.",
          "Respect election-sign bylaw setbacks and safety rules.",
          "Corner-lot estimate is for planning only, not a precise household count."
        ],
        "daily_priority_score": 14,
        "priority_reason": "multiple street-front exposures; mostly local-street exposure",
        "route_bucket": "local residential corner",
        "global_rank": 343,
        "daily_tier": "C",
        "suggested_day": "Day 23"
      }
    },
    {
      "type": "Feature",
      "geometry": {
        "type": "Point",
        "coordinates": [
          -80.9427467,
          44.5522158
        ]
      },
      "properties": {
        "node_id": "-80942747:44552216",
        "lat": 44.5522158,
        "lon": -80.9427467,
        "connected_way_names": [
          "2nd Street West",
          "2nd Avenue West"
        ],
        "connected_highway_tags": [
          "residential"
        ],
        "degree_merged": 2,
        "intersection_priority": "D",
        "visibility_score": 59,
        "sign_value": "medium",
        "canvass_order": 4,
        "recommended_action": "flyer-only / later saturation",
        "caveats": [
          "Do not place signs without property-owner permission.",
          "Avoid sightline obstruction.",
          "Respect election-sign bylaw setbacks and safety rules.",
          "Corner-lot estimate is for planning only, not a precise household count."
        ],
        "daily_priority_score": 14,
        "priority_reason": "multiple street-front exposures; mostly local-street exposure",
        "route_bucket": "local residential corner",
        "global_rank": 344,
        "daily_tier": "C",
        "suggested_day": "Day 23"
      }
    },
    {
      "type": "Feature",
      "geometry": {
        "type": "Point",
        "coordinates": [
          -80.942843,
          44.5527584
        ]
      },
      "properties": {
        "node_id": "-80942843:44552758",
        "lat": 44.5527584,
        "lon": -80.942843,
        "connected_way_names": [
          "2nd Avenue West",
          "2nd Street West"
        ],
        "connected_highway_tags": [
          "residential"
        ],
        "degree_merged": 2,
        "intersection_priority": "D",
        "visibility_score": 59,
        "sign_value": "medium",
        "canvass_order": 4,
        "recommended_action": "flyer-only / later saturation",
        "caveats": [
          "Do not place signs without property-owner permission.",
          "Avoid sightline obstruction.",
          "Respect election-sign bylaw setbacks and safety rules.",
          "Corner-lot estimate is for planning only, not a precise household count."
        ],
        "daily_priority_score": 14,
        "priority_reason": "multiple street-front exposures; mostly local-street exposure",
        "route_bucket": "local residential corner",
        "global_rank": 345,
        "daily_tier": "C",
        "suggested_day": "Day 23"
      }
    },
    {
      "type": "Feature",
      "geometry": {
        "type": "Point",
        "coordinates": [
          -80.9429801,
          44.5532912
        ]
      },
      "properties": {
        "node_id": "-80942980:44553291",
        "lat": 44.5532912,
        "lon": -80.9429801,
        "connected_way_names": [
          "2nd Avenue West",
          "2nd Street West"
        ],
        "connected_highway_tags": [
          "residential"
        ],
        "degree_merged": 2,
        "intersection_priority": "D",
        "visibility_score": 59,
        "sign_value": "medium",
        "canvass_order": 4,
        "recommended_action": "flyer-only / later saturation",
        "caveats": [
          "Do not place signs without property-owner permission.",
          "Avoid sightline obstruction.",
          "Respect election-sign bylaw setbacks and safety rules.",
          "Corner-lot estimate is for planning only, not a precise household count."
        ],
        "daily_priority_score": 14,
        "priority_reason": "multiple street-front exposures; mostly local-street exposure",
        "route_bucket": "local residential corner",
        "global_rank": 346,
        "daily_tier": "C",
        "suggested_day": "Day 24"
      }
    },
    {
      "type": "Feature",
      "geometry": {
        "type": "Point",
        "coordinates": [
          -80.9431467,
          44.5540187
        ]
      },
      "properties": {
        "node_id": "-80943147:44554019",
        "lat": 44.5540187,
        "lon": -80.9431467,
        "connected_way_names": [
          "Beattie Street",
          "2nd Avenue West"
        ],
        "connected_highway_tags": [
          "residential"
        ],
        "degree_merged": 2,
        "intersection_priority": "D",
        "visibility_score": 59,
        "sign_value": "medium",
        "canvass_order": 4,
        "recommended_action": "flyer-only / later saturation",
        "caveats": [
          "Do not place signs without property-owner permission.",
          "Avoid sightline obstruction.",
          "Respect election-sign bylaw setbacks and safety rules.",
          "Corner-lot estimate is for planning only, not a precise household count."
        ],
        "daily_priority_score": 14,
        "priority_reason": "multiple street-front exposures; mostly local-street exposure",
        "route_bucket": "local residential corner",
        "global_rank": 347,
        "daily_tier": "C",
        "suggested_day": "Day 24"
      }
    },
    {
      "type": "Feature",
      "geometry": {
        "type": "Point",
        "coordinates": [
          -80.9431951,
          44.5502353
        ]
      },
      "properties": {
        "node_id": "-80943195:44550235",
        "lat": 44.5502353,
        "lon": -80.9431951,
        "connected_way_names": [
          "2nd Avenue West",
          "1st Street West"
        ],
        "connected_highway_tags": [
          "residential"
        ],
        "degree_merged": 2,
        "intersection_priority": "D",
        "visibility_score": 59,
        "sign_value": "medium",
        "canvass_order": 4,
        "recommended_action": "flyer-only / later saturation",
        "caveats": [
          "Do not place signs without property-owner permission.",
          "Avoid sightline obstruction.",
          "Respect election-sign bylaw setbacks and safety rules.",
          "Corner-lot estimate is for planning only, not a precise household count."
        ],
        "daily_priority_score": 14,
        "priority_reason": "multiple street-front exposures; mostly local-street exposure",
        "route_bucket": "local residential corner",
        "global_rank": 348,
        "daily_tier": "C",
        "suggested_day": "Day 24"
      }
    },
    {
      "type": "Feature",
      "geometry": {
        "type": "Point",
        "coordinates": [
          -80.9432176,
          44.5506805
        ]
      },
      "properties": {
        "node_id": "-80943218:44550681",
        "lat": 44.5506805,
        "lon": -80.9432176,
        "connected_way_names": [
          "2nd Avenue West",
          "1st Street A West"
        ],
        "connected_highway_tags": [
          "residential"
        ],
        "degree_merged": 2,
        "intersection_priority": "D",
        "visibility_score": 59,
        "sign_value": "medium",
        "canvass_order": 4,
        "recommended_action": "flyer-only / later saturation",
        "caveats": [
          "Do not place signs without property-owner permission.",
          "Avoid sightline obstruction.",
          "Respect election-sign bylaw setbacks and safety rules.",
          "Corner-lot estimate is for planning only, not a precise household count."
        ],
        "daily_priority_score": 14,
        "priority_reason": "multiple street-front exposures; mostly local-street exposure",
        "route_bucket": "local residential corner",
        "global_rank": 349,
        "daily_tier": "C",
        "suggested_day": "Day 24"
      }
    },
    {
      "type": "Feature",
      "geometry": {
        "type": "Point",
        "coordinates": [
          -80.9438287,
          44.5902663
        ]
      },
      "properties": {
        "node_id": "-80943829:44590266",
        "lat": 44.5902663,
        "lon": -80.9438287,
        "connected_way_names": [
          "2nd Avenue West",
          "27th Street West"
        ],
        "connected_highway_tags": [
          "residential"
        ],
        "degree_merged": 2,
        "intersection_priority": "D",
        "visibility_score": 59,
        "sign_value": "medium",
        "canvass_order": 4,
        "recommended_action": "flyer-only / later saturation",
        "caveats": [
          "Do not place signs without property-owner permission.",
          "Avoid sightline obstruction.",
          "Respect election-sign bylaw setbacks and safety rules.",
          "Corner-lot estimate is for planning only, not a precise household count."
        ],
        "daily_priority_score": 14,
        "priority_reason": "multiple street-front exposures; mostly local-street exposure",
        "route_bucket": "local residential corner",
        "global_rank": 350,
        "daily_tier": "C",
        "suggested_day": "Day 24"
      }
    },
    {
      "type": "Feature",
      "geometry": {
        "type": "Point",
        "coordinates": [
          -80.9442357,
          44.5564558
        ]
      },
      "properties": {
        "node_id": "-80944236:44556456",
        "lat": 44.5564558,
        "lon": -80.9442357,
        "connected_way_names": [
          "4th Street West",
          "2nd Avenue West"
        ],
        "connected_highway_tags": [
          "residential"
        ],
        "degree_merged": 2,
        "intersection_priority": "D",
        "visibility_score": 59,
        "sign_value": "medium",
        "canvass_order": 4,
        "recommended_action": "flyer-only / later saturation",
        "caveats": [
          "Do not place signs without property-owner permission.",
          "Avoid sightline obstruction.",
          "Respect election-sign bylaw setbacks and safety rules.",
          "Corner-lot estimate is for planning only, not a precise household count."
        ],
        "daily_priority_score": 14,
        "priority_reason": "multiple street-front exposures; mostly local-street exposure",
        "route_bucket": "local residential corner",
        "global_rank": 351,
        "daily_tier": "C",
        "suggested_day": "Day 24"
      }
    },
    {
      "type": "Feature",
      "geometry": {
        "type": "Point",
        "coordinates": [
          -80.9442574,
          44.5890775
        ]
      },
      "properties": {
        "node_id": "-80944257:44589078",
        "lat": 44.5890775,
        "lon": -80.9442574,
        "connected_way_names": [
          "26th Street West",
          "2nd Avenue West"
        ],
        "connected_highway_tags": [
          "residential"
        ],
        "degree_merged": 2,
        "intersection_priority": "D",
        "visibility_score": 59,
        "sign_value": "medium",
        "canvass_order": 4,
        "recommended_action": "flyer-only / later saturation",
        "caveats": [
          "Do not place signs without property-owner permission.",
          "Avoid sightline obstruction.",
          "Respect election-sign bylaw setbacks and safety rules.",
          "Corner-lot estimate is for planning only, not a precise household count."
        ],
        "daily_priority_score": 14,
        "priority_reason": "multiple street-front exposures; mostly local-street exposure",
        "route_bucket": "local residential corner",
        "global_rank": 352,
        "daily_tier": "C",
        "suggested_day": "Day 24"
      }
    },
    {
      "type": "Feature",
      "geometry": {
        "type": "Point",
        "coordinates": [
          -80.944306,
          44.5500407
        ]
      },
      "properties": {
        "node_id": "-80944306:44550041",
        "lat": 44.5500407,
        "lon": -80.944306,
        "connected_way_names": [
          "1st Street West",
          "3rd Avenue West"
        ],
        "connected_highway_tags": [
          "residential"
        ],
        "degree_merged": 2,
        "intersection_priority": "D",
        "visibility_score": 59,
        "sign_value": "medium",
        "canvass_order": 4,
        "recommended_action": "flyer-only / later saturation",
        "caveats": [
          "Do not place signs without property-owner permission.",
          "Avoid sightline obstruction.",
          "Respect election-sign bylaw setbacks and safety rules.",
          "Corner-lot estimate is for planning only, not a precise household count."
        ],
        "daily_priority_score": 14,
        "priority_reason": "multiple street-front exposures; mostly local-street exposure",
        "route_bucket": "local residential corner",
        "global_rank": 353,
        "daily_tier": "C",
        "suggested_day": "Day 24"
      }
    },
    {
      "type": "Feature",
      "geometry": {
        "type": "Point",
        "coordinates": [
          -80.9443907,
          44.5504809
        ]
      },
      "properties": {
        "node_id": "-80944391:44550481",
        "lat": 44.5504809,
        "lon": -80.9443907,
        "connected_way_names": [
          "1st Street A West",
          "3rd Avenue West"
        ],
        "connected_highway_tags": [
          "residential"
        ],
        "degree_merged": 2,
        "intersection_priority": "D",
        "visibility_score": 59,
        "sign_value": "medium",
        "canvass_order": 4,
        "recommended_action": "flyer-only / later saturation",
        "caveats": [
          "Do not place signs without property-owner permission.",
          "Avoid sightline obstruction.",
          "Respect election-sign bylaw setbacks and safety rules.",
          "Corner-lot estimate is for planning only, not a precise household count."
        ],
        "daily_priority_score": 14,
        "priority_reason": "multiple street-front exposures; mostly local-street exposure",
        "route_bucket": "local residential corner",
        "global_rank": 354,
        "daily_tier": "C",
        "suggested_day": "Day 24"
      }
    },
    {
      "type": "Feature",
      "geometry": {
        "type": "Point",
        "coordinates": [
          -80.9444006,
          44.5538748
        ]
      },
      "properties": {
        "node_id": "-80944401:44553875",
        "lat": 44.5538748,
        "lon": -80.9444006,
        "connected_way_names": [
          "Beattie Street",
          "3rd Avenue West"
        ],
        "connected_highway_tags": [
          "residential"
        ],
        "degree_merged": 2,
        "intersection_priority": "D",
        "visibility_score": 59,
        "sign_value": "medium",
        "canvass_order": 4,
        "recommended_action": "flyer-only / later saturation",
        "caveats": [
          "Do not place signs without property-owner permission.",
          "Avoid sightline obstruction.",
          "Respect election-sign bylaw setbacks and safety rules.",
          "Corner-lot estimate is for planning only, not a precise household count."
        ],
        "daily_priority_score": 14,
        "priority_reason": "multiple street-front exposures; mostly local-street exposure",
        "route_bucket": "local residential corner",
        "global_rank": 355,
        "daily_tier": "C",
        "suggested_day": "Day 24"
      }
    },
    {
      "type": "Feature",
      "geometry": {
        "type": "Point",
        "coordinates": [
          -80.9445563,
          44.5545247
        ]
      },
      "properties": {
        "node_id": "-80944556:44554525",
        "lat": 44.5545247,
        "lon": -80.9445563,
        "connected_way_names": [
          "3rd Street West",
          "3rd Avenue West"
        ],
        "connected_highway_tags": [
          "residential"
        ],
        "degree_merged": 2,
        "intersection_priority": "D",
        "visibility_score": 59,
        "sign_value": "medium",
        "canvass_order": 4,
        "recommended_action": "flyer-only / later saturation",
        "caveats": [
          "Do not place signs without property-owner permission.",
          "Avoid sightline obstruction.",
          "Respect election-sign bylaw setbacks and safety rules.",
          "Corner-lot estimate is for planning only, not a precise household count."
        ],
        "daily_priority_score": 14,
        "priority_reason": "multiple street-front exposures; mostly local-street exposure",
        "route_bucket": "local residential corner",
        "global_rank": 356,
        "daily_tier": "C",
        "suggested_day": "Day 24"
      }
    },
    {
      "type": "Feature",
      "geometry": {
        "type": "Point",
        "coordinates": [
          -80.9450996,
          44.5530579
        ]
      },
      "properties": {
        "node_id": "-80945100:44553058",
        "lat": 44.5530579,
        "lon": -80.9450996,
        "connected_way_names": [
          "3rd Avenue West",
          "2nd Street West"
        ],
        "connected_highway_tags": [
          "residential"
        ],
        "degree_merged": 2,
        "intersection_priority": "D",
        "visibility_score": 59,
        "sign_value": "medium",
        "canvass_order": 4,
        "recommended_action": "flyer-only / later saturation",
        "caveats": [
          "Do not place signs without property-owner permission.",
          "Avoid sightline obstruction.",
          "Respect election-sign bylaw setbacks and safety rules.",
          "Corner-lot estimate is for planning only, not a precise household count."
        ],
        "daily_priority_score": 14,
        "priority_reason": "multiple street-front exposures; mostly local-street exposure",
        "route_bucket": "local residential corner",
        "global_rank": 357,
        "daily_tier": "C",
        "suggested_day": "Day 24"
      }
    },
    {
      "type": "Feature",
      "geometry": {
        "type": "Point",
        "coordinates": [
          -80.9452333,
          44.5552754
        ]
      },
      "properties": {
        "node_id": "-80945233:44555275",
        "lat": 44.5552754,
        "lon": -80.9452333,
        "connected_way_names": [
          "3rd Avenue West",
          "3rd Street A West"
        ],
        "connected_highway_tags": [
          "residential"
        ],
        "degree_merged": 2,
        "intersection_priority": "D",
        "visibility_score": 59,
        "sign_value": "medium",
        "canvass_order": 4,
        "recommended_action": "flyer-only / later saturation",
        "caveats": [
          "Do not place signs without property-owner permission.",
          "Avoid sightline obstruction.",
          "Respect election-sign bylaw setbacks and safety rules.",
          "Corner-lot estimate is for planning only, not a precise household count."
        ],
        "daily_priority_score": 14,
        "priority_reason": "multiple street-front exposures; mostly local-street exposure",
        "route_bucket": "local residential corner",
        "global_rank": 358,
        "daily_tier": "C",
        "suggested_day": "Day 24"
      }
    },
    {
      "type": "Feature",
      "geometry": {
        "type": "Point",
        "coordinates": [
          -80.9452595,
          44.5537762
        ]
      },
      "properties": {
        "node_id": "-80945260:44553776",
        "lat": 44.5537762,
        "lon": -80.9452595,
        "connected_way_names": [
          "3rd Avenue West",
          "Beattie Street"
        ],
        "connected_highway_tags": [
          "residential"
        ],
        "degree_merged": 2,
        "intersection_priority": "D",
        "visibility_score": 59,
        "sign_value": "medium",
        "canvass_order": 4,
        "recommended_action": "flyer-only / later saturation",
        "caveats": [
          "Do not place signs without property-owner permission.",
          "Avoid sightline obstruction.",
          "Respect election-sign bylaw setbacks and safety rules.",
          "Corner-lot estimate is for planning only, not a precise household count."
        ],
        "daily_priority_score": 14,
        "priority_reason": "multiple street-front exposures; mostly local-street exposure",
        "route_bucket": "local residential corner",
        "global_rank": 359,
        "daily_tier": "C",
        "suggested_day": "Day 24"
      }
    },
    {
      "type": "Feature",
      "geometry": {
        "type": "Point",
        "coordinates": [
          -80.9453205,
          44.5722187
        ]
      },
      "properties": {
        "node_id": "-80945320:44572219",
        "lat": 44.5722187,
        "lon": -80.9453205,
        "connected_way_names": [
          "1st Avenue West",
          "13th Street West"
        ],
        "connected_highway_tags": [
          "residential"
        ],
        "degree_merged": 2,
        "intersection_priority": "D",
        "visibility_score": 59,
        "sign_value": "medium",
        "canvass_order": 4,
        "recommended_action": "flyer-only / later saturation",
        "caveats": [
          "Do not place signs without property-owner permission.",
          "Avoid sightline obstruction.",
          "Respect election-sign bylaw setbacks and safety rules.",
          "Corner-lot estimate is for planning only, not a precise household count."
        ],
        "daily_priority_score": 14,
        "priority_reason": "multiple street-front exposures; mostly local-street exposure",
        "route_bucket": "local residential corner",
        "global_rank": 360,
        "daily_tier": "C",
        "suggested_day": "Day 24"
      }
    },
    {
      "type": "Feature",
      "geometry": {
        "type": "Point",
        "coordinates": [
          -80.9456935,
          44.5692876
        ]
      },
      "properties": {
        "node_id": "-80945694:44569288",
        "lat": 44.5692876,
        "lon": -80.9456935,
        "connected_way_names": [
          "11th Street West",
          "1st A Avenue West"
        ],
        "connected_highway_tags": [
          "residential"
        ],
        "degree_merged": 2,
        "intersection_priority": "D",
        "visibility_score": 59,
        "sign_value": "medium",
        "canvass_order": 4,
        "recommended_action": "flyer-only / later saturation",
        "caveats": [
          "Do not place signs without property-owner permission.",
          "Avoid sightline obstruction.",
          "Respect election-sign bylaw setbacks and safety rules.",
          "Corner-lot estimate is for planning only, not a precise household count."
        ],
        "daily_priority_score": 14,
        "priority_reason": "multiple street-front exposures; mostly local-street exposure",
        "route_bucket": "local residential corner",
        "global_rank": 361,
        "daily_tier": "C",
        "suggested_day": "Day 25"
      }
    },
    {
      "type": "Feature",
      "geometry": {
        "type": "Point",
        "coordinates": [
          -80.9458618,
          44.5932259
        ]
      },
      "properties": {
        "node_id": "-80945862:44593226",
        "lat": 44.5932259,
        "lon": -80.9458618,
        "connected_way_names": [
          "29th Street West",
          "4th Avenue West"
        ],
        "connected_highway_tags": [
          "residential"
        ],
        "degree_merged": 2,
        "intersection_priority": "D",
        "visibility_score": 59,
        "sign_value": "medium",
        "canvass_order": 4,
        "recommended_action": "flyer-only / later saturation",
        "caveats": [
          "Do not place signs without property-owner permission.",
          "Avoid sightline obstruction.",
          "Respect election-sign bylaw setbacks and safety rules.",
          "Corner-lot estimate is for planning only, not a precise household count."
        ],
        "daily_priority_score": 14,
        "priority_reason": "multiple street-front exposures; mostly local-street exposure",
        "route_bucket": "local residential corner",
        "global_rank": 362,
        "daily_tier": "C",
        "suggested_day": "Day 25"
      }
    },
    {
      "type": "Feature",
      "geometry": {
        "type": "Point",
        "coordinates": [
          -80.9462193,
          44.5919878
        ]
      },
      "properties": {
        "node_id": "-80946219:44591988",
        "lat": 44.5919878,
        "lon": -80.9462193,
        "connected_way_names": [
          "4th Avenue West",
          "28th Street West"
        ],
        "connected_highway_tags": [
          "residential"
        ],
        "degree_merged": 2,
        "intersection_priority": "D",
        "visibility_score": 59,
        "sign_value": "medium",
        "canvass_order": 4,
        "recommended_action": "flyer-only / later saturation",
        "caveats": [
          "Do not place signs without property-owner permission.",
          "Avoid sightline obstruction.",
          "Respect election-sign bylaw setbacks and safety rules.",
          "Corner-lot estimate is for planning only, not a precise household count."
        ],
        "daily_priority_score": 14,
        "priority_reason": "multiple street-front exposures; mostly local-street exposure",
        "route_bucket": "local residential corner",
        "global_rank": 363,
        "daily_tier": "C",
        "suggested_day": "Day 25"
      }
    },
    {
      "type": "Feature",
      "geometry": {
        "type": "Point",
        "coordinates": [
          -80.9464882,
          44.5488221
        ]
      },
      "properties": {
        "node_id": "-80946488:44548822",
        "lat": 44.5488221,
        "lon": -80.9464882,
        "connected_way_names": [
          "1st Street West",
          "5th Avenue West"
        ],
        "connected_highway_tags": [
          "residential"
        ],
        "degree_merged": 2,
        "intersection_priority": "D",
        "visibility_score": 59,
        "sign_value": "medium",
        "canvass_order": 4,
        "recommended_action": "flyer-only / later saturation",
        "caveats": [
          "Do not place signs without property-owner permission.",
          "Avoid sightline obstruction.",
          "Respect election-sign bylaw setbacks and safety rules.",
          "Corner-lot estimate is for planning only, not a precise household count."
        ],
        "daily_priority_score": 14,
        "priority_reason": "multiple street-front exposures; mostly local-street exposure",
        "route_bucket": "local residential corner",
        "global_rank": 364,
        "daily_tier": "C",
        "suggested_day": "Day 25"
      }
    },
    {
      "type": "Feature",
      "geometry": {
        "type": "Point",
        "coordinates": [
          -80.9466185,
          44.5907762
        ]
      },
      "properties": {
        "node_id": "-80946618:44590776",
        "lat": 44.5907762,
        "lon": -80.9466185,
        "connected_way_names": [
          "27th Street West",
          "4th Avenue West"
        ],
        "connected_highway_tags": [
          "residential"
        ],
        "degree_merged": 2,
        "intersection_priority": "D",
        "visibility_score": 59,
        "sign_value": "medium",
        "canvass_order": 4,
        "recommended_action": "flyer-only / later saturation",
        "caveats": [
          "Do not place signs without property-owner permission.",
          "Avoid sightline obstruction.",
          "Respect election-sign bylaw setbacks and safety rules.",
          "Corner-lot estimate is for planning only, not a precise household count."
        ],
        "daily_priority_score": 14,
        "priority_reason": "multiple street-front exposures; mostly local-street exposure",
        "route_bucket": "local residential corner",
        "global_rank": 365,
        "daily_tier": "C",
        "suggested_day": "Day 25"
      }
    },
    {
      "type": "Feature",
      "geometry": {
        "type": "Point",
        "coordinates": [
          -80.9467452,
          44.5634475
        ]
      },
      "properties": {
        "node_id": "-80946745:44563448",
        "lat": 44.5634475,
        "lon": -80.9467452,
        "connected_way_names": [
          "8th Street West",
          "3rd Avenue West"
        ],
        "connected_highway_tags": [
          "residential"
        ],
        "degree_merged": 2,
        "intersection_priority": "D",
        "visibility_score": 59,
        "sign_value": "medium",
        "canvass_order": 4,
        "recommended_action": "flyer-only / later saturation",
        "caveats": [
          "Do not place signs without property-owner permission.",
          "Avoid sightline obstruction.",
          "Respect election-sign bylaw setbacks and safety rules.",
          "Corner-lot estimate is for planning only, not a precise household count."
        ],
        "daily_priority_score": 14,
        "priority_reason": "multiple street-front exposures; mostly local-street exposure",
        "route_bucket": "local residential corner",
        "global_rank": 366,
        "daily_tier": "C",
        "suggested_day": "Day 25"
      }
    },
    {
      "type": "Feature",
      "geometry": {
        "type": "Point",
        "coordinates": [
          -80.9468836,
          44.5496533
        ]
      },
      "properties": {
        "node_id": "-80946884:44549653",
        "lat": 44.5496533,
        "lon": -80.9468836,
        "connected_way_names": [
          "1st Street A West",
          "5th Avenue West"
        ],
        "connected_highway_tags": [
          "residential"
        ],
        "degree_merged": 2,
        "intersection_priority": "D",
        "visibility_score": 59,
        "sign_value": "medium",
        "canvass_order": 4,
        "recommended_action": "flyer-only / later saturation",
        "caveats": [
          "Do not place signs without property-owner permission.",
          "Avoid sightline obstruction.",
          "Respect election-sign bylaw setbacks and safety rules.",
          "Corner-lot estimate is for planning only, not a precise household count."
        ],
        "daily_priority_score": 14,
        "priority_reason": "multiple street-front exposures; mostly local-street exposure",
        "route_bucket": "local residential corner",
        "global_rank": 367,
        "daily_tier": "C",
        "suggested_day": "Day 25"
      }
    },
    {
      "type": "Feature",
      "geometry": {
        "type": "Point",
        "coordinates": [
          -80.9469001,
          44.5634315
        ]
      },
      "properties": {
        "node_id": "-80946900:44563432",
        "lat": 44.5634315,
        "lon": -80.9469001,
        "connected_way_names": [
          "3rd Avenue West",
          "8th Street West"
        ],
        "connected_highway_tags": [
          "residential"
        ],
        "degree_merged": 2,
        "intersection_priority": "D",
        "visibility_score": 59,
        "sign_value": "medium",
        "canvass_order": 4,
        "recommended_action": "flyer-only / later saturation",
        "caveats": [
          "Do not place signs without property-owner permission.",
          "Avoid sightline obstruction.",
          "Respect election-sign bylaw setbacks and safety rules.",
          "Corner-lot estimate is for planning only, not a precise household count."
        ],
        "daily_priority_score": 14,
        "priority_reason": "multiple street-front exposures; mostly local-street exposure",
        "route_bucket": "local residential corner",
        "global_rank": 368,
        "daily_tier": "C",
        "suggested_day": "Day 25"
      }
    },
    {
      "type": "Feature",
      "geometry": {
        "type": "Point",
        "coordinates": [
          -80.9472079,
          44.5507208
        ]
      },
      "properties": {
        "node_id": "-80947208:44550721",
        "lat": 44.5507208,
        "lon": -80.9472079,
        "connected_way_names": [
          "5th Avenue West",
          "2nd Street West"
        ],
        "connected_highway_tags": [
          "residential"
        ],
        "degree_merged": 2,
        "intersection_priority": "D",
        "visibility_score": 59,
        "sign_value": "medium",
        "canvass_order": 4,
        "recommended_action": "flyer-only / later saturation",
        "caveats": [
          "Do not place signs without property-owner permission.",
          "Avoid sightline obstruction.",
          "Respect election-sign bylaw setbacks and safety rules.",
          "Corner-lot estimate is for planning only, not a precise household count."
        ],
        "daily_priority_score": 14,
        "priority_reason": "multiple street-front exposures; mostly local-street exposure",
        "route_bucket": "local residential corner",
        "global_rank": 369,
        "daily_tier": "C",
        "suggested_day": "Day 25"
      }
    },
    {
      "type": "Feature",
      "geometry": {
        "type": "Point",
        "coordinates": [
          -80.9473288,
          44.557632
        ]
      },
      "properties": {
        "node_id": "-80947329:44557632",
        "lat": 44.557632,
        "lon": -80.9473288,
        "connected_way_names": [
          "5th Street West",
          "4th Avenue West"
        ],
        "connected_highway_tags": [
          "residential"
        ],
        "degree_merged": 2,
        "intersection_priority": "D",
        "visibility_score": 59,
        "sign_value": "medium",
        "canvass_order": 4,
        "recommended_action": "flyer-only / later saturation",
        "caveats": [
          "Do not place signs without property-owner permission.",
          "Avoid sightline obstruction.",
          "Respect election-sign bylaw setbacks and safety rules.",
          "Corner-lot estimate is for planning only, not a precise household count."
        ],
        "daily_priority_score": 14,
        "priority_reason": "multiple street-front exposures; mostly local-street exposure",
        "route_bucket": "local residential corner",
        "global_rank": 370,
        "daily_tier": "C",
        "suggested_day": "Day 25"
      }
    },
    {
      "type": "Feature",
      "geometry": {
        "type": "Point",
        "coordinates": [
          -80.9473694,
          44.5514549
        ]
      },
      "properties": {
        "node_id": "-80947369:44551455",
        "lat": 44.5514549,
        "lon": -80.9473694,
        "connected_way_names": [
          "2nd Street West",
          "5th Avenue West"
        ],
        "connected_highway_tags": [
          "residential"
        ],
        "degree_merged": 2,
        "intersection_priority": "D",
        "visibility_score": 59,
        "sign_value": "medium",
        "canvass_order": 4,
        "recommended_action": "flyer-only / later saturation",
        "caveats": [
          "Do not place signs without property-owner permission.",
          "Avoid sightline obstruction.",
          "Respect election-sign bylaw setbacks and safety rules.",
          "Corner-lot estimate is for planning only, not a precise household count."
        ],
        "daily_priority_score": 14,
        "priority_reason": "multiple street-front exposures; mostly local-street exposure",
        "route_bucket": "local residential corner",
        "global_rank": 371,
        "daily_tier": "C",
        "suggested_day": "Day 25"
      }
    },
    {
      "type": "Feature",
      "geometry": {
        "type": "Point",
        "coordinates": [
          -80.9474377,
          44.5633677
        ]
      },
      "properties": {
        "node_id": "-80947438:44563368",
        "lat": 44.5633677,
        "lon": -80.9474377,
        "connected_way_names": [
          "8th Street West",
          "3rd Avenue A West"
        ],
        "connected_highway_tags": [
          "residential"
        ],
        "degree_merged": 2,
        "intersection_priority": "D",
        "visibility_score": 59,
        "sign_value": "medium",
        "canvass_order": 4,
        "recommended_action": "flyer-only / later saturation",
        "caveats": [
          "Do not place signs without property-owner permission.",
          "Avoid sightline obstruction.",
          "Respect election-sign bylaw setbacks and safety rules.",
          "Corner-lot estimate is for planning only, not a precise household count."
        ],
        "daily_priority_score": 14,
        "priority_reason": "multiple street-front exposures; mostly local-street exposure",
        "route_bucket": "local residential corner",
        "global_rank": 372,
        "daily_tier": "C",
        "suggested_day": "Day 25"
      }
    },
    {
      "type": "Feature",
      "geometry": {
        "type": "Point",
        "coordinates": [
          -80.9476258,
          44.5524545
        ]
      },
      "properties": {
        "node_id": "-80947626:44552455",
        "lat": 44.5524545,
        "lon": -80.9476258,
        "connected_way_names": [
          "2nd Street A West",
          "5th Avenue West"
        ],
        "connected_highway_tags": [
          "residential"
        ],
        "degree_merged": 2,
        "intersection_priority": "D",
        "visibility_score": 59,
        "sign_value": "medium",
        "canvass_order": 4,
        "recommended_action": "flyer-only / later saturation",
        "caveats": [
          "Do not place signs without property-owner permission.",
          "Avoid sightline obstruction.",
          "Respect election-sign bylaw setbacks and safety rules.",
          "Corner-lot estimate is for planning only, not a precise household count."
        ],
        "daily_priority_score": 14,
        "priority_reason": "multiple street-front exposures; mostly local-street exposure",
        "route_bucket": "local residential corner",
        "global_rank": 373,
        "daily_tier": "C",
        "suggested_day": "Day 25"
      }
    },
    {
      "type": "Feature",
      "geometry": {
        "type": "Point",
        "coordinates": [
          -80.9476855,
          44.5922333
        ]
      },
      "properties": {
        "node_id": "-80947686:44592233",
        "lat": 44.5922333,
        "lon": -80.9476855,
        "connected_way_names": [
          "28th Street West",
          "5th Avenue West"
        ],
        "connected_highway_tags": [
          "residential"
        ],
        "degree_merged": 2,
        "intersection_priority": "D",
        "visibility_score": 59,
        "sign_value": "medium",
        "canvass_order": 4,
        "recommended_action": "flyer-only / later saturation",
        "caveats": [
          "Do not place signs without property-owner permission.",
          "Avoid sightline obstruction.",
          "Respect election-sign bylaw setbacks and safety rules.",
          "Corner-lot estimate is for planning only, not a precise household count."
        ],
        "daily_priority_score": 14,
        "priority_reason": "multiple street-front exposures; mostly local-street exposure",
        "route_bucket": "local residential corner",
        "global_rank": 374,
        "daily_tier": "C",
        "suggested_day": "Day 25"
      }
    },
    {
      "type": "Feature",
      "geometry": {
        "type": "Point",
        "coordinates": [
          -80.9479127,
          44.583771
        ]
      },
      "properties": {
        "node_id": "-80947913:44583771",
        "lat": 44.583771,
        "lon": -80.9479127,
        "connected_way_names": [
          "3rd Avenue A West",
          "22nd Street West"
        ],
        "connected_highway_tags": [
          "residential"
        ],
        "degree_merged": 2,
        "intersection_priority": "D",
        "visibility_score": 59,
        "sign_value": "medium",
        "canvass_order": 4,
        "recommended_action": "flyer-only / later saturation",
        "caveats": [
          "Do not place signs without property-owner permission.",
          "Avoid sightline obstruction.",
          "Respect election-sign bylaw setbacks and safety rules.",
          "Corner-lot estimate is for planning only, not a precise household count."
        ],
        "daily_priority_score": 14,
        "priority_reason": "multiple street-front exposures; mostly local-street exposure",
        "route_bucket": "local residential corner",
        "global_rank": 375,
        "daily_tier": "C",
        "suggested_day": "Day 25"
      }
    },
    {
      "type": "Feature",
      "geometry": {
        "type": "Point",
        "coordinates": [
          -80.9480563,
          44.5714393
        ]
      },
      "properties": {
        "node_id": "-80948056:44571439",
        "lat": 44.5714393,
        "lon": -80.9480563,
        "connected_way_names": [
          "2nd Avenue A West",
          "12th Street West"
        ],
        "connected_highway_tags": [
          "residential"
        ],
        "degree_merged": 2,
        "intersection_priority": "D",
        "visibility_score": 59,
        "sign_value": "medium",
        "canvass_order": 4,
        "recommended_action": "flyer-only / later saturation",
        "caveats": [
          "Do not place signs without property-owner permission.",
          "Avoid sightline obstruction.",
          "Respect election-sign bylaw setbacks and safety rules.",
          "Corner-lot estimate is for planning only, not a precise household count."
        ],
        "daily_priority_score": 14,
        "priority_reason": "multiple street-front exposures; mostly local-street exposure",
        "route_bucket": "local residential corner",
        "global_rank": 376,
        "daily_tier": "C",
        "suggested_day": "Day 26"
      }
    },
    {
      "type": "Feature",
      "geometry": {
        "type": "Point",
        "coordinates": [
          -80.9480963,
          44.5910197
        ]
      },
      "properties": {
        "node_id": "-80948096:44591020",
        "lat": 44.5910197,
        "lon": -80.9480963,
        "connected_way_names": [
          "27th Street West",
          "5th Avenue West"
        ],
        "connected_highway_tags": [
          "residential"
        ],
        "degree_merged": 2,
        "intersection_priority": "D",
        "visibility_score": 59,
        "sign_value": "medium",
        "canvass_order": 4,
        "recommended_action": "flyer-only / later saturation",
        "caveats": [
          "Do not place signs without property-owner permission.",
          "Avoid sightline obstruction.",
          "Respect election-sign bylaw setbacks and safety rules.",
          "Corner-lot estimate is for planning only, not a precise household count."
        ],
        "daily_priority_score": 14,
        "priority_reason": "multiple street-front exposures; mostly local-street exposure",
        "route_bucket": "local residential corner",
        "global_rank": 377,
        "daily_tier": "C",
        "suggested_day": "Day 26"
      }
    },
    {
      "type": "Feature",
      "geometry": {
        "type": "Point",
        "coordinates": [
          -80.9482025,
          44.5613368
        ]
      },
      "properties": {
        "node_id": "-80948202:44561337",
        "lat": 44.5613368,
        "lon": -80.9482025,
        "connected_way_names": [
          "4th Avenue West",
          "7th Street West"
        ],
        "connected_highway_tags": [
          "residential"
        ],
        "degree_merged": 2,
        "intersection_priority": "D",
        "visibility_score": 59,
        "sign_value": "medium",
        "canvass_order": 4,
        "recommended_action": "flyer-only / later saturation",
        "caveats": [
          "Do not place signs without property-owner permission.",
          "Avoid sightline obstruction.",
          "Respect election-sign bylaw setbacks and safety rules.",
          "Corner-lot estimate is for planning only, not a precise household count."
        ],
        "daily_priority_score": 14,
        "priority_reason": "multiple street-front exposures; mostly local-street exposure",
        "route_bucket": "local residential corner",
        "global_rank": 378,
        "daily_tier": "C",
        "suggested_day": "Day 26"
      }
    },
    {
      "type": "Feature",
      "geometry": {
        "type": "Point",
        "coordinates": [
          -80.9482151,
          44.5690153
        ]
      },
      "properties": {
        "node_id": "-80948215:44569015",
        "lat": 44.5690153,
        "lon": -80.9482151,
        "connected_way_names": [
          "11th Street West",
          "3rd Avenue West"
        ],
        "connected_highway_tags": [
          "residential"
        ],
        "degree_merged": 2,
        "intersection_priority": "D",
        "visibility_score": 59,
        "sign_value": "medium",
        "canvass_order": 4,
        "recommended_action": "flyer-only / later saturation",
        "caveats": [
          "Do not place signs without property-owner permission.",
          "Avoid sightline obstruction.",
          "Respect election-sign bylaw setbacks and safety rules.",
          "Corner-lot estimate is for planning only, not a precise household count."
        ],
        "daily_priority_score": 14,
        "priority_reason": "multiple street-front exposures; mostly local-street exposure",
        "route_bucket": "local residential corner",
        "global_rank": 379,
        "daily_tier": "C",
        "suggested_day": "Day 26"
      }
    },
    {
      "type": "Feature",
      "geometry": {
        "type": "Point",
        "coordinates": [
          -80.9482367,
          44.5723312
        ]
      },
      "properties": {
        "node_id": "-80948237:44572331",
        "lat": 44.5723312,
        "lon": -80.9482367,
        "connected_way_names": [
          "13th Street West",
          "2nd Avenue A West"
        ],
        "connected_highway_tags": [
          "residential"
        ],
        "degree_merged": 2,
        "intersection_priority": "D",
        "visibility_score": 59,
        "sign_value": "medium",
        "canvass_order": 4,
        "recommended_action": "flyer-only / later saturation",
        "caveats": [
          "Do not place signs without property-owner permission.",
          "Avoid sightline obstruction.",
          "Respect election-sign bylaw setbacks and safety rules.",
          "Corner-lot estimate is for planning only, not a precise household count."
        ],
        "daily_priority_score": 14,
        "priority_reason": "multiple street-front exposures; mostly local-street exposure",
        "route_bucket": "local residential corner",
        "global_rank": 380,
        "daily_tier": "C",
        "suggested_day": "Day 26"
      }
    },
    {
      "type": "Feature",
      "geometry": {
        "type": "Point",
        "coordinates": [
          -80.9482398,
          44.5812436
        ]
      },
      "properties": {
        "node_id": "-80948240:44581244",
        "lat": 44.5812436,
        "lon": -80.9482398,
        "connected_way_names": [
          "20th Street West",
          "21st Street West"
        ],
        "connected_highway_tags": [
          "residential"
        ],
        "degree_merged": 2,
        "intersection_priority": "D",
        "visibility_score": 59,
        "sign_value": "medium",
        "canvass_order": 4,
        "recommended_action": "flyer-only / later saturation",
        "caveats": [
          "Do not place signs without property-owner permission.",
          "Avoid sightline obstruction.",
          "Respect election-sign bylaw setbacks and safety rules.",
          "Corner-lot estimate is for planning only, not a precise household count."
        ],
        "daily_priority_score": 14,
        "priority_reason": "multiple street-front exposures; mostly local-street exposure",
        "route_bucket": "local residential corner",
        "global_rank": 381,
        "daily_tier": "C",
        "suggested_day": "Day 26"
      }
    },
    {
      "type": "Feature",
      "geometry": {
        "type": "Point",
        "coordinates": [
          -80.9482843,
          44.5838304
        ]
      },
      "properties": {
        "node_id": "-80948284:44583830",
        "lat": 44.5838304,
        "lon": -80.9482843,
        "connected_way_names": [
          "3rd Avenue A West",
          "22nd Street West"
        ],
        "connected_highway_tags": [
          "residential"
        ],
        "degree_merged": 2,
        "intersection_priority": "D",
        "visibility_score": 59,
        "sign_value": "medium",
        "canvass_order": 4,
        "recommended_action": "flyer-only / later saturation",
        "caveats": [
          "Do not place signs without property-owner permission.",
          "Avoid sightline obstruction.",
          "Respect election-sign bylaw setbacks and safety rules.",
          "Corner-lot estimate is for planning only, not a precise household count."
        ],
        "daily_priority_score": 14,
        "priority_reason": "multiple street-front exposures; mostly local-street exposure",
        "route_bucket": "local residential corner",
        "global_rank": 382,
        "daily_tier": "C",
        "suggested_day": "Day 26"
      }
    },
    {
      "type": "Feature",
      "geometry": {
        "type": "Point",
        "coordinates": [
          -80.9483301,
          44.5551946
        ]
      },
      "properties": {
        "node_id": "-80948330:44555195",
        "lat": 44.5551946,
        "lon": -80.9483301,
        "connected_way_names": [
          "4th Street West",
          "5th Avenue West"
        ],
        "connected_highway_tags": [
          "residential"
        ],
        "degree_merged": 2,
        "intersection_priority": "D",
        "visibility_score": 59,
        "sign_value": "medium",
        "canvass_order": 4,
        "recommended_action": "flyer-only / later saturation",
        "caveats": [
          "Do not place signs without property-owner permission.",
          "Avoid sightline obstruction.",
          "Respect election-sign bylaw setbacks and safety rules.",
          "Corner-lot estimate is for planning only, not a precise household count."
        ],
        "daily_priority_score": 14,
        "priority_reason": "multiple street-front exposures; mostly local-street exposure",
        "route_bucket": "local residential corner",
        "global_rank": 383,
        "daily_tier": "C",
        "suggested_day": "Day 26"
      }
    },
    {
      "type": "Feature",
      "geometry": {
        "type": "Point",
        "coordinates": [
          -80.9483635,
          44.5575125
        ]
      },
      "properties": {
        "node_id": "-80948363:44557513",
        "lat": 44.5575125,
        "lon": -80.9483635,
        "connected_way_names": [
          "5th Street West",
          "4th Avenue A West"
        ],
        "connected_highway_tags": [
          "residential"
        ],
        "degree_merged": 2,
        "intersection_priority": "D",
        "visibility_score": 59,
        "sign_value": "medium",
        "canvass_order": 4,
        "recommended_action": "flyer-only / later saturation",
        "caveats": [
          "Do not place signs without property-owner permission.",
          "Avoid sightline obstruction.",
          "Respect election-sign bylaw setbacks and safety rules.",
          "Corner-lot estimate is for planning only, not a precise household count."
        ],
        "daily_priority_score": 14,
        "priority_reason": "multiple street-front exposures; mostly local-street exposure",
        "route_bucket": "local residential corner",
        "global_rank": 384,
        "daily_tier": "C",
        "suggested_day": "Day 26"
      }
    },
    {
      "type": "Feature",
      "geometry": {
        "type": "Point",
        "coordinates": [
          -80.9484924,
          44.5541677
        ]
      },
      "properties": {
        "node_id": "-80948492:44554168",
        "lat": 44.5541677,
        "lon": -80.9484924,
        "connected_way_names": [
          "3rd Street A West",
          "5th Avenue West"
        ],
        "connected_highway_tags": [
          "residential"
        ],
        "degree_merged": 2,
        "intersection_priority": "D",
        "visibility_score": 59,
        "sign_value": "medium",
        "canvass_order": 4,
        "recommended_action": "flyer-only / later saturation",
        "caveats": [
          "Do not place signs without property-owner permission.",
          "Avoid sightline obstruction.",
          "Respect election-sign bylaw setbacks and safety rules.",
          "Corner-lot estimate is for planning only, not a precise household count."
        ],
        "daily_priority_score": 14,
        "priority_reason": "multiple street-front exposures; mostly local-street exposure",
        "route_bucket": "local residential corner",
        "global_rank": 385,
        "daily_tier": "C",
        "suggested_day": "Day 26"
      }
    },
    {
      "type": "Feature",
      "geometry": {
        "type": "Point",
        "coordinates": [
          -80.9485105,
          44.5897996
        ]
      },
      "properties": {
        "node_id": "-80948510:44589800",
        "lat": 44.5897996,
        "lon": -80.9485105,
        "connected_way_names": [
          "26th Street West",
          "5th Avenue West"
        ],
        "connected_highway_tags": [
          "residential"
        ],
        "degree_merged": 2,
        "intersection_priority": "D",
        "visibility_score": 59,
        "sign_value": "medium",
        "canvass_order": 4,
        "recommended_action": "flyer-only / later saturation",
        "caveats": [
          "Do not place signs without property-owner permission.",
          "Avoid sightline obstruction.",
          "Respect election-sign bylaw setbacks and safety rules.",
          "Corner-lot estimate is for planning only, not a precise household count."
        ],
        "daily_priority_score": 14,
        "priority_reason": "multiple street-front exposures; mostly local-street exposure",
        "route_bucket": "local residential corner",
        "global_rank": 386,
        "daily_tier": "C",
        "suggested_day": "Day 26"
      }
    },
    {
      "type": "Feature",
      "geometry": {
        "type": "Point",
        "coordinates": [
          -80.9485841,
          44.5484957
        ]
      },
      "properties": {
        "node_id": "-80948584:44548496",
        "lat": 44.5484957,
        "lon": -80.9485841,
        "connected_way_names": [
          "1st Street West",
          "6th Avenue West"
        ],
        "connected_highway_tags": [
          "residential"
        ],
        "degree_merged": 2,
        "intersection_priority": "D",
        "visibility_score": 59,
        "sign_value": "medium",
        "canvass_order": 4,
        "recommended_action": "flyer-only / later saturation",
        "caveats": [
          "Do not place signs without property-owner permission.",
          "Avoid sightline obstruction.",
          "Respect election-sign bylaw setbacks and safety rules.",
          "Corner-lot estimate is for planning only, not a precise household count."
        ],
        "daily_priority_score": 14,
        "priority_reason": "multiple street-front exposures; mostly local-street exposure",
        "route_bucket": "local residential corner",
        "global_rank": 387,
        "daily_tier": "C",
        "suggested_day": "Day 26"
      }
    },
    {
      "type": "Feature",
      "geometry": {
        "type": "Point",
        "coordinates": [
          -80.9485907,
          44.5505664
        ]
      },
      "properties": {
        "node_id": "-80948591:44550566",
        "lat": 44.5505664,
        "lon": -80.9485907,
        "connected_way_names": [
          "5th Avenue A West",
          "2nd Street West"
        ],
        "connected_highway_tags": [
          "residential"
        ],
        "degree_merged": 2,
        "intersection_priority": "D",
        "visibility_score": 59,
        "sign_value": "medium",
        "canvass_order": 4,
        "recommended_action": "flyer-only / later saturation",
        "caveats": [
          "Do not place signs without property-owner permission.",
          "Avoid sightline obstruction.",
          "Respect election-sign bylaw setbacks and safety rules.",
          "Corner-lot estimate is for planning only, not a precise household count."
        ],
        "daily_priority_score": 14,
        "priority_reason": "multiple street-front exposures; mostly local-street exposure",
        "route_bucket": "local residential corner",
        "global_rank": 388,
        "daily_tier": "C",
        "suggested_day": "Day 26"
      }
    },
    {
      "type": "Feature",
      "geometry": {
        "type": "Point",
        "coordinates": [
          -80.9486326,
          44.5584588
        ]
      },
      "properties": {
        "node_id": "-80948633:44558459",
        "lat": 44.5584588,
        "lon": -80.9486326,
        "connected_way_names": [
          "5th Street A West",
          "4th Avenue A West"
        ],
        "connected_highway_tags": [
          "residential"
        ],
        "degree_merged": 2,
        "intersection_priority": "D",
        "visibility_score": 59,
        "sign_value": "medium",
        "canvass_order": 4,
        "recommended_action": "flyer-only / later saturation",
        "caveats": [
          "Do not place signs without property-owner permission.",
          "Avoid sightline obstruction.",
          "Respect election-sign bylaw setbacks and safety rules.",
          "Corner-lot estimate is for planning only, not a precise household count."
        ],
        "daily_priority_score": 14,
        "priority_reason": "multiple street-front exposures; mostly local-street exposure",
        "route_bucket": "local residential corner",
        "global_rank": 389,
        "daily_tier": "C",
        "suggested_day": "Day 26"
      }
    },
    {
      "type": "Feature",
      "geometry": {
        "type": "Point",
        "coordinates": [
          -80.9486496,
          44.5632214
        ]
      },
      "properties": {
        "node_id": "-80948650:44563221",
        "lat": 44.5632214,
        "lon": -80.9486496,
        "connected_way_names": [
          "4th Avenue West",
          "8th Street West"
        ],
        "connected_highway_tags": [
          "residential"
        ],
        "degree_merged": 2,
        "intersection_priority": "D",
        "visibility_score": 59,
        "sign_value": "medium",
        "canvass_order": 4,
        "recommended_action": "flyer-only / later saturation",
        "caveats": [
          "Do not place signs without property-owner permission.",
          "Avoid sightline obstruction.",
          "Respect election-sign bylaw setbacks and safety rules.",
          "Corner-lot estimate is for planning only, not a precise household count."
        ],
        "daily_priority_score": 14,
        "priority_reason": "multiple street-front exposures; mostly local-street exposure",
        "route_bucket": "local residential corner",
        "global_rank": 390,
        "daily_tier": "C",
        "suggested_day": "Day 26"
      }
    },
    {
      "type": "Feature",
      "geometry": {
        "type": "Point",
        "coordinates": [
          -80.9487995,
          44.5713508
        ]
      },
      "properties": {
        "node_id": "-80948800:44571351",
        "lat": 44.5713508,
        "lon": -80.9487995,
        "connected_way_names": [
          "12th Street West",
          "3rd Avenue West"
        ],
        "connected_highway_tags": [
          "residential"
        ],
        "degree_merged": 2,
        "intersection_priority": "D",
        "visibility_score": 59,
        "sign_value": "medium",
        "canvass_order": 4,
        "recommended_action": "flyer-only / later saturation",
        "caveats": [
          "Do not place signs without property-owner permission.",
          "Avoid sightline obstruction.",
          "Respect election-sign bylaw setbacks and safety rules.",
          "Corner-lot estimate is for planning only, not a precise household count."
        ],
        "daily_priority_score": 14,
        "priority_reason": "multiple street-front exposures; mostly local-street exposure",
        "route_bucket": "local residential corner",
        "global_rank": 391,
        "daily_tier": "C",
        "suggested_day": "Day 27"
      }
    },
    {
      "type": "Feature",
      "geometry": {
        "type": "Point",
        "coordinates": [
          -80.9488222,
          44.5937044
        ]
      },
      "properties": {
        "node_id": "-80948822:44593704",
        "lat": 44.5937044,
        "lon": -80.9488222,
        "connected_way_names": [
          "6th Avenue West",
          "29th Street West"
        ],
        "connected_highway_tags": [
          "residential"
        ],
        "degree_merged": 2,
        "intersection_priority": "D",
        "visibility_score": 59,
        "sign_value": "medium",
        "canvass_order": 4,
        "recommended_action": "flyer-only / later saturation",
        "caveats": [
          "Do not place signs without property-owner permission.",
          "Avoid sightline obstruction.",
          "Respect election-sign bylaw setbacks and safety rules.",
          "Corner-lot estimate is for planning only, not a precise household count."
        ],
        "daily_priority_score": 14,
        "priority_reason": "multiple street-front exposures; mostly local-street exposure",
        "route_bucket": "local residential corner",
        "global_rank": 392,
        "daily_tier": "C",
        "suggested_day": "Day 27"
      }
    },
    {
      "type": "Feature",
      "geometry": {
        "type": "Point",
        "coordinates": [
          -80.9489763,
          44.5523211
        ]
      },
      "properties": {
        "node_id": "-80948976:44552321",
        "lat": 44.5523211,
        "lon": -80.9489763,
        "connected_way_names": [
          "5th Avenue A West",
          "2nd Street A West"
        ],
        "connected_highway_tags": [
          "residential"
        ],
        "degree_merged": 2,
        "intersection_priority": "D",
        "visibility_score": 59,
        "sign_value": "medium",
        "canvass_order": 4,
        "recommended_action": "flyer-only / later saturation",
        "caveats": [
          "Do not place signs without property-owner permission.",
          "Avoid sightline obstruction.",
          "Respect election-sign bylaw setbacks and safety rules.",
          "Corner-lot estimate is for planning only, not a precise household count."
        ],
        "daily_priority_score": 14,
        "priority_reason": "multiple street-front exposures; mostly local-street exposure",
        "route_bucket": "local residential corner",
        "global_rank": 393,
        "daily_tier": "C",
        "suggested_day": "Day 27"
      }
    },
    {
      "type": "Feature",
      "geometry": {
        "type": "Point",
        "coordinates": [
          -80.9490075,
          44.5787196
        ]
      },
      "properties": {
        "node_id": "-80949007:44578720",
        "lat": 44.5787196,
        "lon": -80.9490075,
        "connected_way_names": [
          "3rd Avenue West",
          "18th Street West"
        ],
        "connected_highway_tags": [
          "residential"
        ],
        "degree_merged": 2,
        "intersection_priority": "D",
        "visibility_score": 59,
        "sign_value": "medium",
        "canvass_order": 4,
        "recommended_action": "flyer-only / later saturation",
        "caveats": [
          "Do not place signs without property-owner permission.",
          "Avoid sightline obstruction.",
          "Respect election-sign bylaw setbacks and safety rules.",
          "Corner-lot estimate is for planning only, not a precise household count."
        ],
        "daily_priority_score": 14,
        "priority_reason": "multiple street-front exposures; mostly local-street exposure",
        "route_bucket": "local residential corner",
        "global_rank": 394,
        "daily_tier": "C",
        "suggested_day": "Day 27"
      }
    },
    {
      "type": "Feature",
      "geometry": {
        "type": "Point",
        "coordinates": [
          -80.9491614,
          44.5925121
        ]
      },
      "properties": {
        "node_id": "-80949161:44592512",
        "lat": 44.5925121,
        "lon": -80.9491614,
        "connected_way_names": [
          "28th Street West",
          "6th Avenue West"
        ],
        "connected_highway_tags": [
          "residential"
        ],
        "degree_merged": 2,
        "intersection_priority": "D",
        "visibility_score": 59,
        "sign_value": "medium",
        "canvass_order": 4,
        "recommended_action": "flyer-only / later saturation",
        "caveats": [
          "Do not place signs without property-owner permission.",
          "Avoid sightline obstruction.",
          "Respect election-sign bylaw setbacks and safety rules.",
          "Corner-lot estimate is for planning only, not a precise household count."
        ],
        "daily_priority_score": 14,
        "priority_reason": "multiple street-front exposures; mostly local-street exposure",
        "route_bucket": "local residential corner",
        "global_rank": 395,
        "daily_tier": "C",
        "suggested_day": "Day 27"
      }
    },
    {
      "type": "Feature",
      "geometry": {
        "type": "Point",
        "coordinates": [
          -80.9492154,
          44.5494519
        ]
      },
      "properties": {
        "node_id": "-80949215:44549452",
        "lat": 44.5494519,
        "lon": -80.9492154,
        "connected_way_names": [
          "1st Street A West",
          "6th Avenue West"
        ],
        "connected_highway_tags": [
          "residential"
        ],
        "degree_merged": 2,
        "intersection_priority": "D",
        "visibility_score": 59,
        "sign_value": "medium",
        "canvass_order": 4,
        "recommended_action": "flyer-only / later saturation",
        "caveats": [
          "Do not place signs without property-owner permission.",
          "Avoid sightline obstruction.",
          "Respect election-sign bylaw setbacks and safety rules.",
          "Corner-lot estimate is for planning only, not a precise household count."
        ],
        "daily_priority_score": 14,
        "priority_reason": "multiple street-front exposures; mostly local-street exposure",
        "route_bucket": "local residential corner",
        "global_rank": 396,
        "daily_tier": "C",
        "suggested_day": "Day 27"
      }
    },
    {
      "type": "Feature",
      "geometry": {
        "type": "Point",
        "coordinates": [
          -80.949226,
          44.5531812
        ]
      },
      "properties": {
        "node_id": "-80949226:44553181",
        "lat": 44.5531812,
        "lon": -80.949226,
        "connected_way_names": [
          "3rd Street West",
          "5th Avenue A West"
        ],
        "connected_highway_tags": [
          "residential"
        ],
        "degree_merged": 2,
        "intersection_priority": "D",
        "visibility_score": 59,
        "sign_value": "medium",
        "canvass_order": 4,
        "recommended_action": "flyer-only / later saturation",
        "caveats": [
          "Do not place signs without property-owner permission.",
          "Avoid sightline obstruction.",
          "Respect election-sign bylaw setbacks and safety rules.",
          "Corner-lot estimate is for planning only, not a precise household count."
        ],
        "daily_priority_score": 14,
        "priority_reason": "multiple street-front exposures; mostly local-street exposure",
        "route_bucket": "local residential corner",
        "global_rank": 397,
        "daily_tier": "C",
        "suggested_day": "Day 27"
      }
    },
    {
      "type": "Feature",
      "geometry": {
        "type": "Point",
        "coordinates": [
          -80.9492832,
          44.554089
        ]
      },
      "properties": {
        "node_id": "-80949283:44554089",
        "lat": 44.554089,
        "lon": -80.9492832,
        "connected_way_names": [
          "3rd Street A West",
          "5th Avenue A West"
        ],
        "connected_highway_tags": [
          "residential"
        ],
        "degree_merged": 2,
        "intersection_priority": "D",
        "visibility_score": 59,
        "sign_value": "medium",
        "canvass_order": 4,
        "recommended_action": "flyer-only / later saturation",
        "caveats": [
          "Do not place signs without property-owner permission.",
          "Avoid sightline obstruction.",
          "Respect election-sign bylaw setbacks and safety rules.",
          "Corner-lot estimate is for planning only, not a precise household count."
        ],
        "daily_priority_score": 14,
        "priority_reason": "multiple street-front exposures; mostly local-street exposure",
        "route_bucket": "local residential corner",
        "global_rank": 398,
        "daily_tier": "C",
        "suggested_day": "Day 27"
      }
    },
    {
      "type": "Feature",
      "geometry": {
        "type": "Point",
        "coordinates": [
          -80.9494017,
          44.5611974
        ]
      },
      "properties": {
        "node_id": "-80949402:44561197",
        "lat": 44.5611974,
        "lon": -80.9494017,
        "connected_way_names": [
          "7th Street West",
          "5th Avenue West"
        ],
        "connected_highway_tags": [
          "residential"
        ],
        "degree_merged": 2,
        "intersection_priority": "D",
        "visibility_score": 59,
        "sign_value": "medium",
        "canvass_order": 4,
        "recommended_action": "flyer-only / later saturation",
        "caveats": [
          "Do not place signs without property-owner permission.",
          "Avoid sightline obstruction.",
          "Respect election-sign bylaw setbacks and safety rules.",
          "Corner-lot estimate is for planning only, not a precise household count."
        ],
        "daily_priority_score": 14,
        "priority_reason": "multiple street-front exposures; mostly local-street exposure",
        "route_bucket": "local residential corner",
        "global_rank": 399,
        "daily_tier": "C",
        "suggested_day": "Day 27"
      }
    },
    {
      "type": "Feature",
      "geometry": {
        "type": "Point",
        "coordinates": [
          -80.9494145,
          44.5550716
        ]
      },
      "properties": {
        "node_id": "-80949414:44555072",
        "lat": 44.5550716,
        "lon": -80.9494145,
        "connected_way_names": [
          "4th Street West",
          "5th Avenue A West"
        ],
        "connected_highway_tags": [
          "residential"
        ],
        "degree_merged": 2,
        "intersection_priority": "D",
        "visibility_score": 59,
        "sign_value": "medium",
        "canvass_order": 4,
        "recommended_action": "flyer-only / later saturation",
        "caveats": [
          "Do not place signs without property-owner permission.",
          "Avoid sightline obstruction.",
          "Respect election-sign bylaw setbacks and safety rules.",
          "Corner-lot estimate is for planning only, not a precise household count."
        ],
        "daily_priority_score": 14,
        "priority_reason": "multiple street-front exposures; mostly local-street exposure",
        "route_bucket": "local residential corner",
        "global_rank": 400,
        "daily_tier": "C",
        "suggested_day": "Day 27"
      }
    },
    {
      "type": "Feature",
      "geometry": {
        "type": "Point",
        "coordinates": [
          -80.9494151,
          44.5775004
        ]
      },
      "properties": {
        "node_id": "-80949415:44577500",
        "lat": 44.5775004,
        "lon": -80.9494151,
        "connected_way_names": [
          "3rd Avenue West",
          "17th Street West"
        ],
        "connected_highway_tags": [
          "residential"
        ],
        "degree_merged": 2,
        "intersection_priority": "D",
        "visibility_score": 59,
        "sign_value": "medium",
        "canvass_order": 4,
        "recommended_action": "flyer-only / later saturation",
        "caveats": [
          "Do not place signs without property-owner permission.",
          "Avoid sightline obstruction.",
          "Respect election-sign bylaw setbacks and safety rules.",
          "Corner-lot estimate is for planning only, not a precise household count."
        ],
        "daily_priority_score": 14,
        "priority_reason": "multiple street-front exposures; mostly local-street exposure",
        "route_bucket": "local residential corner",
        "global_rank": 401,
        "daily_tier": "C",
        "suggested_day": "Day 27"
      }
    },
    {
      "type": "Feature",
      "geometry": {
        "type": "Point",
        "coordinates": [
          -80.9494297,
          44.5712758
        ]
      },
      "properties": {
        "node_id": "-80949430:44571276",
        "lat": 44.5712758,
        "lon": -80.9494297,
        "connected_way_names": [
          "12th Street West",
          "3rd Avenue A West"
        ],
        "connected_highway_tags": [
          "residential"
        ],
        "degree_merged": 2,
        "intersection_priority": "D",
        "visibility_score": 59,
        "sign_value": "medium",
        "canvass_order": 4,
        "recommended_action": "flyer-only / later saturation",
        "caveats": [
          "Do not place signs without property-owner permission.",
          "Avoid sightline obstruction.",
          "Respect election-sign bylaw setbacks and safety rules.",
          "Corner-lot estimate is for planning only, not a precise household count."
        ],
        "daily_priority_score": 14,
        "priority_reason": "multiple street-front exposures; mostly local-street exposure",
        "route_bucket": "local residential corner",
        "global_rank": 402,
        "daily_tier": "C",
        "suggested_day": "Day 27"
      }
    },
    {
      "type": "Feature",
      "geometry": {
        "type": "Point",
        "coordinates": [
          -80.9495888,
          44.5631266
        ]
      },
      "properties": {
        "node_id": "-80949589:44563127",
        "lat": 44.5631266,
        "lon": -80.9495888,
        "connected_way_names": [
          "8th Street West",
          "4th Avenue A West"
        ],
        "connected_highway_tags": [
          "residential"
        ],
        "degree_merged": 2,
        "intersection_priority": "D",
        "visibility_score": 59,
        "sign_value": "medium",
        "canvass_order": 4,
        "recommended_action": "flyer-only / later saturation",
        "caveats": [
          "Do not place signs without property-owner permission.",
          "Avoid sightline obstruction.",
          "Respect election-sign bylaw setbacks and safety rules.",
          "Corner-lot estimate is for planning only, not a precise household count."
        ],
        "daily_priority_score": 14,
        "priority_reason": "multiple street-front exposures; mostly local-street exposure",
        "route_bucket": "local residential corner",
        "global_rank": 403,
        "daily_tier": "C",
        "suggested_day": "Day 27"
      }
    },
    {
      "type": "Feature",
      "geometry": {
        "type": "Point",
        "coordinates": [
          -80.9496193,
          44.5721713
        ]
      },
      "properties": {
        "node_id": "-80949619:44572171",
        "lat": 44.5721713,
        "lon": -80.9496193,
        "connected_way_names": [
          "13th Street West",
          "3rd Avenue A West"
        ],
        "connected_highway_tags": [
          "residential"
        ],
        "degree_merged": 2,
        "intersection_priority": "D",
        "visibility_score": 59,
        "sign_value": "medium",
        "canvass_order": 4,
        "recommended_action": "flyer-only / later saturation",
        "caveats": [
          "Do not place signs without property-owner permission.",
          "Avoid sightline obstruction.",
          "Respect election-sign bylaw setbacks and safety rules.",
          "Corner-lot estimate is for planning only, not a precise household count."
        ],
        "daily_priority_score": 14,
        "priority_reason": "multiple street-front exposures; mostly local-street exposure",
        "route_bucket": "local residential corner",
        "global_rank": 404,
        "daily_tier": "C",
        "suggested_day": "Day 27"
      }
    },
    {
      "type": "Feature",
      "geometry": {
        "type": "Point",
        "coordinates": [
          -80.949793,
          44.5860951
        ]
      },
      "properties": {
        "node_id": "-80949793:44586095",
        "lat": 44.5860951,
        "lon": -80.949793,
        "connected_way_names": [
          "23rd Street West",
          "5th Avenue West"
        ],
        "connected_highway_tags": [
          "residential"
        ],
        "degree_merged": 2,
        "intersection_priority": "D",
        "visibility_score": 59,
        "sign_value": "medium",
        "canvass_order": 4,
        "recommended_action": "flyer-only / later saturation",
        "caveats": [
          "Do not place signs without property-owner permission.",
          "Avoid sightline obstruction.",
          "Respect election-sign bylaw setbacks and safety rules.",
          "Corner-lot estimate is for planning only, not a precise household count."
        ],
        "daily_priority_score": 14,
        "priority_reason": "multiple street-front exposures; mostly local-street exposure",
        "route_bucket": "local residential corner",
        "global_rank": 405,
        "daily_tier": "C",
        "suggested_day": "Day 27"
      }
    },
    {
      "type": "Feature",
      "geometry": {
        "type": "Point",
        "coordinates": [
          -80.949842,
          44.5762591
        ]
      },
      "properties": {
        "node_id": "-80949842:44576259",
        "lat": 44.5762591,
        "lon": -80.949842,
        "connected_way_names": [
          "3rd Avenue West",
          "16th Street West"
        ],
        "connected_highway_tags": [
          "residential"
        ],
        "degree_merged": 2,
        "intersection_priority": "D",
        "visibility_score": 59,
        "sign_value": "medium",
        "canvass_order": 4,
        "recommended_action": "flyer-only / later saturation",
        "caveats": [
          "Do not place signs without property-owner permission.",
          "Avoid sightline obstruction.",
          "Respect election-sign bylaw setbacks and safety rules.",
          "Corner-lot estimate is for planning only, not a precise household count."
        ],
        "daily_priority_score": 14,
        "priority_reason": "multiple street-front exposures; mostly local-street exposure",
        "route_bucket": "local residential corner",
        "global_rank": 406,
        "daily_tier": "C",
        "suggested_day": "Day 28"
      }
    },
    {
      "type": "Feature",
      "geometry": {
        "type": "Point",
        "coordinates": [
          -80.9499279,
          44.5590189
        ]
      },
      "properties": {
        "node_id": "-80949928:44559019",
        "lat": 44.5590189,
        "lon": -80.9499279,
        "connected_way_names": [
          "5th Avenue West",
          "6th Street West"
        ],
        "connected_highway_tags": [
          "residential"
        ],
        "degree_merged": 2,
        "intersection_priority": "D",
        "visibility_score": 59,
        "sign_value": "medium",
        "canvass_order": 4,
        "recommended_action": "flyer-only / later saturation",
        "caveats": [
          "Do not place signs without property-owner permission.",
          "Avoid sightline obstruction.",
          "Respect election-sign bylaw setbacks and safety rules.",
          "Corner-lot estimate is for planning only, not a precise household count."
        ],
        "daily_priority_score": 14,
        "priority_reason": "multiple street-front exposures; mostly local-street exposure",
        "route_bucket": "local residential corner",
        "global_rank": 407,
        "daily_tier": "C",
        "suggested_day": "Day 28"
      }
    },
    {
      "type": "Feature",
      "geometry": {
        "type": "Point",
        "coordinates": [
          -80.949941,
          44.5597207
        ]
      },
      "properties": {
        "node_id": "-80949941:44559721",
        "lat": 44.5597207,
        "lon": -80.949941,
        "connected_way_names": [
          "5th Avenue A West",
          "5th Avenue West"
        ],
        "connected_highway_tags": [
          "residential"
        ],
        "degree_merged": 2,
        "intersection_priority": "D",
        "visibility_score": 59,
        "sign_value": "medium",
        "canvass_order": 4,
        "recommended_action": "flyer-only / later saturation",
        "caveats": [
          "Do not place signs without property-owner permission.",
          "Avoid sightline obstruction.",
          "Respect election-sign bylaw setbacks and safety rules.",
          "Corner-lot estimate is for planning only, not a precise household count."
        ],
        "daily_priority_score": 14,
        "priority_reason": "multiple street-front exposures; mostly local-street exposure",
        "route_bucket": "local residential corner",
        "global_rank": 408,
        "daily_tier": "C",
        "suggested_day": "Day 28"
      }
    },
    {
      "type": "Feature",
      "geometry": {
        "type": "Point",
        "coordinates": [
          -80.9499859,
          44.5900533
        ]
      },
      "properties": {
        "node_id": "-80949986:44590053",
        "lat": 44.5900533,
        "lon": -80.9499859,
        "connected_way_names": [
          "6th Avenue West",
          "26th Street West"
        ],
        "connected_highway_tags": [
          "residential"
        ],
        "degree_merged": 2,
        "intersection_priority": "D",
        "visibility_score": 59,
        "sign_value": "medium",
        "canvass_order": 4,
        "recommended_action": "flyer-only / later saturation",
        "caveats": [
          "Do not place signs without property-owner permission.",
          "Avoid sightline obstruction.",
          "Respect election-sign bylaw setbacks and safety rules.",
          "Corner-lot estimate is for planning only, not a precise household count."
        ],
        "daily_priority_score": 14,
        "priority_reason": "multiple street-front exposures; mostly local-street exposure",
        "route_bucket": "local residential corner",
        "global_rank": 409,
        "daily_tier": "C",
        "suggested_day": "Day 28"
      }
    },
    {
      "type": "Feature",
      "geometry": {
        "type": "Point",
        "coordinates": [
          -80.9499933,
          44.5854098
        ]
      },
      "properties": {
        "node_id": "-80949993:44585410",
        "lat": 44.5854098,
        "lon": -80.9499933,
        "connected_way_names": [
          "5th Avenue West",
          "23rd Street West"
        ],
        "connected_highway_tags": [
          "residential"
        ],
        "degree_merged": 2,
        "intersection_priority": "D",
        "visibility_score": 59,
        "sign_value": "medium",
        "canvass_order": 4,
        "recommended_action": "flyer-only / later saturation",
        "caveats": [
          "Do not place signs without property-owner permission.",
          "Avoid sightline obstruction.",
          "Respect election-sign bylaw setbacks and safety rules.",
          "Corner-lot estimate is for planning only, not a precise household count."
        ],
        "daily_priority_score": 14,
        "priority_reason": "multiple street-front exposures; mostly local-street exposure",
        "route_bucket": "local residential corner",
        "global_rank": 410,
        "daily_tier": "C",
        "suggested_day": "Day 28"
      }
    },
    {
      "type": "Feature",
      "geometry": {
        "type": "Point",
        "coordinates": [
          -80.9500494,
          44.5578594
        ]
      },
      "properties": {
        "node_id": "-80950049:44557859",
        "lat": 44.5578594,
        "lon": -80.9500494,
        "connected_way_names": [
          "5th Avenue West",
          "5th Street A West"
        ],
        "connected_highway_tags": [
          "residential"
        ],
        "degree_merged": 2,
        "intersection_priority": "D",
        "visibility_score": 59,
        "sign_value": "medium",
        "canvass_order": 4,
        "recommended_action": "flyer-only / later saturation",
        "caveats": [
          "Do not place signs without property-owner permission.",
          "Avoid sightline obstruction.",
          "Respect election-sign bylaw setbacks and safety rules.",
          "Corner-lot estimate is for planning only, not a precise household count."
        ],
        "daily_priority_score": 14,
        "priority_reason": "multiple street-front exposures; mostly local-street exposure",
        "route_bucket": "local residential corner",
        "global_rank": 411,
        "daily_tier": "C",
        "suggested_day": "Day 28"
      }
    },
    {
      "type": "Feature",
      "geometry": {
        "type": "Point",
        "coordinates": [
          -80.9501682,
          44.5521872
        ]
      },
      "properties": {
        "node_id": "-80950168:44552187",
        "lat": 44.5521872,
        "lon": -80.9501682,
        "connected_way_names": [
          "6th Avenue West",
          "2nd Street A West"
        ],
        "connected_highway_tags": [
          "residential"
        ],
        "degree_merged": 2,
        "intersection_priority": "D",
        "visibility_score": 59,
        "sign_value": "medium",
        "canvass_order": 4,
        "recommended_action": "flyer-only / later saturation",
        "caveats": [
          "Do not place signs without property-owner permission.",
          "Avoid sightline obstruction.",
          "Respect election-sign bylaw setbacks and safety rules.",
          "Corner-lot estimate is for planning only, not a precise household count."
        ],
        "daily_priority_score": 14,
        "priority_reason": "multiple street-front exposures; mostly local-street exposure",
        "route_bucket": "local residential corner",
        "global_rank": 412,
        "daily_tier": "C",
        "suggested_day": "Day 28"
      }
    },
    {
      "type": "Feature",
      "geometry": {
        "type": "Point",
        "coordinates": [
          -80.9503676,
          44.5841734
        ]
      },
      "properties": {
        "node_id": "-80950368:44584173",
        "lat": 44.5841734,
        "lon": -80.9503676,
        "connected_way_names": [
          "5th Avenue West",
          "22nd Street West"
        ],
        "connected_highway_tags": [
          "residential"
        ],
        "degree_merged": 2,
        "intersection_priority": "D",
        "visibility_score": 59,
        "sign_value": "medium",
        "canvass_order": 4,
        "recommended_action": "flyer-only / later saturation",
        "caveats": [
          "Do not place signs without property-owner permission.",
          "Avoid sightline obstruction.",
          "Respect election-sign bylaw setbacks and safety rules.",
          "Corner-lot estimate is for planning only, not a precise household count."
        ],
        "daily_priority_score": 14,
        "priority_reason": "multiple street-front exposures; mostly local-street exposure",
        "route_bucket": "local residential corner",
        "global_rank": 413,
        "daily_tier": "C",
        "suggested_day": "Day 28"
      }
    },
    {
      "type": "Feature",
      "geometry": {
        "type": "Point",
        "coordinates": [
          -80.9506185,
          44.5630095
        ]
      },
      "properties": {
        "node_id": "-80950619:44563010",
        "lat": 44.5630095,
        "lon": -80.9506185,
        "connected_way_names": [
          "8th Street West",
          "5th Avenue West"
        ],
        "connected_highway_tags": [
          "residential"
        ],
        "degree_merged": 2,
        "intersection_priority": "D",
        "visibility_score": 59,
        "sign_value": "medium",
        "canvass_order": 4,
        "recommended_action": "flyer-only / later saturation",
        "caveats": [
          "Do not place signs without property-owner permission.",
          "Avoid sightline obstruction.",
          "Respect election-sign bylaw setbacks and safety rules.",
          "Corner-lot estimate is for planning only, not a precise household count."
        ],
        "daily_priority_score": 14,
        "priority_reason": "multiple street-front exposures; mostly local-street exposure",
        "route_bucket": "local residential corner",
        "global_rank": 414,
        "daily_tier": "C",
        "suggested_day": "Day 28"
      }
    },
    {
      "type": "Feature",
      "geometry": {
        "type": "Point",
        "coordinates": [
          -80.9507229,
          44.5687187
        ]
      },
      "properties": {
        "node_id": "-80950723:44568719",
        "lat": 44.5687187,
        "lon": -80.9507229,
        "connected_way_names": [
          "11th Street West",
          "4th Avenue A West"
        ],
        "connected_highway_tags": [
          "residential"
        ],
        "degree_merged": 2,
        "intersection_priority": "D",
        "visibility_score": 59,
        "sign_value": "medium",
        "canvass_order": 4,
        "recommended_action": "flyer-only / later saturation",
        "caveats": [
          "Do not place signs without property-owner permission.",
          "Avoid sightline obstruction.",
          "Respect election-sign bylaw setbacks and safety rules.",
          "Corner-lot estimate is for planning only, not a precise household count."
        ],
        "daily_priority_score": 14,
        "priority_reason": "multiple street-front exposures; mostly local-street exposure",
        "route_bucket": "local residential corner",
        "global_rank": 415,
        "daily_tier": "C",
        "suggested_day": "Day 28"
      }
    },
    {
      "type": "Feature",
      "geometry": {
        "type": "Point",
        "coordinates": [
          -80.9507469,
          44.5829074
        ]
      },
      "properties": {
        "node_id": "-80950747:44582907",
        "lat": 44.5829074,
        "lon": -80.9507469,
        "connected_way_names": [
          "5th Avenue West",
          "21st Street West"
        ],
        "connected_highway_tags": [
          "residential"
        ],
        "degree_merged": 2,
        "intersection_priority": "D",
        "visibility_score": 59,
        "sign_value": "medium",
        "canvass_order": 4,
        "recommended_action": "flyer-only / later saturation",
        "caveats": [
          "Do not place signs without property-owner permission.",
          "Avoid sightline obstruction.",
          "Respect election-sign bylaw setbacks and safety rules.",
          "Corner-lot estimate is for planning only, not a precise household count."
        ],
        "daily_priority_score": 14,
        "priority_reason": "multiple street-front exposures; mostly local-street exposure",
        "route_bucket": "local residential corner",
        "global_rank": 416,
        "daily_tier": "C",
        "suggested_day": "Day 28"
      }
    },
    {
      "type": "Feature",
      "geometry": {
        "type": "Point",
        "coordinates": [
          -80.9507878,
          44.5557404
        ]
      },
      "properties": {
        "node_id": "-80950788:44555740",
        "lat": 44.5557404,
        "lon": -80.9507878,
        "connected_way_names": [
          "4th Street A West",
          "6th Avenue West"
        ],
        "connected_highway_tags": [
          "residential"
        ],
        "degree_merged": 2,
        "intersection_priority": "D",
        "visibility_score": 59,
        "sign_value": "medium",
        "canvass_order": 4,
        "recommended_action": "flyer-only / later saturation",
        "caveats": [
          "Do not place signs without property-owner permission.",
          "Avoid sightline obstruction.",
          "Respect election-sign bylaw setbacks and safety rules.",
          "Corner-lot estimate is for planning only, not a precise household count."
        ],
        "daily_priority_score": 14,
        "priority_reason": "multiple street-front exposures; mostly local-street exposure",
        "route_bucket": "local residential corner",
        "global_rank": 417,
        "daily_tier": "C",
        "suggested_day": "Day 28"
      }
    },
    {
      "type": "Feature",
      "geometry": {
        "type": "Point",
        "coordinates": [
          -80.9509818,
          44.5610214
        ]
      },
      "properties": {
        "node_id": "-80950982:44561021",
        "lat": 44.5610214,
        "lon": -80.9509818,
        "connected_way_names": [
          "5th Avenue A West",
          "7th Street West"
        ],
        "connected_highway_tags": [
          "residential"
        ],
        "degree_merged": 2,
        "intersection_priority": "D",
        "visibility_score": 59,
        "sign_value": "medium",
        "canvass_order": 4,
        "recommended_action": "flyer-only / later saturation",
        "caveats": [
          "Do not place signs without property-owner permission.",
          "Avoid sightline obstruction.",
          "Respect election-sign bylaw setbacks and safety rules.",
          "Corner-lot estimate is for planning only, not a precise household count."
        ],
        "daily_priority_score": 14,
        "priority_reason": "multiple street-front exposures; mostly local-street exposure",
        "route_bucket": "local residential corner",
        "global_rank": 418,
        "daily_tier": "C",
        "suggested_day": "Day 28"
      }
    },
    {
      "type": "Feature",
      "geometry": {
        "type": "Point",
        "coordinates": [
          -80.9511277,
          44.5817153
        ]
      },
      "properties": {
        "node_id": "-80951128:44581715",
        "lat": 44.5817153,
        "lon": -80.9511277,
        "connected_way_names": [
          "20th Street West",
          "5th Avenue West"
        ],
        "connected_highway_tags": [
          "residential"
        ],
        "degree_merged": 2,
        "intersection_priority": "D",
        "visibility_score": 59,
        "sign_value": "medium",
        "canvass_order": 4,
        "recommended_action": "flyer-only / later saturation",
        "caveats": [
          "Do not place signs without property-owner permission.",
          "Avoid sightline obstruction.",
          "Respect election-sign bylaw setbacks and safety rules.",
          "Corner-lot estimate is for planning only, not a precise household count."
        ],
        "daily_priority_score": 14,
        "priority_reason": "multiple street-front exposures; mostly local-street exposure",
        "route_bucket": "local residential corner",
        "global_rank": 419,
        "daily_tier": "C",
        "suggested_day": "Day 28"
      }
    },
    {
      "type": "Feature",
      "geometry": {
        "type": "Point",
        "coordinates": [
          -80.9512236,
          44.5863136
        ]
      },
      "properties": {
        "node_id": "-80951224:44586314",
        "lat": 44.5863136,
        "lon": -80.9512236,
        "connected_way_names": [
          "6th Avenue West",
          "23rd Street West"
        ],
        "connected_highway_tags": [
          "residential"
        ],
        "degree_merged": 2,
        "intersection_priority": "D",
        "visibility_score": 59,
        "sign_value": "medium",
        "canvass_order": 4,
        "recommended_action": "flyer-only / later saturation",
        "caveats": [
          "Do not place signs without property-owner permission.",
          "Avoid sightline obstruction.",
          "Respect election-sign bylaw setbacks and safety rules.",
          "Corner-lot estimate is for planning only, not a precise household count."
        ],
        "daily_priority_score": 14,
        "priority_reason": "multiple street-front exposures; mostly local-street exposure",
        "route_bucket": "local residential corner",
        "global_rank": 420,
        "daily_tier": "C",
        "suggested_day": "Day 28"
      }
    },
    {
      "type": "Feature",
      "geometry": {
        "type": "Point",
        "coordinates": [
          -80.951236,
          44.565819
        ]
      },
      "properties": {
        "node_id": "-80951236:44565819",
        "lat": 44.565819,
        "lon": -80.951236,
        "connected_way_names": [
          "9th Street A West",
          "5th Avenue West"
        ],
        "connected_highway_tags": [
          "residential"
        ],
        "degree_merged": 2,
        "intersection_priority": "D",
        "visibility_score": 59,
        "sign_value": "medium",
        "canvass_order": 4,
        "recommended_action": "flyer-only / later saturation",
        "caveats": [
          "Do not place signs without property-owner permission.",
          "Avoid sightline obstruction.",
          "Respect election-sign bylaw setbacks and safety rules.",
          "Corner-lot estimate is for planning only, not a precise household count."
        ],
        "daily_priority_score": 14,
        "priority_reason": "multiple street-front exposures; mostly local-street exposure",
        "route_bucket": "local residential corner",
        "global_rank": 421,
        "daily_tier": "C",
        "suggested_day": "Day 29"
      }
    },
    {
      "type": "Feature",
      "geometry": {
        "type": "Point",
        "coordinates": [
          -80.95131,
          44.5571826
        ]
      },
      "properties": {
        "node_id": "-80951310:44557183",
        "lat": 44.5571826,
        "lon": -80.95131,
        "connected_way_names": [
          "5th Street West",
          "6th Avenue West"
        ],
        "connected_highway_tags": [
          "residential"
        ],
        "degree_merged": 2,
        "intersection_priority": "D",
        "visibility_score": 59,
        "sign_value": "medium",
        "canvass_order": 4,
        "recommended_action": "flyer-only / later saturation",
        "caveats": [
          "Do not place signs without property-owner permission.",
          "Avoid sightline obstruction.",
          "Respect election-sign bylaw setbacks and safety rules.",
          "Corner-lot estimate is for planning only, not a precise household count."
        ],
        "daily_priority_score": 14,
        "priority_reason": "multiple street-front exposures; mostly local-street exposure",
        "route_bucket": "local residential corner",
        "global_rank": 422,
        "daily_tier": "C",
        "suggested_day": "Day 29"
      }
    },
    {
      "type": "Feature",
      "geometry": {
        "type": "Point",
        "coordinates": [
          -80.9515584,
          44.5804556
        ]
      },
      "properties": {
        "node_id": "-80951558:44580456",
        "lat": 44.5804556,
        "lon": -80.9515584,
        "connected_way_names": [
          "19th Street West",
          "5th Avenue West"
        ],
        "connected_highway_tags": [
          "residential"
        ],
        "degree_merged": 2,
        "intersection_priority": "D",
        "visibility_score": 59,
        "sign_value": "medium",
        "canvass_order": 4,
        "recommended_action": "flyer-only / later saturation",
        "caveats": [
          "Do not place signs without property-owner permission.",
          "Avoid sightline obstruction.",
          "Respect election-sign bylaw setbacks and safety rules.",
          "Corner-lot estimate is for planning only, not a precise household count."
        ],
        "daily_priority_score": 14,
        "priority_reason": "multiple street-front exposures; mostly local-street exposure",
        "route_bucket": "local residential corner",
        "global_rank": 423,
        "daily_tier": "C",
        "suggested_day": "Day 29"
      }
    },
    {
      "type": "Feature",
      "geometry": {
        "type": "Point",
        "coordinates": [
          -80.9517047,
          44.5587085
        ]
      },
      "properties": {
        "node_id": "-80951705:44558709",
        "lat": 44.5587085,
        "lon": -80.9517047,
        "connected_way_names": [
          "6th Avenue West",
          "6th Street West"
        ],
        "connected_highway_tags": [
          "residential"
        ],
        "degree_merged": 2,
        "intersection_priority": "D",
        "visibility_score": 59,
        "sign_value": "medium",
        "canvass_order": 4,
        "recommended_action": "flyer-only / later saturation",
        "caveats": [
          "Do not place signs without property-owner permission.",
          "Avoid sightline obstruction.",
          "Respect election-sign bylaw setbacks and safety rules.",
          "Corner-lot estimate is for planning only, not a precise household count."
        ],
        "daily_priority_score": 14,
        "priority_reason": "multiple street-front exposures; mostly local-street exposure",
        "route_bucket": "local residential corner",
        "global_rank": 424,
        "daily_tier": "C",
        "suggested_day": "Day 29"
      }
    },
    {
      "type": "Feature",
      "geometry": {
        "type": "Point",
        "coordinates": [
          -80.9517958,
          44.5844184
        ]
      },
      "properties": {
        "node_id": "-80951796:44584418",
        "lat": 44.5844184,
        "lon": -80.9517958,
        "connected_way_names": [
          "22nd Street West",
          "6th Avenue West"
        ],
        "connected_highway_tags": [
          "residential"
        ],
        "degree_merged": 2,
        "intersection_priority": "D",
        "visibility_score": 59,
        "sign_value": "medium",
        "canvass_order": 4,
        "recommended_action": "flyer-only / later saturation",
        "caveats": [
          "Do not place signs without property-owner permission.",
          "Avoid sightline obstruction.",
          "Respect election-sign bylaw setbacks and safety rules.",
          "Corner-lot estimate is for planning only, not a precise household count."
        ],
        "daily_priority_score": 14,
        "priority_reason": "multiple street-front exposures; mostly local-street exposure",
        "route_bucket": "local residential corner",
        "global_rank": 425,
        "daily_tier": "C",
        "suggested_day": "Day 29"
      }
    },
    {
      "type": "Feature",
      "geometry": {
        "type": "Point",
        "coordinates": [
          -80.9518745,
          44.5747994
        ]
      },
      "properties": {
        "node_id": "-80951874:44574799",
        "lat": 44.5747994,
        "lon": -80.9518745,
        "connected_way_names": [
          "15th Street West",
          "4th Avenue West"
        ],
        "connected_highway_tags": [
          "residential"
        ],
        "degree_merged": 2,
        "intersection_priority": "D",
        "visibility_score": 59,
        "sign_value": "medium",
        "canvass_order": 4,
        "recommended_action": "flyer-only / later saturation",
        "caveats": [
          "Do not place signs without property-owner permission.",
          "Avoid sightline obstruction.",
          "Respect election-sign bylaw setbacks and safety rules.",
          "Corner-lot estimate is for planning only, not a precise household count."
        ],
        "daily_priority_score": 14,
        "priority_reason": "multiple street-front exposures; mostly local-street exposure",
        "route_bucket": "local residential corner",
        "global_rank": 426,
        "daily_tier": "C",
        "suggested_day": "Day 29"
      }
    },
    {
      "type": "Feature",
      "geometry": {
        "type": "Point",
        "coordinates": [
          -80.9519493,
          44.5792475
        ]
      },
      "properties": {
        "node_id": "-80951949:44579248",
        "lat": 44.5792475,
        "lon": -80.9519493,
        "connected_way_names": [
          "18th Street West",
          "5th Avenue West"
        ],
        "connected_highway_tags": [
          "residential"
        ],
        "degree_merged": 2,
        "intersection_priority": "D",
        "visibility_score": 59,
        "sign_value": "medium",
        "canvass_order": 4,
        "recommended_action": "flyer-only / later saturation",
        "caveats": [
          "Do not place signs without property-owner permission.",
          "Avoid sightline obstruction.",
          "Respect election-sign bylaw setbacks and safety rules.",
          "Corner-lot estimate is for planning only, not a precise household count."
        ],
        "daily_priority_score": 14,
        "priority_reason": "multiple street-front exposures; mostly local-street exposure",
        "route_bucket": "local residential corner",
        "global_rank": 427,
        "daily_tier": "C",
        "suggested_day": "Day 29"
      }
    },
    {
      "type": "Feature",
      "geometry": {
        "type": "Point",
        "coordinates": [
          -80.9519628,
          44.5657432
        ]
      },
      "properties": {
        "node_id": "-80951963:44565743",
        "lat": 44.5657432,
        "lon": -80.9519628,
        "connected_way_names": [
          "9th Street A West",
          "5th Avenue A West"
        ],
        "connected_highway_tags": [
          "residential"
        ],
        "degree_merged": 2,
        "intersection_priority": "D",
        "visibility_score": 59,
        "sign_value": "medium",
        "canvass_order": 4,
        "recommended_action": "flyer-only / later saturation",
        "caveats": [
          "Do not place signs without property-owner permission.",
          "Avoid sightline obstruction.",
          "Respect election-sign bylaw setbacks and safety rules.",
          "Corner-lot estimate is for planning only, not a precise household count."
        ],
        "daily_priority_score": 14,
        "priority_reason": "multiple street-front exposures; mostly local-street exposure",
        "route_bucket": "local residential corner",
        "global_rank": 428,
        "daily_tier": "C",
        "suggested_day": "Day 29"
      }
    },
    {
      "type": "Feature",
      "geometry": {
        "type": "Point",
        "coordinates": [
          -80.9522011,
          44.5608857
        ]
      },
      "properties": {
        "node_id": "-80952201:44560886",
        "lat": 44.5608857,
        "lon": -80.9522011,
        "connected_way_names": [
          "7th Street West",
          "6th Avenue West"
        ],
        "connected_highway_tags": [
          "residential"
        ],
        "degree_merged": 2,
        "intersection_priority": "D",
        "visibility_score": 59,
        "sign_value": "medium",
        "canvass_order": 4,
        "recommended_action": "flyer-only / later saturation",
        "caveats": [
          "Do not place signs without property-owner permission.",
          "Avoid sightline obstruction.",
          "Respect election-sign bylaw setbacks and safety rules.",
          "Corner-lot estimate is for planning only, not a precise household count."
        ],
        "daily_priority_score": 14,
        "priority_reason": "multiple street-front exposures; mostly local-street exposure",
        "route_bucket": "local residential corner",
        "global_rank": 429,
        "daily_tier": "C",
        "suggested_day": "Day 29"
      }
    },
    {
      "type": "Feature",
      "geometry": {
        "type": "Point",
        "coordinates": [
          -80.9522204,
          44.5609706
        ]
      },
      "properties": {
        "node_id": "-80952220:44560971",
        "lat": 44.5609706,
        "lon": -80.9522204,
        "connected_way_names": [
          "7th Avenue West",
          "6th Avenue West"
        ],
        "connected_highway_tags": [
          "residential"
        ],
        "degree_merged": 2,
        "intersection_priority": "D",
        "visibility_score": 59,
        "sign_value": "medium",
        "canvass_order": 4,
        "recommended_action": "flyer-only / later saturation",
        "caveats": [
          "Do not place signs without property-owner permission.",
          "Avoid sightline obstruction.",
          "Respect election-sign bylaw setbacks and safety rules.",
          "Corner-lot estimate is for planning only, not a precise household count."
        ],
        "daily_priority_score": 14,
        "priority_reason": "multiple street-front exposures; mostly local-street exposure",
        "route_bucket": "local residential corner",
        "global_rank": 430,
        "daily_tier": "C",
        "suggested_day": "Day 29"
      }
    },
    {
      "type": "Feature",
      "geometry": {
        "type": "Point",
        "coordinates": [
          -80.9522446,
          44.583158
        ]
      },
      "properties": {
        "node_id": "-80952245:44583158",
        "lat": 44.583158,
        "lon": -80.9522446,
        "connected_way_names": [
          "6th Avenue West",
          "21st Street West"
        ],
        "connected_highway_tags": [
          "residential"
        ],
        "degree_merged": 2,
        "intersection_priority": "D",
        "visibility_score": 59,
        "sign_value": "medium",
        "canvass_order": 4,
        "recommended_action": "flyer-only / later saturation",
        "caveats": [
          "Do not place signs without property-owner permission.",
          "Avoid sightline obstruction.",
          "Respect election-sign bylaw setbacks and safety rules.",
          "Corner-lot estimate is for planning only, not a precise household count."
        ],
        "daily_priority_score": 14,
        "priority_reason": "multiple street-front exposures; mostly local-street exposure",
        "route_bucket": "local residential corner",
        "global_rank": 431,
        "daily_tier": "C",
        "suggested_day": "Day 29"
      }
    },
    {
      "type": "Feature",
      "geometry": {
        "type": "Point",
        "coordinates": [
          -80.9523641,
          44.5779955
        ]
      },
      "properties": {
        "node_id": "-80952364:44577996",
        "lat": 44.5779955,
        "lon": -80.9523641,
        "connected_way_names": [
          "17th Street West",
          "5th Avenue West"
        ],
        "connected_highway_tags": [
          "residential"
        ],
        "degree_merged": 2,
        "intersection_priority": "D",
        "visibility_score": 59,
        "sign_value": "medium",
        "canvass_order": 4,
        "recommended_action": "flyer-only / later saturation",
        "caveats": [
          "Do not place signs without property-owner permission.",
          "Avoid sightline obstruction.",
          "Respect election-sign bylaw setbacks and safety rules.",
          "Corner-lot estimate is for planning only, not a precise household count."
        ],
        "daily_priority_score": 14,
        "priority_reason": "multiple street-front exposures; mostly local-street exposure",
        "route_bucket": "local residential corner",
        "global_rank": 432,
        "daily_tier": "C",
        "suggested_day": "Day 29"
      }
    },
    {
      "type": "Feature",
      "geometry": {
        "type": "Point",
        "coordinates": [
          -80.952427,
          44.5701209
        ]
      },
      "properties": {
        "node_id": "-80952427:44570121",
        "lat": 44.5701209,
        "lon": -80.952427,
        "connected_way_names": [
          "11th Street B West",
          "5th Avenue West"
        ],
        "connected_highway_tags": [
          "residential"
        ],
        "degree_merged": 2,
        "intersection_priority": "D",
        "visibility_score": 59,
        "sign_value": "medium",
        "canvass_order": 4,
        "recommended_action": "flyer-only / later saturation",
        "caveats": [
          "Do not place signs without property-owner permission.",
          "Avoid sightline obstruction.",
          "Respect election-sign bylaw setbacks and safety rules.",
          "Corner-lot estimate is for planning only, not a precise household count."
        ],
        "daily_priority_score": 14,
        "priority_reason": "multiple street-front exposures; mostly local-street exposure",
        "route_bucket": "local residential corner",
        "global_rank": 433,
        "daily_tier": "C",
        "suggested_day": "Day 29"
      }
    },
    {
      "type": "Feature",
      "geometry": {
        "type": "Point",
        "coordinates": [
          -80.9526345,
          44.581951
        ]
      },
      "properties": {
        "node_id": "-80952634:44581951",
        "lat": 44.581951,
        "lon": -80.9526345,
        "connected_way_names": [
          "6th Avenue West",
          "20th Street West"
        ],
        "connected_highway_tags": [
          "residential"
        ],
        "degree_merged": 2,
        "intersection_priority": "D",
        "visibility_score": 59,
        "sign_value": "medium",
        "canvass_order": 4,
        "recommended_action": "flyer-only / later saturation",
        "caveats": [
          "Do not place signs without property-owner permission.",
          "Avoid sightline obstruction.",
          "Respect election-sign bylaw setbacks and safety rules.",
          "Corner-lot estimate is for planning only, not a precise household count."
        ],
        "daily_priority_score": 14,
        "priority_reason": "multiple street-front exposures; mostly local-street exposure",
        "route_bucket": "local residential corner",
        "global_rank": 434,
        "daily_tier": "C",
        "suggested_day": "Day 29"
      }
    },
    {
      "type": "Feature",
      "geometry": {
        "type": "Point",
        "coordinates": [
          -80.9526391,
          44.5709027
        ]
      },
      "properties": {
        "node_id": "-80952639:44570903",
        "lat": 44.5709027,
        "lon": -80.9526391,
        "connected_way_names": [
          "12th Street West",
          "5th Avenue West"
        ],
        "connected_highway_tags": [
          "residential"
        ],
        "degree_merged": 2,
        "intersection_priority": "D",
        "visibility_score": 59,
        "sign_value": "medium",
        "canvass_order": 4,
        "recommended_action": "flyer-only / later saturation",
        "caveats": [
          "Do not place signs without property-owner permission.",
          "Avoid sightline obstruction.",
          "Respect election-sign bylaw setbacks and safety rules.",
          "Corner-lot estimate is for planning only, not a precise household count."
        ],
        "daily_priority_score": 14,
        "priority_reason": "multiple street-front exposures; mostly local-street exposure",
        "route_bucket": "local residential corner",
        "global_rank": 435,
        "daily_tier": "C",
        "suggested_day": "Day 29"
      }
    },
    {
      "type": "Feature",
      "geometry": {
        "type": "Point",
        "coordinates": [
          -80.9526397,
          44.5627757
        ]
      },
      "properties": {
        "node_id": "-80952640:44562776",
        "lat": 44.5627757,
        "lon": -80.9526397,
        "connected_way_names": [
          "8th Street West",
          "6th Avenue West"
        ],
        "connected_highway_tags": [
          "residential"
        ],
        "degree_merged": 2,
        "intersection_priority": "D",
        "visibility_score": 59,
        "sign_value": "medium",
        "canvass_order": 4,
        "recommended_action": "flyer-only / later saturation",
        "caveats": [
          "Do not place signs without property-owner permission.",
          "Avoid sightline obstruction.",
          "Respect election-sign bylaw setbacks and safety rules.",
          "Corner-lot estimate is for planning only, not a precise household count."
        ],
        "daily_priority_score": 14,
        "priority_reason": "multiple street-front exposures; mostly local-street exposure",
        "route_bucket": "local residential corner",
        "global_rank": 436,
        "daily_tier": "C",
        "suggested_day": "Day 30"
      }
    },
    {
      "type": "Feature",
      "geometry": {
        "type": "Point",
        "coordinates": [
          -80.952718,
          44.5865587
        ]
      },
      "properties": {
        "node_id": "-80952718:44586559",
        "lat": 44.5865587,
        "lon": -80.952718,
        "connected_way_names": [
          "23rd Street West",
          "7th Avenue West"
        ],
        "connected_highway_tags": [
          "residential"
        ],
        "degree_merged": 2,
        "intersection_priority": "D",
        "visibility_score": 59,
        "sign_value": "medium",
        "canvass_order": 4,
        "recommended_action": "flyer-only / later saturation",
        "caveats": [
          "Do not place signs without property-owner permission.",
          "Avoid sightline obstruction.",
          "Respect election-sign bylaw setbacks and safety rules.",
          "Corner-lot estimate is for planning only, not a precise household count."
        ],
        "daily_priority_score": 14,
        "priority_reason": "multiple street-front exposures; mostly local-street exposure",
        "route_bucket": "local residential corner",
        "global_rank": 437,
        "daily_tier": "C",
        "suggested_day": "Day 30"
      }
    },
    {
      "type": "Feature",
      "geometry": {
        "type": "Point",
        "coordinates": [
          -80.9527715,
          44.5767506
        ]
      },
      "properties": {
        "node_id": "-80952771:44576751",
        "lat": 44.5767506,
        "lon": -80.9527715,
        "connected_way_names": [
          "16th Street West",
          "5th Avenue West"
        ],
        "connected_highway_tags": [
          "residential"
        ],
        "degree_merged": 2,
        "intersection_priority": "D",
        "visibility_score": 59,
        "sign_value": "medium",
        "canvass_order": 4,
        "recommended_action": "flyer-only / later saturation",
        "caveats": [
          "Do not place signs without property-owner permission.",
          "Avoid sightline obstruction.",
          "Respect election-sign bylaw setbacks and safety rules.",
          "Corner-lot estimate is for planning only, not a precise household count."
        ],
        "daily_priority_score": 14,
        "priority_reason": "multiple street-front exposures; mostly local-street exposure",
        "route_bucket": "local residential corner",
        "global_rank": 438,
        "daily_tier": "C",
        "suggested_day": "Day 30"
      }
    },
    {
      "type": "Feature",
      "geometry": {
        "type": "Point",
        "coordinates": [
          -80.9530219,
          44.5807023
        ]
      },
      "properties": {
        "node_id": "-80953022:44580702",
        "lat": 44.5807023,
        "lon": -80.9530219,
        "connected_way_names": [
          "6th Avenue West",
          "19th Street West"
        ],
        "connected_highway_tags": [
          "residential"
        ],
        "degree_merged": 2,
        "intersection_priority": "D",
        "visibility_score": 59,
        "sign_value": "medium",
        "canvass_order": 4,
        "recommended_action": "flyer-only / later saturation",
        "caveats": [
          "Do not place signs without property-owner permission.",
          "Avoid sightline obstruction.",
          "Respect election-sign bylaw setbacks and safety rules.",
          "Corner-lot estimate is for planning only, not a precise household count."
        ],
        "daily_priority_score": 14,
        "priority_reason": "multiple street-front exposures; mostly local-street exposure",
        "route_bucket": "local residential corner",
        "global_rank": 439,
        "daily_tier": "C",
        "suggested_day": "Day 30"
      }
    },
    {
      "type": "Feature",
      "geometry": {
        "type": "Point",
        "coordinates": [
          -80.9532756,
          44.5846654
        ]
      },
      "properties": {
        "node_id": "-80953276:44584665",
        "lat": 44.5846654,
        "lon": -80.9532756,
        "connected_way_names": [
          "22nd Street West",
          "7th Avenue West"
        ],
        "connected_highway_tags": [
          "residential"
        ],
        "degree_merged": 2,
        "intersection_priority": "D",
        "visibility_score": 59,
        "sign_value": "medium",
        "canvass_order": 4,
        "recommended_action": "flyer-only / later saturation",
        "caveats": [
          "Do not place signs without property-owner permission.",
          "Avoid sightline obstruction.",
          "Respect election-sign bylaw setbacks and safety rules.",
          "Corner-lot estimate is for planning only, not a precise household count."
        ],
        "daily_priority_score": 14,
        "priority_reason": "multiple street-front exposures; mostly local-street exposure",
        "route_bucket": "local residential corner",
        "global_rank": 440,
        "daily_tier": "C",
        "suggested_day": "Day 30"
      }
    },
    {
      "type": "Feature",
      "geometry": {
        "type": "Point",
        "coordinates": [
          -80.9532806,
          44.5655895
        ]
      },
      "properties": {
        "node_id": "-80953281:44565590",
        "lat": 44.5655895,
        "lon": -80.9532806,
        "connected_way_names": [
          "6th Avenue West",
          "9th Street A West"
        ],
        "connected_highway_tags": [
          "residential"
        ],
        "degree_merged": 2,
        "intersection_priority": "D",
        "visibility_score": 59,
        "sign_value": "medium",
        "canvass_order": 4,
        "recommended_action": "flyer-only / later saturation",
        "caveats": [
          "Do not place signs without property-owner permission.",
          "Avoid sightline obstruction.",
          "Respect election-sign bylaw setbacks and safety rules.",
          "Corner-lot estimate is for planning only, not a precise household count."
        ],
        "daily_priority_score": 14,
        "priority_reason": "multiple street-front exposures; mostly local-street exposure",
        "route_bucket": "local residential corner",
        "global_rank": 441,
        "daily_tier": "C",
        "suggested_day": "Day 30"
      }
    },
    {
      "type": "Feature",
      "geometry": {
        "type": "Point",
        "coordinates": [
          -80.9534078,
          44.5795237
        ]
      },
      "properties": {
        "node_id": "-80953408:44579524",
        "lat": 44.5795237,
        "lon": -80.9534078,
        "connected_way_names": [
          "6th Avenue West",
          "18th Street West"
        ],
        "connected_highway_tags": [
          "residential"
        ],
        "degree_merged": 2,
        "intersection_priority": "D",
        "visibility_score": 59,
        "sign_value": "medium",
        "canvass_order": 4,
        "recommended_action": "flyer-only / later saturation",
        "caveats": [
          "Do not place signs without property-owner permission.",
          "Avoid sightline obstruction.",
          "Respect election-sign bylaw setbacks and safety rules.",
          "Corner-lot estimate is for planning only, not a precise household count."
        ],
        "daily_priority_score": 14,
        "priority_reason": "multiple street-front exposures; mostly local-street exposure",
        "route_bucket": "local residential corner",
        "global_rank": 442,
        "daily_tier": "C",
        "suggested_day": "Day 30"
      }
    },
    {
      "type": "Feature",
      "geometry": {
        "type": "Point",
        "coordinates": [
          -80.9534798,
          44.5768651
        ]
      },
      "properties": {
        "node_id": "-80953480:44576865",
        "lat": 44.5768651,
        "lon": -80.9534798,
        "connected_way_names": [
          "16th Street West",
          "5th Avenue A West"
        ],
        "connected_highway_tags": [
          "residential"
        ],
        "degree_merged": 2,
        "intersection_priority": "D",
        "visibility_score": 59,
        "sign_value": "medium",
        "canvass_order": 4,
        "recommended_action": "flyer-only / later saturation",
        "caveats": [
          "Do not place signs without property-owner permission.",
          "Avoid sightline obstruction.",
          "Respect election-sign bylaw setbacks and safety rules.",
          "Corner-lot estimate is for planning only, not a precise household count."
        ],
        "daily_priority_score": 14,
        "priority_reason": "multiple street-front exposures; mostly local-street exposure",
        "route_bucket": "local residential corner",
        "global_rank": 443,
        "daily_tier": "C",
        "suggested_day": "Day 30"
      }
    },
    {
      "type": "Feature",
      "geometry": {
        "type": "Point",
        "coordinates": [
          -80.9535198,
          44.5744612
        ]
      },
      "properties": {
        "node_id": "-80953520:44574461",
        "lat": 44.5744612,
        "lon": -80.9535198,
        "connected_way_names": [
          "15th Street West",
          "5th Avenue West"
        ],
        "connected_highway_tags": [
          "residential"
        ],
        "degree_merged": 2,
        "intersection_priority": "D",
        "visibility_score": 59,
        "sign_value": "medium",
        "canvass_order": 4,
        "recommended_action": "flyer-only / later saturation",
        "caveats": [
          "Do not place signs without property-owner permission.",
          "Avoid sightline obstruction.",
          "Respect election-sign bylaw setbacks and safety rules.",
          "Corner-lot estimate is for planning only, not a precise household count."
        ],
        "daily_priority_score": 14,
        "priority_reason": "multiple street-front exposures; mostly local-street exposure",
        "route_bucket": "local residential corner",
        "global_rank": 444,
        "daily_tier": "C",
        "suggested_day": "Day 30"
      }
    },
    {
      "type": "Feature",
      "geometry": {
        "type": "Point",
        "coordinates": [
          -80.9536479,
          44.5672641
        ]
      },
      "properties": {
        "node_id": "-80953648:44567264",
        "lat": 44.5672641,
        "lon": -80.9536479,
        "connected_way_names": [
          "10th Street A West",
          "6th Avenue West"
        ],
        "connected_highway_tags": [
          "residential"
        ],
        "degree_merged": 2,
        "intersection_priority": "D",
        "visibility_score": 59,
        "sign_value": "medium",
        "canvass_order": 4,
        "recommended_action": "flyer-only / later saturation",
        "caveats": [
          "Do not place signs without property-owner permission.",
          "Avoid sightline obstruction.",
          "Respect election-sign bylaw setbacks and safety rules.",
          "Corner-lot estimate is for planning only, not a precise household count."
        ],
        "daily_priority_score": 14,
        "priority_reason": "multiple street-front exposures; mostly local-street exposure",
        "route_bucket": "local residential corner",
        "global_rank": 445,
        "daily_tier": "C",
        "suggested_day": "Day 30"
      }
    },
    {
      "type": "Feature",
      "geometry": {
        "type": "Point",
        "coordinates": [
          -80.9539083,
          44.5683649
        ]
      },
      "properties": {
        "node_id": "-80953908:44568365",
        "lat": 44.5683649,
        "lon": -80.9539083,
        "connected_way_names": [
          "11th Street West",
          "6th Avenue West"
        ],
        "connected_highway_tags": [
          "residential"
        ],
        "degree_merged": 2,
        "intersection_priority": "D",
        "visibility_score": 59,
        "sign_value": "medium",
        "canvass_order": 4,
        "recommended_action": "flyer-only / later saturation",
        "caveats": [
          "Do not place signs without property-owner permission.",
          "Avoid sightline obstruction.",
          "Respect election-sign bylaw setbacks and safety rules.",
          "Corner-lot estimate is for planning only, not a precise household count."
        ],
        "daily_priority_score": 14,
        "priority_reason": "multiple street-front exposures; mostly local-street exposure",
        "route_bucket": "local residential corner",
        "global_rank": 446,
        "daily_tier": "C",
        "suggested_day": "Day 30"
      }
    },
    {
      "type": "Feature",
      "geometry": {
        "type": "Point",
        "coordinates": [
          -80.953973,
          44.568811
        ]
      },
      "properties": {
        "node_id": "-80953973:44568811",
        "lat": 44.568811,
        "lon": -80.953973,
        "connected_way_names": [
          "6th Avenue West",
          "11th Street A West"
        ],
        "connected_highway_tags": [
          "residential"
        ],
        "degree_merged": 2,
        "intersection_priority": "D",
        "visibility_score": 59,
        "sign_value": "medium",
        "canvass_order": 4,
        "recommended_action": "flyer-only / later saturation",
        "caveats": [
          "Do not place signs without property-owner permission.",
          "Avoid sightline obstruction.",
          "Respect election-sign bylaw setbacks and safety rules.",
          "Corner-lot estimate is for planning only, not a precise household count."
        ],
        "daily_priority_score": 14,
        "priority_reason": "multiple street-front exposures; mostly local-street exposure",
        "route_bucket": "local residential corner",
        "global_rank": 447,
        "daily_tier": "C",
        "suggested_day": "Day 30"
      }
    },
    {
      "type": "Feature",
      "geometry": {
        "type": "Point",
        "coordinates": [
          -80.9540767,
          44.5821851
        ]
      },
      "properties": {
        "node_id": "-80954077:44582185",
        "lat": 44.5821851,
        "lon": -80.9540767,
        "connected_way_names": [
          "20th Street West",
          "7th Avenue West"
        ],
        "connected_highway_tags": [
          "residential"
        ],
        "degree_merged": 2,
        "intersection_priority": "D",
        "visibility_score": 59,
        "sign_value": "medium",
        "canvass_order": 4,
        "recommended_action": "flyer-only / later saturation",
        "caveats": [
          "Do not place signs without property-owner permission.",
          "Avoid sightline obstruction.",
          "Respect election-sign bylaw setbacks and safety rules.",
          "Corner-lot estimate is for planning only, not a precise household count."
        ],
        "daily_priority_score": 14,
        "priority_reason": "multiple street-front exposures; mostly local-street exposure",
        "route_bucket": "local residential corner",
        "global_rank": 448,
        "daily_tier": "C",
        "suggested_day": "Day 30"
      }
    },
    {
      "type": "Feature",
      "geometry": {
        "type": "Point",
        "coordinates": [
          -80.9541726,
          44.5868099
        ]
      },
      "properties": {
        "node_id": "-80954173:44586810",
        "lat": 44.5868099,
        "lon": -80.9541726,
        "connected_way_names": [
          "8 Avenue West",
          "23rd Street West"
        ],
        "connected_highway_tags": [
          "residential"
        ],
        "degree_merged": 2,
        "intersection_priority": "D",
        "visibility_score": 59,
        "sign_value": "medium",
        "canvass_order": 4,
        "recommended_action": "flyer-only / later saturation",
        "caveats": [
          "Do not place signs without property-owner permission.",
          "Avoid sightline obstruction.",
          "Respect election-sign bylaw setbacks and safety rules.",
          "Corner-lot estimate is for planning only, not a precise household count."
        ],
        "daily_priority_score": 14,
        "priority_reason": "multiple street-front exposures; mostly local-street exposure",
        "route_bucket": "local residential corner",
        "global_rank": 449,
        "daily_tier": "C",
        "suggested_day": "Day 30"
      }
    },
    {
      "type": "Feature",
      "geometry": {
        "type": "Point",
        "coordinates": [
          -80.9542248,
          44.5769869
        ]
      },
      "properties": {
        "node_id": "-80954225:44576987",
        "lat": 44.5769869,
        "lon": -80.9542248,
        "connected_way_names": [
          "16th Street West",
          "6th Avenue West"
        ],
        "connected_highway_tags": [
          "residential"
        ],
        "degree_merged": 2,
        "intersection_priority": "D",
        "visibility_score": 59,
        "sign_value": "medium",
        "canvass_order": 4,
        "recommended_action": "flyer-only / later saturation",
        "caveats": [
          "Do not place signs without property-owner permission.",
          "Avoid sightline obstruction.",
          "Respect election-sign bylaw setbacks and safety rules.",
          "Corner-lot estimate is for planning only, not a precise household count."
        ],
        "daily_priority_score": 14,
        "priority_reason": "multiple street-front exposures; mostly local-street exposure",
        "route_bucket": "local residential corner",
        "global_rank": 450,
        "daily_tier": "C",
        "suggested_day": "Day 30"
      }
    },
    {
      "type": "Feature",
      "geometry": {
        "type": "Point",
        "coordinates": [
          -80.9542348,
          44.5746563
        ]
      },
      "properties": {
        "node_id": "-80954235:44574656",
        "lat": 44.5746563,
        "lon": -80.9542348,
        "connected_way_names": [
          "15th Street West",
          "5th Avenue A West"
        ],
        "connected_highway_tags": [
          "residential"
        ],
        "degree_merged": 2,
        "intersection_priority": "D",
        "visibility_score": 59,
        "sign_value": "medium",
        "canvass_order": 4,
        "recommended_action": "flyer-only / later saturation",
        "caveats": [
          "Do not place signs without property-owner permission.",
          "Avoid sightline obstruction.",
          "Respect election-sign bylaw setbacks and safety rules.",
          "Corner-lot estimate is for planning only, not a precise household count."
        ],
        "daily_priority_score": 14,
        "priority_reason": "multiple street-front exposures; mostly local-street exposure",
        "route_bucket": "local residential corner",
        "global_rank": 451,
        "daily_tier": "C",
        "suggested_day": "Day 31"
      }
    },
    {
      "type": "Feature",
      "geometry": {
        "type": "Point",
        "coordinates": [
          -80.9544047,
          44.5707028
        ]
      },
      "properties": {
        "node_id": "-80954405:44570703",
        "lat": 44.5707028,
        "lon": -80.9544047,
        "connected_way_names": [
          "12th Street West",
          "6th Avenue West"
        ],
        "connected_highway_tags": [
          "residential"
        ],
        "degree_merged": 2,
        "intersection_priority": "D",
        "visibility_score": 59,
        "sign_value": "medium",
        "canvass_order": 4,
        "recommended_action": "flyer-only / later saturation",
        "caveats": [
          "Do not place signs without property-owner permission.",
          "Avoid sightline obstruction.",
          "Respect election-sign bylaw setbacks and safety rules.",
          "Corner-lot estimate is for planning only, not a precise household count."
        ],
        "daily_priority_score": 14,
        "priority_reason": "multiple street-front exposures; mostly local-street exposure",
        "route_bucket": "local residential corner",
        "global_rank": 452,
        "daily_tier": "C",
        "suggested_day": "Day 31"
      }
    },
    {
      "type": "Feature",
      "geometry": {
        "type": "Point",
        "coordinates": [
          -80.9544189,
          44.5625701
        ]
      },
      "properties": {
        "node_id": "-80954419:44562570",
        "lat": 44.5625701,
        "lon": -80.9544189,
        "connected_way_names": [
          "7th Avenue West",
          "8th Street West"
        ],
        "connected_highway_tags": [
          "residential"
        ],
        "degree_merged": 2,
        "intersection_priority": "D",
        "visibility_score": 59,
        "sign_value": "medium",
        "canvass_order": 4,
        "recommended_action": "flyer-only / later saturation",
        "caveats": [
          "Do not place signs without property-owner permission.",
          "Avoid sightline obstruction.",
          "Respect election-sign bylaw setbacks and safety rules.",
          "Corner-lot estimate is for planning only, not a precise household count."
        ],
        "daily_priority_score": 14,
        "priority_reason": "multiple street-front exposures; mostly local-street exposure",
        "route_bucket": "local residential corner",
        "global_rank": 453,
        "daily_tier": "C",
        "suggested_day": "Day 31"
      }
    },
    {
      "type": "Feature",
      "geometry": {
        "type": "Point",
        "coordinates": [
          -80.9545069,
          44.5625861
        ]
      },
      "properties": {
        "node_id": "-80954507:44562586",
        "lat": 44.5625861,
        "lon": -80.9545069,
        "connected_way_names": [
          "7th Avenue West",
          "8th Street West"
        ],
        "connected_highway_tags": [
          "residential"
        ],
        "degree_merged": 2,
        "intersection_priority": "D",
        "visibility_score": 59,
        "sign_value": "medium",
        "canvass_order": 4,
        "recommended_action": "flyer-only / later saturation",
        "caveats": [
          "Do not place signs without property-owner permission.",
          "Avoid sightline obstruction.",
          "Respect election-sign bylaw setbacks and safety rules.",
          "Corner-lot estimate is for planning only, not a precise household count."
        ],
        "daily_priority_score": 14,
        "priority_reason": "multiple street-front exposures; mostly local-street exposure",
        "route_bucket": "local residential corner",
        "global_rank": 454,
        "daily_tier": "C",
        "suggested_day": "Day 31"
      }
    },
    {
      "type": "Feature",
      "geometry": {
        "type": "Point",
        "coordinates": [
          -80.954538,
          44.5809656
        ]
      },
      "properties": {
        "node_id": "-80954538:44580966",
        "lat": 44.5809656,
        "lon": -80.954538,
        "connected_way_names": [
          "19th Street West",
          "7th Avenue West"
        ],
        "connected_highway_tags": [
          "residential"
        ],
        "degree_merged": 2,
        "intersection_priority": "D",
        "visibility_score": 59,
        "sign_value": "medium",
        "canvass_order": 4,
        "recommended_action": "flyer-only / later saturation",
        "caveats": [
          "Do not place signs without property-owner permission.",
          "Avoid sightline obstruction.",
          "Respect election-sign bylaw setbacks and safety rules.",
          "Corner-lot estimate is for planning only, not a precise household count."
        ],
        "daily_priority_score": 14,
        "priority_reason": "multiple street-front exposures; mostly local-street exposure",
        "route_bucket": "local residential corner",
        "global_rank": 455,
        "daily_tier": "C",
        "suggested_day": "Day 31"
      }
    },
    {
      "type": "Feature",
      "geometry": {
        "type": "Point",
        "coordinates": [
          -80.95462,
          44.5716126
        ]
      },
      "properties": {
        "node_id": "-80954620:44571613",
        "lat": 44.5716126,
        "lon": -80.95462,
        "connected_way_names": [
          "6th Avenue West",
          "13th Street West"
        ],
        "connected_highway_tags": [
          "residential"
        ],
        "degree_merged": 2,
        "intersection_priority": "D",
        "visibility_score": 59,
        "sign_value": "medium",
        "canvass_order": 4,
        "recommended_action": "flyer-only / later saturation",
        "caveats": [
          "Do not place signs without property-owner permission.",
          "Avoid sightline obstruction.",
          "Respect election-sign bylaw setbacks and safety rules.",
          "Corner-lot estimate is for planning only, not a precise household count."
        ],
        "daily_priority_score": 14,
        "priority_reason": "multiple street-front exposures; mostly local-street exposure",
        "route_bucket": "local residential corner",
        "global_rank": 456,
        "daily_tier": "C",
        "suggested_day": "Day 31"
      }
    },
    {
      "type": "Feature",
      "geometry": {
        "type": "Point",
        "coordinates": [
          -80.9548848,
          44.579773
        ]
      },
      "properties": {
        "node_id": "-80954885:44579773",
        "lat": 44.579773,
        "lon": -80.9548848,
        "connected_way_names": [
          "7th Avenue West",
          "18th Street West"
        ],
        "connected_highway_tags": [
          "residential"
        ],
        "degree_merged": 2,
        "intersection_priority": "D",
        "visibility_score": 59,
        "sign_value": "medium",
        "canvass_order": 4,
        "recommended_action": "flyer-only / later saturation",
        "caveats": [
          "Do not place signs without property-owner permission.",
          "Avoid sightline obstruction.",
          "Respect election-sign bylaw setbacks and safety rules.",
          "Corner-lot estimate is for planning only, not a precise household count."
        ],
        "daily_priority_score": 14,
        "priority_reason": "multiple street-front exposures; mostly local-street exposure",
        "route_bucket": "local residential corner",
        "global_rank": 457,
        "daily_tier": "C",
        "suggested_day": "Day 31"
      }
    },
    {
      "type": "Feature",
      "geometry": {
        "type": "Point",
        "coordinates": [
          -80.9549375,
          44.5748817
        ]
      },
      "properties": {
        "node_id": "-80954937:44574882",
        "lat": 44.5748817,
        "lon": -80.9549375,
        "connected_way_names": [
          "6th Avenue West",
          "15th Street West"
        ],
        "connected_highway_tags": [
          "residential"
        ],
        "degree_merged": 2,
        "intersection_priority": "D",
        "visibility_score": 59,
        "sign_value": "medium",
        "canvass_order": 4,
        "recommended_action": "flyer-only / later saturation",
        "caveats": [
          "Do not place signs without property-owner permission.",
          "Avoid sightline obstruction.",
          "Respect election-sign bylaw setbacks and safety rules.",
          "Corner-lot estimate is for planning only, not a precise household count."
        ],
        "daily_priority_score": 14,
        "priority_reason": "multiple street-front exposures; mostly local-street exposure",
        "route_bucket": "local residential corner",
        "global_rank": 458,
        "daily_tier": "C",
        "suggested_day": "Day 31"
      }
    },
    {
      "type": "Feature",
      "geometry": {
        "type": "Point",
        "coordinates": [
          -80.9552745,
          44.5784681
        ]
      },
      "properties": {
        "node_id": "-80955274:44578468",
        "lat": 44.5784681,
        "lon": -80.9552745,
        "connected_way_names": [
          "7th Avenue West",
          "17th Street West"
        ],
        "connected_highway_tags": [
          "residential"
        ],
        "degree_merged": 2,
        "intersection_priority": "D",
        "visibility_score": 59,
        "sign_value": "medium",
        "canvass_order": 4,
        "recommended_action": "flyer-only / later saturation",
        "caveats": [
          "Do not place signs without property-owner permission.",
          "Avoid sightline obstruction.",
          "Respect election-sign bylaw setbacks and safety rules.",
          "Corner-lot estimate is for planning only, not a precise household count."
        ],
        "daily_priority_score": 14,
        "priority_reason": "multiple street-front exposures; mostly local-street exposure",
        "route_bucket": "local residential corner",
        "global_rank": 459,
        "daily_tier": "C",
        "suggested_day": "Day 31"
      }
    },
    {
      "type": "Feature",
      "geometry": {
        "type": "Point",
        "coordinates": [
          -80.9555971,
          44.5824396
        ]
      },
      "properties": {
        "node_id": "-80955597:44582440",
        "lat": 44.5824396,
        "lon": -80.9555971,
        "connected_way_names": [
          "20th Street West",
          "8 Avenue West"
        ],
        "connected_highway_tags": [
          "residential"
        ],
        "degree_merged": 2,
        "intersection_priority": "D",
        "visibility_score": 59,
        "sign_value": "medium",
        "canvass_order": 4,
        "recommended_action": "flyer-only / later saturation",
        "caveats": [
          "Do not place signs without property-owner permission.",
          "Avoid sightline obstruction.",
          "Respect election-sign bylaw setbacks and safety rules.",
          "Corner-lot estimate is for planning only, not a precise household count."
        ],
        "daily_priority_score": 14,
        "priority_reason": "multiple street-front exposures; mostly local-street exposure",
        "route_bucket": "local residential corner",
        "global_rank": 460,
        "daily_tier": "C",
        "suggested_day": "Day 31"
      }
    },
    {
      "type": "Feature",
      "geometry": {
        "type": "Point",
        "coordinates": [
          -80.9556981,
          44.5772439
        ]
      },
      "properties": {
        "node_id": "-80955698:44577244",
        "lat": 44.5772439,
        "lon": -80.9556981,
        "connected_way_names": [
          "7th Avenue West",
          "16th Street West"
        ],
        "connected_highway_tags": [
          "residential"
        ],
        "degree_merged": 2,
        "intersection_priority": "D",
        "visibility_score": 59,
        "sign_value": "medium",
        "canvass_order": 4,
        "recommended_action": "flyer-only / later saturation",
        "caveats": [
          "Do not place signs without property-owner permission.",
          "Avoid sightline obstruction.",
          "Respect election-sign bylaw setbacks and safety rules.",
          "Corner-lot estimate is for planning only, not a precise household count."
        ],
        "daily_priority_score": 14,
        "priority_reason": "multiple street-front exposures; mostly local-street exposure",
        "route_bucket": "local residential corner",
        "global_rank": 461,
        "daily_tier": "C",
        "suggested_day": "Day 31"
      }
    },
    {
      "type": "Feature",
      "geometry": {
        "type": "Point",
        "coordinates": [
          -80.9560022,
          44.5811976
        ]
      },
      "properties": {
        "node_id": "-80956002:44581198",
        "lat": 44.5811976,
        "lon": -80.9560022,
        "connected_way_names": [
          "8 Avenue West",
          "19th Street West"
        ],
        "connected_highway_tags": [
          "residential"
        ],
        "degree_merged": 2,
        "intersection_priority": "D",
        "visibility_score": 59,
        "sign_value": "medium",
        "canvass_order": 4,
        "recommended_action": "flyer-only / later saturation",
        "caveats": [
          "Do not place signs without property-owner permission.",
          "Avoid sightline obstruction.",
          "Respect election-sign bylaw setbacks and safety rules.",
          "Corner-lot estimate is for planning only, not a precise household count."
        ],
        "daily_priority_score": 14,
        "priority_reason": "multiple street-front exposures; mostly local-street exposure",
        "route_bucket": "local residential corner",
        "global_rank": 462,
        "daily_tier": "C",
        "suggested_day": "Day 31"
      }
    },
    {
      "type": "Feature",
      "geometry": {
        "type": "Point",
        "coordinates": [
          -80.9561749,
          44.5758306
        ]
      },
      "properties": {
        "node_id": "-80956175:44575831",
        "lat": 44.5758306,
        "lon": -80.9561749,
        "connected_way_names": [
          "7th Avenue West",
          "15th Street A West"
        ],
        "connected_highway_tags": [
          "residential"
        ],
        "degree_merged": 2,
        "intersection_priority": "D",
        "visibility_score": 59,
        "sign_value": "medium",
        "canvass_order": 4,
        "recommended_action": "flyer-only / later saturation",
        "caveats": [
          "Do not place signs without property-owner permission.",
          "Avoid sightline obstruction.",
          "Respect election-sign bylaw setbacks and safety rules.",
          "Corner-lot estimate is for planning only, not a precise household count."
        ],
        "daily_priority_score": 14,
        "priority_reason": "multiple street-front exposures; mostly local-street exposure",
        "route_bucket": "local residential corner",
        "global_rank": 463,
        "daily_tier": "C",
        "suggested_day": "Day 31"
      }
    },
    {
      "type": "Feature",
      "geometry": {
        "type": "Point",
        "coordinates": [
          -80.9563287,
          44.5751525
        ]
      },
      "properties": {
        "node_id": "-80956329:44575153",
        "lat": 44.5751525,
        "lon": -80.9563287,
        "connected_way_names": [
          "15th Street West",
          "7th Avenue West"
        ],
        "connected_highway_tags": [
          "residential"
        ],
        "degree_merged": 2,
        "intersection_priority": "D",
        "visibility_score": 59,
        "sign_value": "medium",
        "canvass_order": 4,
        "recommended_action": "flyer-only / later saturation",
        "caveats": [
          "Do not place signs without property-owner permission.",
          "Avoid sightline obstruction.",
          "Respect election-sign bylaw setbacks and safety rules.",
          "Corner-lot estimate is for planning only, not a precise household count."
        ],
        "daily_priority_score": 14,
        "priority_reason": "multiple street-front exposures; mostly local-street exposure",
        "route_bucket": "local residential corner",
        "global_rank": 464,
        "daily_tier": "C",
        "suggested_day": "Day 31"
      }
    },
    {
      "type": "Feature",
      "geometry": {
        "type": "Point",
        "coordinates": [
          -80.9568434,
          44.5726904
        ]
      },
      "properties": {
        "node_id": "-80956843:44572690",
        "lat": 44.5726904,
        "lon": -80.9568434,
        "connected_way_names": [
          "6th Avenue West",
          "13th Street A West"
        ],
        "connected_highway_tags": [
          "residential"
        ],
        "degree_merged": 2,
        "intersection_priority": "D",
        "visibility_score": 59,
        "sign_value": "medium",
        "canvass_order": 4,
        "recommended_action": "flyer-only / later saturation",
        "caveats": [
          "Do not place signs without property-owner permission.",
          "Avoid sightline obstruction.",
          "Respect election-sign bylaw setbacks and safety rules.",
          "Corner-lot estimate is for planning only, not a precise household count."
        ],
        "daily_priority_score": 14,
        "priority_reason": "multiple street-front exposures; mostly local-street exposure",
        "route_bucket": "local residential corner",
        "global_rank": 465,
        "daily_tier": "C",
        "suggested_day": "Day 31"
      }
    },
    {
      "type": "Feature",
      "geometry": {
        "type": "Point",
        "coordinates": [
          -80.9569569,
          44.5782435
        ]
      },
      "properties": {
        "node_id": "-80956957:44578244",
        "lat": 44.5782435,
        "lon": -80.9569569,
        "connected_way_names": [
          "8 Avenue West",
          "16th Street A West"
        ],
        "connected_highway_tags": [
          "residential"
        ],
        "degree_merged": 2,
        "intersection_priority": "D",
        "visibility_score": 59,
        "sign_value": "medium",
        "canvass_order": 4,
        "recommended_action": "flyer-only / later saturation",
        "caveats": [
          "Do not place signs without property-owner permission.",
          "Avoid sightline obstruction.",
          "Respect election-sign bylaw setbacks and safety rules.",
          "Corner-lot estimate is for planning only, not a precise household count."
        ],
        "daily_priority_score": 14,
        "priority_reason": "multiple street-front exposures; mostly local-street exposure",
        "route_bucket": "local residential corner",
        "global_rank": 466,
        "daily_tier": "C",
        "suggested_day": "Day 32"
      }
    },
    {
      "type": "Feature",
      "geometry": {
        "type": "Point",
        "coordinates": [
          -80.9570052,
          44.5737748
        ]
      },
      "properties": {
        "node_id": "-80957005:44573775",
        "lat": 44.5737748,
        "lon": -80.9570052,
        "connected_way_names": [
          "14th Street West",
          "6th Avenue West"
        ],
        "connected_highway_tags": [
          "residential"
        ],
        "degree_merged": 2,
        "intersection_priority": "D",
        "visibility_score": 59,
        "sign_value": "medium",
        "canvass_order": 4,
        "recommended_action": "flyer-only / later saturation",
        "caveats": [
          "Do not place signs without property-owner permission.",
          "Avoid sightline obstruction.",
          "Respect election-sign bylaw setbacks and safety rules.",
          "Corner-lot estimate is for planning only, not a precise household count."
        ],
        "daily_priority_score": 14,
        "priority_reason": "multiple street-front exposures; mostly local-street exposure",
        "route_bucket": "local residential corner",
        "global_rank": 467,
        "daily_tier": "C",
        "suggested_day": "Day 32"
      }
    },
    {
      "type": "Feature",
      "geometry": {
        "type": "Point",
        "coordinates": [
          -80.9571986,
          44.5774827
        ]
      },
      "properties": {
        "node_id": "-80957199:44577483",
        "lat": 44.5774827,
        "lon": -80.9571986,
        "connected_way_names": [
          "8 Avenue West",
          "16th Street West"
        ],
        "connected_highway_tags": [
          "residential"
        ],
        "degree_merged": 2,
        "intersection_priority": "D",
        "visibility_score": 59,
        "sign_value": "medium",
        "canvass_order": 4,
        "recommended_action": "flyer-only / later saturation",
        "caveats": [
          "Do not place signs without property-owner permission.",
          "Avoid sightline obstruction.",
          "Respect election-sign bylaw setbacks and safety rules.",
          "Corner-lot estimate is for planning only, not a precise household count."
        ],
        "daily_priority_score": 14,
        "priority_reason": "multiple street-front exposures; mostly local-street exposure",
        "route_bucket": "local residential corner",
        "global_rank": 468,
        "daily_tier": "C",
        "suggested_day": "Day 32"
      }
    },
    {
      "type": "Feature",
      "geometry": {
        "type": "Point",
        "coordinates": [
          -80.9576595,
          44.5679311
        ]
      },
      "properties": {
        "node_id": "-80957660:44567931",
        "lat": 44.5679311,
        "lon": -80.9576595,
        "connected_way_names": [
          "11th Street West",
          "7th Avenue West"
        ],
        "connected_highway_tags": [
          "residential"
        ],
        "degree_merged": 2,
        "intersection_priority": "D",
        "visibility_score": 59,
        "sign_value": "medium",
        "canvass_order": 4,
        "recommended_action": "flyer-only / later saturation",
        "caveats": [
          "Do not place signs without property-owner permission.",
          "Avoid sightline obstruction.",
          "Respect election-sign bylaw setbacks and safety rules.",
          "Corner-lot estimate is for planning only, not a precise household count."
        ],
        "daily_priority_score": 14,
        "priority_reason": "multiple street-front exposures; mostly local-street exposure",
        "route_bucket": "local residential corner",
        "global_rank": 469,
        "daily_tier": "C",
        "suggested_day": "Day 32"
      }
    },
    {
      "type": "Feature",
      "geometry": {
        "type": "Point",
        "coordinates": [
          -80.95785,
          44.5706833
        ]
      },
      "properties": {
        "node_id": "-80957850:44570683",
        "lat": 44.5706833,
        "lon": -80.95785,
        "connected_way_names": [
          "7th Avenue A West",
          "7th Avenue West"
        ],
        "connected_highway_tags": [
          "residential"
        ],
        "degree_merged": 2,
        "intersection_priority": "D",
        "visibility_score": 59,
        "sign_value": "medium",
        "canvass_order": 4,
        "recommended_action": "flyer-only / later saturation",
        "caveats": [
          "Do not place signs without property-owner permission.",
          "Avoid sightline obstruction.",
          "Respect election-sign bylaw setbacks and safety rules.",
          "Corner-lot estimate is for planning only, not a precise household count."
        ],
        "daily_priority_score": 14,
        "priority_reason": "multiple street-front exposures; mostly local-street exposure",
        "route_bucket": "local residential corner",
        "global_rank": 470,
        "daily_tier": "C",
        "suggested_day": "Day 32"
      }
    },
    {
      "type": "Feature",
      "geometry": {
        "type": "Point",
        "coordinates": [
          -80.9579108,
          44.5737251
        ]
      },
      "properties": {
        "node_id": "-80957911:44573725",
        "lat": 44.5737251,
        "lon": -80.9579108,
        "connected_way_names": [
          "6th Avenue West",
          "14th Street West"
        ],
        "connected_highway_tags": [
          "residential"
        ],
        "degree_merged": 2,
        "intersection_priority": "D",
        "visibility_score": 59,
        "sign_value": "medium",
        "canvass_order": 4,
        "recommended_action": "flyer-only / later saturation",
        "caveats": [
          "Do not place signs without property-owner permission.",
          "Avoid sightline obstruction.",
          "Respect election-sign bylaw setbacks and safety rules.",
          "Corner-lot estimate is for planning only, not a precise household count."
        ],
        "daily_priority_score": 14,
        "priority_reason": "multiple street-front exposures; mostly local-street exposure",
        "route_bucket": "local residential corner",
        "global_rank": 471,
        "daily_tier": "C",
        "suggested_day": "Day 32"
      }
    },
    {
      "type": "Feature",
      "geometry": {
        "type": "Point",
        "coordinates": [
          -80.9580059,
          44.5720386
        ]
      },
      "properties": {
        "node_id": "-80958006:44572039",
        "lat": 44.5720386,
        "lon": -80.9580059,
        "connected_way_names": [
          "7th Avenue A West",
          "7th Avenue West"
        ],
        "connected_highway_tags": [
          "residential"
        ],
        "degree_merged": 2,
        "intersection_priority": "D",
        "visibility_score": 59,
        "sign_value": "medium",
        "canvass_order": 4,
        "recommended_action": "flyer-only / later saturation",
        "caveats": [
          "Do not place signs without property-owner permission.",
          "Avoid sightline obstruction.",
          "Respect election-sign bylaw setbacks and safety rules.",
          "Corner-lot estimate is for planning only, not a precise household count."
        ],
        "daily_priority_score": 14,
        "priority_reason": "multiple street-front exposures; mostly local-street exposure",
        "route_bucket": "local residential corner",
        "global_rank": 472,
        "daily_tier": "C",
        "suggested_day": "Day 32"
      }
    },
    {
      "type": "Feature",
      "geometry": {
        "type": "Point",
        "coordinates": [
          -80.9588256,
          44.5724731
        ]
      },
      "properties": {
        "node_id": "-80958826:44572473",
        "lat": 44.5724731,
        "lon": -80.9588256,
        "connected_way_names": [
          "8th Avenue West",
          "7th Avenue West"
        ],
        "connected_highway_tags": [
          "residential"
        ],
        "degree_merged": 2,
        "intersection_priority": "D",
        "visibility_score": 59,
        "sign_value": "medium",
        "canvass_order": 4,
        "recommended_action": "flyer-only / later saturation",
        "caveats": [
          "Do not place signs without property-owner permission.",
          "Avoid sightline obstruction.",
          "Respect election-sign bylaw setbacks and safety rules.",
          "Corner-lot estimate is for planning only, not a precise household count."
        ],
        "daily_priority_score": 14,
        "priority_reason": "multiple street-front exposures; mostly local-street exposure",
        "route_bucket": "local residential corner",
        "global_rank": 473,
        "daily_tier": "C",
        "suggested_day": "Day 32"
      }
    },
    {
      "type": "Feature",
      "geometry": {
        "type": "Point",
        "coordinates": [
          -80.9593677,
          44.5736785
        ]
      },
      "properties": {
        "node_id": "-80959368:44573679",
        "lat": 44.5736785,
        "lon": -80.9593677,
        "connected_way_names": [
          "7th Avenue West",
          "14th Street West"
        ],
        "connected_highway_tags": [
          "residential"
        ],
        "degree_merged": 2,
        "intersection_priority": "D",
        "visibility_score": 59,
        "sign_value": "medium",
        "canvass_order": 4,
        "recommended_action": "flyer-only / later saturation",
        "caveats": [
          "Do not place signs without property-owner permission.",
          "Avoid sightline obstruction.",
          "Respect election-sign bylaw setbacks and safety rules.",
          "Corner-lot estimate is for planning only, not a precise household count."
        ],
        "daily_priority_score": 14,
        "priority_reason": "multiple street-front exposures; mostly local-street exposure",
        "route_bucket": "local residential corner",
        "global_rank": 474,
        "daily_tier": "C",
        "suggested_day": "Day 32"
      }
    },
    {
      "type": "Feature",
      "geometry": {
        "type": "Point",
        "coordinates": [
          -80.9598855,
          44.574277
        ]
      },
      "properties": {
        "node_id": "-80959885:44574277",
        "lat": 44.574277,
        "lon": -80.9598855,
        "connected_way_names": [
          "7th Avenue West",
          "Henderson's Bridge"
        ],
        "connected_highway_tags": [
          "residential"
        ],
        "degree_merged": 2,
        "intersection_priority": "D",
        "visibility_score": 59,
        "sign_value": "medium",
        "canvass_order": 4,
        "recommended_action": "flyer-only / later saturation",
        "caveats": [
          "Do not place signs without property-owner permission.",
          "Avoid sightline obstruction.",
          "Respect election-sign bylaw setbacks and safety rules.",
          "Corner-lot estimate is for planning only, not a precise household count."
        ],
        "daily_priority_score": 14,
        "priority_reason": "multiple street-front exposures; mostly local-street exposure",
        "route_bucket": "local residential corner",
        "global_rank": 475,
        "daily_tier": "C",
        "suggested_day": "Day 32"
      }
    },
    {
      "type": "Feature",
      "geometry": {
        "type": "Point",
        "coordinates": [
          -80.9600776,
          44.5743548
        ]
      },
      "properties": {
        "node_id": "-80960078:44574355",
        "lat": 44.5743548,
        "lon": -80.9600776,
        "connected_way_names": [
          "14th Street West",
          "Henderson's Bridge"
        ],
        "connected_highway_tags": [
          "residential"
        ],
        "degree_merged": 2,
        "intersection_priority": "D",
        "visibility_score": 59,
        "sign_value": "medium",
        "canvass_order": 4,
        "recommended_action": "flyer-only / later saturation",
        "caveats": [
          "Do not place signs without property-owner permission.",
          "Avoid sightline obstruction.",
          "Respect election-sign bylaw setbacks and safety rules.",
          "Corner-lot estimate is for planning only, not a precise household count."
        ],
        "daily_priority_score": 14,
        "priority_reason": "multiple street-front exposures; mostly local-street exposure",
        "route_bucket": "local residential corner",
        "global_rank": 476,
        "daily_tier": "C",
        "suggested_day": "Day 32"
      }
    }
  ]
}
